UA,anom_lst_max,anom_lst_mean,anom_lst_min,anom_lst_sd,anom_ndvi_max,anom_ndvi_mean,anom_ndvi_min,anom_ndvi_sd,anom_prec_max,anom_prec_mean,anom_prec_min,anom_prec_sd,anom_rad_mean,anom_rad_sd,anom_umid_mean,anom_umid_sd,cycle_lst_max_cycle1,cycle_lst_max_cycle2,cycle_lst_mean_cycle1,cycle_lst_mean_cycle2,cycle_lst_min_cycle1,cycle_lst_min_cycle2,cycle_lst_sd_cycle1,cycle_lst_sd_cycle2,cycle_ndvi_max_cycle1,cycle_ndvi_max_cycle2,cycle_ndvi_mean_cycle1,cycle_ndvi_mean_cycle2,cycle_ndvi_min_cycle1,cycle_ndvi_min_cycle2,cycle_ndvi_sd_cycle1,cycle_ndvi_sd_cycle2,cycle_prec_max_cycle1,cycle_prec_max_cycle2,cycle_prec_mean_cycle1,cycle_prec_mean_cycle2,cycle_prec_min_cycle1,cycle_prec_min_cycle2,cycle_prec_sd_cycle1,cycle_prec_sd_cycle2,cycle_rad_mean_cycle1,cycle_rad_mean_cycle2,cycle_rad_sd_cycle1,cycle_rad_sd_cycle2,cycle_umid_mean_cycle1,cycle_umid_mean_cycle2,cycle_umid_sd_cycle1,cycle_umid_sd_cycle2,monthly_lst_max_cycle1,monthly_lst_max_cycle2,monthly_lst_mean_cycle1,monthly_lst_mean_cycle2,monthly_lst_min_cycle1,monthly_lst_min_cycle2,monthly_lst_sd_cycle1,monthly_lst_sd_cycle2,monthly_ndvi_max_cycle1,monthly_ndvi_max_cycle2,monthly_ndvi_mean_cycle1,monthly_ndvi_mean_cycle2,monthly_ndvi_min_cycle1,monthly_ndvi_min_cycle2,monthly_ndvi_sd_cycle1,monthly_ndvi_sd_cycle2,monthly_prec_max_cycle1,monthly_prec_max_cycle2,monthly_prec_mean_cycle1,monthly_prec_mean_cycle2,monthly_prec_min_cycle1,monthly_prec_min_cycle2,monthly_prec_sd_cycle1,monthly_prec_sd_cycle2
1,0.9600000000000364,1.0581668027027717,-1.879999999999996,0.0905788470167499,0.014699999999999935,0.006960455486541783,-0.45890000000000003,0.026531690546113804,-3.363315,0.5408783000000001,0.0,0.023582890500016163,0.429336965125124,0.0987931532044426,-1.1114824843792377,0.19020169633130912,31.370000000000005,32.33000000000004,18.39964059196621,19.457807394668983,3.010000000000048,1.1300000000000523,5.338204249235442,5.428783096252192,0.8994000000000001,0.9141,0.8482681159420294,0.8552285714285712,0.775,0.3161,0.029338763460262,0.0558704540063758,109.115845,105.75253,5.2444634,5.7853417,0.0,0.0,12.283922160658303,12.30750505115832,13.6820535324841,14.111390497609223,6.048303906241357,6.1470970594458,84.21505809934104,83.1035756149618,8.470284690199904,8.660486386531213,24.528181818181853,26.59880000000003,19.90660353535356,20.592925396543905,13.29000000000003,14.38629629629633,3.9358122717184254,3.7571994964068303,0.8943,0.8983285714285715,0.8732565277777778,0.8784486441798941,0.835875,0.841007142857143,0.0196573880237398,0.0149616364014319,829.4426951408386,1691.7226445525885,478.5572742621104,1232.2778364811093,285.2526772022248,774.8537392981816,151.51072897893388,247.4552884704116
4,3.1999999999999886,1.0918801519738892,-1.6200000000000037,0.07362699142781715,0.0033000000000000806,0.0015550724637686253,-0.3052000000000001,0.006097716793523902,17.829279999999997,0.2926019999999996,0.0,-0.49271395255323114,0.4526351848841603,0.10475536953503184,-1.0417473910916186,0.12346418140527682,35.39000000000004,38.59000000000003,22.645842450765883,23.737722602739773,7.450000000000045,5.830000000000041,5.123987544900897,5.1976145363287145,0.8225,0.8258000000000001,0.6776840579710144,0.679239130434783,0.5396000000000001,0.2344,0.0752352207513485,0.0813329375448724,92.79281,110.62209,4.9965134,5.2891154,0.0,0.0,11.960631579029815,11.467917626476584,13.504299161707843,13.956934346592003,5.843698116209272,5.948453485744304,84.34465196152281,83.3029045704312,8.17709677354318,8.300560954948457,26.40500000000003,27.950800000000022,21.998238215488247,22.989149838206007,15.325000000000031,16.722857142857173,3.8026804065823816,3.790997696953824,0.8616333333333334,0.8689,0.8043095833333335,0.8189935185185185,0.759175,0.763388888888889,0.0366677630020736,0.0335196338379794,782.5346732139587,1509.340579420328,455.9318475325902,1126.58162217595,242.35604548454285,688.7037619688781,153.91115472757315,236.8089820041987
10,1.919999999999959,0.9595800906318743,-0.8600000000000136,0.07758985000090401,0.015800000000000036,0.015726086956521668,-0.3415,0.010659589749521997,22.725109999999987,0.04450140000000058,0.0,-1.2035719250848498,0.47354149773388343,0.11422084850804737,-0.9613698319445518,0.12476848481971814,34.89000000000004,36.81,21.75684104627769,22.716421136909563,7.850000000000023,6.990000000000009,4.791334049377213,4.868923899378117,0.8203,0.8361000000000001,0.6784217391304346,0.6941478260869562,0.5462,0.2047,0.0759033784540851,0.0865629682036071,106.47866,129.20377,5.0311036,5.075605,0.0,0.0,12.311290617515398,11.107718692430549,13.585032851205566,14.05857434893945,5.789394269988134,5.903615118496181,83.55243426900893,82.59106443706438,7.62302730019222,7.747795785011938,26.610000000000028,27.226153846153867,22.504281986532018,23.18403921050772,15.998333333333354,17.48481481481484,3.613717125621212,3.3881315075359577,0.86725,0.8652285714285716,0.799966388888889,0.8030843584656085,0.74105,0.755,0.0418284224753283,0.0338410601355419,736.4825882911682,1466.8933683037758,459.0881954828898,1081.103803335376,237.77966570854187,661.7159843697445,151.75375701269851,242.9216703633863
15,4.039999999999964,0.9750759334934003,1.2199999999999704,0.09298212928941041,0.0016000000000000458,0.0011799171842646894,-0.28830000000000006,0.021607193940194995,-3.1148199999999946,-0.17158100000000065,0.0,-1.6695260395137304,0.4847866486867396,0.12217332876912756,-1.1366093693364974,0.19395011510132587,33.89000000000004,37.93000000000001,22.014142538975516,22.989218472468917,8.090000000000032,9.310000000000002,4.94637756250163,5.039359691791041,0.8758,0.8774000000000001,0.780053623188406,0.7812335403726707,0.5992000000000001,0.3109,0.0544364450055591,0.0760436389457541,108.08792,104.9731,5.240853,5.069272,0.0,0.0,12.461381589253849,10.791855549740118,13.486190348922468,13.970976997609208,5.780589840251024,5.902763169020152,83.28942647511928,82.15281710578279,7.83040306430573,8.024353179407056,28.021111111111136,28.490000000000027,23.060729557479583,23.59005757048348,15.916666666666694,17.41222222222226,4.059117803019349,3.8040004112103056,0.8489833333333333,0.856157142857143,0.7904409722222222,0.7871366732804234,0.7316000000000001,0.7253071428571429,0.0374183325938124,0.0413585663176156,786.833084821701,1442.8882083892822,478.2278201878071,1079.7548950709606,242.1542692184448,672.2772964416654,159.7089850077943,230.7896062569662
21,2.900000000000041,0.684220877226597,1.939999999999996,-0.019471951947390487,0.010599999999999943,0.007118840579710239,-0.1543,0.006198154123203001,4.699709999999996,-0.16288500000000017,0.0,-1.8327672406365867,0.5032776844425442,0.13485677209854163,-1.2645934066841136,0.2207542063334742,34.81,37.71000000000004,22.355066079295167,23.039286956521764,7.970000000000027,9.910000000000023,4.887189211367301,4.86771725941991,0.8692000000000001,0.8798,0.7526289855072463,0.7597478260869566,0.6309,0.4766,0.0636624160538349,0.0698605701770379,95.07035,99.77006,5.176013,5.013128,0.0,0.0,12.422416271979822,10.589649031343235,13.505440290474985,14.008717974917529,5.767387838624395,5.902244610722937,83.23668778274062,81.9720943760565,8.084232444478372,8.304986650811847,26.971666666666696,27.60840000000003,22.31900126262629,22.732990934736254,15.5266666666667,16.96000000000003,3.850557153383674,3.6680470246068726,0.8905166666666667,0.8988928571428573,0.8489247222222223,0.86154708994709,0.7593,0.8097285714285716,0.0388807575338274,0.0286752738751493,786.1226437091827,1448.2067365646362,479.1097757766644,1081.0019336612138,243.51736754179,670.2513653347487,157.8089761139587,238.24458100426205
23,0.6200000000000045,0.8820484985896435,-1.8000000000000131,-0.008440561228658439,0.034499999999999975,0.004951552795031122,0.01369999999999999,-0.01340659145623141,-30.636205000000004,-0.2736889999999992,0.0,-2.362685215877745,0.48390177436900217,0.13371216246913775,-0.9080971914895741,0.09718489902208827,35.05000000000001,35.670000000000016,23.927987152034277,24.81003565062392,11.190000000000056,9.390000000000043,4.576861109830596,4.568420548601938,0.8709,0.9054,0.541113043478261,0.5460645962732921,0.1749,0.1886,0.2035519005233781,0.1901453090671467,110.91097,80.274765,4.892128,4.618439,0.0,0.0,12.215457790959809,9.852772575082064,13.404982438420182,13.888884212789185,5.615177327765966,5.748889490235103,83.00657283850127,82.0984756470117,7.341640991953886,7.438825890975974,27.69000000000003,28.113076923076957,23.500553030303063,24.103570433163213,17.1366666666667,18.61428571428574,3.4858375285576924,3.279956259462104,0.8891833333333334,0.9000428571428571,0.8624236111111112,0.8664624669312171,0.8197833333333334,0.8002555555555556,0.0228320259746693,0.0274577881699285,688.3188412189484,1472.825941324234,453.6184056003888,990.4473203418942,196.2064747810364,553.1215074904612,164.00759705114288,264.29178156446545
27,,,,,,,,,,,,,,,,,,,,,,,,,,,,,,,,,,,,,,,,,,,,,,,,,28.940909090909116,29.31814814814818,23.730861111111142,24.21403834567208,17.245000000000037,17.978571428571456,3.936162855713652,3.976221324279195,0.6468833333333334,0.6910150028522533,0.5912950208019921,0.6293940486205497,0.5216318116975749,0.5073374215630347,0.0407536588960996,0.0535179280878954,691.1193609237671,1430.4007420539856,404.2982596655687,848.5212074610366,182.27538859844208,504.0288732734043,156.07220399969427,234.82412373627872
28,3.2799999999999727,0.7251942683285826,-1.2600000000000495,0.12499283407993911,0.010700000000000043,0.012695238095238204,-0.18800000000000006,0.009201762308493198,12.225250000000003,-0.1341467000000005,0.0,-1.3282867465802415,0.526124431264444,0.14779286747168197,-1.3707988721854463,0.20630782169900463,33.75000000000006,37.03000000000003,21.597449209932343,22.322643478260925,8.630000000000052,7.370000000000003,4.905651740734264,5.030644574814203,0.8809,0.8916000000000001,0.8161942028985509,0.8288894409937891,0.6707000000000001,0.4827,0.04139781862228,0.0505995809307732,96.09133,108.31658,5.251297,5.1171503,0.0,0.0,12.251055864373669,10.922769117793427,13.54602274709598,14.072147178360424,5.788186435158808,5.93597930263049,82.67567246584112,81.30487359365567,8.2697477955658,8.476055617264805,26.64777777777781,27.38000000000003,22.262119528619557,22.68508674033967,16.12454545454548,17.353703703703736,3.6503969940556167,3.4903371572405044,0.9001333333333333,0.9068500000000002,0.8693001388888889,0.8778043650793651,0.8359333333333333,0.8285214285714285,0.021636751147342,0.0228433191050233,776.9989993572235,1474.9886169433594,479.1808508435885,1089.9529759588336,230.6575816869736,679.157717165981,156.6536681640082,246.70252897724916
30,2.9399999999999977,0.771195281174375,-1.5399999999999654,0.05784851189172091,0.009299999999999975,0.005276190476190656,-0.012400000000000022,-0.010222804677427907,-11.216459999999998,-0.28936399999999995,0.0,-2.2203391106278154,0.5050910210708093,0.1424257623429055,-1.149089295833818,0.14936045531022035,33.63000000000005,36.57000000000005,23.17150313152403,23.942698412698405,9.930000000000009,8.390000000000043,4.770002235996342,4.827850747888063,0.8747,0.884,0.6714057971014491,0.6766819875776398,0.4959,0.4835,0.1131738458597384,0.1029510411823105,104.47522,93.25876,5.013967,4.724603,0.0,0.0,12.478757264388731,10.258418153760916,13.370966535223832,13.876057556294642,5.657967575979862,5.800393338322768,82.98760400129478,81.83851470546097,7.778769927341413,7.928130382651633,28.11000000000003,28.23428571428574,24.01072474747478,24.531892279942312,17.399090909090933,18.896428571428604,3.662521586804285,3.340178587824298,0.8200833333333334,0.82405,0.7218031944444445,0.731751521164021,0.6048833333333333,0.6240857142857144,0.0679102860072211,0.062200200558782,693.2476677894592,1614.8804168701172,457.2645281205575,1018.5117655176524,203.09253579378128,523.3600332222995,164.71551424527024,290.13767574291546
35,,,,,,,,,,,,,,,,,,,,,,,,,,,,,,,,,,,,,,,,,,,,,,,,,30.68090909090913,31.166296296296323,24.544669191919223,25.59290572082242,17.420000000000034,18.682142857142885,4.44902303711338,4.419324655982263,0.49695,0.5351428571428571,0.4384066981203576,0.4736723875661375,0.3892637107776261,0.4189857142857143,0.03017103282116,0.0323061060839371,684.1714191436768,1456.3540172576904,408.3013174037139,853.2435231502944,188.56254482269287,474.5116939675063,155.1978865394349,241.4098156445546
37,2.659999999999968,0.7888484882544375,-1.0600000000000023,0.2347922666603699,0.012099999999999889,0.01793105590062094,-0.042200000000000015,-0.007006099553428992,-30.613800000000012,-0.36646849999999986,0.0,-2.310750843510938,0.5362717963532795,0.15579142971556248,-1.3696257409326478,0.1845244485432147,31.390000000000043,34.05000000000001,20.410506912442443,21.19935540069688,6.670000000000016,5.610000000000014,4.836525652594105,5.071317919254475,0.8936000000000001,0.9057,0.8325391304347827,0.8504701863354036,0.518,0.4758,0.0672363346762238,0.0602302351227948,113.38017,82.76637,5.372613,5.0061445,0.0,0.0,12.924455532564554,10.613704689053616,13.497406246639352,14.033678042992632,5.764464926497569,5.920256356213131,82.68029866525997,81.31067292432732,8.321081774746599,8.505606223289814,25.70000000000003,26.54680000000003,21.3819267676768,21.83227584681403,15.730000000000034,16.457142857142887,3.488258622229479,3.3527224572684777,0.9020833333333336,0.9060142857142858,0.8621650000000001,0.8823676587301588,0.7482800000000001,0.8504285714285716,0.0394058812234939,0.0154408618882784,799.9656472206116,1588.437563419342,490.2509149114291,1066.3088312864777,234.62978291511536,596.0317004421231,169.03171900120964,270.9742432941269
39,2.9599999999999795,0.8151254734379876,-0.8600000000000136,0.029472408490682334,0.02190000000000003,0.013102691511387543,-0.01749999999999996,-0.007932294849580093,-24.725399999999993,-0.3542170000000002,0.0,-2.1609440875224077,0.5026929849977684,0.13968333541812328,-1.3209470202643416,0.32283454608661444,33.63000000000005,36.59000000000003,22.46365750528544,23.278782978723427,9.750000000000057,8.890000000000043,4.802922509820401,4.832394918311083,0.8901,0.912,0.7577898550724635,0.7708925465838511,0.609,0.5915,0.0728601502282526,0.0649278553786725,99.41605,74.69065,4.999916,4.645699,0.0,0.0,12.24451213612188,10.083568048599473,13.311182737963536,13.813875722961305,5.638722882570043,5.778406217988167,82.94565397588049,81.62470695561615,7.484759125461293,7.807593671547908,27.342727272727306,28.09888888888892,23.02483922558926,23.63029118535788,16.186666666666696,17.417142857142885,3.950427530577358,3.711971169166204,0.8699833333333333,0.8665214285714287,0.7915190277777779,0.8106883597883598,0.6942499999999999,0.7342642857142857,0.0533404526171005,0.0430430241197444,742.7101449966431,1581.8695182800293,451.56342775623006,960.0192396152568,202.5110285282135,507.02209914579,166.68413554625786,275.73236854636303
40,1.420000000000016,0.8444493153588866,-1.8999999999999773,0.20267553755086265,0.02739999999999998,0.010496273291925262,0.0011999999999999789,-0.011011736322971394,-20.075090000000003,-0.4565520000000003,0.0,-2.6295166483093837,0.4876516742468251,0.13835270424793222,-1.4718812086477726,0.5224201948985279,35.910000000000025,37.33000000000004,24.35598698481565,25.200436300174538,10.650000000000034,8.750000000000057,4.71855751054358,4.921233048094443,0.8369000000000001,0.8643000000000001,0.6123565217391307,0.622852795031056,0.4068,0.408,0.1243167010807944,0.113304964757823,96.22915,76.15406,4.823248,4.366696,0.0,0.0,12.047014941413115,9.417498293103732,13.242057684082289,13.729709358329114,5.57552396153349,5.713876665781422,82.54237258507037,81.0704913764226,7.019759089593127,7.542179284491655,30.19181818181821,30.59666666666669,25.338365319865343,26.143482874814424,18.696666666666687,19.51000000000003,4.00216327627839,3.961829355560414,0.7759833333333335,0.7527214285714287,0.7068430555555555,0.6900239417989419,0.6289333333333335,0.6212,0.0490903133399243,0.0436026224844245,746.4106044769287,1545.911512374878,440.1213933626811,930.1061789282006,199.58164286613464,499.866776333598,164.80001034830903,270.46618988447085
41,5.919999999999959,1.276200500944384,-2.2800000000000296,0.5697624370823524,-0.0034999999999999476,-0.012821325051760035,-0.133,0.005510549005150203,-37.909850000000006,-0.5231980000000007,0.0,-3.3794725556563723,0.4779376573196661,0.12780354021654894,-1.6787270522593474,0.682982072472007,37.75000000000006,43.670000000000016,25.380863636363657,26.65706413730804,11.07000000000005,8.79000000000002,5.4291507103736985,5.998913147456051,0.7145,0.7110000000000001,0.6294797101449278,0.6166583850931677,0.5051,0.3721,0.0482310128736106,0.0537415618787608,111.13409,73.22424,4.765551,4.242353,0.0,0.0,12.443159119308032,9.06368656365166,13.40159361650239,13.879531273822057,5.70681812003399,5.834621660250539,81.69517860842151,80.01645155616217,7.084957136470539,7.767939208942546,33.35181818181821,35.04120000000003,27.140955387205413,28.211932010890376,18.69666666666671,19.79785714285717,5.007411926270732,5.153646499909222,0.5816333333333333,0.5759785714285715,0.5511558333333334,0.5449362433862435,0.5026166666666666,0.4810714285714286,0.0255319531874231,0.0278077656882109,759.8976697921753,1521.0333404541016,434.8565242389838,903.6212158676196,193.70485281944275,525.2558858129632,168.233227562081,256.02855726185874
47,0.21999999999997044,0.8778130300065001,-1.420000000000016,0.06018105650994343,0.0024000000000000687,0.005852173913043712,-0.10200000000000004,0.005087443619251196,-13.039723999999993,-0.29553079999999987,0.0,-2.474305360982857,0.5228745321390651,0.14430942091353227,-1.4841724068928244,0.3704531657208978,33.75000000000006,33.97000000000003,19.960776255707795,20.838589285714296,7.03000000000003,5.610000000000014,5.068177091630662,5.128358148140605,0.9155,0.9179,0.8589478260869563,0.8648,0.5631,0.4611,0.0556103097747644,0.0606977533940156,113.32234,100.282616,5.2040625,4.9085317,0.0,0.0,13.052295702271929,10.577990341289071,13.389996911479535,13.9128714436186,5.7367361398355445,5.881045560749077,82.76021750812454,81.27604510123172,8.141408596824371,8.51186176254527,25.92818181818184,26.765000000000036,21.695057960557996,22.199925044091746,15.056666666666697,16.95928571428575,3.6868850173891023,3.3375785045098474,0.8988333333333335,0.8992714285714286,0.8545140277777777,0.8743025462962963,0.7775,0.8346642857142857,0.0373007270524081,0.0168389587587335,707.0401139259338,1615.302872657776,464.075418005387,1012.6490181514528,213.0450215339661,582.0627716230229,161.7068682723205,270.4066958603154
49,4.460000000000036,1.0650248334627577,0.08000000000003915,0.2830637716811353,0.0010000000000000009,-0.0010861283643895936,-0.23020000000000007,0.008213112985397196,10.189910999999995,-0.49331380000000014,0.0,-2.5620938888222664,0.493480734966683,0.13337420917267462,-1.7861502961192173,0.7929748036797095,36.81,41.27000000000004,24.1384353741497,25.20346020761246,9.870000000000005,9.950000000000044,5.431899360124572,5.714963131805708,0.7498,0.7508,0.6811072463768117,0.6800211180124222,0.6053000000000001,0.3751,0.0373689955919044,0.0455821085773016,94.383224,104.573135,4.8711553,4.3778415,0.0,0.0,12.026881547916846,9.46478765909458,13.310298484082288,13.803779219048971,5.74024842911109,5.873622638283765,81.93053212505208,80.14438182893286,7.19859259867029,7.991567402349999,30.457272727272755,31.218148148148178,24.850751683501716,25.63097635534088,17.3666666666667,18.9614285714286,4.260710134038596,4.178461988807709,0.7781166666666667,0.7780285714285714,0.7366494444444444,0.7320658352312698,0.6912500000000001,0.6634500000000001,0.0325344417739633,0.0362632354649742,775.9478492736816,1575.1400299072266,444.492910027504,932.480200216863,188.0506076812744,515.3513604365289,173.1481510286586,270.66200661625834
50,4.740000000000009,1.0709116133131005,-2.079999999999984,0.4015416938073688,0.0046999999999999265,0.0007383022774327674,-0.05689999999999995,0.0017264981522215964,-10.409266000000002,-0.4998760999999998,0.0,-2.462606824515367,0.46047092398852385,0.12544817863075064,-1.839121000458178,0.7475619183030453,37.01000000000005,41.75000000000006,24.54815602836883,25.61906764168193,12.670000000000016,10.590000000000032,5.138251434626594,5.5397931284339625,0.7915000000000001,0.7962,0.6940101449275364,0.6947484472049692,0.5787,0.5218,0.0477258631459121,0.0494523612981337,100.60956,90.200294,4.6613684,4.1614923,0.0,0.0,11.57180611019179,9.109199285676423,13.127859344356237,13.58833026834476,5.607845031125535,5.733293209756286,81.30103718235698,79.4619161818988,7.2220593650487555,7.969621283351801,30.55400000000003,32.45320000000003,25.448458333333367,26.58030352186803,18.131666666666703,19.18857142857146,4.263078140689967,4.507447710481402,0.7491000000000002,0.741657142857143,0.7001334722222222,0.6777153769841271,0.6438833333333335,0.5916142857142858,0.0393031245839845,0.0433992090563435,785.6405620574951,1639.3214478492737,435.3192331890265,900.0411933258196,182.6729027032852,505.43087240331806,180.57304349988743,287.38956987859484
51,4.840000000000032,0.9313337517107385,0.30000000000001315,0.46845728193938196,0.022599999999999953,0.006527536231884512,-0.19540000000000007,0.013936366177544401,-10.409266000000002,-0.4998760999999998,0.0,-2.462606824515367,0.46047092398852385,0.12544817863075064,-1.839121000458178,0.7475619183030453,36.73000000000002,41.57000000000005,24.911031941031965,25.842365692742703,11.33000000000004,11.630000000000052,5.047150062245318,5.5156073441847,0.7726000000000001,0.7952,0.6876768115942029,0.6942043478260874,0.5943,0.3989,0.0450717050124871,0.0590080711900315,100.60956,90.200294,4.6613684,4.1614923,0.0,0.0,11.57180611019179,9.109199285676423,13.127859344356237,13.58833026834476,5.607845031125535,5.733293209756286,81.30103718235698,79.4619161818988,7.2220593650487555,7.969621283351801,30.131666666666685,32.09720000000002,25.623240319865342,26.759839285405985,18.65666666666669,19.902592592592622,4.024964794257671,4.200059770068858,0.7513666666666667,0.7460785714285716,0.6944102777777778,0.6909867724867724,0.62505,0.6192000000000001,0.0432852881614448,0.0402180113700145,777.5131740570068,1650.0147233009338,419.5938641031583,884.0700576127583,172.99191331863403,480.7369741754592,173.37474289370172,293.3504459357325
58,3.240000000000002,0.8052128132058485,0.30000000000001315,0.11453975332019439,0.017999999999999905,0.008626915113871925,-0.2333,0.021897377981961,-7.057719999999989,-0.3622961,0.0,-1.7140209702999538,0.5180803138742185,0.14327330168121932,-1.7420489662716676,0.6335522244675182,32.21000000000004,35.450000000000045,21.002879120879168,21.808091934085017,7.870000000000003,8.170000000000016,4.936993997630571,5.051533750950766,0.8866,0.9046,0.8346202898550728,0.8432472049689447,0.6503,0.417,0.0374734788524752,0.0593708568344362,104.78226,97.72454,5.0506115,4.6883154,0.0,0.0,11.89771951401818,10.183698543718226,13.218038129744382,13.7361184436186,5.72494960595718,5.868222907638399,82.57539419270536,80.83334522643369,7.874501817396476,8.508054041863994,26.950000000000028,28.02481481481484,22.441968855218885,23.11758491375848,16.368333333333357,17.590000000000032,3.6895514241525103,3.566419928601139,0.8926,0.8970357142857145,0.8571406944444445,0.8654196097883599,0.8062666666666667,0.8228142857142859,0.0262104786920719,0.0210322722908002,735.8189759254456,1657.5098581314087,460.86828310290974,998.6111941998146,217.01383447647092,574.7003894024529,162.84567371488075,276.64721998042694
59,3.9600000000000364,0.7660924491094185,3.319999999999993,0.17217569858799475,0.007899999999999907,0.008029606625258645,-0.132,0.0022762357546285,6.419505000000001,-0.4028337000000004,0.0,-2.215838303405718,0.5001856318925437,0.13714344417905,-1.8960911228283521,0.8584304270872645,33.55000000000001,37.51000000000005,22.19298056155511,22.95907301066453,5.7900000000000205,9.110000000000014,4.950102882371065,5.12227858095906,0.9049,0.9128,0.8427057971014494,0.8507354037267081,0.6444000000000001,0.5124000000000001,0.038803110901947,0.0410793466565755,93.1545,99.574005,4.8861217,4.483288,0.0,0.0,11.889214868425038,9.67337656501932,13.128343941616505,13.628529573509049,5.711291344733465,5.848434788912515,82.20747431757074,80.31138319474239,7.43134679697816,8.289777224065425,26.28000000000003,28.041200000000032,22.03989478114481,22.98966625627462,15.398333333333367,16.997142857142887,3.7396702031327607,3.7061356932891303,0.8575499999999999,0.874207142857143,0.8116443055555557,0.8296650132275133,0.7635000000000001,0.7601777777777778,0.0339101831126092,0.0335479291346102,789.2961845397949,1700.775179862976,445.85862986246747,954.9403269478838,184.1527314186096,522.93299366883,174.62238173811767,297.3924501420535
69,0.5799999999999841,0.9260543897311813,1.3799999999999955,-0.00196228049972369,0.019100000000000006,0.02565921325051801,-0.135,-0.005837977578041199,4.003584000000004,0.08369439999999972,0.0,-0.4046986706025457,0.5379631675346825,0.18965629505252668,-1.4556642528023787,0.29759438825471385,31.470000000000027,32.05000000000001,18.93753398058255,19.86358837031373,3.1100000000000136,4.490000000000009,5.705889508551395,5.703927228051671,0.8461000000000001,0.8652000000000001,0.7741333333333331,0.7997925465838511,0.6869000000000001,0.5519000000000001,0.0446947899783434,0.0388568124003022,93.367676,97.37126,5.0973926,5.181087,0.0,0.0,11.705312446875842,11.300613776273297,13.645412173580006,14.183375341114688,5.855610695932238,6.045266990984764,81.10008644685452,79.64442219405214,9.32456617257624,9.622160560830954,25.14166666666669,26.037500000000023,19.71686363636367,20.708590895215924,10.835000000000022,13.356666666666694,4.7940721567248925,4.413374028491534,0.8398333333333334,0.8488,0.7972052777777779,0.8158692791005291,0.7428,0.7797642857142856,0.0333027807330317,0.0227847426569621,832.2860922813416,1540.945896118879,463.7573573390643,1115.4466154997838,279.98419713974,726.9097329378128,144.44540112811111,232.80901344448964
70,2.079999999999984,1.1740527926594275,-4.319999999999993,0.16691400430717795,0.024399999999999977,0.0070428571428574616,-0.2891,0.004184619228419506,8.718320000000006,-0.043537999999999855,0.0,-0.9602101562429901,0.5433372235340279,0.18266616640633782,-1.446658749193233,0.26678557643594836,31.410000000000025,33.49000000000001,18.76949903660888,19.94355182926831,3.990000000000009,-0.3299999999999841,5.649527384831832,5.81644138913901,0.8340000000000001,0.8584,0.7567347826086953,0.7637776397515528,0.6641,0.375,0.0482133928897201,0.0523980121181396,97.34344,106.06176,5.218947,5.175409,0.0,0.0,12.181022010169958,11.220811853926968,13.615505039333415,14.158842262867443,5.841213115809479,6.023879282215817,81.69336083403527,80.24670208484204,9.119143430092988,9.385929006528936,24.93166666666669,25.62333333333336,19.23341498316501,20.282389806409405,10.44833333333336,12.672222222222254,4.706710738709593,4.55240292440688,0.8271666666666667,0.8163785714285715,0.7550469444444445,0.7708123015873015,0.6719833333333334,0.7140857142857143,0.0522186662286624,0.0336420872539324,813.9178318977356,1539.324607372284,468.40307102600735,1102.8762989503157,268.5293183326721,699.0176062583923,145.69519977074336,237.6198967695326
74,0.4600000000000364,1.0692852932508217,-0.5400000000000205,0.08254296973938757,0.0043999999999999595,0.018881159420289673,0.13840000000000002,-0.020122568421055906,-7.391829999999999,-0.38203560000000003,0.0,-1.9876472789955297,0.5180803138742185,0.14327330168121932,-1.7420489662716676,0.6335522244675182,31.670000000000016,32.13000000000005,19.187222222222253,20.256507515473075,5.03000000000003,4.490000000000009,5.179137607558235,5.261680577297622,0.8857,0.8901,0.7878840579710145,0.8067652173913041,0.2567,0.3951,0.1155707796468067,0.0954482112257508,102.8678,95.47597,5.042797,4.6607614,0.0,0.0,11.933922619763154,9.946275340767624,13.218038129744382,13.7361184436186,5.72494960595718,5.868222907638399,82.57539419270536,80.83334522643369,7.874501817396476,8.508054041863994,24.675714285714317,26.41181818181821,19.95773965848969,21.031504744223938,13.613333333333363,14.840000000000028,3.85431936511087,3.786244831059992,0.87285,0.8857785714285714,0.8096995833333333,0.843146164021164,0.677925,0.79595,0.0538037088858474,0.0244987420745467,694.8930320739746,1619.4229879379272,452.8951870103677,982.0848747872516,237.05409145355225,601.6908251144923,149.1242948642084,269.15949355960737
77,3.180000000000007,1.0709780663261093,-0.12000000000000455,0.13479811915271434,0.023700000000000054,0.01163954451345739,-0.06479999999999997,-0.0020800282706361015,-4.370913999999999,-0.4433750000000005,0.0,-2.726133528549825,0.47942091458383373,0.13414738301802487,-2.097026568550916,0.9560330583324443,34.27000000000004,37.450000000000045,22.442374727668867,23.513352793994976,8.090000000000032,7.970000000000027,5.254726124951759,5.389524244104473,0.8314,0.8551000000000001,0.7505318840579714,0.7621714285714288,0.6269,0.5621,0.0527901684213751,0.050710140150739,96.358734,91.98782,4.567738,4.124363,0.0,0.0,11.709730415545598,8.983596886995773,13.208987382712396,13.68840829729623,5.696362903063389,5.830510286081414,81.49742184476938,79.40039527621846,7.276698066611086,8.23273112494353,29.519090909090927,31.11333333333336,24.21943181818185,25.12375701229728,16.386666666666695,18.11222222222225,4.3831179728860885,4.410426312152998,0.7832166666666667,0.7913142857142859,0.7123615277777778,0.7138002314814815,0.5973,0.6369571428571429,0.0622987638002999,0.0502375237149701,756.0234031677246,1678.1865620613098,408.4580302834511,907.8156200652738,167.52231085300446,492.84513699723175,167.58230888015188,307.1760495118995
81,2.079999999999991,0.7973013649425056,-5.099999999999966,0.4155746126120645,-0.0020999999999999908,0.01536583850931672,0.04520000000000002,-0.004702833751695397,-38.884725,-0.35861000000000054,0.0,-2.7125849969846367,0.40743254714968025,0.13452027479689388,-1.5181615458031956,0.3649653299161493,35.63000000000005,37.71000000000004,23.620468750000025,24.41777011494253,10.550000000000011,5.4500000000000455,4.930761835687652,5.346336448299716,0.8541000000000001,0.8520000000000001,0.7565913043478262,0.7719571428571429,0.6006,0.6458,0.0528786243192168,0.0481757905675214,121.508415,82.62369,4.620758,4.262148,0.0,0.0,12.300542491109749,9.587957494125112,14.118079211022918,14.525511758172598,5.882098708357819,6.0166189831547126,80.39442356387458,78.87626201807139,7.453887797453258,7.818853127369407,28.240000000000027,29.92785714285716,24.042799663299693,24.666501349589783,18.11833333333336,18.813571428571457,3.654132038752053,3.784345277792081,0.8350500000000002,0.8310214285714287,0.7801477777777778,0.7768634920634923,0.71505,0.7043666666666667,0.0396929196348135,0.0450936144585964,602.908429145813,1447.8041515350342,412.9228977262974,915.0106218225944,186.9367356300354,566.630578143755,143.36082119449424,230.9604573188893
85,0.8199999999999932,0.3765081967212751,-3.1999999999999886,0.14906052033572426,0.031200000000000006,0.062327950310559044,0.015100000000000002,-0.0219068202201615,46.238844,0.4836830000000001,0.0,1.175139855688851,0.4990924661219758,0.22499390312652512,-1.200926508963704,0.9181885107462282,33.07000000000005,33.89000000000004,21.40942622950825,21.785934426229524,5.3700000000000045,2.170000000000016,5.52434489835965,5.673405418695374,0.8263,0.8575,0.7013130434782608,0.7636409937888199,0.5732,0.5883,0.0724338617127467,0.0505270414925852,69.290016,115.52886,4.806756,5.290439,0.0,0.0,10.285196207925924,11.460336063614776,13.9011489845389,14.400241450660875,6.011767233025991,6.236761136152516,79.79757463081664,78.59664812185294,7.996916046891489,8.915104557637717,27.68833333333336,28.16307692307696,22.29448484848488,22.709515776467256,14.066666666666691,15.372222222222248,4.369287649723989,4.459596840736175,0.8086333333333334,0.8440142857142858,0.7298604166666668,0.7773008597883598,0.6565833333333333,0.729057142857143,0.054781342830202,0.0379684392199814,791.0000567436218,1592.7371091842651,441.519866168499,1115.3816721390758,286.4805018901825,743.5829468369484,136.95642633441807,254.91523320402788
87,0.6200000000000045,0.7364863318108341,1.420000000000016,0.18961910943197147,0.042100000000000026,0.022736645962732838,0.0024999999999999467,-0.008957943950426199,5.158060000000006,0.3201697000000001,0.0,0.3460028157346038,0.507106865060825,0.21520293382368827,-1.265690268950678,0.7124213162245034,34.450000000000045,35.07000000000005,21.45592445328034,22.192410785091173,4.470000000000027,5.890000000000043,5.652286918214972,5.841906027646943,0.775,0.8171,0.684013043478261,0.7067496894409938,0.5461,0.5486,0.0646921268713815,0.0557341829209553,76.06893,81.22699,4.8530593,5.173229,0.0,0.0,10.78782559984096,11.133828415575564,13.754076630200998,14.261183495261823,5.8992989210843545,6.114501854908043,79.86041598768463,78.59472571873395,8.454905294548881,9.167326610773385,27.59833333333336,28.01800000000002,22.01431986531989,22.73590452920673,13.221666666666692,14.501111111111136,4.709733908999288,4.658918421253646,0.7673333333333333,0.7726071428571427,0.6891290277777777,0.7108853505291005,0.6030166666666666,0.6306857142857142,0.0557918510513036,0.0451810639221603,776.8848805427551,1539.1640195399525,440.8548679848512,1096.3623252931866,291.9250605106354,758.0892676832154,130.90907358578824,247.567700194634
89,2.1200000000000045,1.0452501473882734,-1.9399999999999977,0.18254805314763622,0.009199999999999986,0.015436853002070317,-0.04910000000000003,-0.012003452493316094,9.065339999999992,0.29692900000000044,0.0,0.7054968978666629,0.512328580240796,0.20748787949124203,-1.265954282798205,0.5418278715921634,33.23000000000002,35.35000000000002,20.884469696969745,21.92971984435802,5.850000000000023,3.910000000000025,5.440944076725171,5.623492129872807,0.7953,0.8045,0.6717159420289854,0.6871527950310558,0.5249,0.4758,0.0796601324526494,0.0676566799593333,79.94646,89.0118,4.90548,5.202409,0.0,0.0,10.642317833795286,11.347814731661948,13.632088630200982,14.144417210441778,5.823505282729911,6.0309931622211534,80.47245485232777,79.20650056952957,8.583089840754308,9.124917712346472,26.518333333333363,26.854000000000028,21.418122895622925,22.177598608450083,13.891666666666694,14.576666666666698,4.161010078532559,4.273988082978102,0.8023666666666666,0.8084214285714285,0.743383888888889,0.7569198082010581,0.6777666666666667,0.6990500000000001,0.0453003663183882,0.0344520578535681,796.4836645126343,1607.272469997406,451.70787545045215,1098.4827632288604,282.750426530838,710.8635289669037,134.80584674883752,257.0797319291061
95,1.9600000000000364,1.0696455870720243,-0.6200000000000045,0.1463270098459457,0.008400000000000074,0.04251966873706037,0.2686,-0.04987099737872469,-11.782260000000008,-0.21726230000000069,0.0,-1.7552674652117766,0.5097915878833081,0.14952143278007846,-1.6644215864378253,0.5878289136097621,32.170000000000016,34.13000000000005,19.412273781902584,20.48191936897461,6.230000000000018,5.610000000000014,5.084858139703934,5.23118514954988,0.89,0.8984000000000001,0.7848797101449273,0.8273993788819877,0.0967,0.3653,0.1341485177171685,0.0842775203384438,99.90039,88.11813,4.8564816,4.6392193,0.0,0.0,11.763210746307305,10.007943281095528,13.094289095954414,13.604080683837722,5.6554541536186775,5.804975586398756,82.93526047761225,81.27083889117442,7.88623055043378,8.474059464043542,25.746666666666695,27.185833333333363,21.280260461760488,22.09328652358253,15.550000000000026,16.376428571428594,3.651679168257179,3.5787526632600315,0.8760833333333333,0.8864071428571431,0.808973888888889,0.8537040674603175,0.6111,0.8104000000000001,0.0757481552743632,0.0221327762001658,699.3984546661377,1605.9991989135742,437.4863306383292,991.861566007774,241.39971208572388,635.6282480955124,143.98017349719592,264.8386327630212
97,1.6799999999999997,1.0252539527943654,3.1999999999999886,0.15141774003188146,0.00869999999999993,0.012417391304347603,-0.031399999999999983,-0.0027491805277225986,-3.5584499999999935,-0.23663800000000013,0.0,-1.5743184540575985,0.47219229820331243,0.139206711009491,-2.020776533772505,0.9611285942348227,35.21000000000004,36.89000000000004,22.321840354767232,23.347094307561598,4.350000000000023,7.550000000000011,5.350417596174004,5.501835336205885,0.8439000000000001,0.8526,0.775026086956522,0.7874434782608696,0.5926,0.5612,0.0425355116843924,0.0397863311566698,99.91475,96.3563,4.565882,4.329244,0.0,0.0,11.095530591214173,9.521212137156574,13.075896851205572,13.548089149408884,5.61468200432945,5.753888715338941,82.00253313852082,79.98175660474831,7.138917091618501,8.100045685853324,28.178000000000036,29.239629629629658,22.89341582491585,23.708078332327503,15.521666666666698,16.689230769230804,4.544359010458411,4.408277739026226,0.8438833333333333,0.8526642857142857,0.804946527777778,0.8108673280423281,0.7578333333333332,0.7444142857142858,0.0282927944175316,0.0322152320750773,697.8212242126465,1635.7029678821564,417.5074952840805,942.5322458842226,181.7085015773773,551.0650527081452,148.3423836173656,286.8304695683994
98,3.240000000000009,1.0497841806528783,5.100000000000023,0.18493638427925507,0.024600000000000066,0.009268530020704158,-0.12490000000000001,0.0020045171010511995,-7.622009999999989,-0.27234669999999994,0.0,-2.028398354949328,0.47219229820331243,0.139206711009491,-2.020776533772505,0.9611285942348227,36.33000000000004,39.57000000000005,23.21595185995628,24.26573604060916,4.8700000000000045,9.970000000000027,5.59034064774742,5.775277032026675,0.8145,0.8391000000000001,0.7418246376811592,0.7510931677018634,0.6339,0.509,0.0439367674950318,0.045941284596083,98.84973,91.22772,4.546787,4.2744403,0.0,0.0,11.335395122360016,9.306996767410688,13.075896851205572,13.548089149408884,5.61468200432945,5.753888715338941,82.00253313852082,79.98175660474831,7.138917091618501,8.100045685853324,28.57800000000003,29.242800000000024,23.07003282828286,23.72164768894555,16.151666666666685,16.833076923076963,4.447180865994456,4.366768219886368,0.8456833333333335,0.8155714285714287,0.8010251388888889,0.7764387896825399,0.7503500000000001,0.7169642857142856,0.0348817781509408,0.03173272635281,740.0183706283569,1659.3834156990051,412.0479084948699,926.0403306593169,172.99188649654388,530.0929142291425,161.72064474258573,295.9734053154256
104,0.8199999999999967,0.6504591002137694,2.2800000000000296,-0.1492942250494611,0.02850000000000008,0.02171552795031062,0.02210000000000001,-0.0060976960830849,26.752374000000003,0.7524815,0.0,1.071759018187068,0.4844514559519322,0.2460909405469769,-1.2454629703567548,1.0287936981585766,30.63000000000005,31.450000000000045,19.59298947368426,20.24344857389803,2.490000000000009,4.770000000000039,5.419594266217221,5.27030004116776,0.8719,0.9004000000000001,0.8076869565217389,0.8294024844720496,0.6208,0.6429,0.0502781939451862,0.0441804978621013,76.792046,103.54442,4.7177925,5.470274,0.0,0.0,10.596395756509285,11.668154774696353,13.881159645726122,14.365611101678054,6.009613433732973,6.25570437427995,81.21151784460089,79.96605487424414,8.258029992957617,9.286823691116194,25.53166666666669,25.43148148148152,20.02203030303033,20.39087739297742,11.305000000000035,13.432400000000028,4.63235029444011,4.165271817834495,0.8782000000000001,0.8797857142857142,0.825196388888889,0.8399376984126986,0.7241500000000001,0.7921714285714286,0.045758616825815,0.0293157657923514,773.6516532897949,1592.7466991506517,430.4985575675965,1165.1683270102174,299.6613438129425,774.1755244731903,129.02557326279342,254.11754662861097
113,0.9200000000000159,0.8320912478680391,-0.2400000000000091,0.2559584997838087,0.024699999999999944,0.022449068322981325,-0.3121,0.0025775815850185985,30.235600000000005,0.09715359999999951,0.0,-0.34935731828173466,0.5001867840288448,0.19929603957066,-1.2554484600982931,0.36555264365751583,32.43000000000001,33.35000000000002,19.88401515151517,20.71610639938321,5.110000000000014,4.8700000000000045,5.1989407953649085,5.454899295148717,0.8059000000000001,0.8306,0.7167956521739134,0.7392447204968947,0.5657,0.2536,0.0549834321153465,0.0575610137003651,74.93464,105.17024,5.0124664,5.10962,0.0,0.0,11.419887639254858,11.070530320973123,13.301413748009216,13.80160053203806,5.677651017191006,5.876947056761666,81.31546536202656,80.06001690192826,9.198841014794429,9.564393658451944,25.455000000000027,25.42833333333336,19.84658164983168,20.51802532771848,12.193333333333364,13.25222222222225,4.16515183184754,4.14780478187687,0.7657000000000002,0.7712214285714286,0.6904669444444443,0.7234370039682539,0.6169199999999999,0.6615428571428572,0.0546024874867233,0.0370589095264256,761.0939106941223,1551.4699063301086,457.3875782291095,1088.349075531393,260.74512910842896,655.4588807821274,131.84129185368084,254.0477435815889
114,-0.10000000000002629,0.8449543939032971,-0.30000000000001137,0.23264987828058104,0.018299999999999983,0.019843685300206637,-0.21530000000000005,-0.0001521470407723005,-1.5196450000000112,0.049475600000000064,0.0,-0.820498208124512,0.5125641043881064,0.18924551699950065,-1.2281914817927628,0.23632003312255456,31.83000000000004,31.730000000000015,18.74388461538464,19.588839009287938,4.410000000000025,4.110000000000014,5.082924838098962,5.315574716379543,0.8241,0.8424,0.7389811594202903,0.7588248447204969,0.5660000000000001,0.3507,0.0542608575266253,0.054108710485853,80.3619,78.842255,4.970553,5.0200286,0.0,0.0,11.427285185384669,10.606786977260157,13.397566909653053,13.91013101404116,5.746249000964461,5.935494517963962,82.25168581342236,81.02349433162959,9.19623887975251,9.432558912875065,24.62666666666669,24.91560000000003,19.302558080808108,19.93127900816309,12.631818181818206,12.952222222222254,3.932053799706477,4.0546258532026025,0.7883,0.7952285714285715,0.7397144444444446,0.7653039682539684,0.6684400000000001,0.7271142857142859,0.036240963224395,0.0231745777070923,748.5518560409546,1568.524600982666,453.5629429916541,1069.266112450627,266.2954318523407,638.9407624006271,133.49551932569798,255.48960427794108
117,-0.5600000000000023,0.611914458391464,-2.2800000000000296,0.05693986986705646,0.024800000000000044,0.04764658385093179,0.0645,-0.025304504237349895,-0.06488999999999123,-0.07723239999999976,0.0,-1.0883185475113155,0.4997392869935986,0.15435284658872828,-1.4958865571873048,0.49238836257075924,31.390000000000043,30.83000000000004,18.937196652719685,19.54911111111115,5.57000000000005,3.2900000000000205,5.079271527907858,5.136211397774915,0.8272,0.8520000000000001,0.7243217391304348,0.7719683229813666,0.3094,0.3739,0.0948662275080706,0.0695617232707207,88.33276,88.26787,4.7509274,4.673695,0.0,0.0,11.125111846790508,10.036793299279193,13.04298283659371,13.542722123587309,5.629569072347051,5.783921918935779,83.23956507939175,81.74367852220445,8.05195157321859,8.544339935789349,26.10714285714289,25.593636363636392,19.904056517556548,20.586902867502896,14.29333333333336,15.278888888888922,3.6807834993510857,3.331854067574449,0.8861166666666668,0.8897142857142857,0.8015409722222223,0.8552970238095239,0.5614250000000001,0.8045285714285715,0.0992031291193184,0.0286227068964533,692.7172470092773,1572.6556572914124,433.5221407810847,995.4970738667568,241.23682689666748,628.9489889144897,139.57465380274158,257.835818332111
118,1.920000000000016,0.7557920423430708,0.819999999999995,0.20038574585055358,0.017900000000000027,0.023030848861283593,0.15960000000000002,-0.015349724096295994,-5.774914999999993,-0.09505559999999935,0.0,-1.2800631571623384,0.4871057852121723,0.14381878038578133,-1.5861046017288913,0.6828902585001027,33.77000000000004,35.690000000000055,22.399234135667434,23.155026178010505,8.610000000000014,9.430000000000009,4.850521646685157,5.05090739253571,0.8607,0.8786,0.787853623188406,0.8108844720496896,0.4539,0.6135,0.0568017671181292,0.0414520430218332,100.382065,94.60715,4.7003536,4.605298,0.0,0.0,11.372016550479136,10.091953393316798,12.88329672335168,13.370402508563853,5.578996676864151,5.722815457249932,83.24657699047647,81.66047238874758,7.5713829763183105,8.254273234818413,27.781111111111144,29.030769230769256,23.1126001683502,24.01341024870194,16.54666666666669,18.05285714285718,3.882334659597986,3.740281555382292,0.8218666666666666,0.8170714285714287,0.7534744444444444,0.7680272817460319,0.64415,0.7151928571428571,0.04997031580577,0.030954809884314,676.8412556648254,1640.7975001335144,428.9072547356288,980.928471464882,201.8483819961548,620.6856189378304,139.38219475473568,270.0953979186991
119,2.2199999999999704,0.8521117124364359,0.660000000000025,0.21370121188241153,0.022199999999999998,0.013522567287784781,0.058499999999999996,-0.007954380566914304,-8.481139999999996,-0.12434040000000035,0.0,-2.43043398371894,0.46871179094887516,0.14514110205769626,-1.8629403761066072,0.8506304587012137,33.950000000000045,36.170000000000016,22.43126086956526,23.283372582001697,7.850000000000023,8.510000000000048,5.045929497839199,5.259630709721611,0.8407,0.8629,0.7537855072463766,0.7673080745341614,0.5082,0.5667,0.0564813404492658,0.0485269598823515,99.33601,90.85487,4.653736,4.5293956,0.0,0.0,12.087071956476832,9.656637972757892,12.911929393671318,13.380641184620194,5.529629283597224,5.67477038565492,82.4860701503786,80.62312977427199,7.219252870968822,8.069883329670036,28.26600000000004,29.193846153846177,23.288114478114505,24.17084666321336,16.718333333333366,17.54928571428574,4.149795904562618,4.030352551116557,0.7879,0.8001928571428573,0.7173031944444445,0.7358490740740741,0.6060500000000001,0.6400785714285713,0.0570649378001762,0.0517541306075276,691.6121883392334,1668.1023106575012,424.6534320513408,964.7612094785496,182.94909620285037,579.7338260221295,148.1232968098355,290.68117391146944
122,0.3199999999999861,0.9502601491300702,1.7000000000000455,0.21716207247945096,0.06320000000000003,0.006600621118012184,0.02410000000000001,0.0020447241354326004,-11.317525000000003,-0.2214077999999997,0.0,-2.2663243167473546,0.43520136499219575,0.15592107842865754,-2.5175292366181594,1.2427063383769514,35.71000000000004,36.03000000000003,22.79800000000004,23.74826014913011,6.930000000000007,8.630000000000052,5.089844749984707,5.307006822464158,0.8548,0.918,0.7941652173913045,0.8007658385093167,0.5513,0.5754,0.0470473330146663,0.0490920571500989,99.185265,87.86774,4.697749,4.4763412,0.0,0.0,11.943009541758856,9.676685225011502,13.135530805543468,13.570732170535663,5.544919362935876,5.700840441364534,80.24567563497452,77.72814639835636,7.179085565485947,8.421791903862898,29.21444444444448,30.341666666666693,23.846425084175117,24.670513641913672,16.971666666666696,18.07214285714289,4.302374680905827,4.284810620799129,0.8405666666666667,0.8458857142857144,0.8025022222222221,0.8056091269841271,0.7615333333333334,0.7667714285714285,0.0274687745056033,0.0284964791395311,700.2066421508789,1629.6456718444824,428.6696148514748,953.4606822775046,180.3095555305481,556.0552995400503,152.15218814924336,294.0422060433317
123,2.1399999999999864,1.055043640897761,1.0400000000000205,0.21748979279719993,0.04200000000000004,0.01375693581780546,0.10619999999999996,-0.004361662584045398,27.679990000000004,-0.23188350000000035,0.0,-2.3612423090610903,0.42586580586943334,0.1622504854374931,-2.2644921670279246,1.028979589546143,36.670000000000016,38.81,23.87750000000004,24.9325436408978,7.090000000000032,8.130000000000052,5.346807497625692,5.564297290422892,0.8161,0.8581000000000001,0.7483057971014493,0.7620627329192547,0.5035000000000001,0.6097,0.0504903804414115,0.0461287178573661,100.62305,128.30304,4.6475773,4.4156938,0.0,0.0,12.050177938281534,9.688935629220444,13.346231923351686,13.77209772922112,5.599642074605637,5.76189256004313,80.3178022252735,78.05331005824557,6.9517012492978685,7.980680838844012,28.3566666666667,28.665000000000028,23.18604208754212,23.959940121606817,16.56833333333336,18.10285714285717,3.8135892799768896,3.648917959001882,0.8762833333333333,0.8837214285714285,0.8232004166666668,0.8593710978835979,0.623075,0.8196555555555557,0.0661503828063623,0.0194369634849428,666.6626243591309,1614.7828378677368,424.0914132992427,940.542756313389,179.12926244735718,516.6532156117028,150.8161741265194,299.70943850100616
134,2.240000000000009,1.337867221620808,-1.2399999999999523,0.038901410749573984,0.03079999999999994,0.028453623188406274,0.012900000000000023,-0.015904299738983003,11.91622000000001,0.1316790999999995,0.0,-0.5677618093049883,0.47004959116321565,0.22740501695988868,-1.1077363090142711,0.6818390652663027,33.93000000000001,36.170000000000016,20.607558139534916,21.945425361155724,5.810000000000002,4.57000000000005,5.8200068800499904,5.858908290799564,0.7886000000000001,0.8194,0.6886333333333333,0.7170869565217396,0.4231,0.436,0.0724479816717434,0.0565436819327604,73.55814,85.47436,4.8534255,4.9851046,0.0,0.0,11.395517753801398,10.82775594449641,13.511200712392808,13.981250303556024,5.750908947934093,5.978313964893982,80.34503719177617,79.2373008827619,9.036574279719591,9.718413344985894,26.783333333333363,27.8592307692308,21.791430555555586,22.57625194250197,12.93500000000003,14.399230769230796,4.452051893045078,4.585562544243379,0.7711833333333334,0.7647071428571428,0.68132,0.7060282407407409,0.5850166666666666,0.6274142857142857,0.0600243776249224,0.0436357563847216,731.529748916626,1571.8137969970703,442.87508487701416,1061.8272771880438,282.488347530365,675.9034040570259,118.81042080971476,272.77485831582885
137,0.8799999999999955,0.7354088646169572,-0.30000000000001137,-0.002267662809313009,0.028200000000000003,0.02707556935817812,0.15170000000000006,-0.015078056972997897,-10.828395999999998,0.06521370000000015,0.0,-0.8453587265844984,0.4788150317875264,0.20983326586518025,-1.0849830271662455,0.32742998807088775,31.930000000000007,32.81,19.35916030534351,20.09456916996047,4.510000000000048,4.210000000000036,5.273442614159953,5.27117495135064,0.8109000000000001,0.8391000000000001,0.7235753623188405,0.7506509316770186,0.3789,0.5306000000000001,0.0634655227772583,0.0483874658042604,85.984146,75.15575,4.8569913,4.922205,0.0,0.0,11.389621020873449,10.54426229428895,13.298342476776336,13.777157508563862,5.66523096589744,5.87506423176262,81.50676938257452,80.42178635540827,9.366851054329974,9.694281042400862,25.000000000000025,25.545200000000037,19.83249494949498,20.65108727692064,12.033333333333369,13.644615384615417,4.065307686009785,4.067908578810489,0.7660666666666667,0.7747214285714286,0.7069555555555556,0.7280195105820106,0.6460333333333333,0.6801928571428572,0.0460310399165862,0.0300805187118359,688.7496404647827,1571.6599192619324,443.2004660964012,1048.4297044056584,259.79590225219727,640.234067440033,120.28759794958798,266.48285525323314
139,0.3199999999999932,0.9121479865215392,-0.01999999999998181,0.04007150373573154,0.02169999999999994,0.024336231884057535,-0.1356,-0.0070384642242806925,-0.5889039999999994,-0.05961850000000002,0.0,-0.7809829234752694,0.4944100707460457,0.1853025151722365,-1.0797377773496066,0.0954400238943851,31.450000000000045,31.77000000000004,19.101589147286862,20.0137371338084,4.430000000000007,4.410000000000025,5.245492693602891,5.285564197338623,0.8300000000000001,0.8517,0.7329681159420293,0.7573043478260868,0.5182,0.3826,0.0654098904296233,0.0583714262053426,78.86019,78.271286,4.812428,4.7528095,0.0,0.0,10.905490726452792,10.124507802977522,13.207627565360816,13.702037636106862,5.680492541398749,5.8657950565709855,83.1002347587681,82.02049698141849,9.355240355714743,9.450680379609128,23.7566666666667,23.986923076923105,18.841842592592624,19.485780532738893,12.033333333333363,12.872142857142888,3.854798445104931,3.756870445677512,0.78835,0.77555,0.7268665277777778,0.7325376653439154,0.6557250000000001,0.6706785714285716,0.0421456841759214,0.0334989654056601,687.2232284545898,1482.2797889709473,439.1340650518735,1012.3484240719894,251.16298818588257,624.556866645813,128.12386442202103,236.29695759242992
140,0.0,0.8101089152393293,-3.319999999999993,0.2351607951957515,0.01770000000000005,0.01693312629399557,-0.13890000000000002,-0.004400648294657604,-18.444255999999996,-0.07178169999999984,0.0,-1.283697619864542,0.4903739957123161,0.17451996232853606,-1.191281904801997,0.23593832393787828,31.650000000000038,31.650000000000038,18.74444444444448,19.55455335968381,5.230000000000018,1.910000000000025,5.258397298766525,5.493558093962276,0.8121,0.8298000000000001,0.7080942028985509,0.7250273291925464,0.6046,0.4657,0.0627824351972126,0.058381786902555,93.430756,74.9865,4.763362,4.6915803,0.0,0.0,11.235994632526198,9.952297012661656,13.112806684995531,13.603180680707847,5.6491338935968445,5.8236538559253805,83.40316422374983,82.21188231894783,8.811254607584171,9.04719293152205,25.90500000000003,25.88230769230772,20.439710437710463,20.916566938925303,13.27333333333336,13.433703703703738,4.326589439364981,4.3424365583457565,0.7780833333333333,0.7687928571428573,0.6616291666666668,0.6865387566137566,0.5468333333333334,0.5777428571428571,0.0758255799226201,0.064086302550761,680.5339765548706,1479.6294651031494,430.0490040381749,981.0971444643122,245.8366813659668,619.5235379934311,128.63759332382529,237.40440921416376
141,0.160000000000025,0.9385284031731302,-1.420000000000016,0.08086862975925779,0.016100000000000003,0.03126997929606645,0.1748,-0.0452371590110274,-1.1981850000000094,-0.15796279999999996,0.0,-1.1438232539337978,0.48546627311494817,0.162167088378677,-1.3309016620538898,0.4336046612178386,32.110000000000014,32.27000000000004,19.044965357967705,19.983493761140835,7.53000000000003,6.110000000000014,4.853222977228444,4.934091606987701,0.9021,0.9182,0.825823188405797,0.8570931677018635,0.2884,0.4632,0.1117354213749356,0.0664982623639082,96.51823,95.320045,4.7076674,4.5497046,0.0,0.0,10.988371532407808,9.84454827847401,13.073266310566284,13.558732583681232,5.60839499423419,5.770562082612867,83.57638540840864,82.24548374635475,8.107402626986811,8.54100728820465,23.89857142857145,25.11260869565221,18.838501322751352,19.676651085039524,12.805000000000035,13.73666666666669,3.795583718207792,3.5909778460206394,0.8883666666666667,0.8704357142857144,0.8079122222222223,0.8449919642857142,0.6453166666666666,0.8126642857142857,0.0809061944514586,0.0179791120374058,650.4914042949677,1474.7057008743286,429.5746447443962,969.087045914348,232.74056386947632,635.9934985637665,131.23865261356156,235.95653615899684
142,0.8000000000000114,0.8390996955482422,-4.660000000000025,0.12821733712662375,0.0026000000000000467,0.023674741200828353,0.09659999999999996,-0.0243616933191603,-7.061433999999991,-0.15000700000000045,0.0,-1.4386550991642029,0.47872550142330006,0.1547524072355131,-1.4446840448866567,0.580494684672324,32.89000000000004,33.690000000000055,20.516831460674197,21.35593115622244,8.750000000000057,4.090000000000032,4.832340683065793,4.960558020192416,0.9083,0.9109,0.8194202898550723,0.8430950310559007,0.4006,0.4972,0.0845150695416301,0.0601533762224698,103.61957,96.558136,4.684961,4.534954,0.0,0.0,11.219429317137754,9.780774217973551,12.943611421068583,13.422336922491883,5.576733963098233,5.731486370333746,83.58848896779695,82.14380492291029,7.667021534127402,8.247516218799726,25.94250000000003,27.08333333333336,20.67340782828286,21.53402360568849,14.863333333333363,15.595000000000027,3.637795376719197,3.5691659406923693,0.8901666666666667,0.8996785714285714,0.839123888888889,0.876242791005291,0.67425,0.8442071428571429,0.0614336676278547,0.014362488608712,647.500636100769,1578.1877176761627,427.5026840567589,965.9452132330188,204.87392139434812,621.6579642728902,131.8698733620674,261.1305704556681
143,-0.07999999999998408,0.9660950782669993,0.30000000000001137,0.04685565693460614,0.006500000000000061,0.023653830227743144,0.04910000000000003,-0.013503120727346295,-13.131979999999999,-0.23590669999999925,0.0,-2.007280095296707,0.4643909627433853,0.15485755315980665,-1.7075699166905025,0.7407733139360726,35.93000000000001,35.85000000000002,21.65360086767899,22.61969594594599,8.310000000000002,8.610000000000014,5.03027968555226,5.077135342486866,0.8749,0.8814000000000001,0.7964014492753624,0.8200552795031055,0.5231,0.5722,0.0553200136563891,0.0418168929290428,108.26119,95.12921,4.7600617,4.524155,0.0,0.0,11.788599022932036,9.78131892763533,12.80064362015535,13.265034582898735,5.4818783584181485,5.636735911577955,83.13282514058356,81.42525522389306,7.34746069127875,8.088234005214822,27.98555555555558,28.596400000000028,22.98897306397309,23.68152259900596,15.985000000000031,17.3614285714286,4.157043729005392,3.896608100408508,0.8649166666666668,0.8598142857142858,0.8230427777777778,0.8263268187830688,0.7436999999999999,0.7718357142857144,0.0347635796763464,0.0290877082968617,678.6864094734192,1648.317671775818,434.3556187748909,963.6450944498988,195.29576921463013,595.0805098572746,141.13703928293427,289.62786167412
146,0.8000000000000114,1.0213465549727339,0.5199999999999818,0.04988533347126278,0.031100000000000017,0.010007660455487066,0.17159999999999997,-0.009496163167851498,-43.35706999999999,-0.4046140000000005,0.0,-2.9766392520589076,0.4357729978903677,0.1655907806656396,-2.3389689365482695,1.0456378092689116,36.55000000000001,37.35000000000002,23.07646934460889,24.097815899581622,8.53000000000003,9.050000000000011,5.139674269218828,5.189559602690091,0.8457,0.8768,0.7743768115942028,0.7843844720496899,0.4151,0.5867,0.0532979705542005,0.043801807386349,138.9246,95.56753,4.8690696,4.4644556,0.0,0.0,12.802044988503422,9.825405736444514,12.891657784538896,13.327430782429264,5.431453413809341,5.5970441944749805,81.55382168557347,79.2148527490252,7.3767563133117156,8.422394122580627,29.16600000000004,28.935384615384667,23.573158249158272,24.209817534317565,16.65500000000003,17.919285714285746,4.160387060068065,3.804519145642148,0.8251333333333334,0.8299714285714287,0.7529280555555555,0.7714105158730158,0.6,0.7013333333333334,0.056634923633064,0.0355613037461969,729.0908327102661,1663.1023001670835,444.30259187022847,950.9290891634106,183.61848664283752,533.6042406756897,158.13646232484018,313.9421333447359
147,2.4799999999999613,1.0238505983880763,-1.6200000000000063,0.11767585311695328,0.013700000000000045,0.009218633540372556,0.21760000000000007,-0.013809421175448297,-2.208439999999996,-0.3073864999999998,0.0,-2.627104836161907,0.42168059346776054,0.17219753874911792,-2.188300172020476,1.032292690926873,37.01000000000005,39.49000000000001,23.73407643312106,24.757927031509137,9.430000000000009,7.810000000000002,5.373189908665297,5.49086576178225,0.8276,0.8413,0.7548391304347829,0.7640577639751555,0.4583,0.6759000000000001,0.0559255540807921,0.0421161329053438,110.91341,108.70497,4.848189,4.5408025,0.0,0.0,12.717314105514935,10.090209269353029,13.06214615531516,13.48382674878292,5.461658906915516,5.633856445664634,81.0178345487881,78.82953437676763,6.974080530335534,8.006373221262407,29.959090909090943,31.62846153846156,24.48546632996636,25.648162746821114,17.261666666666695,18.33962962962966,4.415194139677093,4.471581098275549,0.8169666666666666,0.8248071428571428,0.7675047222222223,0.7777776455026455,0.68645,0.7344428571428571,0.0391475556792916,0.02851469375267,723.5626621246338,1698.0254406929016,442.3972182174524,967.1909649707763,173.0298581123352,545.9992651862558,159.35707628698617,324.7509024237105
148,0.20000000000004547,0.5945791527313276,-1.6999999999999886,0.1421907123136137,0.013500000000000068,0.012072049689441533,0.2596,-0.027738648798363595,-6.359290000000001,-0.4486990000000004,0.0,-2.335158135922777,0.419560191967145,0.1849309534507384,-1.726116754955342,0.5726785987154352,36.05000000000001,36.25000000000006,21.7841666666667,22.378745819398027,6.050000000000011,4.350000000000023,4.952675885656435,5.094866597970048,0.9016,0.9151,0.8566826086956519,0.8687546583850935,0.322,0.5816,0.0733451972416213,0.0456065484432577,108.76218,102.40289,4.851267,4.402568,0.0,0.0,12.40485581044172,10.069697674518943,13.43847172426492,13.858031916232065,5.6090564697670455,5.793987423217784,81.79365392197613,80.06753716702079,7.052837244936954,7.625515843652389,26.376000000000037,27.40481481481484,21.33611111111114,22.220395155818867,15.233333333333364,16.79928571428574,3.794587929889659,3.530405465737195,0.8961666666666668,0.9017285714285715,0.8548712500000001,0.8691145171957673,0.618375,0.798011111111111,0.0730496078243989,0.0287727696149067,692.9831485748291,1630.7068915367126,442.678107013305,937.746991786,181.10211181640625,568.5898339140695,152.53764408653151,303.03983642822385
165,0.10000000000002274,0.9063749219433141,-1.3600000000000136,0.19161789314814026,0.010800000000000032,0.01384658385093207,0.1068,-0.013656409770897396,-39.80186400000001,-0.11720730000000046,0.0,-1.5912010167034403,0.4652084175443729,0.18792932573756005,-1.0460158792362506,0.24021898204138736,29.350000000000023,29.450000000000045,17.36150743099791,18.267882352941225,4.2900000000000205,2.930000000000007,4.772736005720947,4.964353898869088,0.8459,0.8567,0.7555478260869565,0.7693944099378885,0.2424,0.3492,0.0787209207570605,0.0650645109861631,124.79058,84.988716,4.740864,4.6236567,0.0,0.0,11.340291754182532,9.749090737479092,13.154637148922443,13.619845566466816,5.630988732487278,5.818918058224838,83.86531526828998,82.81929938905373,8.647148573482571,8.887367555523959,22.370000000000037,23.44000000000003,17.86691835016838,18.52020033326848,11.771666666666704,12.419629629629664,3.690918597114529,3.5536458844436063,0.8173166666666668,0.8204428571428573,0.7555330555555555,0.7749218584656083,0.5503800000000001,0.6848777777777778,0.0692690663745697,0.0413176729472407,656.0988893508911,1429.8611330986023,426.2800797621409,974.1058477535408,241.88726139068604,622.0401592254639,124.12550849570476,232.2206335133447
166,-0.1399999999999899,0.8002237717280991,-1.0600000000000018,0.12685266968361653,0.03480000000000005,0.040577432712215034,0.1532,-0.0269486326832067,-50.68962499999999,-0.10981440000000031,0.0,-1.9139925832584268,0.46334693060199683,0.17728759601109179,-1.1663014797512261,0.42687315334420806,28.83000000000004,28.69000000000005,16.960814479638035,17.761038251366134,4.03000000000003,2.9700000000000277,4.871286056413674,4.998138726097291,0.8454,0.8802000000000001,0.7552797101449277,0.7958571428571427,0.2523,0.4055,0.0959567649920623,0.0690081323088556,132.22527,81.535645,4.640373,4.5305586,0.0,0.0,11.489133005570183,9.575140422311756,13.10549110691332,13.568838037515317,5.603364066906233,5.780651662917324,83.88338603661374,82.71708455686252,7.901188133649987,8.328061286994195,23.37857142857145,22.8016666666667,17.67333676046179,17.945295404876955,11.508333333333365,11.956923076923111,3.853690431856792,3.526590440792329,0.8232499999999999,0.8547785714285716,0.758523888888889,0.805775925925926,0.64922,0.6929777777777778,0.0591791003341384,0.0429297574221461,636.1921458244324,1428.9868524074554,423.4340617656708,965.0090144978846,239.556218624115,625.3633645772934,123.62195987844828,238.6129235018505
167,0.5,0.8641131741821653,-2.920000000000016,0.21798244463222005,0.043399999999999994,0.03560082815734911,0.17930000000000001,-0.0303762451316641,5.082239999999999,-0.19556709999999988,0.0,-1.277752065488965,0.4652052428278388,0.17317208294126996,-1.2923552237860747,0.5007483770516652,29.19000000000005,29.69000000000005,17.461908045977047,18.326021220159213,6.150000000000034,3.230000000000018,4.6789625326934345,4.896944977325655,0.8493,0.8927,0.7681724637681162,0.8037732919254653,0.3092,0.4885,0.0891849208741073,0.0588086757424432,92.01438,97.09662,4.6952066,4.4996395,0.0,0.0,11.277450592856836,9.99969852736787,13.000361057598267,13.465566300426106,5.593329449685599,5.766501532626869,84.02089704867964,82.72854182489357,7.603357685659495,8.10410606271116,23.804545454545487,24.265833333333365,18.988314393939422,19.54536219275896,12.49333333333336,13.33000000000003,3.794657349226424,3.659576200462844,0.8194833333333333,0.8284357142857142,0.7556920833333333,0.7865843915343915,0.6792333333333334,0.7533,0.0475170720252671,0.0270784540294038,638.1709592342377,1446.5929822921753,428.4375942150752,958.4232274622094,234.58590936660767,607.2442965507507,128.72625705072568,246.5283159097945
170,-0.15999999999996817,0.627531388079209,-3.019999999999982,0.28294112903534696,0.04730000000000001,0.03251739130434794,0.39880000000000004,-0.037120752886345,-2.671745999999999,-0.47904269999999993,0.0,-2.8295812779628644,0.4383100238770048,0.18177694107718168,-1.947205784246819,0.8496931320122201,36.31,36.150000000000034,22.60531645569623,23.23284784377544,8.850000000000023,5.830000000000041,4.995842913747701,5.278784042783048,0.8539,0.9012,0.7851434782608697,0.8176608695652177,0.2609,0.6597000000000001,0.0746670823194823,0.0375463294331373,129.28476,126.613014,5.052961,4.5739183,0.0,0.0,13.090965120628717,10.261383842665852,12.845752695954433,13.284062719831438,5.413766946668018,5.595543887745199,82.64356649054233,80.69636070629551,7.1253819373868765,7.975075069399097,28.88166666666669,29.020000000000028,23.68490572390576,24.20963719151222,16.861666666666697,17.585555555555583,4.014116182178871,3.930996918880078,0.7966000000000001,0.8167214285714286,0.7367336111111111,0.7696001653439154,0.5847,0.7170428571428573,0.0561760535423191,0.034536228077788,783.60706615448,1756.2382225990295,461.0826692183812,974.2445925654416,186.54088759422305,595.7722574817017,164.54592755279464,329.4931111433237
172,0.5,0.5268753100015147,0.9799999999999631,0.21606021780737272,0.05410000000000004,0.025044099378882412,0.2777,-0.019594098742895402,-22.403329999999997,-0.4439663999999999,0.0,-2.7387460139945006,0.4279629014575903,0.18777259059984353,-1.8429285910356157,0.807335847875736,36.79000000000002,37.29000000000002,23.105655913978502,23.632531223980017,8.450000000000045,9.430000000000009,5.141800116763116,5.357860334570489,0.8436,0.8977,0.7764478260869564,0.8014919254658388,0.4331,0.7108,0.0569862724601055,0.0373921737172101,145.40948,123.00615,4.9731197,4.5291533,0.0,0.0,13.159413692093766,10.420667678099266,12.99388893339734,13.42185183485493,5.444776438656807,5.6325490292566505,82.52330081655316,80.68037222551754,6.862867167249845,7.670203015125581,29.01666666666669,30.11518518518522,23.82229924242427,24.511422189847224,17.1466666666667,17.933571428571458,4.134927954661428,4.0259113850710495,0.8409333333333334,0.8350999999999998,0.7812298611111111,0.7946813492063493,0.662075,0.750857142857143,0.0495451642838708,0.0290563980168807,751.3873910903931,1736.2631406784058,453.79715448617935,964.7096837661616,177.01136302947998,586.9280244382098,162.225277123669,335.1193516093647
173,1.6000000000000227,0.6894652738565412,-3.839999999999975,0.12959747397193322,0.017799999999999927,0.01638240165631455,0.18860000000000002,-0.024485770878230194,8.820509999999999,-0.5742614000000001,0.0,-2.3416813971766413,0.4224569451902731,0.1964717833704217,-1.5701777254526803,0.5449302618226417,34.09000000000003,35.690000000000055,20.84952173913045,21.53898701298699,8.410000000000025,4.57000000000005,4.928318589447445,5.057916063419378,0.8976000000000001,0.9154,0.8398579710144926,0.8562403726708071,0.2462,0.4348,0.0801730056955608,0.0556872348173306,102.89547,111.71598,5.0769234,4.502662,0.0,0.0,12.894088823354124,10.552407426177483,13.211981152575447,13.63443809776572,5.520032718599147,5.716504501969569,82.9609057783997,81.39072805294703,6.901825373531025,7.446755635353667,26.408181818181856,27.306923076923116,21.548093073593105,22.065861278536318,15.465000000000032,16.289285714285747,3.685626195176889,3.514527781324372,0.8643333333333333,0.8656071428571429,0.82304875,0.8383029431216932,0.665325,0.7776222222222222,0.0544389733381645,0.0241856869402302,739.468770980835,1783.266182422638,463.2692602872849,959.066998232224,181.7549023628235,582.5393714498496,161.68661341160288,347.46139156841593
174,2.0400000000000205,0.7513616653879396,3.0600000000000023,0.17700401595775528,0.008099999999999996,0.018181573498964987,0.2539,-0.030898926477728593,-7.008989999999997,-0.5485837,0.0,-1.96230437762242,0.41460150902932114,0.203369880697168,-1.0500423729001795,0.2948355885641991,36.59000000000003,38.63000000000005,22.59570806100219,23.347069726390128,7.53000000000003,10.590000000000032,4.751411267217405,4.92841528317516,0.8675,0.8756,0.7953333333333331,0.8135149068322981,0.2581,0.512,0.0741168635912176,0.043217937113489,118.08362,111.07463,4.9653087,4.416725,0.0,0.0,12.46265561710836,10.50035123948594,13.250125313306024,13.664726822335345,5.516107919782003,5.719477800479171,83.10523349834952,82.05519112544934,6.7485952822648025,7.043430870829002,28.1077777777778,28.67080000000003,23.29841708754212,23.905065824799436,17.038333333333366,18.016428571428605,3.883180675494232,3.7299372835037534,0.8921999999999999,0.8984142857142857,0.8591061111111111,0.8733653769841269,0.69915,0.8380083333333336,0.0506245620343822,0.0209232573423148,713.3285274505615,1751.077672958374,453.2724737326304,941.7716726501628,178.8572015762329,549.3484870141838,156.51493189184654,338.48091812860764
175,2.3799999999999955,0.7405125523012259,2.1000000000000227,0.1804938409062622,0.02440000000000009,0.01829523809523803,0.43900000000000006,-0.042795124624031296,3.5109500000000082,-0.5677394000000007,0.0,-2.0270201634719456,0.40340852983023545,0.1993976771908521,-0.5384334361826291,0.24974429828824185,36.23000000000002,38.610000000000014,23.156987447698786,23.89750000000001,7.970000000000027,10.07000000000005,4.616890280455725,4.797384121361987,0.8589,0.8833000000000001,0.7868942028985508,0.8051894409937889,0.1792,0.6182000000000001,0.080391788613877,0.0375966639898457,110.23064,113.74159,4.96107,4.3933306,0.0,0.0,12.781328028370432,10.754307864898486,13.416260146182736,13.819668676012972,5.57884094608376,5.778238623274612,82.77203548043573,82.2336020442531,6.5677500664764965,6.817494364764738,29.29666666666669,29.54833333333336,24.59587229437232,25.09789161455831,18.541666666666696,19.283571428571456,3.6782350488996256,3.5169126776432225,0.8519166666666668,0.874692857142857,0.8045130555555556,0.8328854166666667,0.6121500000000001,0.7948571428571428,0.0631481060749147,0.0237931315502487,727.9641132354736,1757.3051075935364,454.5459297001362,939.3086220713544,176.99178624153137,542.0467995309155,160.20610341441608,344.9168623184626
177,1.5399999999999636,1.3227927927927503,3.6999999999999886,-0.021988022552971387,0.014800000000000035,0.02725734989648021,-0.023499999999999965,-0.0025909036889172968,10.745620000000002,0.5575970000000003,0.0,0.7781621049398506,0.45248563871829717,0.2645523536894263,-1.1787450515209486,1.0124019619434552,31.750000000000057,33.29000000000002,19.907207207207254,21.230000000000004,1.2900000000000205,4.990000000000009,5.520666115829641,5.49867809327667,0.8456,0.8604,0.7478333333333335,0.7750906832298137,0.5705,0.547,0.0520710180222575,0.0494801143333402,80.36031,91.10593,4.820662,5.378259,0.0,0.0,10.821023991526742,11.599186096466592,13.841307161707851,14.293792800426148,5.970301214206064,6.23485356789549,81.49524648822876,80.31650143670781,8.444835272944534,9.45723723488799,25.42333333333336,26.74440000000004,20.229097763347795,21.6536364116426,12.565000000000037,14.446000000000025,4.409602983274897,4.27165761305192,0.8558333333333333,0.8551642857142859,0.7985280555555555,0.8150786044973547,0.7367,0.7442444444444445,0.0425522913701342,0.0298824317970873,738.4308910369873,1628.0952925682068,434.3265977501869,1132.7294283667954,291.4890580177307,744.8610348701477,117.91509194028914,260.298938611497
188,1.7199999999999669,0.9343698858853884,-2.7800000000000296,0.29642524965525396,-0.0024999999999999467,0.004042028985507651,-0.3375,0.009389988763053303,-4.965623999999991,-0.05788299999999946,0.0,-0.9216875243295419,0.4274545957229936,0.22480979402851275,-0.7224201054618646,0.18847728046303835,30.71000000000004,32.43000000000001,18.932636916835733,19.86700680272112,5.090000000000032,2.3100000000000023,5.000504025713057,5.296929275368311,0.8124,0.8099000000000001,0.7007579710144924,0.7048000000000001,0.5495,0.212,0.0631353788271837,0.072525367590237,81.63193,76.666306,4.806259,4.748376,0.0,0.0,11.13665508057538,10.214967556245838,13.141311724264938,13.568766319987931,5.608146185639099,5.832955979667612,83.50735633527061,82.78493622980875,9.36830358090316,9.556780861366198,22.19666666666669,23.4430434782609,17.885944023569053,18.57554921401736,11.601666666666702,12.755185185185214,3.575796786179724,3.403741853475015,0.8414166666666668,0.8315785714285714,0.7764519444444443,0.7852833002645504,0.6116400000000001,0.6771555555555557,0.0581683384423626,0.0406607484632135,688.2546644210815,1487.6208262443542,438.4895449876785,994.705595218402,270.43043661117554,593.2063478827477,123.63686307144226,261.1968008452982
191,0.4600000000000364,1.2280453625274639,-1.3000000000000114,0.09133087630601278,0.014900000000000024,0.01876790890269142,0.06159999999999999,-0.022436715074915903,-45.527969999999996,-0.2908950000000008,0.0,-2.0740332892268256,0.4414449748385021,0.1917748202832641,-1.0129862904250047,0.35407328842434715,30.870000000000005,31.33000000000004,18.55685224839405,19.784897610921515,4.690000000000055,3.390000000000043,5.31175990643879,5.403090782744803,0.8496,0.8645,0.7687463768115944,0.7875142857142858,0.3473,0.4089,0.0733280569505801,0.0508913418756642,137.2728,91.74483,4.7332473,4.4423523,0.0,0.0,11.70065976724411,9.626626478017284,13.071865371753516,13.513310346592018,5.58526949827648,5.777044318559744,84.2243685701226,83.2113822796976,8.03419784198865,8.388271130412997,25.73727272727276,26.36925925925929,19.794150673400708,21.011570828862528,11.931666666666697,13.87222222222225,4.502355121120219,4.321757831474447,0.8330500000000001,0.8224928571428572,0.7891669444444444,0.7900250661375662,0.7342000000000001,0.7527357142857144,0.032367587967732,0.023000653699292,615.7801821231842,1376.6606633663175,431.9088036417961,946.2209917783088,237.40637969970703,636.9519647359848,121.01074185592488,225.5500651602844
192,1.1200000000000045,1.1325071486927953,-1.4200000000000155,0.1536214423612723,0.027899999999999925,0.02388012422360286,0.22960000000000008,-0.03737463036493589,22.900394000000006,-0.3459759,0.0,-1.737553202959072,0.44730456121486917,0.18463094298484695,-1.118404012462591,0.36742561760377423,29.390000000000043,30.510000000000048,17.659281045751648,18.791788194444443,3.890000000000043,2.4700000000000277,5.001892117532738,5.15551355989401,0.8735,0.9014,0.7913043478260869,0.8151844720496898,0.3041,0.5337000000000001,0.0857182381871436,0.0483436078222077,83.09293,105.993324,4.7714334,4.4254575,0.0,0.0,11.563464757473175,9.825911554514104,13.064583260338,13.51188782155287,5.592274508434098,5.776905451418945,84.35187094290562,83.23346693044303,7.796785615491019,8.164211233094793,22.696000000000037,23.357826086956557,17.76609511784515,18.25300310115348,11.108333333333368,12.310000000000027,3.850732832267098,3.6028366676439743,0.8391500000000001,0.8340571428571428,0.7699545833333333,0.7822333333333332,0.659375,0.6918333333333333,0.0520984318076582,0.0394601449861535,633.7237913608551,1413.6149501800537,427.70730996131897,924.2121716704944,243.51903104782104,571.8303763866425,123.55447421766203,247.29662176675268
193,0.10000000000002274,1.035407133692562,0.6800000000000068,-0.08251174668855299,0.009299999999999975,0.020932091097308203,0.0681,-0.007880883349437998,1.628789999999995,-0.38722860000000026,0.0,-1.6797373080036024,0.4478520020664014,0.1865601816091802,-1.2884567411010153,0.4468040203015837,31.410000000000025,31.510000000000048,18.31628175519633,19.35168888888889,4.170000000000016,4.850000000000023,5.092340059658343,5.00982831296979,0.8941,0.9034,0.8079492753623191,0.8288813664596273,0.3209,0.389,0.0947720891206172,0.0868912057711792,93.50206,95.13085,4.780614,4.3933854,0.0,0.0,11.531596088496377,9.851858780492774,12.953492443899629,13.40134444596603,5.527639844659756,5.714200026268936,84.40768134626146,83.11922460516044,7.508298363076692,7.955102383378276,24.52400000000004,24.4261904761905,19.09882870370373,19.890661835748823,12.326666666666696,13.36000000000003,3.995092701831027,3.814652125013984,0.7979166666666667,0.8023142857142858,0.7136533333333333,0.7492051587301587,0.548,0.6953857142857143,0.0657365025717872,0.0335115647848994,631.9362268447876,1464.4667990207672,430.4683807293574,913.696310711868,235.50126934051517,581.2838532924652,130.3353490698088,271.3317656634559
194,-0.3199999999999932,0.8668628058916354,-4.5,-0.11422650853766214,0.04239999999999999,0.027670186335403857,-0.11849999999999994,0.0084608187179568,-8.910793999999996,-0.4412598000000001,0.0,-1.9938414553041586,0.4478520020664014,0.1865601816091802,-1.2884567411010153,0.4468040203015837,34.07000000000005,33.75000000000006,21.07489082969436,21.941753635585997,8.010000000000048,3.510000000000048,4.997087414684965,4.882860906147303,0.8787,0.9211,0.8200391304347825,0.8477093167701863,0.6431,0.5246000000000001,0.0402878851045893,0.0487487038225461,110.09303,101.182236,4.8546686,4.4134088,0.0,0.0,11.802350851930155,9.808509396625997,12.953492443899629,13.40134444596603,5.527639844659756,5.714200026268936,84.40768134626146,83.11922460516044,7.508298363076692,7.955102383378276,25.77800000000003,26.97800000000003,21.211627104377133,21.900766214146504,14.883333333333365,16.235714285714316,3.606915436149283,3.535215391385276,0.8833833333333333,0.8909142857142858,0.8427048611111111,0.8609253637566137,0.7656666666666666,0.8286888888888888,0.0306799817218496,0.0209166968548314,702.4249610900879,1615.6592235565186,449.9636384546757,945.8655900688368,202.8770213127136,640.7340530012734,144.59869739763585,293.0710599559929
196,-0.0999999999999659,0.616637012538451,-4.8799999999999955,0.1620149657336727,0.03849999999999998,0.024893995859213147,0.19319999999999998,-0.028717026407241206,-25.856439999999992,-0.526573,0.0,-2.302702267049705,0.44128492495532257,0.19560145648537564,-1.5601651260821399,0.595417751304141,34.55000000000001,34.450000000000045,21.494947145877425,22.111584158415877,8.130000000000052,3.250000000000057,4.96659386254954,5.1286088282832125,0.8536,0.8921,0.7858246376811597,0.8107186335403729,0.3704,0.5636,0.0692891785385664,0.0405721521313252,134.58305,108.72661,5.027162,4.500589,0.0,0.0,12.821513818465974,10.518811551416269,12.901790873123373,13.343075798078695,5.465914207151101,5.661515663636477,83.98815809381365,82.42799296773151,7.231533137042951,7.826950888347092,26.06800000000003,26.033076923076944,20.83473106060609,21.33728988048991,14.740000000000032,15.797857142857174,3.771655278352654,3.3424311354671747,0.8511333333333334,0.8549857142857143,0.7898240277777777,0.8315028769841271,0.636575,0.7870357142857143,0.0552898294405413,0.0178864377791928,761.3635959625244,1802.0435299873352,462.9655800263087,950.5663124361696,195.15897631645203,556.0980142098852,159.56121479642184,358.852052223886
197,0.060000000000002274,0.5910233552824842,-1.8799999999999955,0.16293507439902744,0.019199999999999995,0.03259979296066262,0.4011,-0.0389172672920307,-32.58354,-0.5462599999999993,0.0,-2.6357714895461193,0.43732580992327286,0.20225787919813953,-1.451383492170038,0.5726862970659683,34.63000000000005,34.690000000000055,21.61824034334768,22.209263698630163,8.890000000000043,7.010000000000048,4.946076686224335,5.109011760623362,0.8711000000000001,0.8903000000000001,0.8005057971014493,0.8331055900621119,0.3365,0.7376,0.0691783368203803,0.0302610695283496,169.10179,136.51825,5.047514,4.501254,0.0,0.0,13.422632424659165,10.786860935113046,12.971848895041171,13.409174704964444,5.480140699262322,5.682398578460462,83.7596979061592,82.30831441398917,6.883442400624632,7.4561286976906,26.77200000000003,27.99846153846156,22.268526515151542,22.851194255261674,16.110000000000024,17.137407407407434,3.713773206739453,3.6050021877862752,0.8640333333333333,0.8578,0.8086605555555556,0.8314160052910052,0.6529,0.7915777777777778,0.0551096344476219,0.0204759338629643,766.4690523147583,1805.5817110538485,460.84516627093154,951.4400000988196,192.7592692375183,583.0729902134044,161.2821349887976,353.2897600437607
198,1.6800000000000068,0.774333449680018,-1.579999999999984,0.10128274685966776,0.01430000000000009,0.028970393374741166,0.5492,-0.059960630075502105,-9.585560000000001,-0.6164717,0.0,-2.2576612012869113,0.4333920208050319,0.2085721755619625,-1.1935287563386794,0.481693196309112,34.950000000000045,36.63000000000005,21.93542222222226,22.70975567190228,8.29000000000002,6.710000000000036,5.109960897823361,5.211243644683028,0.8639,0.8782000000000001,0.7834550724637683,0.8124254658385095,0.1232,0.6724,0.0945221016041282,0.0345614715286261,127.17943,117.59387,5.0951447,4.478673,0.0,0.0,13.159280861845096,10.901619660558184,13.078104548009222,13.511496568814254,5.5110748435792924,5.719647019141255,83.65039290846107,82.45686415212239,6.559957218459186,7.041650414768298,25.960909090909123,26.640400000000017,21.142015151515174,21.628100081091777,14.876666666666688,15.971481481481502,3.8458045118887543,3.571723299081889,0.8818333333333334,0.8880928571428572,0.8457734722222222,0.8666894510582012,0.6613249999999999,0.8352214285714286,0.0576420519498568,0.0142790956250995,767.8454570770264,1863.1662957668304,462.74884182214737,952.4465097396168,194.21855425834656,543.7119471691549,165.81736906942862,375.135197728719
199,0.6599999999999682,0.7823587695948113,-0.36000000000001364,0.22733502077454215,0.005300000000000082,0.015251759834368439,0.301,-0.039238628254312,-9.268050000000002,-0.5768329999999997,0.0,-2.5142969482710775,0.43060770156901285,0.21588949755901954,-0.8908417786201852,0.3782863340946312,35.33000000000004,35.99000000000001,21.16061224489799,21.9429710144928,6.690000000000055,6.330000000000041,4.766631543254275,4.993966564028817,0.9148,0.9201,0.857820289855073,0.8730720496894414,0.2868,0.5878,0.088219025158496,0.048980396904184,122.89519,113.62714,5.013126,4.436293,0.0,0.0,13.034667343386834,10.520370395115757,13.18065251513253,13.611260216701544,5.550694670562006,5.7665841681210255,83.58109523655752,82.69025345793733,6.432919976484181,6.811206310578812,27.14818181818185,27.802500000000023,21.80031060606064,22.86309990379993,16.195000000000025,17.585555555555587,3.84352768034222,3.511288544376804,0.8975666666666667,0.9047642857142856,0.8595268055555555,0.8817745370370371,0.703525,0.8581785714285713,0.0528471964043967,0.0130489420515136,744.2952919006348,1928.960948228836,461.6173926591873,953.5973385163088,198.84356474876404,505.9980839598575,160.34076351655554,384.6788930989405
206,1.160000000000025,1.2041452934662082,0.020000000000038654,-0.05479878263252491,0.04479999999999995,0.008851345755693685,-0.16859999999999997,0.004460094951443894,22.829634,0.4442972999999997,0.0,0.4737973537123157,0.4171355611848888,0.26050385273654353,-1.047650376378769,0.7900229817249311,32.09000000000003,33.25000000000006,20.285302325581437,21.489447619047645,4.050000000000011,4.07000000000005,5.540557043335913,5.485758260703388,0.8171,0.8619,0.7269057971014494,0.7357571428571431,0.4875,0.3189,0.0642552696402293,0.0687153645916732,71.848526,94.67816,4.7029414,5.1472387,0.0,0.0,10.475536114900766,10.949333468613082,13.458740670383651,13.87587623156854,5.7990047825532365,6.05950863528978,81.71430708905865,80.66665671267988,8.315838636260192,9.105861617985124,25.58555555555559,26.278695652173937,20.517372895622923,21.063641060884933,13.193333333333362,14.728400000000024,4.278616609318894,3.9315318444839455,0.7847833333333334,0.7799071428571429,0.7030022222222222,0.7196083002645502,0.6280666666666667,0.6620142857142856,0.0510060638067851,0.0363940453270801,679.3443489074707,1613.1657247543335,426.179954012235,1090.4652731788035,271.7269253730774,700.0974229574203,110.73910669193909,271.6055071372576
208,0.0,0.6234408866995444,-1.6200000000000045,0.052356448174893266,0.03739999999999999,0.03545051759834372,-0.17620000000000002,0.0146615836567002,17.395920000000004,0.34163370000000004,0.0,0.18130888585420557,0.3988507704373241,0.25861205985778035,-0.9216723773238016,0.6250401518141864,32.73000000000002,32.73000000000002,20.526059113300505,21.14950000000005,6.4500000000000455,4.830000000000041,5.385803107226069,5.438159555400962,0.8105,0.8479,0.7113202898550723,0.7467708074534161,0.4445,0.2683,0.0599106837142141,0.0745722673709143,68.17846,85.57438,4.494021,4.8356547,0.0,0.0,10.179788305974322,10.361097191828527,13.427025821068575,13.8258765915059,5.789054325962345,6.047666385820126,81.83812849449775,80.91645611717395,8.570270229160258,9.195310380974444,26.16666666666671,25.74913043478263,21.075541666666695,20.600155378076057,13.56636363636366,13.631739130434816,4.314947959338755,4.085007399230987,0.7552,0.7999285714285715,0.6930727777777778,0.7430116071428571,0.6141400000000001,0.6411666666666668,0.0485891862651934,0.0430842457428189,601.788255572319,1491.631809417624,393.3971633215745,969.6474185832388,223.96462190151212,620.2566568255424,104.06424710961194,259.47027215984883
211,2.0600000000000023,1.199432041741531,0.01999999999998181,0.08430934322374206,0.038000000000000034,0.02239627329192595,-0.011099999999999999,-0.013880373711641997,-13.144280000000009,0.015221499999999999,0.0,-1.1441989410631308,0.38802202319955725,0.2552754668638606,-0.7090348104691344,0.3651332638255287,32.410000000000025,34.47000000000003,20.904642032332596,22.104074074074127,5.510000000000048,5.53000000000003,5.347889953091883,5.432199296315625,0.7943,0.8323,0.6868347826086956,0.7092310559006215,0.4238,0.4127,0.0764336992718072,0.0625533255601652,97.15989,84.01561,4.7267485,4.74197,0.0,0.0,11.37207893879948,10.227879997736348,13.18202709412796,13.570049117327518,5.659640813120397,5.914916279984258,82.76640105374388,82.05736624327474,9.143007202238618,9.508140466064146,27.93500000000003,28.250800000000027,22.323101851851884,23.07059815729094,14.510000000000034,15.700370370370406,4.438711026773483,4.310790735751516,0.7378833333333334,0.7513785714285713,0.6523115277777777,0.6804556216931217,0.5766166666666667,0.5982214285714286,0.0570391685901278,0.0514448712345081,607.1168057918549,1498.1072870288044,424.8539488911629,999.467271511443,264.7894957065582,630.4039304852486,106.33403010941196,266.89064556072105
214,1.7800000000000331,1.0294902183998502,-0.06000000000000294,0.14824424148450444,0.0008000000000000229,0.02360973084886131,0.020299999999999985,-0.02114575230943931,-60.29648,-0.11242190000000019,0.0,-1.7098453443157027,0.40388577586321084,0.25094407847803346,-0.6462019303439064,0.23657397304821082,28.31,30.090000000000032,17.22848812095036,18.25797833935021,2.010000000000048,1.9500000000000453,4.886136102070641,5.034380343555146,0.8697,0.8705,0.7663710144927536,0.7899807453416149,0.2745,0.2948,0.0935108132962078,0.0723650609867685,133.89389,73.59741,4.8349237,4.7225018,0.0,0.0,11.9082710834772,10.198425739161497,13.294479285908777,13.698365061771987,5.701294643571905,5.952238722049938,83.83387201491396,83.18767008457006,9.089885829509374,9.326459802557585,22.41250000000003,23.25000000000003,17.72842929292932,18.538486567162703,11.511666666666704,13.160000000000029,3.735429474871129,3.243435883680134,0.8487833333333334,0.8605642857142859,0.7883634722222223,0.8241751984126983,0.7091666666666666,0.7002666666666666,0.0427690699423153,0.0422581428625113,636.6833667755127,1469.1585348942317,442.36726346611977,998.590545542344,266.7081708908081,627.1839594841003,113.88156736749588,260.00807105611705
217,0.8600000000000101,1.0797881688232849,-0.6200000000000045,0.12229590001297552,-0.0012999999999999678,0.021408074534161048,0.2127,-0.03520082002933719,-9.486500000000007,-0.28544190000000036,0.0,-1.7140574458657252,0.4167996923594295,0.2150115009882967,-0.8011056546393718,0.20116041537951013,29.33000000000004,30.19000000000005,17.857314814814842,18.937102983638127,5.730000000000018,5.110000000000014,4.951027410488654,5.073323310501629,0.8735,0.8722000000000001,0.7641434782608695,0.7855515527950305,0.2538,0.4665,0.1021375251886891,0.0669367051593519,83.27961,73.79311,4.7648096,4.4793677,0.0,0.0,11.243968630879404,9.52991118501368,13.0514867215252,13.468286413884629,5.591151881329838,5.806163382318135,84.45856010383247,83.6574544491931,8.403335693399013,8.604496108778523,22.365000000000038,24.51560000000003,18.28554040404044,19.36395759173733,12.41166666666669,13.626296296296326,3.546710835611701,3.512032223874545,0.83535,0.8488357142857144,0.7738211111111113,0.8002658399470898,0.669,0.7264555555555555,0.0515497867462122,0.0390514720235483,578.6310739517212,1418.7358045578003,429.9293218056361,923.0595634966934,240.1230914592743,606.569295336958,105.27046109521925,233.89947589822484
218,0.4000000000000341,0.8957827490124224,-2.159999999999968,0.11652517066287515,0.034399999999999986,0.020151138716355987,0.02959999999999996,-0.0074514215513998006,-21.554095000000004,-0.2445283000000007,0.0,-1.3324952326823212,0.42277271206706324,0.208158105645464,-0.9183963508774724,0.24574524184944657,28.670000000000016,29.07000000000005,16.93636568848761,17.83214843750003,4.550000000000011,2.390000000000043,4.786237052356553,4.902762223019428,0.8546,0.889,0.7778420289855074,0.7979931677018633,0.2669,0.2965,0.0943128011748573,0.0868613796234575,102.229195,80.6751,4.6279526,4.3834243,0.0,0.0,10.987678130809597,9.655182898127276,12.996895015589107,13.41966772765617,5.580462516828026,5.78862062247349,84.19408686152951,83.27569051065204,8.116301268854937,8.362046510704383,22.342500000000022,23.449200000000022,17.887607323232352,18.851078237194933,12.30833333333337,13.411538461538496,3.5800927801906046,3.4122720590720217,0.8610333333333333,0.8743785714285714,0.8086036111111112,0.8209963293650796,0.6924600000000001,0.7146333333333335,0.0437903377525037,0.0420838983748269,583.5006008148193,1424.9098291397097,423.92870440085727,917.269995935048,236.71608209609985,598.1996370651759,107.13507954533463,238.62964772369733
221,0.8000000000000114,0.8278606218178481,-1.2199999999999704,-0.04743488958924136,0.03159999999999996,0.030749689440993877,-0.12200000000000005,-0.004261739334149098,-5.333484999999996,-0.43309199999999937,0.0,-1.6179567973476985,0.43204601967525846,0.19985703333048743,-1.0198202725034378,0.3031623026916854,32.39000000000004,33.190000000000055,19.826674364896096,20.654534986713944,6.910000000000025,5.690000000000055,4.857940147185734,4.810505257596493,0.8791,0.9107,0.8011652173913046,0.8319149068322985,0.5078,0.3858,0.0746572803871625,0.0703955410530134,103.515755,98.18227,4.672115,4.239023,0.0,0.0,11.323093207841758,9.70513641049406,12.95492676901379,13.386972788689048,5.544901145978242,5.74475817930873,84.80502929829727,83.78520902579383,7.377922784805706,7.681085087497391,26.02250000000003,27.034800000000036,21.616970959595992,22.213657170607195,15.190000000000026,16.29000000000003,3.682588380894368,3.531045198548294,0.8425166666666667,0.8410071428571431,0.7734834722222222,0.7992195436507937,0.698525,0.7169666666666666,0.0407957535715606,0.0371538855074367,639.6599569320679,1576.789039850235,434.2174083888531,931.913111332257,214.20356440544128,570.2314636436786,131.5744157924708,290.2308558650458
225,1.7799999999999727,0.7054335291706337,-2.2800000000000296,0.17261068355494924,0.036599999999999966,0.026160662525879452,0.3005,-0.0497168508407731,-58.847689999999986,-0.6369047999999999,0.0,-2.9274613158429084,0.44094723235128974,0.21624939565355028,-0.9658591378897654,0.3470671774061369,33.77000000000004,35.55000000000001,21.44723076923077,22.152664298401405,8.710000000000036,6.430000000000007,4.913519029620095,5.086129713175044,0.8676,0.9042,0.7940797101449276,0.8202403726708071,0.3002,0.6007,0.0884583101342098,0.0387414592934367,176.1888,117.34111,5.1402593,4.5033545,0.0,0.0,13.64937070821745,10.721909392374542,12.956715835680482,13.397663068031772,5.514363231518884,5.730612627172435,84.05916343735724,83.09330429946748,6.531893978366701,6.878961155772838,24.628000000000032,25.58360000000003,20.126297138047168,20.929042771734476,14.353333333333358,15.267692307692336,3.628840554389383,3.4042951093312728,0.8688833333333333,0.8672142857142858,0.8163754166666668,0.8329877976190475,0.6784250000000001,0.7530285714285715,0.0526138500069872,0.0279979323913282,776.8335800170898,1975.9047667980196,474.13093144694966,974.8642235247148,207.42211437225345,494.8335331722628,167.15753718366597,404.6683544075389
228,,,,,,,,,,,,,,,,,,,,,,,,,,,,,,,,,,,,,,,,,,,,,,,,,29.088000000000022,29.372962962962998,24.090472222222257,24.32401896714399,18.73500000000004,18.498888888888917,3.504178441534608,3.5009464801325616,0.7837166666666667,0.79855,0.7272694444444444,0.7495224086562114,0.5824,0.6849285714285714,0.0560540268622093,0.0327349923904173,768.033878326416,2065.47797870636,470.3156886696816,972.73643073995,184.2508246898651,530.036889714771,172.15040180435554,423.62414017693584
242,1.5400000000000205,1.0898554561717297,0.12000000000000455,0.1540765272467466,0.021299999999999986,0.006544927536231815,-0.07790000000000002,0.014680676241659703,3.3024800000000027,-0.14396900000000024,0.0,-1.0911134224642574,0.3719197067033502,0.2586466821014133,-0.6083780661444393,0.2128552623724822,29.29000000000002,30.83000000000004,18.36679069767445,19.45664615384618,4.890000000000043,5.010000000000048,4.818154807277394,4.972231334524141,0.8486,0.8699,0.7828942028985509,0.7894391304347828,0.4808,0.4029,0.0536353033318055,0.0683159795734652,79.52544,82.82792,4.877377,4.733408,0.0,0.0,11.206489467078113,10.115376044613855,13.17139139184483,13.54331109854818,5.690334874444946,5.948981556546359,84.2426859754531,83.63430790930866,8.653902269989404,8.866757532361886,23.983333333333363,24.66727272727275,19.318719276094303,20.073348178683084,12.851818181818208,14.250800000000028,3.7838347664188423,3.532454354638722,0.8495500000000001,0.8580642857142857,0.7996884722222223,0.8103442129629631,0.6772750000000001,0.7306222222222222,0.0460615132059658,0.034072562357525,612.0233488082886,1534.4814153909683,445.0606660445531,1008.2159285047092,277.5969920158386,634.0894612669945,103.60495817676122,266.6190749267517
246,3.8799999999999955,1.0306581190813375,-2.240000000000009,0.4649825209813683,0.027700000000000058,0.01122774327122189,0.0030000000000000027,-0.008451942866093493,-15.62966999999999,-0.34745459999999984,0.0,-2.0287186776125985,0.39087929767382157,0.22351817625300363,-0.7849413773347607,0.16537540619257918,31.27000000000004,35.150000000000034,20.4744748858448,21.505133004926137,7.910000000000025,5.670000000000016,5.116205970935885,5.581188491917254,0.8247,0.8524,0.7251014492753619,0.7363291925465838,0.4843,0.4873,0.062782450452785,0.0543305075866915,88.87284,73.24317,4.7084846,4.36103,0.0,0.0,11.260972250018405,9.232253572405806,12.85363220463024,13.24451150230406,5.527715338687443,5.751233514940447,84.31137207200904,83.52643069467427,8.006843768809953,8.172219175002532,24.302500000000023,25.576400000000024,19.67711153198656,20.485489139336977,12.818333333333362,14.151428571428596,3.960756575060253,3.932816299793517,0.8770833333333335,0.8626999999999999,0.7971234722222222,0.8269699404761904,0.73204,0.7742666666666668,0.0401090283226876,0.0250851108726253,583.3643608093262,1381.2556035518646,428.0867395401001,909.7577944288302,242.7857711315155,574.8856393708847,105.7285421946093,225.4759808471733
249,0.9800000000000182,0.854206185567012,0.9200000000000159,0.05323765487960319,0.013000000000000012,0.02412443064182168,0.10769999999999999,-0.017502412300345202,-11.803250000000006,-0.34998660000000026,0.0,-1.2116840139021754,0.41376382252000354,0.2128666796821843,-0.8765512330889891,0.0936358907659649,28.970000000000027,29.950000000000045,17.450000000000024,18.304206185567036,2.830000000000041,3.750000000000057,4.6886819006263085,4.741919555505912,0.8781,0.8911,0.7763028985507249,0.8004273291925466,0.1385,0.2462,0.1162133108330832,0.098710898532738,94.83925,83.036,4.5572653,4.2072787,0.0,0.0,10.99436062616527,9.782676612263094,12.734024031114249,13.147787853634252,5.494328188114556,5.707194867796741,84.90865410141747,84.03210286832848,7.392167109358327,7.485803000124292,23.04428571428574,24.10100000000003,18.51266768879272,19.338421535146075,12.16000000000003,13.616400000000027,3.797648593621357,3.593740130652808,0.8274499999999999,0.8153379853685986,0.73648625,0.7642376231193411,0.65106,0.6715444444444445,0.0562868103922391,0.046518620797766,611.1580038070679,1442.91978430748,415.8504541218281,896.1503207320299,230.60524702072144,516.2168078611721,117.79594002560448,261.52720226301176
251,1.4399999999999977,0.4118097346762113,-1.1000000000000227,-0.06376810396250221,0.011299999999999977,0.025462525879916598,-0.05509999999999998,-0.025672614968289112,30.519970000000015,-0.48428870000000046,0.0,-1.282028763021275,0.43009892102370095,0.21585961995801028,-0.9043573543216183,0.17440142803039205,30.410000000000025,31.850000000000023,18.82953161592509,19.241341350601303,3.590000000000032,2.490000000000009,4.913102280585215,4.849334176622713,0.8907,0.902,0.8018666666666671,0.8273291925465837,0.3095,0.2544,0.1126398977718266,0.0869672828035375,102.43521,132.95518,4.9132733,4.4289846,0.0,0.0,11.833748172614843,10.551719409593568,12.787473589105105,13.217572510128806,5.511872577711576,5.727732197669586,85.21970626983317,84.31534891551155,6.947654297403325,7.122055725433717,24.19222222222225,25.23500000000003,19.84729924242427,20.48957902663788,14.220000000000036,14.5514285714286,3.480481391255004,3.456630873705293,0.8455166666666667,0.8523928571428571,0.7660911111111112,0.7990883597883597,0.6652,0.7166888888888889,0.0631009355206416,0.0397144638747123,696.0937185287476,1730.3867733478546,451.999083618323,947.3904787169498,205.34036493301392,561.4228028354701,143.65981103724303,326.92766256668835
253,1.4600000000000364,0.9249249851315433,-0.34000000000003183,-0.049661786847338796,0.011500000000000066,0.010504347826086557,-0.0892,-0.008766171590205707,1.4465200000000067,-0.6282863000000001,0.0,-2.1510212128173425,0.43912579443891886,0.21813430385143118,-0.9572360229834942,0.31361542023012046,33.110000000000014,34.57000000000005,20.240385487528364,21.165310472659908,4.9500000000000455,4.610000000000014,4.714267444521419,4.66460565767408,0.8821,0.8936000000000001,0.8119826086956524,0.822486956521739,0.327,0.2378,0.0973890449401468,0.0886228733499411,106.39374,107.84026,5.0721803,4.443894,0.0,0.0,12.580195566361123,10.42917435354378,12.7688438064567,13.207969600895618,5.494520757289209,5.71265506114064,84.61709592126245,83.65985989827895,6.6248284644582816,6.938443884688402,26.538888888888923,27.422800000000034,21.778228114478143,22.488861095077795,15.83000000000002,17.175384615384647,3.6760538470272617,3.34263086656728,0.85675,0.8501142857142857,0.8176780555555557,0.806120205026455,0.7608,0.7375888888888888,0.0253065007918897,0.0365043962387509,721.8579082489014,1804.534724235535,462.83646965026855,946.5494072584734,221.24979090690613,507.69995646829193,146.47776133402294,348.1829292879034
254,2.0,0.7218516519757543,3.1200000000000045,-0.05590877320526211,0.010499999999999954,0.014722774327122212,0.0005999999999999894,-0.015555446216239305,-3.5741439999999898,-0.6478060000000001,0.0,-2.2011286493006583,0.4484335065147178,0.22248364291983957,-0.6557844781520998,0.2648910838701717,33.450000000000045,35.450000000000045,20.20174311926609,20.923594771241845,4.9500000000000455,8.07000000000005,4.789678475358703,4.733769702153441,0.8757,0.8862,0.8149971014492755,0.8297198757763977,0.3946,0.3952,0.0881194182666697,0.0725639720504304,126.936134,123.36199,5.200804,4.552998,0.0,0.0,13.265198306007528,11.06406965670687,13.029442407369954,13.477875913884672,5.613181716646975,5.835665359566814,83.69463480489131,83.03885032673921,6.281755626401066,6.546646710271237,26.742500000000028,27.22750000000003,21.257519360269388,21.688473166304377,15.101666666666697,15.660000000000029,4.0067561772217255,3.7384415554077366,0.8479500000000001,0.8599000000000002,0.7949706944444445,0.8152627645502647,0.664525,0.7506555555555556,0.0553737690083826,0.0342743649959245,770.3039121627808,1940.1342453956604,469.94310680031776,955.8405857320988,219.7176572084427,468.8411436952156,162.34768085417386,391.02889865371895
255,2.2200000000000273,0.5976430527955152,-0.9799999999999613,0.05474280863844694,0.015000000000000013,0.015060869565217794,-0.1482,-0.00048093165962290185,-3.5741439999999898,-0.6478060000000001,0.0,-2.2011286493006583,0.4484335065147178,0.22248364291983957,-0.6557844781520998,0.2648910838701717,32.910000000000025,35.13000000000005,19.69217090069288,20.289813953488395,8.110000000000014,7.130000000000052,4.699522249649412,4.754265058287859,0.8724000000000001,0.8874000000000001,0.8137478260869564,0.8288086956521742,0.4427,0.2945,0.0807968029369944,0.0803158712773715,126.936134,123.36199,5.200804,4.552998,0.0,0.0,13.265198306007528,11.06406965670687,13.029442407369954,13.477875913884672,5.613181716646975,5.835665359566814,83.69463480489131,83.03885032673921,6.281755626401066,6.546646710271237,24.74800000000004,26.43454545454548,20.734929292929326,21.314641450042203,15.53000000000003,16.410740740740767,3.4012380343200728,3.1698245991784124,0.86465,0.8733642857142858,0.8235020833333334,0.8422418650793652,0.721375,0.7991857142857144,0.0410225330646364,0.0236714432888939,863.8752450942993,2232.1021676063538,475.14154252409935,976.2940186322928,208.19226324558255,449.7728663811795,184.8322857343972,459.9641154063983
256,1.579999999999984,0.667625221214319,0.15999999999996817,0.03631126271887286,0.006999999999999895,0.024434161490683337,0.203,-0.0336706714488442,1.8736859999999922,-0.6767475000000003,0.0,-2.3083821823583826,0.4361876407934364,0.21155172367067987,-0.4998334241568614,0.25696392229589726,33.690000000000055,35.27000000000004,20.49724705882355,21.16487228003787,8.450000000000045,8.610000000000014,4.904812733502376,4.941123996221249,0.8852000000000001,0.8922,0.8208043478260869,0.8452385093167702,0.1059,0.3089,0.1048918814431814,0.0712212099943372,127.428604,129.30229,5.22843,4.5516825,0.0,0.0,13.70235771244668,11.393975530088298,13.120539190931602,13.556726831725038,5.597804179132333,5.809355902803013,82.86155790237137,82.36172447821451,6.260873256490001,6.517837178785898,26.30600000000003,27.307391304347853,21.81386135161138,22.74366668202029,16.725000000000037,17.64111111111114,3.547319309202765,3.2128968526082047,0.8838,0.890942857142857,0.8377133333333333,0.8558539682539683,0.6457,0.8020785714285713,0.0619234156034706,0.0260269409582378,877.2689456939697,2259.3690705299377,479.659378071626,973.2112179900492,203.7958676815033,444.5694062502735,190.2406297063838,471.42084739463326
260,0.9399999999999977,0.6174846326976002,1.5600000000000023,-0.05807168164861132,0.045399999999999996,0.028879917184264525,-0.30640000000000006,0.006125818161692699,-23.26169,0.42761470000000035,0.0,-0.26135101584956644,0.4159132420303795,0.2351236038876685,-1.042460443317097,0.9792505727373326,33.93000000000001,34.870000000000005,21.23646942800792,21.85395406070552,4.2900000000000205,5.850000000000023,5.477818923470872,5.419747241822261,0.8309000000000001,0.8763000000000001,0.7466536231884062,0.7755335403726707,0.6396000000000001,0.3332,0.0536097751731736,0.0597355933348663,90.32838,67.06669,4.7566776,5.1842923,0.0,0.0,11.000986561029194,10.739635545179627,13.630189095954412,14.046102337984792,5.8138386363448,6.048962240232468,79.21778368923334,78.17532324591625,7.887852642039694,8.867103214777027,27.603333333333367,27.76615384615388,21.91597979797983,22.188855528422224,13.615000000000029,14.880769230769252,4.625497114430685,4.336291791871667,0.8095500000000001,0.8243642857142859,0.7362183333333333,0.7653998677248679,0.6737000000000001,0.7156571428571429,0.0381567443798189,0.0308217412307076,720.4835209846497,1664.6439356803894,434.04684250553447,1104.2543125373777,292.0490126609802,691.0908428691328,115.994147191441,250.09735867666063
261,-0.3599999999999568,0.8219645030494043,0.8600000000000136,-0.14525486535809318,0.0393,0.02562008281573469,-0.034600000000000075,-0.0009392856200503008,-3.919070000000005,0.4792246000000002,0.0,-0.2139784434683243,0.4255805870558209,0.2476698844868519,-1.0014408014978784,0.9058231325011077,33.81,33.450000000000045,20.82444881889766,21.646413321947065,5.490000000000009,6.350000000000023,5.548938599235878,5.403683733877785,0.8385,0.8778,0.7551681159420288,0.7807881987577635,0.6435000000000001,0.6089,0.0506627224611518,0.0497234368411015,81.79277,77.8737,4.7181187,5.1973433,0.0,0.0,11.053172280474266,10.839193837005942,13.547720544356238,13.97330113141206,5.795046345732813,6.042716230219665,79.7131345828204,78.71169378132252,7.761254766428613,8.66707789892972,26.8816666666667,27.61583333333336,21.49226094276098,22.16108442692576,12.970000000000033,14.810833333333363,4.6716015178783215,4.38113191696089,0.8021333333333334,0.7888428571428571,0.710098888888889,0.7238409391534392,0.6317333333333334,0.656157142857143,0.0556457967753656,0.0439374815510442,706.9666209220886,1633.9771089553833,430.5283197959264,1107.0341344951885,292.7943687438965,703.9452813132666,116.36167506042268,247.9451594235524
279,1.0199999999999783,1.1159591194968321,-2.7799999999999723,0.25074991384834533,0.0024999999999999467,0.00011014492753647076,-0.4238,0.0336323310308325,9.757909999999995,-0.18799599999999916,0.0,-0.45374399881311867,0.39010748421531183,0.2215615910668518,-0.7846663316355773,0.09342932684037386,31.21000000000004,32.23000000000002,19.220707547169848,20.33666666666668,6.2900000000000205,3.510000000000048,4.767200581700842,5.017950495549187,0.8663000000000001,0.8688,0.7615246376811592,0.7616347826086957,0.5716,0.1478,0.0593114169076571,0.0929437479384896,78.8262,88.58411,4.469001,4.281005,0.0,0.0,10.227152559341526,9.773408560528408,12.640228071296896,13.030335555512208,5.481631999375962,5.7031935904428135,84.47920053849276,83.69453420685718,7.335664748617652,7.429094075458026,26.06250000000002,27.090869565217417,20.97882786195289,21.82831445057897,14.258333333333368,15.361538461538489,3.8702052288127766,3.937288352828524,0.8363499999999999,0.8425428571428571,0.788833611111111,0.7952436838624338,0.66542,0.6838111111111111,0.0441830902474203,0.0428958336132351,585.2329378128052,1467.9315400123596,407.7963076035182,911.8540851592164,237.91706228256223,515.9014864885248,109.00808114120105,257.06481299158287
281,2.3999999999999773,0.861908866112369,-0.7800000000000296,0.260922895179065,9.999999999998899e-05,0.01266811594202899,-0.01319999999999999,0.0014940456317941025,28.192589999999996,-0.3102729999999996,0.0,-0.6185911514041003,0.4046165375713464,0.2213746731561459,-0.7465136302990345,0.04746213378800945,31.27000000000004,33.670000000000016,19.987798165137644,20.849707031250013,5.750000000000057,4.970000000000027,4.957953180404076,5.218876075583141,0.8755000000000001,0.8756,0.7786362318840581,0.791304347826087,0.3752,0.362,0.0747440908837153,0.0762381365155094,76.05047,104.24306,4.596539,4.286266,0.0,0.0,10.68075483375446,10.06216368235036,12.63657502654802,13.041191564119366,5.4739687113692295,5.695343384525375,85.15074331194417,84.40422968164513,7.186362379444691,7.2338245132327,26.80250000000003,27.33521739130438,21.29081355218858,22.129206398349258,14.826666666666702,14.939285714285742,4.131165975835031,4.222074405956228,0.8145666666666668,0.79965,0.7492598611111111,0.7381108465608465,0.6841833333333334,0.691611111111111,0.0423694757158328,0.0379293915924154,652.2892723083496,1562.5791580677032,425.2580348054568,911.654713896598,219.37284564971924,488.0875909285387,124.73611686649824,287.6639664056768
284,1.4799999999999613,0.6541327199362428,-1.1000000000000227,0.1270215594952253,0.009000000000000008,0.00876749482401673,-0.1699,0.003613213772060697,3.1072540000000117,-0.7421350000000002,0.0,-2.2908913329207987,0.4364280543527119,0.2172550870659995,-0.7131166233559014,0.15869439829851384,33.63000000000005,35.110000000000014,21.122602739726062,21.776735459662305,8.710000000000036,7.610000000000014,4.736258477669751,4.8632800371649765,0.8523000000000001,0.8613000000000001,0.7927753623188402,0.8015428571428569,0.4227,0.2528,0.0583881624040984,0.0620013761761591,113.40377,116.511024,5.143046,4.400911,0.0,0.0,12.717086614002088,10.42619528108129,12.518594800064015,12.955022854416727,5.437698541744573,5.654953628810572,85.13632034379995,84.42320372044405,6.602526058487854,6.761220456786368,27.03400000000003,28.448333333333355,22.208498737373763,22.85414670415313,16.09000000000003,16.689285714285738,3.696473895216122,3.8321428972573193,0.8559333333333333,0.8631857142857141,0.8234079166666669,0.8287979166666667,0.78832,0.7538333333333332,0.0230008089544194,0.0274233841344198,739.0462627410889,1795.4661870002749,469.3029402891795,937.3939873839604,216.58041763305664,494.62151996366447,151.69433895116302,347.3788040080631
285,1.5600000000000023,0.7237986340389568,0.22000000000002728,0.11680094143357689,0.0242,0.0005610766045549553,0.020500000000000018,0.004512442041448406,-13.143540000000002,-0.7826833000000004,0.0,-3.0715597543656035,0.44100012147384504,0.2165517320475514,-0.7329809706075707,0.18141034621494612,34.57000000000005,36.13000000000005,21.389780701754432,22.11357933579339,8.930000000000007,9.150000000000034,4.754434582315922,4.871235523749499,0.8901,0.9143,0.8306681159420289,0.8312291925465839,0.2314,0.2519,0.0855637697483692,0.0900762117898176,142.68266,129.53912,5.2697463,4.487063,0.0,0.0,13.717469463787513,10.64590970942191,12.428978571753529,12.869978693227374,5.422481366588673,5.639033098636224,84.69249747540039,83.95951650479282,6.699379287906593,6.880789634121539,28.514444444444475,29.53333333333336,23.4876203703704,24.134051773784325,17.02500000000003,17.692307692307725,3.77758606269034,3.890970887895216,0.8049333333333334,0.8030571428571428,0.758953888888889,0.7600158068783069,0.63948,0.6493444444444444,0.0414449622733496,0.0440704309684566,787.5942182540894,1924.847359657288,480.8643521368504,955.7443690604656,214.3090362548828,465.2017064425745,168.23785065515585,393.72561900519
286,1.740000000000009,0.7765574460805773,0.600000000000021,-0.042938824531273845,0.01079999999999992,0.022515734989647873,0.24860000000000002,-0.033774672890054404,-11.093729999999994,-0.7922789999999997,0.0,-2.8606474447879595,0.4348793050161781,0.2075048866340472,-0.6019970270422306,0.2356032777104291,33.77000000000004,35.51000000000005,21.238264840182666,22.014822286263243,9.730000000000018,10.33000000000004,4.664002259920692,4.621063435389418,0.8853000000000001,0.8961,0.8177507246376816,0.8402664596273295,0.2058,0.4544,0.0896517362008237,0.0558770633107693,145.22511,134.13138,5.267518,4.475239,0.0,0.0,13.535920105650211,10.675272660862252,12.401080104173612,12.83595940918979,5.383739835803398,5.5912447224374455,84.04195648304587,83.43995945600363,6.279531058089035,6.515134335799464,28.181111111111136,28.595000000000017,23.295936868686898,23.872342219810545,17.710000000000033,18.03153846153848,3.598294766517577,3.419490976673377,0.8809166666666668,0.8824357142857143,0.8373554166666667,0.8429916335978835,0.7044400000000002,0.7835555555555556,0.0468146849345447,0.0320602605621931,890.728907585144,2051.4553265571594,494.5772602260113,961.9152771889106,205.36814641952515,448.6956140356488,193.25290990433493,430.5391709655378
287,1.3600000000000136,0.7808903082078018,0.21999999999997044,-0.009732696613427017,0.017899999999999916,0.013395859213249595,0.17049999999999998,-0.011552397182362395,-33.91068000000001,-0.9567223,0.0,-3.4912687805736056,0.4310861647392308,0.19896410078055204,-0.4998086333529699,0.2572640594505682,33.49000000000001,34.85000000000002,20.885990783410172,21.666881091617974,9.150000000000034,9.370000000000005,4.515490548536684,4.505757851923257,0.8863000000000001,0.9042,0.8289289855072467,0.8423248447204963,0.0815,0.252,0.1000287322511982,0.0884763350688358,161.30832,127.39764,5.4586716,4.5019493,0.0,0.0,14.255307758150671,10.764038977577066,12.578717318785474,13.009803483524705,5.437506933878744,5.636471034659296,83.28582670729755,82.78601807394458,6.24358157884594,6.500845638296508,28.134444444444476,29.052500000000027,23.7607070707071,24.263513300507896,18.11333333333337,18.732962962963,3.4990499362831424,3.3921399737146904,0.87865,0.8912785714285715,0.8395805555555557,0.8614878637566138,0.7157000000000001,0.8198642857142858,0.0410056053267064,0.022759519089956,837.7826700210571,2081.3853707313538,484.3939588864644,944.24272507076,203.26724195480347,467.0735657648184,184.1914876520738,429.3708537975099
297,-0.020000000000038654,0.7200419048336073,-3.8999999999999773,-0.006304387269824296,0.05410000000000004,0.024116770186335623,-0.03920000000000001,-0.015683460601743207,26.801984000000004,0.34709460000000014,0.0,0.5107975838230665,0.38336375106202425,0.23964675129568036,-0.8699325389126074,0.5661849094180393,32.89000000000004,32.870000000000005,20.506796116504887,21.226838021338494,6.110000000000014,2.2100000000000364,5.3437134307779,5.337409043508075,0.8221,0.8762000000000001,0.7257739130434783,0.7498906832298139,0.3719,0.3327,0.0836462836517324,0.0679628230499892,67.86632,94.668304,4.615169,4.9622636,0.0,0.0,10.091639075466116,10.602436659289182,13.30991267768958,13.693276428751604,5.710548740718266,5.950195492013946,80.76552395964605,79.89559142073344,7.964850110577542,8.531035019995581,25.702000000000037,26.77454545454549,20.588946127946155,21.3500580137212,13.52818181818185,14.754000000000032,4.164712928477427,4.000720584905372,0.8177166666666668,0.8072785714285714,0.7235454166666666,0.7496450727513229,0.5917166666666667,0.6408777777777779,0.0638838789549897,0.0446800735665071,603.7263780832291,1510.4960370063782,421.134167333444,1056.9621031195857,274.5465741157532,645.1737045943737,98.10843295541252,258.1891793080226
301,1.7400000000000126,1.1539308112846882,-2.480000000000018,0.1264464687868978,0.018999999999999906,0.02122629399585907,0.012699999999999989,-0.024098462925535996,1.425370000000001,0.13346000000000036,0.0,-0.38542824600391334,0.3491250618473192,0.25053615711554045,-0.7249538474520847,0.2788230624349364,30.230000000000015,31.970000000000027,19.466461126005388,20.620391937290076,6.210000000000036,3.730000000000018,5.2054968185414765,5.331943287328374,0.8742000000000001,0.8932,0.7567159420289857,0.7779422360248448,0.2651,0.2778,0.1103898698660335,0.0862914069404975,80.94271,82.36808,4.621542,4.755002,0.0,0.0,10.755269631709057,10.369841385705143,12.994235643899632,13.343360705746951,5.6773021798263406,5.927838336941881,84.32924763848405,83.60429379103196,8.136730069725902,8.415553132160838,24.38000000000004,24.78500000000001,19.43038888888892,20.00860237690701,12.872000000000025,13.795925925925951,3.9287078377872913,3.918885814712479,0.8168666666666667,0.8075928571428571,0.7471570833333335,0.7439371693121694,0.6113833333333334,0.6440555555555556,0.066352220971384,0.0428231231045979,583.8485612869263,1458.1768153905869,421.71568781137466,1012.8153822137974,276.0273642539978,610.5595985651016,94.3854302845366,253.79462458412317
304,0.67999999999995,0.5722174999774587,0.5799999999999841,0.13206469815901922,0.01539999999999997,0.01559047619047571,-0.28859999999999997,0.024927274543392497,-24.30986,-0.35940500000000064,0.0,-2.371663987786686,0.3469780391298585,0.2522635297845994,-0.6504212674301044,0.10583455762395921,32.190000000000055,32.870000000000005,20.011300813008152,20.58351831298561,4.910000000000025,5.490000000000009,5.291234295276117,5.423298993435136,0.8238000000000001,0.8392000000000001,0.7296144927536234,0.7452049689440992,0.4805,0.1919,0.0615794485653456,0.0865067231087381,88.332115,64.022255,4.7433953,4.3839903,0.0,0.0,11.297562541323154,8.925898553536468,12.884581709653052,13.23155974878291,5.634841984458615,5.887105514243214,84.9685703716139,84.31814910418379,8.110338993814628,8.216173551438587,25.042500000000025,26.115833333333367,20.04242803030306,20.87226133623492,12.938000000000034,13.708333333333364,4.224533627521576,4.278061940578652,0.8154166666666667,0.8335142857142858,0.7381677777777779,0.7818199735449736,0.59988,0.6453777777777778,0.0703450605327616,0.0474307955042333,585.1754775047302,1396.289204120636,432.83480536937714,933.7898870191616,271.68982005119324,543.7542429766618,96.76240846264378,237.4472768088189
308,1.5799999999999805,0.8305505258592767,-1.339999999999975,0.20557480005280926,0.018399999999999972,0.010537060041407531,-0.3648,0.02225243542508,-17.139140000000012,-0.20012700000000017,0.0,-1.636744811512214,0.37410324508522663,0.23300475013128086,-0.707933152830563,0.12390048756332028,30.650000000000038,32.23000000000002,19.119775561097292,19.95032608695657,6.810000000000002,5.470000000000027,4.845511813798067,5.0510866138508765,0.8693000000000001,0.8877,0.7845579710144931,0.7950950310559006,0.5263,0.1615,0.0672640253265388,0.0895164607516188,95.35684,78.2177,4.482798,4.282671,0.0,0.0,10.558299688010823,8.92155487649861,12.7295659544019,13.103669199487127,5.55309534791182,5.786100098043101,83.7026505292228,82.99471737639223,7.479655707273675,7.603556194836996,24.60000000000003,25.827500000000036,20.09674410774414,20.68561632792473,13.620909090909125,13.911739130434814,3.949900708148208,4.037829947063405,0.8496499999999999,0.8370142857142856,0.7884141666666667,0.8013430555555557,0.6746000000000001,0.7452000000000001,0.0474334303919704,0.0247769102972813,568.5149898529053,1390.9269814491272,405.9036730925242,898.6638905887181,242.32967066764832,488.9954774142243,107.72940572992182,228.84634722572383
309,0.780000000000026,0.11846219761554622,-5.5,0.08021369441242499,0.014100000000000001,0.03485693581780547,-0.24689999999999998,-4.632708060209323e-05,-31.66511,-0.1735981999999998,0.0,-1.639204070765846,0.38083833941283984,0.22491783836952806,-0.7987544417373726,0.10935113201688296,30.910000000000025,31.69000000000005,20.240855745721333,20.35931794333688,7.410000000000025,1.910000000000025,4.959874545028011,5.040088239440436,0.8613000000000001,0.8754000000000001,0.7552927536231884,0.7901496894409938,0.3711,0.1242,0.0790024349631025,0.0789561078825004,106.30908,74.64397,4.3895535,4.2159553,0.0,0.0,10.602903908382949,8.963699837617103,12.628256853032044,13.009095192444883,5.494489737821668,5.719407576191196,83.88236824575365,83.08361380401628,7.440293807072934,7.549644939089817,26.33250000000003,26.234545454545472,21.06919402356905,20.720717196027586,14.298333333333357,14.058888888888916,4.22812465135517,4.034413385909613,0.8407000000000001,0.83955,0.7863295833333334,0.7957677579365079,0.7232749999999999,0.6635333333333333,0.0363939009321328,0.0457614262293154,562.839307308197,1414.66459274292,400.5467450817426,897.9984537295144,238.70059609413147,491.383952182252,109.14153729318188,244.78951260291797
310,1.660000000000025,1.1609587921499376,0.8799999999999955,0.25655018032091714,0.0032000000000000917,0.005062318840580282,-0.37529999999999997,0.014440896424178,-14.215924999999999,-0.1189979999999995,0.0,-1.0450956438080379,0.3923330422747604,0.22292114905296234,-0.7403922955142974,0.02956840404404293,32.670000000000016,34.33000000000004,21.19767386091132,22.358632653061257,7.190000000000055,8.07000000000005,5.212122248190554,5.468672428511471,0.8398,0.8430000000000001,0.7270768115942026,0.7321391304347828,0.5505,0.1752,0.0563285114433972,0.0707694078675752,108.03124,93.815315,4.4397087,4.3207107,0.0,0.0,10.66102622844721,9.615930584639171,12.55861967129689,12.95095271357165,5.445210115929233,5.668131264982195,84.52526448144584,83.78487218593155,7.30020151232921,7.329769916373253,25.752000000000027,26.479166666666696,20.74135984848488,21.332612489308897,14.411666666666695,14.563846153846184,4.346003403943417,4.14238730632485,0.8512666666666667,0.85735,0.7903773611111112,0.8107224206349205,0.6948200000000001,0.6925333333333334,0.0481672986668357,0.0417546363136283,583.7390508651733,1473.2298340797424,405.1234383185704,920.3113469683644,231.91411352157596,508.8967407965101,111.65390587210022,255.2446311736887
311,1.8400000000000318,0.9940171471363044,-5.419999999999959,0.20704479166644862,0.0048000000000000265,-0.003703312629399713,-0.0413,0.004415696176819708,-11.812432000000001,-0.23537300000000005,0.0,-0.8348292357528333,0.40731442790087335,0.22597578242747662,-0.6560204461476644,-0.01760339287529078,32.35000000000002,34.190000000000055,20.411970443349777,21.40598759048608,6.810000000000002,1.3900000000000432,5.169823396390413,5.376868188056862,0.8466,0.8514,0.7481623188405797,0.74445900621118,0.3374,0.2961,0.0708621382552169,0.0752778344320366,115.285416,103.472984,4.530047,4.294674,0.0,0.0,10.868440155799222,10.033610920046389,12.541784011022912,12.949098438923786,5.445145428651845,5.671121211079321,85.42932398592588,84.77330353977821,7.066676673327171,7.04907328045188,26.035000000000025,26.91000000000003,20.71558249158252,21.51926291887128,14.45333333333337,15.25962962962966,3.9056417744956256,3.788784335445788,0.8007333333333334,0.8154071428571429,0.7369527777777778,0.7467110449735449,0.6535,0.6753444444444445,0.0509545834603457,0.046779788586392,623.7037115097046,1521.7576789855957,413.3667730887731,914.7655953031888,228.17023611068728,485.61994587490335,117.99580926664936,277.9384290469376
312,3.240000000000009,0.5536911778088474,-1.3800000000000523,0.08694756234814349,-0.0018000000000000238,0.023179917184265597,-0.025900000000000006,-0.014379487885913603,19.439229999999995,-0.2679407000000005,0.0,-0.6833492105892169,0.40731442790087335,0.22597578242747662,-0.6560204461476644,-0.01760339287529078,29.670000000000016,32.910000000000025,18.595110565110584,19.14880174291943,6.190000000000055,4.810000000000002,4.835438529649226,4.922386091997369,0.8956000000000001,0.8938,0.7944231884057968,0.8176031055900624,0.2102,0.1843,0.1119144667507084,0.0975349788647948,81.36159,100.80082,4.5487,4.2807593,0.0,0.0,10.58656857000221,9.903219359412994,12.541784011022912,12.949098438923786,5.445145428651845,5.671121211079321,85.42932398592588,84.77330353977821,7.066676673327171,7.04907328045188,25.39500000000003,25.92909090909093,19.896920033670064,20.654380674585774,13.6716666666667,14.718888888888912,4.005099866470885,3.789829022834692,0.8569333333333334,0.8626785714285715,0.8071256944444444,0.8192916335978836,0.7189,0.7459222222222223,0.0382617501103739,0.0332932201893779,652.3193688392639,1537.9790592193604,422.99777058760327,915.3980929442138,228.53882384300232,509.04969978285953,121.3147155136916,276.6937589374771
313,2.0,0.630841410259741,-0.8599999999999568,0.1179422560353709,-0.0034000000000000696,0.00541304347826066,-0.0338,-0.007837153518794299,5.027720000000002,-0.37761960000000006,0.0,-1.2012700284948075,0.4178787459791842,0.22480904592188544,-0.5940838776108421,-0.01586590708214075,31.910000000000025,33.910000000000025,20.61605911330051,21.24690052356025,6.8700000000000045,6.010000000000048,4.950762466674411,5.068704722709782,0.8452000000000001,0.8418,0.7355956521739131,0.7410086956521738,0.1911,0.1573,0.0970695484046017,0.0892323948858074,84.69286,89.72058,4.692109,4.3144894,0.0,0.0,11.069090688176912,9.867820659682105,12.464911002803731,12.882789748782915,5.420943649027446,5.645752694949332,85.96558423410434,85.3715003564935,6.8739783282776274,6.858112421195487,26.4077777777778,26.8919047619048,21.380500721500752,21.98468584417543,15.238333333333363,15.9403703703704,3.9074731070847752,3.700592250381413,0.8419333333333334,0.8515642857142858,0.7752983333333333,0.8126188161375661,0.66628,0.7382888888888889,0.05400818167614,0.03092025594482,660.33278465271,1625.625323057175,437.7013386686643,927.3740174013656,218.70204496383667,481.5032734591514,122.7957901807632,302.23870281765176
314,1.3800000000000523,0.5026296385690223,-2.6999999999999877,0.21483285886871695,0.0009000000000000119,0.01452111801242184,-0.08809999999999998,-0.019821031590044308,28.255049999999997,-0.5231967000000006,0.0,-1.3875145701103442,0.4239543527191696,0.21848018130012736,-0.5782399548594981,0.012763347068589503,32.31,33.690000000000055,20.731722488038308,21.23435212660733,7.950000000000045,5.250000000000057,4.807136132728627,5.021968991597344,0.8763000000000001,0.8772000000000001,0.7844869565217396,0.7990080745341614,0.2428,0.1547,0.1001330852286255,0.0803120536385812,73.89614,102.15119,4.889585,4.3663883,0.0,0.0,11.430916151904723,10.04340158179438,12.422062175406468,12.846016528125638,5.3867334887399085,5.605213670040036,85.72661314356192,85.14837318870242,6.777955753072432,6.790719100141022,26.807777777777808,27.366000000000028,21.617914562289588,22.051151122091607,15.881666666666698,16.38307692307695,3.740716490961504,3.611409079937754,0.8304666666666667,0.8354357142857143,0.7867606944444444,0.792608630952381,0.6773200000000001,0.7239,0.0418830846118234,0.0337187548572104,691.5701560974121,1666.7782723903656,446.17462609211606,930.0407507698984,218.0137755870819,482.1414179736748,130.8856570774038,318.6810170716164
316,1.6999999999999886,0.6811827194836191,-1.25999999999999,0.04313268719662666,0.010500000000000065,0.012106004140787108,0.18820000000000003,-0.021685753561603807,-3.2930899999999923,-0.7247783999999999,0.0,-2.2543909766158787,0.43423081795591756,0.21149172893580914,-0.6780201120333089,0.138544585251128,33.110000000000014,34.81,20.82454128440372,21.505724003887337,7.950000000000045,6.690000000000055,4.764999352180042,4.808132039376669,0.881,0.8915000000000001,0.8223492753623186,0.8344552795031057,0.1271,0.3153,0.0923664623607532,0.0706807087991494,124.52811,121.23502,5.0817084,4.35693,0.0,0.0,12.589582205610634,10.335191228994756,12.268626363534343,12.70285718149026,5.346126109731724,5.557617838667533,85.01018813637,84.3321680243367,6.624327815917214,6.762872401168342,27.97222222222226,28.04500000000004,22.59528409090912,22.76428093225216,16.53833333333336,17.332222222222253,3.782059673312476,3.496782589356365,0.8711666666666668,0.8739357142857144,0.8219381944444445,0.8311404431216932,0.687975,0.7362222222222223,0.0610523496964103,0.0401604572513428,739.6952056884766,1738.6192791461945,463.7058755457401,928.02607202949,211.61167001724243,457.751318612136,150.99470299148263,338.09957294302967
317,0.9800000000000182,0.6672372523980741,-1.6399999999999864,-0.03473477428059013,0.008399999999999963,0.004066873706003893,-0.2071,0.009884825979025201,-18.374300000000005,-0.7930183,0.0,-2.424403869586456,0.4309269934656541,0.20160563547513277,-0.7409748885709462,0.21199453637167842,35.31,36.29000000000002,23.318789237668177,23.98602649006625,8.350000000000023,6.710000000000036,4.94713486546551,4.91240009118492,0.8472000000000001,0.8556,0.779153623188406,0.7832204968944099,0.4365,0.2294,0.0531369834353776,0.0630218094144028,134.63354,116.25924,5.1799626,4.3869443,0.0,0.0,12.780556258216492,10.356152388630036,12.270720427461274,12.701647420926928,5.319978268677868,5.521583904153001,84.33531732199242,83.59434243342147,6.553934851456937,6.765929387828615,27.880000000000035,29.03608695652177,23.05264646464649,23.624874736295737,16.941666666666695,17.89230769230772,3.758965110056151,3.701178190975437,0.8619833333333333,0.8554071428571431,0.8253631944444445,0.8166704365079367,0.7639000000000001,0.7636785714285714,0.0293962880818295,0.0290752431336781,768.6315612792969,1819.567862033844,476.9725475907326,941.786881176186,202.73319101333615,459.8921785226557,167.31088995790554,370.3849175073459
318,4.020000000000039,1.1850362923637263,-4.0,0.2208742679609692,-0.03530000000000011,-0.04820393374741161,-0.08269999999999997,-0.009310212941384198,-3.9872839999999883,-0.8977696000000002,0.0,-2.8774787141734155,0.43026324459435195,0.19184999381317525,-0.6336464830098834,0.310127757205537,36.49000000000001,40.51000000000005,23.91577092511018,25.100807217473907,10.170000000000016,6.170000000000016,4.826560800754799,5.047435068715768,0.7381000000000001,0.7028,0.6648840579710141,0.6166801242236025,0.2946,0.2119,0.0593025810792724,0.0499923681378882,122.993034,119.00575,5.25133,4.3535604,0.0,0.0,12.955096689009036,10.07761797483562,12.571764542529754,13.002027787124106,5.42045162446406,5.612301618277235,82.99163732891554,82.35799084590566,6.415982028866952,6.726109786072489,29.212222222222263,31.358333333333363,24.56954966329969,25.48848118272738,18.26833333333336,18.79214285714289,3.840151947484904,4.120561412742376,0.6502,0.6135571428571428,0.6137858333333334,0.576260648148148,0.56118,0.5362714285714286,0.0286061490451691,0.024847087046153,720.3726592063904,1717.3238458633425,476.1021595795949,918.1195788120268,184.08966732025144,498.1786037435522,166.05009517488884,346.1467624873945
321,2.160000000000025,0.26557260161889573,-2.5600000000000023,-0.014903624677134353,0.020199999999999996,0.023684265010352257,-0.49639999999999995,0.0171321847119848,21.73557000000001,-0.04150450000000028,0.0,-0.5972702902976952,0.3526495661284095,0.16696290706441985,-1.0890470063340274,1.2007594023375638,31.590000000000032,33.75000000000006,21.32237076648847,21.587943368107364,6.710000000000036,4.150000000000034,5.223639832151802,5.208736207474668,0.8416,0.8618,0.753527536231884,0.7772118012422362,0.6654,0.169,0.0459544730095157,0.0630866577215005,70.12781,91.86338,4.9259725,4.884468,0.0,0.0,10.98365104231222,10.386380752014524,14.257184034767215,14.609833600895625,5.992982217280888,6.159945124345308,77.12908899110127,76.04004198476724,8.154732919687742,9.355492322025306,28.062000000000037,27.22785714285717,22.32717424242428,22.65404392065264,14.500000000000036,15.171538461538487,4.313119932296221,4.050005053931387,0.7171833333333334,0.7437071428571429,0.6632216666666667,0.7052924603174605,0.6328333333333332,0.6677571428571429,0.0231685660092704,0.0237794145500423,692.6185035705566,1603.267900943756,449.2178027133147,1028.262609401679,316.433849811554,622.5319108022377,112.0708956747518,250.97708089713075
328,1.1999999999999886,0.6226462629808331,1.759999999999991,-0.18670910312004363,0.0393,0.006761904761904747,-0.07480000000000003,0.006719762409721906,24.709594999999993,0.44403600000000054,0.0,0.18779745842474327,0.4196419289620241,0.23976728486716592,-0.9660514752151954,0.7810624564894297,35.79000000000002,36.99000000000001,22.09646226415097,22.7191085271318,4.770000000000039,6.53000000000003,5.85665407194139,5.669944968821347,0.7965,0.8358,0.6884101449275366,0.6951720496894414,0.4833,0.4085,0.0615434832607212,0.0682632456704431,64.11708,88.826675,4.7432227,5.1872587,0.0,0.0,10.679744730987643,10.867542189412386,13.55704863202749,13.976690560989514,5.768739618621642,6.008506903488808,79.95073447310894,78.98468299789374,7.71335525703557,8.494417713525,27.95666666666669,28.075185185185205,22.219526094276123,22.709971735738797,14.148333333333364,14.904814814814843,4.758323127695305,4.470544927642332,0.7696666666666667,0.8054357142857144,0.6893279166666667,0.702119212962963,0.6451166666666667,0.6345555555555555,0.0357606477093859,0.0541871137027246,607.742333650589,1634.4596228599548,429.0524899860223,1096.2115667376977,298.4251561164856,678.0352742671967,102.43127264281055,265.7741505553824
336,1.7400000000000055,1.2194973280789512,-1.580000000000041,0.09330852135406431,0.0035000000000000586,-0.003001035196687485,-0.030299999999999994,-0.006817170696008207,-0.15874499999999614,0.07927799999999952,0.0,-0.6007087907805975,0.34342051863979073,0.25153843440496537,-0.6884543816698994,0.1863410359593587,30.650000000000038,32.39000000000004,19.68411411411415,20.9036114421931,4.9500000000000455,3.3700000000000045,5.211593585333497,5.304902106687561,0.8467,0.8502000000000001,0.7318246376811595,0.728823602484472,0.1604,0.1301,0.0937581662619876,0.0869409955659794,70.360435,70.20169,4.6328363,4.7121143,0.0,0.0,10.727074657914232,10.126365867133634,12.886087415589122,13.229507934228913,5.638685317106648,5.890223751511614,84.94647993139077,84.25802554972087,8.19527605663294,8.381617092592299,24.61500000000003,26.17857142857145,19.673336279461317,20.97716030542264,12.982000000000031,14.448518518518547,3.911783220396136,4.074209808274252,0.8391000000000001,0.8020428571428572,0.7728918055555556,0.7533428240740742,0.6258333333333334,0.6142555555555557,0.0607973400576243,0.0482472198054835,610.6714854240417,1555.14901304245,423.40335263808566,1004.6468917886376,270.67757272720337,573.5055151581764,99.24286049938988,271.83929926280223
337,-0.36000000000001364,0.6753588588588535,-3.300000000000011,-0.15334537296981665,0.05269999999999997,0.035530227743271525,-0.2075,0.009976460623284403,15.29571,0.05579439999999991,0.0,-1.063730166103639,0.34342051863979073,0.25153843440496537,-0.6884543816698994,0.1863410359593587,33.73000000000002,33.370000000000005,20.5444744744745,21.219833333333355,7.090000000000032,3.790000000000021,5.618368264991181,5.465022892021365,0.8102,0.8629,0.679010144927536,0.7145403726708075,0.2687,0.0612,0.0874180546219856,0.09739451524527,75.10004,90.39575,4.626953,4.6827474,0.0,0.0,10.852582968327104,9.788852802223465,12.886087415589122,13.229507934228913,5.638685317106648,5.890223751511614,84.94647993139077,84.25802554972087,8.19527605663294,8.381617092592299,26.445555555555583,27.357500000000027,21.284196127946164,21.896955542310646,14.352000000000029,14.860370370370402,4.217397796899156,4.27590633404514,0.7973833333333334,0.8362071428571429,0.7139448611111111,0.7449015542328042,0.6542166666666666,0.6336222222222223,0.0492068730964933,0.0574684073107619,605.5254487991333,1597.330334663391,418.40495218833286,993.0216290287208,267.77899527549744,552.3813469288871,101.88795840166748,282.3703306637561
340,1.079999999999984,0.6429694534287123,-1.579999999999984,0.07681242760925766,0.016100000000000003,0.009759627329192333,-0.11899999999999997,0.004413778936856197,-26.825460000000007,-0.1656051000000005,0.0,-1.8367366257020716,0.3622650948569266,0.24957457628125734,-0.560988401300591,-0.007735819556081935,28.730000000000015,29.81,18.184972067039148,18.82794152046786,6.150000000000034,4.57000000000005,4.844939694328245,4.9217521219375024,0.8757,0.8918,0.7914782608695653,0.8012378881987576,0.3218,0.2028,0.1111703626305595,0.1155841415674157,96.58664,69.76118,4.5853944,4.4197893,0.0,0.0,10.91181145429642,9.075074828594348,12.948516604630225,13.310781699487151,5.666142429991571,5.915717006272828,84.32949823522387,83.76850983392328,8.143977602337266,8.136241782781184,24.17500000000002,24.60250000000003,19.367174122174152,19.8861981308949,13.480000000000029,13.805000000000028,3.6650210958283056,3.577602216357325,0.8699333333333334,0.8492785714285717,0.7920598611111113,0.7853658399470899,0.6058600000000001,0.6896888888888888,0.0740536690717611,0.0480724856303089,603.1350274085999,1519.1883926391602,412.79572852452594,937.5136156058484,243.59485030174253,470.59499329701066,109.62812325351751,277.36270857206483
341,3.680000000000007,1.1549737357676548,-3.019999999999982,0.30080135717581324,0.017400000000000082,-0.0018060041407866878,-0.17020000000000002,0.0067739335525967975,-29.51907,-0.1971097000000004,0.0,-1.8241654695404321,0.368844428361772,0.24371937581676395,-0.6109385738623416,0.04840238424794663,32.870000000000005,36.55000000000001,21.761219512195137,22.91619324796279,8.410000000000025,5.390000000000043,5.232326543729494,5.533127900905307,0.7944,0.8118000000000001,0.6823028985507245,0.6804968944099378,0.3673,0.1971,0.0718812889543838,0.0786552225069806,88.4487,58.92963,4.5227547,4.325645,0.0,0.0,10.68600912448206,8.861843654941628,12.860264166274057,13.229108594635829,5.619858441490663,5.863577817307427,83.98024509180144,83.3693065179391,7.806198894004552,7.854601278252499,28.482500000000023,29.80043478260873,23.1622916666667,24.1561890115789,15.252000000000033,16.402592592592626,4.521455344813554,4.615820324997273,0.7636500000000002,0.7493857142857142,0.6672190277777778,0.6555936838624338,0.5704000000000001,0.5862,0.0609312956384089,0.0550985525761912,573.1458830833435,1439.1170287132263,405.47422111034393,922.993443347436,242.1770217418671,466.151527649723,108.74852470730669,250.3345231924964
344,2.3799999999999955,0.8847987913903204,-1.1000000000000227,0.22879014374969575,0.013600000000000056,-0.005512629399586189,-0.2021,0.006639531280140207,-17.78358,-0.04672199999999993,0.0,-0.873509390251753,0.3923330422747604,0.22292114905296234,-0.7403922955142974,0.02956840404404293,32.49000000000001,34.870000000000005,21.126572890025617,22.011371681415937,8.090000000000032,6.990000000000009,5.294989333330417,5.5237794770801125,0.8334,0.8470000000000001,0.7163884057971015,0.7108757763975153,0.4769,0.2748,0.0673899221301304,0.0740294534102706,110.56728,92.7837,4.4300857,4.3833637,0.0,0.0,10.499467281501571,9.625957891249818,12.55861967129689,12.95095271357165,5.445210115929233,5.668131264982195,84.52526448144584,83.78487218593155,7.30020151232921,7.329769916373253,27.470000000000027,28.021666666666693,21.655102272727305,22.35104865055774,14.795000000000035,15.227777777777808,4.372750119373112,4.4371880408548,0.7683,0.7377642857142858,0.6761727777777776,0.6628289351851852,0.61545,0.5581222222222223,0.0470853512219199,0.0576314548333297,569.1405620574951,1486.1299588680267,400.53938170274097,928.4096801362466,214.4752435684204,486.4990725899115,110.531082076934,260.6915803555969
345,3.5799999999999805,1.3352790762902167,-0.8400000000000318,0.27138936528579194,0.01990000000000003,-0.0012743271221534735,-0.0754,-0.017924728975047613,5.913174999999995,-0.2621330999999998,0.0,-0.6478632921890046,0.40731442790087335,0.22597578242747662,-0.6560204461476644,-0.01760339287529078,30.21000000000004,33.79000000000002,19.323560209424127,20.658839285714343,4.330000000000041,3.490000000000009,4.909652784695632,5.181042149981424,0.8576,0.8775000000000001,0.7778333333333337,0.7765590062111802,0.2216,0.1462,0.108843596959276,0.0909188679842284,88.9732,94.886375,4.5287175,4.2665844,0.0,0.0,10.573247008031428,9.925383715842424,12.541784011022912,12.949098438923786,5.445145428651845,5.671121211079321,85.42932398592588,84.77330353977821,7.066676673327171,7.04907328045188,26.65500000000003,27.16130434782612,21.11889688552192,21.651640167742915,14.828333333333369,15.4014285714286,4.089045396534053,3.899614503527865,0.8145333333333333,0.8260214285714287,0.7703756944444445,0.7740852843915347,0.708725,0.6904888888888889,0.0365293532811375,0.0441296639033489,598.185779094696,1504.5431184768677,405.0029270450274,911.306003307264,222.50099229812625,477.1758708241396,115.29792002979292,273.5949928116653
346,1.420000000000016,0.7627611457516252,-0.9200000000000159,0.10607187549466968,0.010299999999999976,0.010773498964803285,-0.1916,-0.005908099333383501,5.913174999999995,-0.2621330999999998,0.0,-0.6478632921890046,0.40731442790087335,0.22597578242747662,-0.6560204461476644,-0.01760339287529078,31.77000000000004,33.190000000000055,20.452921914357702,21.215683060109328,5.710000000000036,4.7900000000000205,4.918177001090302,5.024248876584972,0.8535,0.8638,0.7481028985507246,0.7588763975155279,0.2691,0.0775,0.0950970685950238,0.0891889692616403,88.9732,94.886375,4.5287175,4.2665844,0.0,0.0,10.573247008031428,9.925383715842424,12.541784011022912,12.949098438923786,5.445145428651845,5.671121211079321,85.42932398592588,84.77330353977821,7.066676673327171,7.04907328045188,26.12750000000002,26.43454545454548,20.97550505050508,21.31331697130033,14.580000000000028,15.5566666666667,4.002836708515834,3.691143013329511,0.8037166666666667,0.7978857142857142,0.7383813888888889,0.7375069775132276,0.6551600000000001,0.6259777777777777,0.0389079538773612,0.0484855530449377,606.5516529083252,1477.800702571869,411.9218245546023,907.3299308142548,235.34522676467896,498.91445313347504,118.41723088170366,259.5638829379043
347,1.2799999999999656,0.8655224621867923,-4.67999999999995,0.11760455450144391,0.019000000000000017,0.004126501035196628,-0.07260000000000003,-0.011908767419681401,0.31577000000000055,-0.30260640000000016,0.0,-1.2236569070190022,0.4178787459791842,0.22480904592188544,-0.5940838776108421,-0.01586590708214075,32.71000000000004,33.99000000000001,20.79029197080293,21.65581443298972,7.810000000000002,3.1300000000000523,4.87566117918574,4.993265733687184,0.8431000000000001,0.8621000000000001,0.7600536231884061,0.7641801242236027,0.202,0.1294,0.0985235638403286,0.0866147964206472,85.27274,85.58851,4.6032844,4.300678,0.0,0.0,10.920168322422606,9.696511415403604,12.464911002803731,12.882789748782915,5.420943649027446,5.645752694949332,85.96558423410434,85.3715003564935,6.8739783282776274,6.858112421195487,26.596666666666707,27.13080000000004,21.400314814814845,22.05745238095241,15.18500000000003,15.865000000000029,3.972982440722022,3.846818080914512,0.8451166666666666,0.8446142857142857,0.7818388888888889,0.7856020502645502,0.6535,0.6569555555555556,0.0601678840802242,0.0482012851203947,631.9327869415283,1523.6198344230652,421.26692524552345,905.82766321771,242.93950843811035,467.2608796195127,116.49444642719466,276.59412333119417
348,1.3400000000000318,0.8198655596824374,0.339999999999975,0.04736953451870196,0.02870000000000006,0.019420289855072603,-0.0866,-0.027091509439850503,11.167560000000009,-0.4830427000000004,0.0,-1.2310232125307987,0.4239543527191696,0.21848018130012736,-0.5782399548594981,0.012763347068589503,31.930000000000007,33.27000000000004,20.128405797101493,20.94827135678393,7.07000000000005,7.410000000000025,4.826362025933885,4.873731560452587,0.86,0.8887,0.7829623188405799,0.8023826086956525,0.1712,0.0846,0.1143973156437975,0.087305806203947,74.94013,86.10769,4.8722887,4.389246,0.0,0.0,11.409621531077503,10.178598318546705,12.422062175406468,12.846016528125638,5.3867334887399085,5.605213670040036,85.72661314356192,85.14837318870242,6.777955753072432,6.790719100141022,25.721111111111146,26.284074074074105,20.579039081289107,21.19556520873118,14.9166666666667,15.51148148148151,3.761378508433137,3.5776826947682125,0.8512833333333333,0.8446214285714287,0.7935090277777778,0.80619126984127,0.7025,0.7250333333333334,0.0492350253905914,0.0325773383599035,661.7874898910522,1639.4281470775604,439.1959753036499,929.5875588404984,232.77948474884036,490.4140016848687,123.3065979670721,307.50090547770907
349,1.0,0.6344701027768416,-1.0600000000000014,0.08296387900401747,0.008600000000000052,0.00943188405797113,-0.06289999999999998,0.000214608781731504,-31.183450000000008,-0.5084819999999999,0.0,-1.7857195702415556,0.43078197133344354,0.21528949483379023,-0.5806747268635064,0.08707912779542504,32.410000000000025,33.410000000000025,20.200762124711336,20.835232227488177,7.79000000000002,6.730000000000018,4.805452986243854,4.888416865247872,0.8797,0.8883000000000001,0.7938898550724637,0.8033217391304348,0.304,0.2411,0.0929497965553948,0.0931644053371263,128.10622,96.92277,4.9580016,4.4495196,0.0,0.0,12.129629174013507,10.343909603771952,12.391235663990956,12.8220176353244,5.381601526512927,5.596891021346718,85.46137323780935,84.88069851094585,6.53130288575378,6.618382013549205,26.22333333333337,26.54440000000003,20.89530050505053,21.1719337263176,14.840000000000025,15.684074074074106,3.8980736946550674,3.5641329129821786,0.8809,0.8756642857142858,0.811018888888889,0.8283076388888887,0.6645,0.7339000000000001,0.0688850632136648,0.0411717088216966,695.7319135665894,1682.3784596920011,456.7635138829549,956.5650454250048,220.24081087112427,496.7220684655477,138.95661537007103,318.87923475769946
350,1.1599999999999682,0.7125807183184278,-2.5199999999999836,0.07767636919382959,0.00649999999999995,0.01934927536231912,0.33119999999999994,-0.04438122905328341,-14.696264999999997,-0.6680770000000003,0.0,-1.9049094205584076,0.43423081795591756,0.21149172893580914,-0.6780201120333089,0.138544585251128,33.25000000000006,34.410000000000025,21.06596199524945,21.778542713567877,9.350000000000025,6.830000000000041,4.6103487678293495,4.688025137023179,0.8857,0.8922,0.8065811594202901,0.8259304347826092,0.1942,0.5254,0.0961620692272998,0.0517808401740164,123.95626,109.259995,5.036874,4.368797,0.0,0.0,12.052432328382856,10.147522907824449,12.268626363534343,12.70285718149026,5.346126109731724,5.557617838667533,85.01018813637,84.3321680243367,6.624327815917214,6.762872401168342,27.94555555555558,27.97480000000002,22.89986195286198,23.258655086057285,17.323333333333366,17.73222222222225,3.8370816463644406,3.449188522207048,0.8820666666666667,0.8832642857142857,0.8216275000000001,0.8490208333333333,0.6508800000000001,0.7785333333333333,0.0616795910949392,0.0319356603981987,691.6167516708374,1656.5844855308533,451.08725025256473,929.2783321372392,221.79080772399905,458.20492243929766,141.22921014843152,324.04209066493075
351,1.0400000000000205,0.9010194552529072,-5.399999999999977,0.0020347081933707045,0.010299999999999976,0.0006853002070396075,0.009199999999999986,-0.022749210966126997,-7.759694999999994,-0.7469248999999998,0.0,-2.199717310504939,0.4309269934656541,0.20160563547513277,-0.7409748885709462,0.21199453637167842,34.53000000000003,35.57000000000005,22.63900000000004,23.540019455252946,9.730000000000018,4.330000000000041,4.7048741554032345,4.706908863596605,0.8500000000000001,0.8603000000000001,0.7883202898550723,0.7890055900621119,0.2479,0.2571,0.0837051702725162,0.0609559593063892,123.027565,115.26787,5.1447945,4.3978696,0.0,0.0,12.47389620692901,10.274178896424072,12.270720427461274,12.701647420926928,5.319978268677868,5.521583904153001,84.33531732199242,83.59434243342147,6.553934851456937,6.765929387828615,28.29800000000003,28.790000000000028,23.375214646464677,23.86196199711316,17.525000000000023,18.499285714285747,3.7179542695478975,3.5384614164168333,0.8860500000000001,0.8861714285714285,0.8477820833333332,0.8494700727513228,0.70656,0.7738777777777779,0.0483564718902162,0.0333689025606455,740.5033507347107,1704.5205328464508,471.3096438844999,950.8314962374722,199.3026657104492,486.0191088721622,160.6087826774152,340.5907748479515
352,-7.860000000000014,0.7651169811320493,-2.4799999999999613,-0.14810610649353517,0.01189999999999991,0.006141200828157167,0.139,-0.032752555273041196,-3.005679999999998,-0.8664883999999997,0.0,-2.714417561705945,0.43026324459435195,0.19184999381317525,-0.6336464830098834,0.310127757205537,44.09000000000003,36.23000000000002,22.403600000000043,23.168716981132093,8.870000000000005,6.390000000000043,4.788034523220859,4.639928416727324,0.8570000000000001,0.8689,0.7888898550724639,0.7950310559006211,0.253,0.392,0.0892218634168399,0.0564693081437987,112.63757,109.63189,5.2196074,4.353119,0.0,0.0,12.829546068461337,10.115128506755392,12.571764542529754,13.002027787124106,5.42045162446406,5.612301618277235,82.99163732891554,82.35799084590566,6.415982028866952,6.726109786072489,27.72800000000004,28.62000000000002,23.48412121212124,23.84225185633083,17.466666666666697,18.19000000000003,3.786366223923044,3.524232886157366,0.8758833333333333,0.8810142857142857,0.8307416666666666,0.8428231812169312,0.6832,0.7899428571428572,0.0529152294205531,0.0302932648028029,680.8450746536255,1623.2833268642426,470.24302446842194,918.1482083301312,190.6378321647644,483.8583958307281,158.46577078821528,326.4305276242584
365,0.12000000000000455,0.5824412837823054,0.660000000000025,-0.132009418696593,0.02849999999999997,0.02292049689440967,0.01319999999999999,0.00030023960191899457,-29.826229999999995,0.33320229999999995,0.0,-0.4759224387685457,0.4224036986406645,0.22295846834641608,-1.0533969744887202,0.7938475177763884,32.950000000000045,33.07000000000005,20.67502283105027,21.257464114832576,4.930000000000007,5.590000000000032,5.622390688512591,5.490381269815998,0.8505,0.879,0.7578217391304352,0.7807422360248448,0.4074,0.4206,0.0658467101498251,0.0661469497517441,108.76158,78.93535,4.781271,5.1144733,0.0,0.0,11.268591640724846,10.7926692019563,13.621944000064016,14.04434769870468,5.740053668214515,5.963012136560931,79.43553482760447,78.38213785311575,8.189326093116183,8.983173610892571,25.91444444444448,25.770000000000035,20.267804292929323,20.72648613115283,12.828181818181845,14.0366666666667,4.2846037141989095,3.881952130923447,0.8596833333333335,0.8521357142857144,0.7617912499999999,0.8023693452380951,0.6676666666666667,0.7101000000000001,0.0614979337545309,0.0401442931676939,634.5306720733643,1653.8743233680725,434.6955724855264,1091.1977533763954,312.0211174488068,638.171453550458,108.21969066800813,272.56144652248474
367,0.18000000000000682,0.24797216451086967,2.2199999999999704,-0.25390623431470605,0.07509999999999994,0.034922153209110074,0.13100000000000006,-0.012834068009904505,14.9328,0.3571863000000004,0.0,-0.11064095598035806,0.4095557582500913,0.22516792632674676,-0.9608556312144287,0.6675311609291006,35.55000000000001,35.73000000000002,21.73144186046516,21.97941402497603,4.590000000000032,6.810000000000002,5.815497080485113,5.561590846170407,0.802,0.8771,0.6921710144927533,0.7270931677018634,0.3907,0.5217,0.0711265316718518,0.0582924636619473,66.30333,81.23613,4.649457,5.0066433,0.0,0.0,10.66632057549781,10.555679619517452,13.467420305086849,13.87697606333694,5.708030147127428,5.933198073454175,79.81698177081205,78.85612613959762,7.971706902375844,8.639238063304944,27.5216666666667,27.68750000000003,21.838902777777808,22.19242126546296,14.265000000000027,15.155833333333357,4.236278363143178,4.30553640609281,0.7872833333333334,0.8228357142857144,0.7128851388888888,0.7494933531746032,0.6345500000000001,0.7052928571428573,0.0521143620793216,0.0313091446634129,598.2667198181152,1645.318463563919,428.172256787618,1075.2314299541686,298.40996193885803,618.6194687187672,101.33517033479352,281.54232545622705
369,-0.2400000000000091,0.6861572042296977,-1.079999999999984,0.06280295709157979,0.03759999999999997,0.02852443064182142,0.2153,-0.021883368661898703,23.316275000000005,0.3716552000000002,0.0,0.4583734458369708,0.38004532858044016,0.22309075822552504,-0.9012537633135338,0.5251809377285301,34.25000000000006,34.01000000000005,20.9566503667482,21.642807570977897,6.170000000000016,5.090000000000032,5.4889022312446665,5.551705188336246,0.8292,0.8668,0.7076724637681161,0.7361968944099375,0.2811,0.4964,0.0863903776916024,0.0645070090297037,68.488525,91.8048,4.6787558,5.050411,0.0,0.0,10.356985267399631,10.815358713236602,13.19033854070327,13.57038386928371,5.625542928638258,5.848633686863783,80.89821040779836,79.99695664448483,8.051982325356299,8.57716326308483,27.43666666666669,27.012400000000028,21.20329208754212,21.659029648396384,13.082727272727311,14.530000000000031,4.675836585592661,4.319097893879289,0.8254333333333334,0.8460785714285715,0.7053365277777778,0.7337014880952379,0.593575,0.6419333333333334,0.056177720279198,0.0538598467129779,575.4791803359985,1556.491057395935,427.9164905150731,1065.5353222935362,309.6759252548218,567.8548740744591,93.71533518186588,277.3734901594757
377,1.8199999999999932,0.9184260845193037,-3.3600000000000136,0.19948403617545996,0.02510000000000001,0.007584886128364499,-0.0587,-0.010476884410491799,-18.548215,-0.16532569999999946,0.0,-1.690731258749448,0.35933574041178673,0.2364527991407872,-0.6430561577457041,0.04906547977169229,31.77000000000004,33.59000000000003,20.951472392638067,21.86989847715737,9.07000000000005,5.710000000000036,4.922453155828281,5.121937192003741,0.8294,0.8545,0.7286927536231881,0.7362776397515526,0.2425,0.1838,0.1058164110430942,0.0953395266326024,78.58072,60.032505,4.600998,4.4356723,0.0,0.0,10.791190420226712,9.100459161477264,12.745166566274085,13.104502306685871,5.591266477814699,5.827719276955486,84.5273862247198,83.8843300669741,7.724843310438951,7.773908790210643,27.995714285714318,28.47631578947372,22.64796729196732,23.070856790306934,16.054000000000023,15.998571428571458,4.126225961521168,4.221217967544013,0.7721166666666668,0.7489642857142856,0.68049625,0.687649933862434,0.5309250000000001,0.6391777777777778,0.0636474914554883,0.0302308439944943,629.4699362516403,1539.4117679595947,417.6824945112069,947.8597324779342,243.7719893455505,488.4969105813652,111.11332413689443,282.2432405467398
378,1.7999999999999545,0.6406780826011698,-5.640000000000045,0.30106173744013365,0.009199999999999986,0.01727950310559001,-0.061,-0.0011487218849351999,-16.045186,-0.0506530000000005,0.0,-1.9437719897637447,0.3634728513964678,0.2327224608775973,-0.6139871477627565,0.007935692620056223,32.25000000000006,34.05000000000001,21.150887573964507,21.791565656565677,9.690000000000056,4.050000000000011,4.999839326923737,5.30090106436387,0.8224,0.8316,0.6854304347826087,0.7027099378881987,0.3121,0.2511,0.0870006435164415,0.0858519216315063,87.665726,71.62054,4.495814,4.445161,0.0,0.0,10.955517051435208,9.011745061671464,12.610452889561726,12.973925740958194,5.528916195782472,5.761638656660069,83.86621116342796,83.2522240156652,7.885247610725623,7.893183303345679,27.64000000000003,28.61095238095241,22.66058712121216,22.979062842712867,15.456000000000024,15.841428571428596,4.211125848157863,4.229324563914803,0.7593500000000001,0.7693857142857145,0.6695001388888889,0.6834551256613758,0.5536333333333333,0.5809222222222223,0.0567677819687958,0.048093925973908,619.615918636322,1502.1628098487854,414.8017095327377,940.7152813323772,231.9845073223114,467.2322609126568,111.00733503904628,284.3197431605352
383,2.519999999999982,0.8078310536032909,-0.5199999999999818,0.15275602699281077,0.008099999999999996,-0.014822360248446853,-0.31439999999999996,0.028631408992710494,12.208950000000002,-0.18136300000000016,0.0,-0.7687583135695135,0.41067854098419865,0.22115060516100193,-0.5808540887752116,-0.061084573661582375,31.850000000000023,34.370000000000005,20.591293800539106,21.399124854142396,7.490000000000009,6.970000000000027,4.990505319059117,5.143261346051927,0.8411000000000001,0.8492000000000001,0.7439739130434783,0.7291515527950314,0.4075,0.0931,0.0707607843005785,0.099392193293289,81.91042,94.11937,4.423195,4.241832,0.0,0.0,10.544206000208847,9.775447686639334,12.3757336365937,12.7864121775779,5.363190620472407,5.584341225633409,85.46080986916196,84.87995578038675,6.972423037763384,6.911338464101801,27.1414285714286,27.415263157894767,21.75349098124101,22.08947943627965,15.30500000000003,15.981111111111138,4.052820503778629,3.9923329606423055,0.8283000000000001,0.8460928571428571,0.760452361111111,0.7987078703703703,0.668625,0.6737777777777778,0.0513055267060278,0.049928956429996,587.7664341926575,1455.0901226997375,401.398967842261,906.914516779148,217.1011066436768,468.0340796536766,114.05397500267662,263.5211692177844
384,2.0400000000000205,0.9934896339113521,-0.8599999999999568,0.26117418554405436,0.019299999999999984,0.0030457556935815644,-0.19149999999999998,0.017291803963664698,31.48146,-0.2462093000000003,0.0,-0.7217072548835173,0.41067854098419865,0.22115060516100193,-0.5808540887752116,-0.061084573661582375,30.970000000000027,33.01000000000005,19.66418666666672,20.65767630057807,7.430000000000007,6.57000000000005,4.810979810650669,5.072153996194723,0.8613000000000001,0.8806,0.7790405797101452,0.7820863354037267,0.287,0.0955,0.0922063491146615,0.1094981530783262,72.09451,103.57597,4.5023513,4.256142,0.0,0.0,10.630358195481977,9.90865094059846,12.3757336365937,12.7864121775779,5.363190620472407,5.584341225633409,85.46080986916196,84.87995578038675,6.972423037763384,6.911338464101801,26.061428571428603,26.95818181818185,20.80674699374702,21.40545851622213,14.610000000000024,15.567777777777804,3.740877601296387,3.7196221147230513,0.8294666666666667,0.8371571428571428,0.7714347222222223,0.7641657407407408,0.6409,0.6553888888888888,0.0534245510987964,0.0480877794846025,598.2158489227295,1479.550636053085,406.354607919852,911.3751608916646,225.867356300354,504.5288815032691,116.89515332968338,260.25758597546024
385,1.8400000000000318,0.7686045065221343,0.0,0.21395242871012776,0.02189999999999992,0.009488405797101529,-0.2019,0.012254680123839998,12.786685999999989,-0.25294599999999967,0.0,-0.9432798408442515,0.42045403834526773,0.219862184439652,-0.5486811644499738,-0.11035061621909925,31.850000000000023,33.690000000000055,20.122071611253237,20.89067611777537,7.090000000000032,7.090000000000032,4.737497969685505,4.951450398395632,0.8532000000000001,0.8751,0.7685985507246377,0.7780869565217392,0.257,0.0551,0.0861712475884102,0.0984259277122502,74.59708,87.383766,4.423571,4.170625,0.0,0.0,10.47849586169785,9.535216020853598,12.373332381799177,12.793786420144444,5.365151123173315,5.585013307612967,86.32291061180958,85.7742294473596,7.108802358373719,6.99845174215462,27.265555555555597,27.331818181818218,21.651057659932693,21.940647239797272,15.6966666666667,16.001428571428594,3.897693318617129,3.800376592583252,0.7892166666666668,0.8049428571428571,0.7394684722222222,0.7529925264550266,0.62048,0.6229888888888889,0.0485234841361621,0.0504335546786232,626.525857925415,1495.0325450897217,413.6221324503422,903.2711554332373,226.28101444244385,491.888854126446,120.6092210044143,269.8113174641712
386,1.259999999999991,0.8366548752534548,1.4600000000000364,-0.12378173597713449,0.015499999999999958,0.021911594202898232,-0.11170000000000001,-0.0060668960614898015,-7.099159999999998,-0.40174429999999983,0.0,-1.0278175944241177,0.4243688640339691,0.2187019650504034,-0.5091889173761217,-0.011880607997783343,31.610000000000014,32.870000000000005,19.550954773869368,20.387609649122822,6.310000000000002,7.770000000000039,4.852910859682608,4.729129123705474,0.8715,0.887,0.7822405797101452,0.8041521739130434,0.2366,0.1249,0.1092360631097701,0.1031691670482803,98.25542,91.15626,4.6328716,4.2311273,0.0,0.0,10.802710603637536,9.774893009213418,12.412919921525178,12.837288785559148,5.380389729848279,5.599091694898682,85.81856773230173,85.30937881492561,6.765733156251125,6.753852548253342,24.682500000000037,25.73869565217393,19.788144841269872,20.661005216093653,14.291666666666693,15.430000000000032,3.572056679620442,3.499066398788445,0.8782333333333333,0.8777500000000001,0.8207440277777778,0.8292165343915344,0.7162200000000001,0.7166555555555556,0.0514969319809732,0.0502983929673752,657.2909755706787,1557.3199152946472,422.83252960443497,912.8822782706944,227.69227600097656,478.8321681972593,123.44572717068496,284.9642805220185
387,0.7599999999999909,0.6743942168942141,-2.180000000000007,-0.01579939940547881,0.03049999999999997,0.027306625258799566,-0.0645,-0.022017698057636703,-28.21974999999999,-0.5060297,0.0,-1.502068369981508,0.4323336935771227,0.21843863441935607,-0.5853016126119996,0.003912040741508527,33.35000000000002,34.110000000000014,21.025804195804238,21.70019841269845,8.110000000000014,5.930000000000007,4.68069497747392,4.664895578068442,0.8788,0.9093,0.8124057971014491,0.8397124223602487,0.3268,0.2623,0.0964257210319886,0.0744080229743519,123.48553,95.26578,4.868466,4.3624363,0.0,0.0,11.4891603400507,9.987091970069192,12.446790942529764,12.879124636106887,5.404852038379172,5.623290672798528,85.48896328861734,84.90366167600534,6.812113213196571,6.816025253938079,26.51000000000003,27.283600000000032,21.979298400673425,22.60594163629548,16.17666666666669,16.99357142857146,3.676883446292672,3.5028942783785677,0.8742833333333334,0.8859142857142857,0.8206768055555557,0.8397471560846562,0.7617500000000001,0.7128777777777779,0.0456413149544109,0.0477510205901315,701.1048374176025,1604.3156871795654,438.8675987323125,924.3689280590692,222.09808826446533,486.07191666867584,133.61288547076268,299.5892726366757
388,0.5199999999999818,0.7791163160936527,0.9999999999999991,-0.1371213877552897,0.014700000000000046,0.008681159420289353,-0.0916,0.009845511853775288,-34.71029999999999,-0.5734667999999994,0.0,-1.8761546287061304,0.4337841244279481,0.21111517825935344,-0.7046232263667918,0.03577405146645507,33.25000000000006,33.77000000000004,19.677204030226743,20.456320346320396,6.2900000000000205,7.29000000000002,4.719445970470948,4.582324582715659,0.8827,0.8974000000000001,0.8078753623188408,0.8165565217391302,0.1716,0.08,0.095318735183815,0.1051642470375903,129.1273,94.417,4.8375745,4.2641077,0.0,0.0,11.548125731983266,9.671971103277135,12.34868635440192,12.782470478829868,5.369562652676616,5.5806778309359695,84.92191620675736,84.21729298039057,6.978659952988282,7.014434004454737,25.21600000000003,26.41476190476194,20.40000000000003,20.933391764916305,14.8216666666667,16.260714285714318,3.641188443798141,3.300967870715485,0.8637166666666666,0.8689285714285714,0.7929701388888889,0.8118288690476193,0.6716,0.6922083333333334,0.0599824219484753,0.0524853303572766,686.5534462928772,1617.8737378120422,441.35093426704407,932.733864364793,211.91726303100583,455.4387259688229,135.1811967680528,317.07671720321207
390,1.3600000000000136,0.7000212922264275,-0.51999999999998,0.07192158713157681,0.009800000000000031,-0.009627743271221512,-0.21510000000000007,0.0063932567494697015,-35.220749999999995,-0.7891680000000001,0.0,-2.2763826877260964,0.4129916168776475,0.18127990523590398,-0.7863343413703916,0.36825942208368456,36.43000000000001,37.79000000000002,23.900201342281903,24.60022263450833,9.910000000000023,9.390000000000043,4.772369177434389,4.844290764565966,0.8154,0.8252,0.7229768115942029,0.7133490683229814,0.5640000000000001,0.3489,0.0502497476954566,0.0566430044449263,120.64356,85.42281,5.10251,4.313342,0.0,0.0,12.084984235706573,9.808601547980476,12.255046319698712,12.66803793657636,5.2569881915432415,5.4382680967791455,82.82073058857715,82.03439624720676,6.357677489878715,6.7259369119624,29.73400000000004,30.48727272727275,24.997367845117868,25.17373023584041,18.73000000000003,19.0403703703704,3.84897149001396,3.727769193959371,0.7797666666666667,0.7763714285714286,0.7353622222222223,0.7220290674603175,0.6949833333333335,0.6562857142857144,0.0289483060124036,0.0362861680720465,685.206995010376,1646.6053450107574,463.9008219440778,926.1076214733688,195.1785454750061,474.98859617020935,152.35071595951453,332.4112222489752
391,-0.6599999999999682,0.4227547013218782,0.8799999999999937,0.06891066167540938,0.037899999999999934,0.0021335403726709945,-0.0947,0.0008908043357426024,-27.65971499999999,-0.9591260000000004,0.0,-2.826485231937159,0.40295686181297974,0.14284906313535295,-0.6253417853584011,0.23817789543651635,40.35000000000002,39.690000000000055,23.342144288577163,23.76489898989904,6.990000000000009,7.870000000000003,4.645210174615935,4.714120836291344,0.7543000000000001,0.7922,0.6836130434782609,0.6857465838509319,0.4615,0.3668,0.0515743192837076,0.0524651236194502,125.064095,97.40438,5.093942,4.134816,0.0,0.0,12.543723163654056,9.717237931716896,13.28861959823752,13.6915764600505,5.578560925822838,5.721409988958191,80.07249502078689,79.44715323542849,8.081112537549705,8.319290432986222,27.78090909090912,28.44481481481485,23.208846801346837,23.290277195295342,17.908333333333363,18.07000000000003,3.3780854418145365,3.476783531993793,0.6806833333333334,0.6657714285714286,0.6235059722222221,0.6281578703703704,0.553175,0.5837785714285715,0.0376632585568463,0.0256909066908529,649.9455738067627,1591.9886920452118,464.5319414138794,908.4662376500236,178.13644695281982,477.44288292131387,154.04922479184103,319.9127709492692
392,,,,,,,,,,,,,,,,,,,,,,,,,,,,,,,,,,,,,,,,,,,,,,,,,29.22400000000003,29.946428571428594,24.772495791245817,25.20762497168696,19.125000000000032,19.70285714285717,3.568769998708893,3.4773053271655723,0.6848333333333333,0.6468571428571428,0.6420230555555555,0.6059346891534391,0.6051833333333333,0.5536857142857142,0.028002708118323,0.0293021359742285,638.2543082237244,1559.500167608261,469.0665474832058,875.3768489190794,176.21437323093414,475.0049395277165,156.8003314920941,302.6097625425668
395,1.6999999999999886,0.24375687397000334,-2.0399999999999636,0.006047388013461941,0.03909999999999991,0.014210559006210932,-0.329,0.014567145644785298,7.930209999999988,0.022706000000000337,0.0,-0.7919571038817459,0.24879903830022698,0.0955098507813128,-0.8891778315102954,1.0883578578467077,34.150000000000034,35.85000000000002,22.92337037037037,23.167127244340374,6.230000000000018,4.190000000000055,5.512143877121316,5.518191265134778,0.8450000000000001,0.8841,0.7730217391304351,0.7872322981366461,0.67,0.341,0.0368673095426933,0.0514344551874786,80.62444,88.55465,5.1341043,5.1568103,0.0,0.0,11.651081284288104,10.859124180406358,14.643055163534331,14.891854201834558,6.062546345657608,6.15805619643892,76.54400090904427,75.65482307753398,8.142164056694712,9.23052191454142,27.833333333333368,27.87222222222225,22.708720959595983,23.0654396063813,14.400000000000034,15.73444444444447,4.353015739038133,4.233889531463858,0.8294333333333332,0.8449214285714286,0.7805097222222224,0.7884267526455028,0.7368166666666668,0.7488285714285715,0.0297871208329243,0.0288963360911525,693.8095870018005,1706.19256067276,462.2312855521838,1084.5165506682872,339.4819345474243,656.3599645174108,109.65191982322732,264.0464343030794
397,3.6000000000000227,0.38908811530976806,0.26000000000004775,0.14503439170643873,0.01100000000000001,0.025779089026914948,-0.2673000000000001,0.005099886989021897,10.328040000000001,-0.1278410000000001,0.0,-0.6959406470542753,0.2843911113295494,0.11848623109932355,-1.0487867049302508,1.1826721247012628,34.55000000000001,38.150000000000034,23.793003802281387,24.182091917591155,6.430000000000007,6.690000000000055,5.46405127871361,5.609085670420049,0.8381000000000001,0.8491000000000001,0.706685507246377,0.732464596273292,0.5940000000000001,0.3267,0.0569856765002539,0.0620855634892758,63.18209,73.51013,4.6111307,4.4832897,0.0,0.0,10.21604087615236,9.520100229098084,14.375897833854,14.660288945183549,5.927668918818831,6.046155149918155,76.36138126365321,75.31259455872296,8.169875392571432,9.352547517272695,28.67666666666669,28.7114285714286,23.533518518518548,24.06717997675972,15.491666666666694,16.866296296296326,4.348675392518398,4.28430660786958,0.80605,0.8238428571428573,0.7631583333333335,0.7815429563492065,0.7066500000000001,0.7272714285714287,0.0344069662816051,0.0337176994675386,723.8853549957275,1531.2300362586975,420.7656859954198,954.9407194860978,298.50839281082153,565.4822389758192,130.21163092070412,246.35349783977225
398,3.079999999999984,0.1531597005181382,-1.140000000000045,0.3071630114025883,0.038999999999999924,0.0339225672877842,-0.0677000000000001,-0.000770128511047595,-13.437280000000001,-0.1508434999999997,0.0,-1.242595859979339,0.30297040778805595,0.13039688762059853,-1.1033603854745735,1.2313559582810516,35.450000000000045,38.53000000000003,24.400292397660827,24.553452098178965,8.510000000000048,7.370000000000003,5.472932092076875,5.780095103479463,0.7796000000000001,0.8186,0.6618420289855073,0.6957645962732915,0.5235000000000001,0.4558,0.0579048830405646,0.057134754529517,81.72273,68.28545,4.371591,4.2207475,0.0,0.0,10.104390610056358,8.861794750077019,14.232091419242105,14.53506182703016,5.85489695563476,5.985293843255358,76.44360795278877,75.3402475673142,8.207421027352694,9.438776985633746,28.71833333333337,28.966923076923106,23.605860269360296,23.986165769415795,15.528333333333356,17.055384615384643,4.323082348036712,4.211259486051862,0.8316666666666667,0.8491,0.7398244444444444,0.7597597883597884,0.6655333333333333,0.7082642857142857,0.05346858690673,0.0451953834897929,749.2432615756989,1457.5773754119873,398.9076717297236,899.0192285687687,274.427814245224,543.4116344968788,140.5982463514305,243.9859656507697
403,0.660000000000025,0.5952840030293807,0.9600000000000364,0.05049380653744073,0.038899999999999935,0.028599171842650484,0.05250000000000005,-0.0002943654394235995,27.910629999999998,0.12599699999999991,0.0,-0.4225797563014382,0.4024576358734908,0.19465591950610328,-1.0941973764875428,0.8732857652974069,38.31,38.97000000000003,23.057800829875525,23.653084832904906,6.2900000000000205,7.250000000000057,5.780463209353444,5.830957015890885,0.8332,0.8721,0.6569579710144926,0.6855571428571431,0.4704,0.5229,0.0836286259252428,0.0833342604858192,68.69763,96.60826,5.0089493,5.1349463,0.0,0.0,11.551408922847678,11.12882916654624,13.625006432940737,14.027464068814227,5.668482429521116,5.863138349027219,79.50408902465617,78.40989164816862,7.911980507965021,8.785266273262428,29.092000000000024,29.05666666666669,23.07593771043774,23.561218752852117,15.353333333333351,15.984074074074105,4.31566180594166,4.253385444959948,0.8717666666666668,0.8795642857142859,0.7233319444444444,0.7561288690476191,0.63655,0.6656,0.0698612121023136,0.0626394061338725,653.8906157016754,1659.5203239917755,457.0666177670161,1093.7436215122216,312.2726266384125,608.8802717626095,111.29751886193222,277.2389091071665
405,-0.3599999999999568,0.7474613095237963,0.28000000000002956,-0.08405341481157524,0.03500000000000003,0.026879710144927516,-0.05099999999999999,0.010120009786452097,-24.135895000000005,0.2961891999999997,0.0,-0.33666329903836,0.4216112241835823,0.2041165370552882,-1.1400508991961402,0.767405177542674,34.370000000000005,34.01000000000005,21.021205357142897,21.768666666666693,5.490000000000009,5.770000000000039,5.611030779122202,5.526977364310627,0.8398,0.8748,0.7291115942028983,0.7559913043478258,0.4326,0.3816,0.0606147027083003,0.0707347124947524,114.574585,90.43869,4.826284,5.1224732,0.0,0.0,11.470506105369951,11.133842806331591,13.698330045726102,14.119941269909685,5.750821762879195,5.954938299934483,79.49262974059491,78.35257884139877,8.41080452731312,9.178209704855794,28.44333333333336,28.950000000000028,22.26341035353538,22.9647885935187,14.800909090909125,15.52130434782612,4.491831951925426,4.433767271900885,0.8373166666666667,0.8425714285714285,0.7282402777777778,0.7523382275132277,0.6607166666666667,0.6518777777777779,0.054792838161677,0.0464193143383393,628.1805725097656,1652.1631002426147,433.75868081549805,1092.8086665543524,314.444495677948,601.4031667262316,101.86394159729218,280.8509201268162
409,-1.0399999999999636,0.7284078864986405,-2.0,0.12039782150550771,0.031500000000000083,0.016331469979296354,0.008699999999999986,-0.0025238690357684,22.855586000000002,0.32321879999999936,0.0,0.30092671458859854,0.38402421310463275,0.20643110573684886,-0.9466831651113239,0.4873724118186482,35.31,34.27000000000004,21.28319540229889,22.01160328879753,6.650000000000034,4.650000000000034,5.410388954592657,5.530786776098164,0.8388,0.8703000000000001,0.7067623188405797,0.7230937888198761,0.3885,0.3972,0.0721332464734336,0.0696093774376652,69.245,92.100586,4.7419887,5.0652075,0.0,0.0,10.841286010252803,11.142212724841402,13.213732363534348,13.59775657663898,5.617654525711846,5.824085631448695,81.16640829983048,80.21972513471916,7.999839452554375,8.487211864373023,28.878888888888923,29.016956521739164,22.957501563251597,23.63283528586638,15.771818181818205,15.870800000000026,4.5345381867873344,4.459618646815302,0.7819666666666668,0.7840428571428572,0.6340876388888889,0.6649855158730159,0.535525,0.6136333333333333,0.0688381757459272,0.0515422092221379,605.2626032829285,1604.1739020347595,432.7064530352752,1078.8892057726553,324.17020654678345,576.471585392952,99.86096075940698,294.7521439115703
413,1.4800000000000182,0.7479487062082342,-5.100000000000023,0.022139194446566535,0.036900000000000044,0.02467619047619085,-0.0643,-0.0008258891798348933,23.00404599999999,0.2764033999999995,0.0,0.47330571335199423,0.3520769959116734,0.21323436638186877,-0.8119678522184017,0.13370900393058704,30.850000000000023,32.33000000000004,19.744459102902425,20.49240780911066,5.330000000000041,0.2300000000000182,5.129733688540273,5.151872882986839,0.8585,0.8954000000000001,0.7416057971014494,0.7662819875776402,0.2324,0.1681,0.101128599266388,0.1003027100865531,75.981834,98.98588,4.649909,4.9263124,0.0,0.0,10.604082959162891,11.077388672514886,12.871324842073149,13.223401837984822,5.638539007874614,5.851773374256482,84.91505292070435,84.10308506848595,8.40229123605617,8.536000239986757,23.5766666666667,23.550800000000034,18.80625234487737,19.010549365831466,12.668333333333363,13.656666666666696,3.8291460112161415,3.467190052934518,0.8417499999999999,0.84575,0.7451240277777779,0.786896593915344,0.5671666666666667,0.6155222222222222,0.0931853499887557,0.0625326656541301,615.5162279605865,1585.268666267395,424.304198294878,1049.3045944041976,281.2612428665161,543.7701031565666,100.76019824320812,290.8384110613531
415,2.3000000000000114,1.3281875230712359,-6.300000000000011,-0.05986540797615181,0.014600000000000057,0.007433954451346203,-0.1261,-0.0039700548615271,26.113580000000013,0.16057129999999997,0.0,-0.1253975425888605,0.35404150502477094,0.21996515481134526,-0.7367627811264867,0.04498903133848664,28.77000000000004,31.07000000000005,18.28904761904766,19.617235142118897,5.730000000000018,-0.5699999999999932,5.187449357728888,5.1275839497527365,0.8518,0.8664000000000001,0.746805797101449,0.7542397515527952,0.159,0.0329,0.1153059231280979,0.1113358682665708,73.11343,99.22701,4.5788717,4.739443,0.0,0.0,10.28031946595489,10.154921923366029,12.869977548922463,13.224019053947234,5.686140659878971,5.906105814690316,85.42886695787271,84.69210417674623,8.287296386474466,8.332285417812953,23.410000000000025,25.184285714285743,18.46217003367006,19.994955488549813,11.940909090909118,14.062592592592624,3.8381162999461553,3.713359777610753,0.8556666666666667,0.8373571428571428,0.7625243055555555,0.7858811177248678,0.5352666666666667,0.7136555555555556,0.0904642112232751,0.0412107817871861,639.9506878852844,1541.7681441307068,417.8957669834296,950.440492101996,247.71032679080963,492.5467309718952,111.2224533851259,281.6553574414688
419,1.2399999999999523,0.8833964516664032,1.8999999999999773,0.08753026877073466,0.0005999999999999339,0.00031552795031075664,-0.2033,0.005633417354991899,-12.217781000000002,0.007472000000000811,0.0,-1.094977438534487,0.3763169548993517,0.2114060205408883,-0.7808675116102393,0.07927108282965012,33.63000000000005,34.870000000000005,21.888711656441757,22.77210810810816,7.750000000000057,9.650000000000034,5.309145674025434,5.396675942796168,0.8298000000000001,0.8304,0.6742695652173912,0.674585093167702,0.3205,0.1172,0.090425112428915,0.0960585297839069,81.651535,69.433754,4.3820367,4.3895087,0.0,0.0,10.17915779036042,9.084180351825934,12.30397900280375,12.680295957703102,5.367856696290605,5.579262716831494,83.73335557473577,82.95248806312553,7.456566160811053,7.535837243640703,28.35857142857145,28.84090909090912,22.540241642616675,23.089126621285345,15.138888888888914,15.69071428571432,4.523203974155834,4.477949595088476,0.7265166666666668,0.7789142857142856,0.6489570833333335,0.6600995701058201,0.55505,0.5109555555555556,0.0483650732092834,0.0758906598353026,583.3309376239777,1451.1659150123596,399.8608672618866,934.9653396420714,231.18012595176697,467.7618062496185,103.66898521325076,276.7412895075234
421,2.919999999999959,0.8486666220844867,0.9599999999999795,0.06296414958564078,-0.018900000000000028,0.01585507246376794,-0.21700000000000003,-0.005994003739124704,-1.9364450000000062,-0.04149280000000033,0.0,-1.3720664034628776,0.3982140375756362,0.21007534562116792,-0.8039865212481345,0.11180442954827452,32.690000000000055,35.610000000000014,20.920678466076737,21.769345088161224,6.970000000000027,7.930000000000007,5.443576643928696,5.506540793514337,0.8545,0.8356,0.6844318840579712,0.7002869565217391,0.337,0.12,0.1037689120081199,0.0977749082689952,79.278175,77.34173,4.363581,4.3220882,0.0,0.0,10.19779308544002,8.825726681977143,12.254601682255808,12.652815719831445,5.337831078842772,5.54790642446394,83.41721862148492,82.61323210023679,7.102924540314907,7.214728969863182,27.258571428571468,27.124000000000024,21.221780784030813,21.58209938467968,15.08090909090911,14.65000000000003,4.264796559408328,4.188288817361822,0.8446833333333332,0.8355285714285714,0.7653676388888888,0.7683180143731038,0.62632,0.6751142857142859,0.0647765638076832,0.0436889341424205,565.9279227256775,1487.3028044700625,398.1768023173015,920.6048298176696,212.78487253189087,448.41578065464273,102.33645937231606,265.75654010022646
422,2.0600000000000023,0.7629915453645602,0.0,0.07431885130251548,-0.0015000000000000568,-0.005586956521738684,-0.1714,0.017932721443537997,9.723916000000003,-0.046583400000000275,0.0,-1.1844201714784877,0.40885359753877637,0.21424076472701703,-0.7068785694771975,-0.017818127293876884,31.77000000000004,33.83000000000004,20.190433604336075,20.953425149700635,7.670000000000016,7.670000000000016,5.106813964056021,5.181132815358536,0.8723000000000001,0.8708,0.7741391304347826,0.7685521739130439,0.3363,0.1649,0.0828847676035418,0.1008174890470798,69.730034,79.45395,4.3001094,4.253526,0.0,0.0,10.25203045323403,9.067610281755542,12.315855083169035,12.724708680707812,5.349222864102325,5.563463628829342,84.34075096006725,83.63387239059006,7.168755480144817,7.15093735285094,27.55571428571431,27.308947368421084,21.93271903559406,22.168795024573743,15.939090909090943,15.847857142857174,4.011889341500046,3.9309138635461927,0.8293500000000001,0.8337928571428571,0.7654236111111111,0.7676012566137566,0.6788000000000001,0.6552888888888889,0.043942189219945,0.0483063640618832,566.1485681533813,1412.3403296470642,392.3849727511406,906.0010803815312,215.905170917511,458.5469285231084,107.1276308016472,251.318136496597
423,2.840000000000032,0.9676305021548472,0.1999999999999904,0.3304300130065583,-0.015899999999999914,-0.019770807453416417,-0.1532,0.012360589986772696,19.533695999999992,-0.04480229999999974,0.0,-0.8130283933135889,0.4210921079017318,0.221326365495484,-0.5746706215093695,-0.1388147065334575,32.910000000000025,35.75000000000006,21.8953367875648,22.86296728971965,9.57000000000005,9.77000000000004,5.013038493607196,5.343468506613754,0.8115,0.7956000000000001,0.7192000000000002,0.6994291925465838,0.2978,0.1446,0.0707376782940634,0.0830982682808361,68.324814,87.85851,4.3047223,4.25992,0.0,0.0,10.234655923300236,9.421627529986647,12.419653262164465,12.840745370066196,5.403273952862262,5.624600318357746,85.54767571163741,84.97300509012804,7.255580217480948,7.1167655109474905,27.350000000000023,27.20304347826089,21.732159932659965,22.190326135840834,15.841666666666702,15.9864285714286,3.9744872690805657,3.943952044943251,0.8338833333333334,0.8388785714285715,0.7844679166666668,0.7915081679894179,0.66774,0.6679444444444445,0.0498995853130031,0.0464995489795898,573.4710488319397,1447.835772037506,392.8059191604455,907.362972154852,214.400874376297,476.55421462096274,111.02362215806332,265.2623211884808
424,1.9800000000000182,0.9086693856428063,-1.579999999999984,0.1291398600016027,0.016599999999999948,-0.01194037267080783,-0.1152,0.0049967706986635135,33.04854,-0.17420800000000014,0.0,-0.9368880044672938,0.4210921079017318,0.221326365495484,-0.5746706215093695,-0.1388147065334575,31.77000000000004,33.75000000000006,20.37679144385028,21.285460829493086,8.430000000000007,6.850000000000023,4.9157529030214615,5.044892763023064,0.8550000000000001,0.8716,0.770921739130435,0.7589813664596272,0.1797,0.0645,0.0958137835679869,0.1008105542666504,70.32712,103.37566,4.433658,4.25945,0.0,0.0,10.43189900269145,9.495010998224156,12.419653262164465,12.840745370066196,5.403273952862262,5.624600318357746,85.54767571163741,84.97300509012804,7.255580217480948,7.1167655109474905,25.904000000000032,27.33545454545458,21.20069865319868,21.57630172770737,15.0116666666667,15.759285714285744,3.847588703365444,3.840621397810436,0.89995,0.8858357142857143,0.841724027777778,0.8326113095238096,0.6714800000000001,0.7110666666666666,0.0581677697183603,0.0501229327955819,592.4518356323242,1501.424837589264,405.9304515918096,910.6133615951694,215.8319129943848,515.0338822929189,114.89128180367524,264.3316767669867
425,1.6399999999999864,0.7194918840949676,-0.5600000000000023,0.004070571336020734,0.01739999999999997,0.0063250517598342215,-0.2785,0.01959194080499599,20.153440000000003,-0.22098969999999962,0.0,-1.0546222175263065,0.43003229763310635,0.2224091504739807,-0.470280857960347,-0.03987567548218429,31.53000000000003,33.170000000000016,19.801081794195284,20.52057367829025,6.8700000000000045,6.310000000000002,4.7818385134284345,4.785909084764455,0.8832000000000001,0.9006000000000001,0.8089202898550725,0.8152453416149067,0.3411,0.0626,0.095300225192048,0.114892165997044,86.38355,106.53699,4.5173087,4.296319,0.0,0.0,10.930784909380051,9.876162691853745,12.368735642073126,12.798767939706233,5.390839399678559,5.61324855015254,86.18005974529486,85.70977888733451,6.715139924319392,6.675264248837208,26.37285714285718,26.728260869565247,21.38528607503611,21.8226350423676,15.19833333333336,16.092962962962993,3.773521849193714,3.5814474424563434,0.8601000000000001,0.8654285714285714,0.8073059722222222,0.8185356812169312,0.6712800000000001,0.6713555555555556,0.054776045121874,0.0542177763787784,613.7166361808777,1510.0936889648438,412.204416791598,915.1159731165772,222.92908477783203,486.53272996935993,117.80962474871896,276.84697128041165
426,1.4600000000000364,0.6327091648566245,-3.3799999999999955,0.12837313555091967,0.019499999999999962,0.013508488612836267,-0.1466,0.0040593309212167,24.150080000000003,-0.28945240000000005,0.0,-0.9484716100824198,0.43003229763310635,0.2224091504739807,-0.470280857960347,-0.03987567548218429,31.370000000000005,32.83000000000004,19.38604221635888,20.018751381215505,7.710000000000036,4.330000000000041,4.631502563770953,4.7598756993218725,0.8929,0.9124,0.8191753623188405,0.8326838509316767,0.2167,0.0701,0.1125581117619682,0.1166174426831849,88.62331,112.77339,4.600179,4.3107266,0.0,0.0,10.97336072723145,10.02488911714903,12.368735642073126,12.798767939706233,5.390839399678559,5.61324855015254,86.18005974529486,85.70977888733451,6.715139924319392,6.675264248837208,26.78777777777782,27.19640000000003,22.27611195286198,22.55909978027249,16.426666666666694,16.74703703703707,3.721264084359309,3.4720579433806398,0.8781000000000002,0.8903714285714284,0.8218783333333334,0.8320190145502645,0.7364166666666666,0.6619222222222223,0.0491065097800458,0.0618364333758232,649.4228811264038,1556.800143957138,419.7663683891296,918.1847445070088,225.32328271865845,471.7362653375603,121.21947208424731,290.6880883892551
427,1.240000000000009,0.5841224604073112,0.07999999999998408,0.012456360245866271,0.014499999999999957,0.013736024844720252,-0.07169999999999999,-0.006010637447713199,-4.553659999999994,-0.36783830000000073,0.0,-1.418461891441975,0.43301008592816004,0.21807612759951844,-0.5278762570119682,0.07492557011990542,33.150000000000034,34.39000000000004,20.91383693045568,21.49795939086299,8.350000000000023,8.430000000000007,4.713949771500335,4.726406131746201,0.902,0.9165,0.8279956521739131,0.8417316770186334,0.4049,0.3332,0.0943604689318472,0.088349831484134,114.09451,109.54085,4.753694,4.3858557,0.0,0.0,11.412427716704933,9.993965825262958,12.458970093214724,12.891980179142884,5.416719484948348,5.634795612547866,85.57445093743678,85.04657468042481,6.537138458388041,6.612064028507946,25.56000000000003,27.098695652173948,21.424680615680646,21.97510618203314,15.970000000000027,16.37962962962966,3.4546682538239413,3.4627389769713464,0.8876833333333333,0.8830785714285715,0.8175456944444445,0.83430625,0.646025,0.7331916666666668,0.069888321298455,0.0497064360600426,688.6369009017944,1608.615206003189,433.77457921703655,934.187254441774,224.0389804840088,472.47794703161344,129.04878281934486,303.0358808577446
428,0.5,0.8429726090654839,0.020000000000038654,-0.05376466593635154,0.01990000000000003,0.00014989648033081338,-0.15280000000000005,0.019294087340233204,-56.65262000000001,-0.40071350000000017,0.0,-1.7472411580908158,0.42000776462132094,0.19423113220112054,-0.7731642704526109,0.23601859253708923,33.29000000000002,33.79000000000002,21.17947867298581,22.022451282051293,8.930000000000007,8.950000000000045,4.706283106240602,4.6525184403042505,0.8931,0.913,0.8396724637681162,0.839822360248447,0.4756,0.3228,0.0577265640609044,0.0770206514011376,133.02583,76.37321,4.8061695,4.405456,0.0,0.0,11.626323123048412,9.879081964957596,12.406396020155327,12.826403784776648,5.349806352884111,5.544037485085232,83.69665168592472,82.92348741547211,6.669725497852217,6.905744090389306,26.105555555555597,27.749090909090945,22.000749579124605,22.624972236687125,16.32833333333336,16.655714285714314,3.560495392389964,3.699751735811629,0.8987166666666667,0.8965642857142857,0.85721625,0.8471025793650795,0.7620199999999999,0.6752,0.0382536110866537,0.0618888704149152,720.4205961227417,1663.2862911224363,450.4597257177035,964.9405175002444,211.3587164878845,502.0910890833474,139.67142138100724,326.0919891514708
429,2.2799999999999727,0.6663901418274314,-2.1399999999999864,0.0976258822694156,0.015199999999999991,0.0046939958592132625,-0.16609999999999997,0.006043814045556289,-56.65262000000001,-0.40071350000000017,0.0,-1.7472411580908158,0.42000776462132094,0.19423113220112054,-0.7731642704526109,0.23601859253708923,31.590000000000032,33.870000000000005,19.35199488491054,20.01838502673797,9.110000000000014,6.970000000000027,4.421276054934507,4.518901937203923,0.9043,0.9195,0.8280985507246374,0.8327925465838507,0.239,0.0729,0.1154089646792442,0.1214527787248005,133.02583,76.37321,4.8061695,4.405456,0.0,0.0,11.626323123048412,9.879081964957596,12.406396020155327,12.826403784776648,5.349806352884111,5.544037485085232,83.69665168592472,82.92348741547211,6.669725497852217,6.905744090389306,25.33888888888892,25.430869565217424,20.763098484848516,21.03574706694275,15.54000000000003,16.405000000000033,3.4781771977818146,3.084806892201805,0.8910833333333333,0.8910642857142859,0.8351994444444446,0.8386815145502645,0.7054600000000001,0.6902222222222222,0.0528891051028465,0.0537299534416086,647.7873034477234,1566.24955701828,426.3949185907841,907.9468703483348,204.3523597717285,460.0486902769189,131.11637612743058,300.4405649039016
430,0.8199999999999932,0.7014023048792808,-0.6800000000000068,0.06085423062815032,0.012199999999999989,0.0052184265010351005,-0.1998000000000001,0.0066372137075405985,-42.147165,-0.5217757000000001,0.0,-1.9815161663769416,0.40478650403865757,0.17484683367124632,-0.874189707479573,0.38037092724640686,34.650000000000034,35.47000000000003,23.31608272506085,24.01748502994013,9.610000000000014,8.930000000000007,4.58789743816627,4.648751668794421,0.8397,0.8519,0.7603231884057974,0.7655416149068325,0.6677000000000001,0.4679,0.0431488597761133,0.0497860734836539,128.56447,86.417305,4.8229017,4.301126,0.0,0.0,11.797321850755342,9.8158056843784,12.298273402803744,12.703059906842402,5.264920311766665,5.439767145437911,82.71725839656652,81.84306868908695,6.5420097794645535,6.92238070671096,27.41909090909094,28.973200000000023,23.555219276094306,24.062861033720974,17.706666666666695,18.4277777777778,3.5327892831511924,3.506214098197584,0.8211333333333334,0.8221857142857143,0.7645481944444444,0.7679017195767196,0.7121833333333334,0.6983444444444444,0.0417296300798519,0.0377323625921367,664.9859247207642,1704.9838416576383,448.806954284509,935.0294199825142,195.8100848197937,478.7989677716978,140.79909289721294,341.52062061790355
435,2.9799999999999613,-0.10725065540990641,-2.1200000000000045,0.11201751844836227,0.05040000000000011,0.016969151138716665,-0.2545,0.013625527276825103,12.737830000000002,0.19921729999999993,0.0,-0.4320404547216121,0.22527355738827382,0.07991226512189176,-0.8683445167752524,0.9829905136188337,33.51000000000005,36.49000000000001,23.296628571428595,23.18937791601869,7.690000000000055,5.57000000000005,5.393481521168258,5.505499039616621,0.8348,0.8852000000000001,0.7712985507246375,0.7882677018633542,0.6883,0.4338,0.038028172214265,0.0516536994910901,81.55529,94.29312,5.3878407,5.587058,0.0,0.0,12.355550259437567,11.923509804715955,14.711698374493224,14.936971931881498,6.0470884604885935,6.127000725610485,77.06469269647484,76.19634817969958,8.149257512994696,9.13224802661353,28.143333333333363,27.912307692307724,22.99292929292932,22.88309630101517,15.340000000000032,15.582592592592617,4.304462787604882,4.3505255351625,0.8565333333333335,0.8714214285714286,0.8180705555555555,0.8413486441798943,0.7663500000000001,0.8058428571428573,0.0291381617799356,0.0207561442848738,709.7583980560303,1834.1444163322449,491.6404552857081,1190.0433640251497,358.78705072402954,730.4543048988562,115.49647463451744,290.5700657492616
438,1.5199999999999818,0.11449127349439792,0.4399999999999977,0.2336401567661408,0.0373,0.017981780538301795,-0.42680000000000007,0.019261298296182096,5.609939999999995,0.057458899999999424,0.0,-0.4668678224776137,0.255765331191542,0.09914431770572918,-1.0768811961733604,1.1139447474517006,34.410000000000025,35.93000000000001,23.077803030303063,23.19229430379746,5.270000000000039,5.710000000000036,5.107734303855189,5.34137446062133,0.8554,0.8927,0.7631231884057974,0.7811049689440992,0.6649,0.2381,0.0403703440620584,0.0596316423582405,74.83126,80.4412,5.0503416,5.1078005,0.0,0.0,11.103807219599666,10.636939397122052,14.454378533397342,14.710143864588884,5.897802667603094,5.996946985308823,76.37981402419658,75.30293282802322,8.476995154780871,9.590939902232572,28.76600000000001,28.634800000000023,23.712474747474776,24.009685723133583,16.480000000000032,16.861851851851885,3.8549002379115542,4.154630749654133,0.8507166666666667,0.8670357142857144,0.7860204166666668,0.7952980820105822,0.7320333333333333,0.755388888888889,0.03779045798707,0.0345601634333154,713.3784010410309,1597.917317152023,452.6592669089635,1033.1341121678995,317.9514317512512,659.3940872224048,125.63808253358718,256.5026809653039
442,0.5999999999999659,0.5133070905376727,-0.060000000000002274,0.11745887541556321,0.01440000000000008,0.028919047619047178,0.026799999999999935,-0.011522966268941101,3.3658860000000033,-0.06607680000000027,0.0,-0.9184247834740553,0.34503565205454123,0.1481202203364349,-1.14397948383521,1.0483571098692561,35.13000000000005,35.73000000000002,22.98508196721313,23.498389057750803,6.590000000000032,6.53000000000003,5.279489391554787,5.39694826697035,0.8459,0.8603000000000001,0.7361188405797103,0.7650378881987575,0.5124000000000001,0.5392,0.0599450673058905,0.0484221010369494,79.721924,83.08781,4.964818,4.8987412,0.0,0.0,11.360886835829634,10.442462052355578,14.120603074036651,14.465638726091193,5.749530727046655,5.89765094738309,77.93320280572757,76.78922332189236,8.055532369746835,9.103889479616091,27.845000000000024,28.289200000000037,23.400911616161647,23.74303459996796,15.973333333333358,16.665555555555585,3.980179273307591,3.974042989230677,0.8275000000000001,0.8542928571428572,0.7442718055555555,0.7785921296296295,0.6855166666666667,0.7354785714285715,0.0494191304307053,0.0384935146776305,669.7375843524933,1647.741116285324,464.247413367033,1063.0386807325365,318.6325387954712,627.3207386285067,121.44280429319636,277.73247049472207
450,-0.6200000000000045,0.6198978191761704,1.4399999999999977,-0.08782430950811104,0.01200000000000001,0.033872877846790606,0.2556,-0.029067619272089104,2.5216799999999893,0.3807912999999994,0.0,0.5437009809693176,0.4026161841724587,0.18665735842366793,-1.0377096765307385,0.6158023738397702,35.07000000000005,34.450000000000045,21.412673031026277,22.032570850202447,5.730000000000018,7.170000000000016,5.582210280332965,5.494385970824854,0.8418,0.8538,0.7082550724637682,0.7421279503105588,0.318,0.5736,0.079038219586664,0.0499706003145749,94.16227,96.68395,4.7257037,5.106495,0.0,0.0,10.73480413262197,11.278505113591288,13.250539647552586,13.653155831725044,5.57045966279493,5.757117021218598,80.39245349027097,79.35474381374023,7.916698999061039,8.532501372900809,27.774444444444477,27.884166666666705,22.379944324194355,22.589788047312357,15.13333333333336,15.560000000000032,4.318484945700892,4.127422714509332,0.81305,0.8204071428571427,0.6865930555555556,0.7621925264550264,0.61665,0.733988888888889,0.0533676922564079,0.0264683928557072,595.6140394210815,1597.3515663146973,431.2204455335935,1087.683458477084,316.3593933582306,564.4137967824936,99.2426326602378,302.5194158292857
453,2.0600000000000023,1.3079861950420693,0.6200000000000045,0.31506414277857964,-0.007800000000000029,-0.015618840579709747,-0.22940000000000002,0.004812955503638902,29.593370000000007,0.3744299999999994,0.0,0.4738142991685681,0.3702069166418305,0.19201893858087882,-0.9699700644038955,0.29133661720253556,31.910000000000025,33.97000000000003,20.07492385786804,21.38291005291011,5.850000000000023,6.470000000000027,5.023146335304016,5.338210478082596,0.8406,0.8328,0.7366231884057969,0.7210043478260871,0.3174,0.088,0.0900203892281673,0.0948333447318062,77.89353,107.4869,4.713827,5.088257,0.0,0.0,10.90730888440926,11.381123183577827,13.03099745577176,13.40120437241359,5.647618494256331,5.839637432837209,83.64405017014246,82.67408010573857,8.516931584165265,8.8082682013678,23.725555555555584,26.123913043478296,19.552754629629657,21.34338619400786,13.18666666666669,14.682500000000031,3.72254220649616,3.8284877313310575,0.8530333333333333,0.803757142857143,0.7876930555555557,0.7486570767195769,0.6941166666666668,0.5937777777777778,0.0605475178629738,0.0540457439019061,608.5318727493286,1581.156489610672,429.85870843132335,1075.3995730994857,295.4659991264343,514.7402106821537,106.28018935470342,308.4495197133049
455,-0.3400000000000354,0.3260652121649308,-0.9000000000000341,0.13447428276294282,0.028199999999999892,0.031210144927536487,-0.21589999999999998,0.011693066961172796,11.292690000000007,0.22662859999999974,0.0,0.3100303893903682,0.3659072931569156,0.19704512162333288,-0.856861644634435,0.1093436946547861,31.21000000000004,30.870000000000005,18.90377659574471,19.22984180790964,5.390000000000043,4.490000000000009,4.882108520881642,5.016582803644585,0.8449000000000001,0.8731,0.7374202898550726,0.7686304347826091,0.3,0.0841,0.1050074511913935,0.1167005181525663,89.05027,100.34296,4.6318474,4.858476,0.0,0.0,10.532007337074615,10.842037726464984,12.888143749835724,13.25405104299264,5.662543145738908,5.859588267362241,84.88830604915985,84.03144440452542,8.341264945975817,8.450608640630604,23.650000000000038,24.66333333333337,18.979560606060637,19.37260188025643,13.108333333333364,13.951481481481515,3.559875300524144,3.51452685689298,0.8507833333333333,0.8329500000000002,0.7672843055555556,0.7835806547619047,0.5879500000000001,0.6959333333333334,0.0845517436151403,0.0414868195020475,630.379102230072,1510.3422775268557,422.6560713648796,1034.8553900203815,270.9499177932739,497.0880788564682,111.03375791377285,287.82462168508624
456,1.3400000000000283,0.8387536180021549,-0.37999999999999545,0.015579104266180366,-0.0013000000000000789,0.009477225672878009,-0.1907,-0.019931257418679876,31.995225000000005,0.07908239999999989,0.0,0.042502756236689976,0.3642151749820908,0.19654024124194525,-0.7925099616599596,0.056221752166441874,29.29000000000002,30.63000000000005,17.993556851311986,18.83231046931414,5.410000000000025,5.03000000000003,4.891331315979934,4.906910420246114,0.8772000000000001,0.8759,0.7576376811594203,0.7671149068322983,0.2257,0.035,0.1494522143604151,0.1295209569417352,77.86782,109.863045,4.6778626,4.756945,0.0,0.0,10.190122649344946,10.232625405581636,12.726111137963578,13.090326312945669,5.624568238730931,5.821108479972876,85.17098954979848,84.37847958813852,8.347214883333999,8.40343663550044,23.36428571428574,24.46047619047622,18.6635793650794,19.129578765581424,12.63833333333337,13.26920000000003,3.700623372230216,3.6423478656103216,0.8412333333333333,0.8158214285714285,0.7584120833333333,0.7607570105820106,0.5864833333333334,0.6345222222222222,0.0855962438848077,0.053248598721596,642.3728952407837,1555.020936012268,426.8549853364627,1013.2292950835376,259.3160197734833,500.8105626106262,109.9632799989716,295.8278392002934
457,0.9800000000000111,0.8474812684477833,-0.9599999999999795,0.013432947459531164,0.0532999999999999,0.01835714285714285,-0.179,-0.0241613279695531,15.190734000000006,0.07258399999999998,0.0,0.09435562864124591,0.3642151749820908,0.19654024124194525,-0.7925099616599596,0.056221752166441874,30.150000000000038,31.13000000000005,20.172739726027416,21.0202209944752,9.370000000000005,8.410000000000025,4.967640563474205,4.9810735109337365,0.8449000000000001,0.8982,0.7353391304347826,0.7536962732919255,0.2623,0.0833,0.1145377188899766,0.0903763909204235,78.177376,93.36811,4.684845,4.757429,0.0,0.0,10.12714213366422,10.221497762305466,12.726111137963578,13.090326312945669,5.624568238730931,5.821108479972876,85.17098954979848,84.37847958813852,8.347214883333999,8.40343663550044,27.10000000000003,27.175555555555587,22.04027188552192,22.28079871371322,14.963333333333368,15.45400000000003,4.169594450242964,4.027307328899037,0.81045,0.8155142857142857,0.7059613888888889,0.7183786706349206,0.5337999999999999,0.6250000000000001,0.0698081102745806,0.0478502940058482,671.2048230171204,1640.3642196655271,424.7268146077792,968.4670965885769,229.5954083204269,478.6558890761808,119.05153371319577,319.3604502165727
460,0.7400000000000091,0.9010206353776482,2.4599999999999795,0.1635639935489399,0.008400000000000074,0.018193788819875323,-0.13300000000000003,-0.0033326202631056984,17.989835,-0.07764009999999999,0.0,-1.1742450929814314,0.38444040661328316,0.19720829128083128,-0.9321439304835906,0.08450542213337542,31.890000000000043,32.63000000000005,21.494834437086123,22.39585507246377,6.510000000000048,8.970000000000027,5.2028351102556885,5.366399103804628,0.8196,0.8280000000000001,0.7026608695652177,0.720854658385093,0.3244,0.1914,0.082867343294876,0.0795347230317703,78.85319,96.843025,4.5427027,4.4650626,0.0,0.0,10.418601748579304,9.244356655597873,12.248781088648506,12.63322149526179,5.375454990277544,5.572663281558375,83.32738574453846,82.39524181405487,7.67419812256967,7.758703544703045,26.781111111111144,27.158571428571456,21.65189345839349,21.962084923781436,13.887500000000031,14.820909090909112,4.52430725572744,4.29180089810234,0.8026666666666666,0.8117214285714286,0.7640290277777778,0.768271130952381,0.7075833333333333,0.7244214285714284,0.0319049141435676,0.0268728019374133,622.3044066429138,1554.5676050186155,414.5216340124607,951.0582888322448,212.4029017686844,464.095134248957,114.2076417745867,306.70255129630925
464,1.7199999999999704,0.7381627356909384,-0.2400000000000091,0.054965054182058104,0.0039000000000000146,0.00043084886128397226,-0.2696,0.022927075430277694,8.451313999999996,-0.056239099999999986,0.0,-1.2318134345952565,0.4255326840030591,0.2094349461836238,-0.7258726959869364,-0.05108388007791653,32.150000000000034,33.870000000000005,20.94945799457998,21.68762073027092,8.730000000000018,8.490000000000009,5.0328714297288935,5.087836483910952,0.8304,0.8343,0.7430188405797103,0.7434496894409943,0.3647,0.0951,0.0775534341746316,0.1004805096049093,67.465416,75.91673,4.3419995,4.2857604,0.0,0.0,10.108534933969793,8.876721499374536,12.287136080429304,12.712668764432363,5.370112131537613,5.579547077721236,84.80706311549906,84.08119041951213,7.31838911383813,7.267305233760213,26.29571428571432,27.418695652173948,21.070567520442555,21.71398959140701,15.050000000000033,15.8203703703704,3.8230079304322575,3.940843167270743,0.8467333333333334,0.8349714285714285,0.7848118055555555,0.776526421957672,0.671,0.6879111111111111,0.051012164087936,0.0407593581634307,569.059455871582,1491.3250756263733,396.20743550856906,912.8669746916228,205.8967442512512,450.67727474775165,108.81168377168228,262.65121715804685
465,4.740000000000009,0.6882527127612192,-3.0200000000000387,0.22424422691521073,0.009800000000000031,-0.015041614906832201,-0.46230000000000004,0.057866553864646196,2.957483999999994,-0.06941980000000036,0.0,-1.2470044993022178,0.4297538364072597,0.21487237156280425,-0.5354027622444875,-0.140420762501555,32.450000000000045,37.190000000000055,21.20656084656085,21.89481355932207,8.190000000000055,5.170000000000016,4.947629631032941,5.171873857948151,0.8547,0.8645,0.7932391304347829,0.7781975155279507,0.656,0.1937,0.0406229007212854,0.0984894545859316,78.40891,81.366394,4.4125423,4.3431225,0.0,0.0,10.507392637334036,9.260388138031818,12.336924535223844,12.766678371631103,5.376346121644063,5.591218493206867,85.83803692070501,85.30263415846052,7.231645669531042,7.091224907029487,26.62111111111114,28.057272727272743,21.879763047138077,22.25717596568286,16.013333333333364,15.617142857142886,3.901029294764923,4.116139436211913,0.85805,0.8456785714285714,0.8030813888888889,0.7954876984126984,0.74736,0.7188357142857144,0.0373930138666821,0.0431843795008503,569.3713254928589,1514.0363545417786,402.64450744787854,925.085051861628,219.3223934173584,491.2706031985581,108.31082991133792,278.9905486027128
466,1.0199999999999818,0.7385759340685034,-1.6999999999999886,0.08641892179478727,-0.0014999999999999458,0.0028830227743265047,-0.14959999999999998,0.018093348847133303,-0.043986000000003855,-0.10336300000000076,0.0,-1.090049386761935,0.4297538364072597,0.21487237156280425,-0.5354027622444875,-0.140420762501555,31.77000000000004,32.79000000000002,20.45423398328692,21.192809917355422,7.430000000000007,5.730000000000018,4.911879739445873,4.998298661240661,0.8811,0.8796,0.791988405797102,0.7948714285714285,0.3358,0.1862,0.0879507908134097,0.106044139660543,81.48202,81.438034,4.435596,4.332233,0.0,0.0,10.385971624563284,9.29592223780135,12.336924535223844,12.766678371631103,5.376346121644063,5.591218493206867,85.83803692070501,85.30263415846052,7.231645669531042,7.091224907029487,25.70250000000003,27.26545454545457,20.95011574074077,21.671406452620914,15.135000000000025,15.871481481481512,3.774744485813645,3.838546623245509,0.8639666666666667,0.8809857142857143,0.8121066666666666,0.8285458333333334,0.7085833333333333,0.7486333333333333,0.0478538104446675,0.0421835151501196,580.8477649688721,1544.3753325939178,407.1306308309237,931.7872007296834,223.01496505737305,487.55502665415406,111.01338374757572,277.63583648121227
467,1.740000000000009,1.0784180098557599,-0.5399999999999636,-0.04123507101932855,0.015499999999999958,0.008148861283644115,-0.083,-0.010762662713058799,-9.640039999999999,-0.11219399999999968,0.0,-1.3163611783735245,0.436159308424779,0.21986711889458732,-0.4612898989676495,-0.13611212796438288,31.27000000000004,33.01000000000005,19.506576086956567,20.584994096812327,6.670000000000016,6.130000000000052,4.825514864923882,4.784279793904553,0.8893000000000001,0.9048,0.8171405797101448,0.8252894409937889,0.1592,0.0762,0.1158564295424769,0.1050937668294181,87.42977,77.78973,4.4535646,4.3413706,0.0,0.0,10.664691047293884,9.34832986892036,12.351547391844845,12.787706700269624,5.377800856968698,5.597667975863286,86.55333708692717,86.09204718795952,7.162405670692468,7.0262935427280855,25.02333333333336,26.024615384615405,20.731329004329037,21.3336685117352,14.955000000000036,16.09428571428574,3.702436426078493,3.4795456984216933,0.8742000000000001,0.86665,0.8153490277777778,0.8194624338624338,0.67608,0.6997642857142857,0.0552946915042076,0.0501740382814267,620.0009784698486,1521.3542783260343,413.8118902345498,933.1834572967384,231.34965658187863,470.84523914474994,117.3721660966056,284.7821229364413
468,1.3999999999999773,0.8075609812839417,-0.3599999999999568,0.0006259688420415799,0.01980000000000004,0.0107973084886126,-0.1464,0.001857641136718588,-11.467504000000005,-0.19276439999999972,0.0,-1.5151814123008922,0.43881621898710144,0.22071373618489787,-0.5585822889502197,-0.0436764124205995,31.53000000000003,32.93000000000001,19.77298200514142,20.58054298642536,8.430000000000007,8.07000000000005,4.662559217836307,4.663185186678349,0.8931,0.9129,0.8197623188405798,0.8305596273291924,0.3174,0.171,0.0970154404287246,0.0988730815654432,99.325874,87.85837,4.563047,4.3702826,0.0,0.0,11.319003112872013,9.80382170057112,12.3571113279179,12.795927546905002,5.37148187584839,5.592195612033288,86.20290835434922,85.644326065399,6.954647151057673,6.910970738637073,24.410000000000025,25.061538461538483,20.076029641654674,20.519375567631094,14.811666666666696,15.727857142857175,3.610815931585156,3.1595310362092768,0.8773333333333334,0.8729428571428571,0.8262633333333335,0.8172415674603175,0.71296,0.6757666666666667,0.0423153724146734,0.0574141733869852,628.0955657958984,1520.38658118248,416.3780388732751,930.8702292612636,228.75003147125244,481.0194419380277,119.69240691575418,282.11788525361834
470,0.8999999999999773,0.802227471840542,-1.1200000000000045,0.03631468440577734,0.006199999999999983,-0.012037888198757729,-0.11460000000000001,-0.0013544079329953912,-1.2224199999999996,-0.36187919999999973,0.0,-1.5179402954292023,0.4189134153963039,0.2028292376460037,-0.6175668187094345,0.1518324333076606,34.59000000000003,35.49000000000001,22.80141531322512,23.603642785065663,10.650000000000034,9.53000000000003,4.861749715264079,4.898064399669856,0.8295,0.8357,0.7747782608695651,0.7627403726708074,0.2796,0.165,0.0682345504509007,0.0668801425179053,98.3622,97.13978,4.9483232,4.586444,0.0,0.0,11.918266724219125,10.400326428789922,12.227930639333426,12.64684405472973,5.292290340065127,5.49511957771113,84.77195570501829,84.15438888630885,6.524124388308784,6.675956821616444,29.53000000000004,29.596666666666703,23.888571548821584,24.539786706503403,17.65833333333337,18.17714285714289,4.050439167401792,3.837298797994396,0.8306,0.7804714285714286,0.7837415277777778,0.7236902116402116,0.66784,0.5634777777777779,0.0425290081583671,0.0578092379175954,694.1514286994934,1643.200692653656,451.534480591615,976.912557113664,220.87346935272217,494.7724803239107,130.41095708882915,312.274223150244
483,0.45999999999997954,0.7763773054733818,1.919999999999959,-0.03739846954500248,0.029900000000000038,0.0211550724637678,-0.04420000000000002,-0.0005394849887307984,37.67089,0.7364639999999998,0.0,1.0627368424678973,0.4683926886185752,0.2514358837809567,-1.2315638113834098,1.0516535245625747,31.390000000000043,31.850000000000023,19.58677966101697,20.36315696649035,3.1900000000000546,5.110000000000014,5.425347896578534,5.387949427033531,0.8677,0.8976000000000001,0.8008492753623192,0.822004347826087,0.5703,0.5261,0.0489858353474932,0.0484463503587624,76.16775,113.83864,4.7102065,5.4466705,0.0,0.0,10.632325636220491,11.695062478688389,13.696724949835724,14.1651176384543,5.924603080943883,6.17603896472484,81.54511910152497,80.31355529014157,8.30595833972869,9.357611864291265,25.72166666666669,26.003846153846187,20.22010185185188,20.802515243599693,11.588333333333368,13.859166666666695,4.624698928267166,4.118154320866945,0.8714999999999998,0.8755500000000002,0.8104447222222223,0.8298040343915344,0.7447,0.7637357142857143,0.0442757749886843,0.0374157941266512,743.78959608078,1570.3266403656453,429.8063326776028,1160.1408731964864,303.0767471790314,762.7256489683641,118.91086115270254,250.67083150804328
487,2.4599999999999795,0.12534830309240164,2.0,0.2505794549009295,0.02849999999999997,0.007859627329192875,-0.2619000000000001,0.014833193360899,16.907573999999997,0.18176140000000007,0.0,-0.5094015940474605,0.2136298480115073,0.07133046424632372,-0.9813557033140654,0.9714806873536439,35.47000000000003,37.93000000000001,24.05460377358493,24.17995207667733,5.390000000000043,7.390000000000043,5.257533672236656,5.508113127137586,0.8344,0.8629,0.7597565217391302,0.7676161490683231,0.6847000000000001,0.4228,0.0367380838544063,0.0515712772153053,74.531136,91.43871,5.487213,5.6689744,0.0,0.0,12.41797422012324,11.90857262607578,14.513228874949856,14.726858722961364,5.911825393967828,5.983155858214151,76.91768763476982,75.93633193145575,8.532880882889003,9.504361570242647,28.341666666666697,29.074800000000035,23.668583333333363,24.142212782279483,16.15000000000003,16.87370370370374,4.085053440462713,4.18691576095924,0.8295833333333335,0.8534285714285714,0.7911533333333334,0.8044165343915345,0.74165,0.762307142857143,0.0281938380120881,0.0267707317745791,693.691764831543,1894.927131652832,500.7081953684489,1207.491524395363,359.5803732872009,755.8022247523768,116.81226722417044,305.57482162388703
491,-0.660000000000025,0.2435238697524511,2.9399999999999977,0.17173076445856417,0.04940000000000011,0.029159420289854854,-0.26500000000000007,0.005518288754855903,-7.1973549999999875,-0.048202999999999996,0.0,-0.6327059768050614,0.2654103825281524,0.098601028939032,-1.1963412503325657,1.0673317952617438,35.13000000000005,34.47000000000003,22.57600375234527,22.81952762209772,4.250000000000057,7.190000000000055,5.240851367325137,5.412582131783701,0.8348,0.8842000000000001,0.7302144927536234,0.7593739130434782,0.6316,0.3666,0.0543836139946503,0.0599019027495062,83.268425,76.07107,5.119596,5.071393,0.0,0.0,11.292166831862389,10.659460855057327,14.33987398362565,14.605284366153802,5.7842205360206,5.882821564959632,76.94705371313593,75.75071246280336,8.528265433666407,9.59559722892815,28.43727272727276,27.49083333333336,22.49333080808084,22.826541314965255,15.225000000000032,15.574444444444469,4.023066734663335,4.081575626074176,0.8289333333333334,0.8636785714285714,0.7213058333333334,0.7725880952380954,0.6372500000000001,0.7137666666666668,0.0601238485240468,0.0479212236914192,683.7733237743378,1689.4834356307983,467.1631449262301,1080.2066983422312,313.4829607009888,691.7931571006775,126.8259136661147,270.4232348165521
494,0.7799999999999727,0.5021853281853268,-3.4399999999999977,0.11186569602714336,0.020399999999999974,0.022955693581780623,-0.1269,0.0025107182699457,19.423434999999998,-0.12146100000000004,0.0,-0.7795879044602358,0.3410523796362348,0.13352240372163937,-1.1531206548423398,0.9154489390151621,35.07000000000005,35.85000000000002,22.705142857142896,23.207328185328223,5.57000000000005,2.1300000000000523,5.288520787748525,5.4003864837756685,0.8513000000000001,0.8717,0.752705797101449,0.7756614906832296,0.5592,0.4323,0.053278662787491,0.0557893810574367,72.07452,91.497955,5.207952,5.086491,0.0,0.0,11.63028401910584,10.850696114645604,14.108736042073144,14.449788421709378,5.706343373011806,5.839865776733445,77.80094753362329,76.64782687878095,8.347313303639053,9.262762242654215,28.393636363636396,28.684400000000032,22.944723063973097,23.61356182336185,15.817272727272764,16.31846153846157,4.206446105196871,4.241571808381048,0.8370666666666667,0.8449500000000001,0.763305,0.781657242063492,0.6835833333333333,0.7307214285714284,0.0479749840001526,0.0367099911614285,677.5041960477829,1629.1418392658234,475.7005951901277,1090.097701608002,330.8666687011719,634.7878398448229,115.58000819141496,280.0690801199701
495,-0.17999999999994998,0.23535297896640728,0.2400000000000091,0.07518618199750726,0.031100000000000017,0.022483643892338923,-0.15609999999999996,0.004794207639383097,21.31150000000001,-0.14198500000000003,0.0,-0.9251347334096494,0.36970975537528794,0.1473672272812383,-1.104618589109137,0.8567329415662996,32.870000000000005,32.690000000000055,20.722669172932356,20.958022151898763,5.410000000000025,5.650000000000034,4.981201920697904,5.056388102695411,0.8607,0.8918,0.7759666666666666,0.7984503105590055,0.5586,0.4025,0.0561317928116622,0.0609260004510453,77.76144,99.07294,5.204695,5.06271,0.0,0.0,11.883031139933138,10.957896406523489,14.033014986365387,14.402724741740675,5.735371787920004,5.882739015201242,78.32129248954209,77.21667390043295,8.16436814724978,9.02110108881608,26.235454545454573,26.170000000000027,21.188055555555582,21.57228020003349,14.88000000000002,15.301200000000026,3.802471163891223,3.728134130184944,0.8366333333333333,0.8650928571428571,0.7677425000000001,0.803559490740741,0.7102,0.7141642857142857,0.0440139959668746,0.0401286871908729,669.2338352203369,1616.076108455658,475.6327553987503,1088.629504269121,330.1117584705353,586.908605620265,115.71857520825358,287.5829027571841
507,2.159999999999968,0.836895615971951,-3.2600000000000477,-0.05878444583864617,0.01660000000000006,0.019660869565217842,-0.054099999999999995,-0.02202018497311059,-3.414360000000002,0.14573130000000045,0.0,0.09648562699943497,0.37608141463954325,0.16905613435734335,-0.8891186514526908,0.08949793822493746,29.250000000000057,31.410000000000025,19.272784810126616,20.109680426098567,5.130000000000052,1.8700000000000043,5.064568892572867,5.0057844467342205,0.8649,0.8815000000000001,0.7460869565217391,0.7657478260869569,0.1316,0.0775,0.1392118361961883,0.1171916512230777,109.23208,105.81772,4.711136,4.8568673,0.0,0.0,10.560374625392733,10.656860252392168,12.79561724024666,13.171698654886203,5.62840617640522,5.797462310762564,84.86968893718236,83.98057028572967,8.38221271904628,8.471710657271217,24.74777777777781,25.85000000000003,20.172496392496424,20.578762703698143,13.602000000000022,14.490833333333365,3.825580017172424,3.9749791032789257,0.8149333333333334,0.8082642857142858,0.7262227777777778,0.7415142857142859,0.6061000000000001,0.5949666666666666,0.0682179872939101,0.0513695588545243,643.8003463745117,1563.016589641571,429.89113545417786,1034.5127554526289,257.64504647254944,497.00071665644646,112.73053219554274,298.42975805815746
508,1.4199999999999626,0.7571972164643341,-2.8799999999999955,-0.1295813658112932,-0.0030000000000000027,0.004472256728778712,-0.1256,-0.014853088479735196,-9.824880000000007,0.056604399999999444,0.0,-0.5992910515157686,0.37316351844687645,0.1694662203367301,-0.8294824824701408,0.034892613884206725,29.69000000000005,31.110000000000014,20.73325732899025,21.490454545454583,6.930000000000007,4.050000000000011,5.126315305172811,4.996733939361518,0.9047,0.9017,0.7025115942028987,0.7069838509316774,0.2453,0.1197,0.1201124262432416,0.1052593377635064,102.76103,92.93615,4.7868934,4.8434978,0.0,0.0,10.845306250121268,10.2460151986055,12.56250457540648,12.935668093853357,5.550010381791137,5.719476602127867,85.12169570363935,84.2922132211692,8.335376158493323,8.37026877237753,25.48250000000003,26.12333333333336,20.07765410052913,20.71060685843032,13.49200000000003,14.259523809523838,4.080561348676714,4.195238316430043,0.8629000000000001,0.8380857142857143,0.7724304166666668,0.7721055555555556,0.62804,0.6642,0.0758913756571316,0.0619596505847103,673.002005815506,1667.5413184165957,436.8039987881978,1031.6650517365233,246.204873085022,527.8835066258907,115.80389997470012,321.58272063167254
513,1.2200000000000273,0.6603117980862585,-1.5399999999999636,0.33367404457125893,0.01980000000000004,0.015575983436852847,-0.12040000000000003,0.005948830365811203,14.766849999999991,-0.014431000000000083,0.0,-0.9375158789945974,0.41610842988167995,0.18262885211233915,-1.001987927232733,0.12538629046253202,31.79000000000002,33.01000000000005,20.72194719471951,21.38225899280577,7.930000000000007,6.390000000000043,5.098388133024693,5.432062177595952,0.8256,0.8454,0.7095115942028988,0.7250875776397516,0.2916,0.1712,0.0945028203493422,0.1004516507151534,70.99562,85.76247,4.478413,4.463982,0.0,0.0,10.146400488113676,9.208884609119078,12.188526281342565,12.604634711224245,5.36629712007847,5.548925972190809,82.99204858493597,81.99006065770324,7.372263891034704,7.497650181497236,26.94250000000003,27.591111111111143,21.81605808080811,22.075966843462524,15.202000000000035,15.16840000000003,4.276746111669019,4.27045884003136,0.82675,0.8152285714285715,0.7634691666666668,0.7579867394179894,0.6700833333333334,0.6338777777777778,0.0456458813631271,0.0441320342930085,600.9261722564697,1552.995593070984,408.65519199768704,950.8282355930388,211.83996415138245,466.8338154256344,108.256318708325,317.69331329266487
516,0.2199999999999669,0.7360214382782644,-3.519999999999982,0.07918932300387116,0.008299999999999974,-0.004566459627329045,-0.3325,0.025929096039121996,-7.524379999999994,-0.07955929999999967,0.0,-1.3892641326423796,0.4437225208521731,0.20046032785483003,-0.7002983390609074,-0.055568148950851715,31.090000000000032,31.31,19.788879551820777,20.52490099009904,7.090000000000032,3.57000000000005,4.777225719947579,4.8564150429514505,0.8855000000000001,0.8938,0.7984086956521738,0.7938422360248447,0.3916,0.0591,0.0826863459613739,0.1086154420004959,76.74031,69.21593,4.4672813,4.387722,0.0,0.0,10.309734948290902,8.920470815648523,12.252936427461272,12.696658948313445,5.385201885038668,5.585662212893498,85.44146565425783,84.74116731519692,7.280994734614256,7.225426585663405,25.28555555555558,26.161304347826107,20.558401274651303,21.09880966317072,14.983333333333364,15.624074074074109,3.663707225910482,3.576836980092463,0.86265,0.8331285714285714,0.8060330555555556,0.7900516865079367,0.7092333333333335,0.6832333333333335,0.041677089595424,0.0429625660604288,586.9489450454712,1581.5739850997925,407.6394198139509,934.5847970870564,223.06850481033325,467.3777744011022,110.7459725927574,292.10383937758354
517,0.40000000000004476,0.8910407102162914,0.6399999999999864,0.2113698009615339,0.007499999999999951,-0.003361697722567447,-0.1515,0.0121654114561493,-14.43250599999999,-0.1719444000000001,0.0,-1.6445605339134044,0.44704584617639753,0.2121636178184474,-0.5542073046508165,-0.06890250523680486,31.81,32.21000000000004,20.115642458100588,21.00668316831688,6.170000000000016,6.810000000000002,4.761909680487943,4.9732794814494765,0.8753000000000001,0.8828,0.7951710144927538,0.7918093167701864,0.3044,0.1529,0.0982521690603195,0.1104175805164688,81.22227,66.789764,4.534787,4.3628426,0.0,0.0,10.709080848717468,9.064520314804064,12.342559565360844,12.789605411537242,5.41750378829145,5.629667406109897,86.20735924158086,85.65315193693004,7.034630285031298,6.965727779794493,26.107142857142897,26.73181818181821,20.82500138287641,21.341009860355715,14.930000000000028,15.4640740740741,3.843749212451786,3.8277353915545578,0.86985,0.8752214285714286,0.8261451388888889,0.8179843253968254,0.7299,0.6937666666666666,0.0399577894265986,0.0586219670212447,602.3067240715027,1553.387342453003,413.79933220148087,929.2854418987032,222.51460695266724,453.00203774496913,118.12561610506232,281.2619610111533
518,0.7799999999999727,0.7377258620689453,3.7000000000000455,0.154165350777558,0.020999999999999908,0.013840993788819755,-0.05210000000000001,0.01627114647064351,-16.511255000000006,-0.2575402000000002,0.0,-1.885016309721605,0.44704584617639753,0.2121636178184474,-0.5542073046508165,-0.06890250523680486,31.450000000000045,32.23000000000002,19.526724137931065,20.26445000000001,3.990000000000009,7.690000000000055,4.74577824047945,4.899943591257008,0.8817,0.9027,0.7924608695652176,0.8063018633540373,0.2106,0.1585,0.1139294457712147,0.1302005922418582,85.43178,68.920525,4.5690837,4.3115435,0.0,0.0,10.837585756703104,8.9525694469815,12.342559565360844,12.789605411537242,5.41750378829145,5.629667406109897,86.20735924158086,85.65315193693004,7.034630285031298,6.965727779794493,26.34200000000004,26.04047619047623,20.23207828282831,20.816141051724824,13.893333333333368,15.271481481481509,4.014123992411689,3.798285276532159,0.8812833333333333,0.8801357142857145,0.7902669444444445,0.8232043650793651,0.66162,0.6896,0.0631089047021148,0.0561672708072337,582.7571816444397,1512.98761177063,405.5765173435211,913.652258947188,229.87937712669373,475.50519565399736,118.3821136722151,274.1605661958838
519,0.6600000000000321,0.7608647990985808,-5.220000000000027,0.2131028993522568,0.03359999999999996,0.016707867494824002,-0.25,-0.012589040750414893,-15.82172,-0.17410710000000051,0.0,-1.7203306141805452,0.4485849837308127,0.21743540325987354,-0.43448918974760886,-0.10001779614813788,32.55000000000001,33.21000000000004,20.50869791666668,21.26956271576526,8.450000000000045,3.230000000000018,4.745269944507513,4.958372843859769,0.8705,0.9041,0.7963797101449276,0.8130875776397516,0.3096,0.0596,0.1087525013268359,0.096163460576421,86.14496,70.32324,4.5251856,4.3510785,0.0,0.0,10.707400835085156,8.987070220904611,12.398481309653052,12.847066293383865,5.421830583821852,5.639265987081726,86.54151447185185,86.10702528210425,7.153446053260001,7.053428257111863,27.06333333333336,27.19083333333337,21.34614141414144,21.987658423829288,15.39666666666669,16.26307692307695,3.946099321809151,3.6923590559652695,0.8551333333333333,0.8651500000000001,0.7881322222222223,0.8031983465608467,0.7171000000000001,0.6571111111111111,0.0509345772705378,0.0624620517182383,619.4242496490479,1565.3884167671204,417.6422051837047,939.8823810449154,228.09229016304016,501.7510313568637,117.54304760535696,290.6272689231376
520,1.3000000000000185,0.865570509524904,2.0,-0.0845455306091587,0.02179999999999993,0.004928778467908956,-0.3556,0.0020219490698846904,-1.2088099999999997,-0.18577449999999995,0.0,-1.2959154478459602,0.43902735776988244,0.21235353432772186,-0.5368554270056052,-0.020296382374815458,32.910000000000025,34.21000000000004,21.31450632911396,22.180076838638865,6.910000000000025,8.910000000000025,4.978248275802391,4.893702745193233,0.8430000000000001,0.8648,0.7813072463768116,0.7862360248447205,0.4222,0.0666,0.0869126186512837,0.0889345677211684,84.32476,83.11595,4.72567,4.5398955,0.0,0.0,11.063468624074629,9.767553176228668,12.313950599150765,12.752977956920647,5.339008043872235,5.551361578199957,86.09425561560481,85.5574001885992,6.960052203037681,6.939755820662866,27.158888888888917,27.9616666666667,22.06693265993269,22.68930919901358,15.2916666666667,16.61071428571432,4.214369621833647,3.927341097716466,0.8678166666666667,0.8773000000000001,0.8014873611111112,0.8197001653439154,0.6727400000000001,0.6525222222222222,0.0577194389051626,0.0608610059924074,650.9130597114563,1633.090665102005,431.2173670530319,966.99776463399,234.35701084136963,505.7039361326024,120.35587845454158,307.5065433849891
522,1.2600000000000477,0.955053596020317,-0.33999999999997677,-0.04645185148348663,0.018400000000000083,0.009043685300207271,0.04359999999999997,-0.017219016137443796,-7.519734,-0.31439470000000025,0.0,-1.4681780515736467,0.4131313923915556,0.1980511517974266,-0.6789366483673689,0.17866393152401816,32.81,34.07000000000005,21.363759590792878,22.318813186813195,9.850000000000025,9.510000000000048,4.670041641627009,4.623589790143522,0.8679,0.8863000000000001,0.7996768115942029,0.8087204968944102,0.3556,0.3992,0.0895258348996079,0.0723068187621641,97.304634,89.7849,4.9866767,4.672282,0.0,0.0,11.885493429978396,10.41731537840475,12.23109210600011,12.644223498391666,5.287246740010198,5.485297891807624,84.7120952972498,84.03315864888243,6.488844837085678,6.6675087686096965,27.347777777777807,27.803333333333367,22.21483249158252,22.614014254966325,16.40833333333336,16.900000000000027,3.85882303511216,3.606858693194196,0.8871166666666667,0.8891642857142859,0.8254016666666666,0.840397982804233,0.6705000000000001,0.750288888888889,0.0595868223764798,0.0423632377895241,664.247154712677,1646.5136892795565,455.034228404363,995.1961277312784,231.3197145462036,509.492087229155,129.02123229579985,297.13076806985
523,0.3800000000000523,0.646105687911124,0.2599999999999909,-0.019135215183477605,0.011599999999999944,0.014302898550724641,0.181,-0.019453286622448503,14.833580000000012,-0.34432129999999983,0.0,-1.162429679382985,0.4000198409520568,0.17968132610906107,-0.8113159208461553,0.24365011817357995,34.31,34.690000000000055,22.224025316455737,22.87013100436686,9.390000000000043,9.650000000000034,4.680186596882371,4.661051381698893,0.8835000000000001,0.8951,0.8141492753623186,0.8284521739130433,0.4571,0.6381,0.0625235413593401,0.0430702547368916,98.044136,112.877716,4.9100447,4.5657234,0.0,0.0,11.548599683570885,10.3861700041879,12.289068918785484,12.68908875973754,5.253485959125689,5.43316728523475,83.96241174441096,83.1510958235648,6.560514898474565,6.804165016648145,27.432000000000023,28.218800000000023,22.812400673400703,23.169929794494312,16.79500000000003,17.484285714285747,3.823018995806048,3.601606391190205,0.8733166666666667,0.8751214285714287,0.8295008333333334,0.8312282738095239,0.7645833333333334,0.7670916666666666,0.0332531670484176,0.0319888184066372,651.3696756362915,1646.775411605835,437.6235307753086,961.2168775658988,213.55650281906128,470.30016590328887,128.15993889073687,311.9938720881231
526,,,,,,,,,,,,,,,,,,,,,,,,,,,,,,,,,,,,,,,,,,,,,,,,,28.523333333333355,28.80130434782612,23.4737777777778,23.92534372969463,18.02454545454549,18.32857142857146,3.5851037646867576,3.413167426022613,0.7452670046082951,0.707446829105474,0.660316255730316,0.6304041560780927,0.5755363398692811,0.5463099750623441,0.0629383562445579,0.0495308277548742,694.3227486610413,1658.6810274124146,439.8626023133596,930.5702448275612,185.7860174179077,444.03596044844016,144.46137201364652,332.5827909468001
529,0.8000000000000114,0.7165929405829559,3.160000000000025,-0.14011173390438714,0.03270000000000006,0.01569213250517565,-0.06040000000000001,0.0026750934719485045,26.366265,0.7843940000000007,0.0,1.1704833387645959,0.4728843181982434,0.2546408760948813,-1.2137609880701064,1.0736004393938963,30.590000000000032,31.390000000000043,19.627161572052422,20.34375451263538,3.430000000000007,6.590000000000032,5.359199719888252,5.219087985983865,0.859,0.8917,0.7884724637681162,0.8041645962732918,0.6146,0.5542,0.0520072817757083,0.0546823752476568,73.410385,99.77665,4.691984,5.476378,0.0,0.0,10.5513454386867,11.721828777451297,13.831944411022908,14.304828729221152,5.98727762691906,6.241918503013942,81.81238784705417,80.59862685898406,8.14634279753045,9.219943236924346,25.59333333333337,25.734800000000035,19.954732323232356,20.46563396356733,11.556666666666697,13.620714285714314,4.603618227564764,4.135692264832074,0.8730500000000001,0.8818666666666668,0.8206647222222223,0.8379103835978837,0.7465166666666666,0.7946857142857143,0.0378892406905721,0.0283835997010866,719.4405183792114,1594.6474118232727,428.1435346404712,1166.4684958211776,304.3575053215027,756.5540120601654,112.64621103030592,256.1250757189622
537,1.759999999999991,-0.283688431723359,-1.7999999999999545,-0.05044210877137978,0.014100000000000001,0.027334368530020137,-0.04189999999999994,-0.0002642375845730016,9.546959999999999,0.5435699999999999,0.0,-0.12871015215464254,0.15320982958584928,-0.0005699742903617633,-0.7293835638873531,1.090033698314576,36.25000000000006,38.01000000000005,25.148855098390047,24.86516666666669,8.370000000000005,6.57000000000005,5.753534196942654,5.7030920881712746,0.8452000000000001,0.8593000000000001,0.7344289855072464,0.7617633540372666,0.6402,0.5983,0.0481655150600487,0.0479012774754757,85.70877,95.25573,5.078971,5.622541,0.0,0.0,11.871028007815552,11.74231785566091,14.540465970840264,14.693675800426114,6.14761663497109,6.147046660680728,75.77032933131257,75.04094576742521,9.013746188310998,10.103779886625574,29.810000000000034,29.42846153846157,24.27210942760946,24.48739509623498,16.135000000000023,16.51962962962966,4.674362231355057,4.397940758475562,0.80425,0.8439785714285714,0.7520740277777778,0.7755569113756615,0.6833333333333335,0.7174000000000001,0.0345563441370703,0.0358013240414569,698.6814923286438,1718.0661675930023,465.0357325176398,1209.139433601063,283.1067419052124,821.1623310558498,126.49847015004124,251.8000952487808
551,1.0199999999999818,0.4802716342072557,0.37999999999999545,0.15625820992513795,0.028699999999999948,0.02498861283643894,-0.1629,-0.0032729823298056,17.085762000000003,-0.03939039999999938,0.0,-0.6963781902139363,0.2874636661005354,0.09935538872303074,-1.2381150550812379,0.9550039676230462,34.09000000000003,35.110000000000014,22.1917077798862,22.671979414093457,7.250000000000057,7.630000000000052,5.171430726135073,5.327688936060211,0.8432000000000001,0.8719,0.7435971014492757,0.7685857142857146,0.4618,0.2989,0.0626747388518584,0.0594017565220528,69.691574,86.777336,5.1578164,5.118426,0.0,0.0,11.59666697467605,10.900288784462113,14.361249839333414,14.64871350543395,5.751791157496286,5.851146546219317,77.86471469126137,76.62659963618013,8.574875424848486,9.529879392471532,26.30000000000003,26.35230769230772,21.80074621212124,22.154526284906748,14.786363636363664,15.364074074074106,3.669665960763678,3.816275001290991,0.8217,0.8359285714285717,0.7579722222222222,0.778278802910053,0.6773166666666667,0.7416214285714287,0.0402356544100202,0.0285985598714864,662.5178232192993,1713.042388677597,476.6830487847328,1110.9124444268648,317.00989055633545,670.5403369814157,120.63478027244804,290.7372316350449
555,-0.2400000000000091,0.6957441120480397,2.9599999999999795,-0.12747589267358173,0.0232,0.025329813664595746,-0.21380000000000005,-0.005472745002297705,18.426845999999998,0.04936770000000035,0.0,-0.13578264116548056,0.39847619153626823,0.13693205420115895,-1.0950579213315592,0.773196457938301,34.650000000000034,34.410000000000025,21.956311637080884,22.652055749128923,2.57000000000005,5.53000000000003,5.509555587049506,5.382079694375924,0.8430000000000001,0.8662000000000001,0.7258608695652177,0.7511906832298134,0.4701,0.2563,0.0780461944543666,0.0725734494520689,74.068214,92.49506,5.1634183,5.212786,0.0,0.0,11.48145158315841,11.34566894199293,13.97410482563478,14.372581017171049,5.6863425810503685,5.823274635251527,79.14886655078135,78.05380862944979,8.03686129370832,8.810057751646621,27.00400000000003,27.203846153846182,21.69694528619532,22.457372266970847,14.94818181818185,15.359600000000029,4.116547908424376,4.073761574415036,0.8301,0.8403785714285715,0.7480466666666666,0.7621011243386243,0.6488333333333334,0.688757142857143,0.055376509109109,0.0464074390828405,681.9085083007812,1606.3172619342804,474.787009169658,1112.6587998980497,337.0318238735199,628.0142311453819,108.58576933768462,293.5170357589234
561,0.8400000000000318,0.48017335834897423,3.4599999999999795,-0.02783042392689694,0.04620000000000002,0.02662360248447171,0.12269999999999998,-0.0082950632710138,1.441369999999992,0.4129073999999999,0.0,0.26423097558177133,0.42286960192058665,0.1483059908943094,-1.1992585426888382,0.6418628920965688,37.670000000000016,38.51000000000005,22.853846153846177,23.33401951219515,4.970000000000027,8.430000000000007,5.8168786745808125,5.789048250653916,0.801,0.8472000000000001,0.6469739130434781,0.6735975155279498,0.3773,0.5,0.0776373316227446,0.0693422683517308,102.72342,104.16479,4.636645,5.0495524,0.0,0.0,10.966408400354524,11.230639375936295,13.246149216502369,13.669018818422956,5.557570259904372,5.705876250798681,80.50115612115756,79.30189757846873,8.214885008744131,8.8567479008407,29.7766666666667,29.009130434782644,23.68191329966333,24.15419661920208,16.305000000000035,17.043913043478295,4.548442391494817,4.163422296894235,0.7448666666666667,0.7616785714285715,0.6546244444444446,0.6824949404761904,0.53895,0.5983571428571429,0.0608501568720906,0.0530721929268676,611.7918174266815,1601.508080482483,420.11760064959526,1072.7404876598805,285.7471342086792,529.4841914176941,99.00288437360568,303.5525966889
562,-0.13999999999998636,0.7535205110247816,-1.3199999999999932,0.1147649974536975,0.020400000000000085,0.016241407867494728,-0.05399999999999999,-0.011500990466600691,19.311386,0.37823729999999944,0.0,0.6344480809574797,0.41188038452612474,0.1474102109216755,-1.1051189926995733,0.5138872777435264,36.110000000000014,35.97000000000003,22.444916067146327,23.19843657817111,7.510000000000048,6.190000000000055,5.561935126829933,5.676700124283631,0.8226,0.8430000000000001,0.6910362318840582,0.7072776397515529,0.3956,0.3416,0.0810339345109362,0.0695329440443355,89.24498,108.556366,4.643804,5.0220413,0.0,0.0,10.71685195960654,11.35130004056402,13.072160210109692,13.484040594635816,5.534818049480354,5.682228260402029,81.7751221902283,80.67000319752873,8.101285571976842,8.615172849720368,29.620909090909127,29.346666666666696,23.74039478114481,24.139063552188585,16.580000000000027,16.67500000000003,4.197121763356815,4.253394994680765,0.78125,0.7876071428571428,0.6647075000000001,0.6704681547619047,0.5732333333333334,0.6184416666666667,0.0608038332448587,0.0544780505615855,609.1684737205505,1637.0573749542236,419.37257210413617,1065.727683020871,271.35782957077026,480.53905737400055,103.93184924745232,320.00031725353927
565,0.2799999999999727,1.081582421524704,2.9399999999999977,-0.021690193585387263,0.017199999999999993,-0.016069151138716764,-0.2348,0.007792202436710596,27.218720000000005,0.29575689999999977,0.0,0.3484810533607412,0.3949031536109828,0.14865902876555026,-0.9518579684483655,0.16090800595475052,31.090000000000032,31.370000000000005,18.883440000000014,19.96502242152472,2.330000000000041,5.270000000000039,5.0972064146027085,5.075516221017321,0.88,0.8972,0.7490188405797105,0.7329496894409937,0.3467,0.1119,0.1033370246306956,0.1111292270674062,83.399475,110.618195,4.7273955,5.0231524,0.0,0.0,10.818002339802955,11.166483393163697,12.947225762621104,13.342128916232086,5.680964722393521,5.829623751159072,84.50506537749045,83.55320740904209,8.704353623667403,8.865261629622154,23.69333333333336,24.49000000000003,18.99593121693125,19.67975239632888,12.700000000000028,14.167037037037064,3.7961346764247033,3.513895763636267,0.8596166666666667,0.8675285714285713,0.7832777777777777,0.8067954365079365,0.5045666666666667,0.6915666666666667,0.0918188364070029,0.045924920422521,627.9359517097473,1664.3664708137512,424.8108771244685,1059.3912444727985,248.461275100708,487.3635563254357,115.8082190154127,323.3335535199826
566,1.920000000000016,0.6574380020957058,0.6999999999999886,-0.05301433375309461,0.01760000000000006,0.01226604554865418,-0.16820000000000002,-0.009669723942585612,-13.109083999999996,0.12185999999999986,0.0,-0.3745906317259706,0.3889402934913342,0.14719817641424537,-0.8965417072197965,0.08973390050957697,29.870000000000005,31.79000000000002,18.95928571428574,19.616723716381447,1.830000000000041,2.5300000000000296,5.153934647135015,5.100920313381921,0.8707,0.8883000000000001,0.7603376811594205,0.7726037267080746,0.3239,0.1557,0.1250914055383111,0.1154216815957255,100.966934,87.85785,4.7363925,4.8582525,0.0,0.0,10.896710389432654,10.522119757706683,12.676463561707855,13.06540385519919,5.601386523503191,5.748584699917436,84.80126219362762,83.90472048640783,8.460193713396885,8.549927613906462,23.870000000000037,25.17636363636367,19.526920695045728,19.96415935088306,13.30600000000003,14.819090909090942,3.7760541804777255,3.5742940695011165,0.8602000000000002,0.8514428571428571,0.7732744444444447,0.7844713293650792,0.65095,0.6744333333333333,0.0667061958410152,0.0477154996460951,650.8565332889557,1627.7832441329956,431.58319967985153,1023.836544185318,240.29034948349,481.4987610578537,117.64281200253724,315.215981969465
568,1.7399999999999558,0.7050097596054918,-0.15999999999996817,-0.15599941122667893,0.045399999999999996,0.01574575569358172,-0.14390000000000003,-0.02190678723100299,-6.844040000000007,-0.19942629999999983,0.0,-1.24145441316778,0.3857747179923976,0.14591608838249037,-0.8880253701549208,0.09078962619614472,31.69000000000005,33.43000000000001,21.947006369426777,22.65201612903227,5.110000000000014,4.9500000000000455,5.318719970160001,5.162720558933322,0.8194,0.8648,0.6961579710144927,0.7119037267080744,0.2464,0.1025,0.1130328788973591,0.0911260916663561,95.81497,88.97093,4.7446823,4.545256,0.0,0.0,10.635096309576072,9.393641896408292,12.381634537050308,12.767409255042706,5.491293034860572,5.637209123243062,84.60802214526109,83.71999677510617,8.129820613055864,8.220610239252009,27.79000000000003,28.48555555555558,22.502494227994266,22.759400873557507,15.206000000000037,15.300400000000026,4.451591096306558,4.348901708622774,0.7995833333333334,0.7967285714285717,0.7005390277777778,0.7011979166666668,0.6258833333333333,0.6096333333333335,0.0593240617773917,0.0513333502069791,671.6209621429443,1618.3240146636963,426.05097969373065,969.6893107614836,211.328754901886,494.1094510611146,120.69993385496772,329.9024216590977
570,0.9399999999999977,0.37785827582655784,-4.780000000000029,0.27923247195854817,0.029899999999999927,0.02626997929606667,-0.12760000000000002,-0.004606681344886607,4.183359999999993,-0.1251023999999994,0.0,-1.2415267790297708,0.4061343782513198,0.15231386826246496,-1.10747205029341,0.18937958730519266,32.150000000000034,33.09000000000003,22.291780821917843,22.6696390977444,7.450000000000045,2.670000000000016,5.004193266984201,5.283425738942749,0.8560000000000001,0.8859,0.7122710144927534,0.7385409937888201,0.2751,0.1475,0.0968175350949897,0.0922108537501031,85.51989,89.70325,4.591359,4.4662566,0.0,0.0,10.53981108040134,9.298284301371568,12.128594248465854,12.534728626717174,5.364140198040184,5.516454066302649,82.54497369048715,81.43750164019374,7.500843446811222,7.690223034116415,27.28714285714289,28.07210526315793,22.43732221019724,22.62404561478294,15.74636363636367,15.211666666666696,4.223972318267718,4.475383816019372,0.8177666666666669,0.8387357142857143,0.7454277777777777,0.760174007936508,0.6440333333333333,0.6820333333333335,0.0480927471688522,0.0381887982236662,647.9215021133423,1568.0044374465942,418.8137301802635,955.3692797245724,205.02982211112976,486.5789826773107,116.05751825549191,318.17858799476727
571,0.7199999999999704,0.7727949963208154,-1.7200000000000273,0.19506878059261812,0.05169999999999997,0.02289896480331255,-0.18489999999999998,0.010719623339632403,-0.8245699999999943,-0.057034900000000555,0.0,-1.2430264493549803,0.42024612402919637,0.15925422565184277,-1.2081853882129394,0.25000801154123753,32.75000000000006,33.47000000000003,21.592582781456983,22.3653777777778,6.890000000000043,5.170000000000016,5.246787217974085,5.441855998566703,0.8172,0.8689,0.7000463768115942,0.7229453416149068,0.3262,0.1413,0.0826284429740861,0.0933480663137185,81.9448,81.12023,4.5212092,4.4641743,0.0,0.0,10.38141313596191,9.13838668660693,12.073736706913344,12.49398283094254,5.353942283524161,5.513196509176003,81.864958375714,80.65677298750106,7.432658283525615,7.682666295066853,26.74777777777781,27.28789473684213,22.01037433862437,22.07820467726721,15.315000000000037,15.196363636363664,4.082077083180615,4.266212162909421,0.8216833333333335,0.7971000000000001,0.7280969444444446,0.7336294642857143,0.5808666666666666,0.6634666666666668,0.0666635676426672,0.0388065343183653,606.1680830717087,1614.8881525993347,410.309991111358,963.2025389913796,205.3688335418701,485.4341458119452,107.09922382044324,331.1380099826969
573,0.7199999999999704,0.6626092029080297,-0.5799999999999841,-0.002851974988204553,-0.005499999999999949,0.021383229813664473,-0.25,-0.023235538114701693,-0.27094999999999914,-0.01663329999999963,0.0,-1.289442977359565,0.4526300866205535,0.17571098680799846,-1.118880758684071,0.11035538194217676,30.390000000000043,31.110000000000014,19.69980645161294,20.36241565452097,7.670000000000016,7.090000000000032,5.080949551967146,5.078097576978942,0.8981,0.8926000000000001,0.7647521739130434,0.7861354037267079,0.3139,0.0639,0.14351892730673,0.1202833891920283,82.06904,81.79809,4.42679,4.4101567,0.0,0.0,10.38369477927521,9.094251801915645,12.138480323351706,12.59111040997226,5.398448954127418,5.574159940935417,83.79583227996866,82.6769515212846,7.609499771294528,7.719855153236705,25.56600000000003,25.82529411764709,20.621482804232837,20.764187556378957,14.916666666666694,14.35750000000003,3.778454072265277,3.886227181000869,0.8436166666666668,0.8498357142857144,0.7547915277777778,0.7793965277777778,0.6444833333333334,0.6702,0.0616144897710694,0.0523601981148063,597.0885682106018,1663.055419921875,407.2184288899104,957.8882653245648,215.1662724018097,473.7657466456294,108.67679391072788,332.548333728046
575,1.0400000000000205,0.66185221477852,-4.259999999999993,0.23036146557813986,0.01759999999999995,0.013093581780538655,-0.1532,-0.003068745688091401,-23.729805,-0.048818000000000694,0.0,-1.4656252072556448,0.4649583609383363,0.19456169968934667,-0.7837656339193302,0.027595495573459417,32.410000000000025,33.450000000000045,21.39997260273976,22.06182481751828,9.850000000000025,5.590000000000032,4.948950490574025,5.179311956152165,0.8383,0.8559,0.7638101449275362,0.7769037267080748,0.375,0.2218,0.0854595474181005,0.0823908017300091,92.918465,69.18866,4.549273,4.500455,0.0,0.0,10.470753167160588,9.005127959904943,12.22231183385398,12.687270194792315,5.396740783945385,5.591302483634732,85.98921505444982,85.20544942053048,7.132760414974351,7.1603559105478105,25.618888888888907,27.514000000000024,21.587262626262653,22.04826930415267,16.175000000000026,16.172962962963,3.6051444309590095,3.7558578175973993,0.884,0.8567642857142858,0.8275059722222223,0.7960631283068785,0.7325499999999999,0.6252111111111112,0.0341152590049002,0.0603051518986361,613.5414524078369,1707.8118023872375,423.5510868231456,993.3954313480086,220.1888554096222,504.3318930789828,117.9269798991134,347.671162932995
576,0.34000000000003183,0.6633830873338624,-2.8799999999999955,0.12487453665215487,0.012199999999999878,-0.002973084886127575,-0.2586,0.026686490087134196,-29.659049999999993,-0.10668279999999974,0.0,-1.61725443085186,0.46063074099709134,0.20291444287000715,-0.5701694991119837,-0.02861108259446521,31.850000000000023,32.190000000000055,20.25600566572241,20.91938875305627,7.850000000000023,4.970000000000027,4.862229308351615,4.9871038450037695,0.8893000000000001,0.9015,0.8142637681159417,0.8112906832298141,0.3799,0.1213,0.0843070594995108,0.110993549586645,99.26943,69.61038,4.5629783,4.4562955,0.0,0.0,10.641743008161304,9.024488577309445,12.29237440371699,12.75300514471408,5.401118662469323,5.60403310533933,86.33364982760516,85.76348032849317,6.948427806613879,6.919816724019414,26.66333333333337,26.73080000000003,21.627023569023603,22.022405233494396,15.39909090909094,15.758888888888915,3.99461566887637,3.8796959117659062,0.8796333333333334,0.8650428571428572,0.8246775000000001,0.8275102843915345,0.75905,0.6927555555555557,0.0364940501777958,0.0478606327984138,644.726646900177,1656.4535675048828,425.67583098014194,964.1299414474264,219.8437418937683,496.9090563291684,124.94872998611436,314.08846021519327
577,0.0,0.7167549547797627,-1.7599999999999891,0.16695906057366106,0.0036000000000000476,0.013289233954450919,-0.2469,0.008486969054489299,-33.310010000000005,-0.15318539999999992,0.0,-1.8455726594081998,0.46063074099709134,0.20291444287000715,-0.5701694991119837,-0.02861108259446521,31.57000000000005,31.57000000000005,19.53898461538464,20.2557395701644,7.370000000000003,5.610000000000014,4.81598701918871,4.982946079762371,0.9056,0.9092,0.8001623188405801,0.813451552795031,0.3163,0.0694,0.1141955253082154,0.1226824943627047,98.48108,65.17107,4.5518236,4.3986382,0.0,0.0,10.856235359713372,9.010662700305172,12.29237440371699,12.75300514471408,5.401118662469323,5.60403310533933,86.33364982760516,85.76348032849317,6.948427806613879,6.919816724019414,25.53000000000003,26.347500000000025,20.417387866762898,20.91698404838589,14.92833333333337,15.33074074074077,3.5920210220073256,3.62311389486157,0.8726833333333334,0.8663285714285714,0.8064422222222222,0.8065496693121692,0.7038,0.6319222222222222,0.0533840790584011,0.0653028861293984,631.8934450149536,1558.0915513038635,415.72227867444354,929.6656915196482,225.03780508041385,495.936535814777,128.8928305284752,278.71068335024
578,0.7600000000000477,0.8664234422822048,-1.5,0.2611697608303576,0.028799999999999937,0.023721325051759612,-0.1471,-0.010631789256118213,-27.713383,-0.17818559999999994,0.0,-1.8602371646337055,0.455764312232132,0.21027029575300116,-0.43602672314109725,-0.03920282664090724,31.870000000000005,32.63000000000005,19.14262536873159,20.009048811013795,7.650000000000034,6.150000000000034,4.716002870857961,4.977172631688319,0.8848,0.9136,0.7809072463768117,0.8046285714285714,0.2305,0.0834,0.1315945423286183,0.1209627530725001,89.719246,62.005863,4.4509296,4.272744,0.0,0.0,10.58201554499557,8.721778380361865,12.378501660337983,12.834265972570115,5.428101973703735,5.638372269456736,86.27581101185136,85.83978428871026,6.893341257058587,6.85413843041768,24.892500000000037,25.929166666666703,20.00839417989421,20.80842993858904,14.586666666666702,15.80769230769234,3.7484751335256417,3.355259030857457,0.8681166666666668,0.8769357142857144,0.8054399999999999,0.8005915013227513,0.6849333333333334,0.6032777777777779,0.0553102592285194,0.0723935336009557,626.1569285392761,1582.3482241630554,411.9355306824048,936.270077473898,233.07855701446533,524.6163384728134,125.2584315148894,290.20990082083495
579,1.6200000000000045,0.8329378329063246,-0.11999999999994593,-0.014162045612112983,0.024399999999999977,0.005978260869564989,-0.10930000000000001,-0.0025274738917308026,-12.785674,-0.1689020000000001,0.0,-1.5492725688049749,0.44270126626988393,0.20905072182307727,-0.4745040780407095,0.013988575490381017,31.870000000000005,33.49000000000001,19.619198813056435,20.45213664596276,7.370000000000003,7.250000000000057,4.754175139517681,4.740013093905568,0.8825000000000001,0.9069,0.788204347826087,0.7941826086956519,0.1809,0.0716,0.1321794196030672,0.1296519457113364,92.94567,80.159996,4.543211,4.374309,0.0,0.0,10.817103754807883,9.267831186002908,12.347689139790036,12.79039040605992,5.383796723029492,5.592847444852569,85.75110583725588,85.27660175921517,6.827764729416366,6.841753304906747,26.650000000000038,27.57000000000003,21.492666245791277,22.11947407916161,15.92166666666669,16.691481481481517,3.700434855485517,3.5519722937453437,0.8835000000000002,0.8562214285714287,0.8084854166666666,0.7898013558201059,0.6188,0.5846888888888889,0.0673480041193068,0.0746087103045936,639.2164731025696,1594.2482833862305,420.11013046900433,937.1405881213044,230.00923204422,518.2006309092976,122.90041083670005,288.9375819214232
582,1.2800000000000296,0.9040531452855731,1.2200000000000273,0.06923880756311274,0.01860000000000006,0.007539751552795182,-0.043999999999999984,-0.006419000357038809,-12.187389999999994,-0.25175700000000045,0.0,-1.3114694609413373,0.3967598357191555,0.17441855623697666,-0.7882362367593743,0.23631815707048798,32.99000000000001,34.27000000000004,21.565306122449023,22.469359267734596,7.930000000000007,9.150000000000034,4.640498566652602,4.709737374215715,0.878,0.8966000000000001,0.8126652173913044,0.8202049689440996,0.509,0.465,0.0740720151464181,0.0676530147893793,125.24775,113.06036,4.962308,4.710551,0.0,0.0,11.95579094400948,10.644321483068143,12.308194294127938,12.704954129847094,5.270280018863743,5.44469857510072,83.84405845947134,83.05582222271197,6.739471114383479,6.975789271453967,26.792222222222254,27.59666666666669,21.818212962962992,22.379049957994727,16.008333333333365,16.81538461538465,3.681790266038581,3.547555795878406,0.8898666666666667,0.8837642857142857,0.8467245833333333,0.8422310185185187,0.7136199999999999,0.7495333333333334,0.0492999596626931,0.0385065438486908,664.6348490715027,1684.9653434753418,432.1919957796733,969.175781111768,201.84949564933777,479.6891424721107,132.5580728028642,315.0882104849698
584,,,,,,,,,,,,,,,,,,,,,,,,,,,,,,,,,,,,,,,,,,,,,,,,,28.81888888888892,30.060000000000016,23.980717171717203,24.641879966918435,17.948333333333363,18.58714285714289,3.7986064387047502,3.7912880564080575,0.7698585294117647,0.767248752672844,0.6322596894439817,0.6753127171712405,0.5193548780487806,0.5517712513681137,0.0824111080220476,0.0685163807579882,627.7332444190979,1626.4567160606384,398.091062972943,891.6466017063527,178.911926984787,390.62678753212094,130.6811970804853,322.7467250376767
597,2.0400000000000205,0.1701395977729021,1.6200000000000045,0.12756057602905368,0.0039999999999998925,0.011223395445134177,-0.013900000000000023,-0.0009056171334685045,38.005566,0.5745309999999995,0.0,-0.17821420099765994,0.16300198314558934,0.015742911126345405,-0.9985876048097992,1.3191370690864463,37.47000000000003,39.51000000000005,25.062759856630837,25.23289945440374,5.410000000000025,7.03000000000003,5.737435446388227,5.864996022417281,0.8318000000000001,0.8358,0.6843884057971016,0.6956118012422358,0.5579000000000001,0.544,0.0585255265408061,0.0576199094073376,83.981674,121.98724,5.244854,5.819385,0.0,0.0,12.017362991604855,11.839148790607195,14.45742080554346,14.62042278868905,6.042470374952725,6.05821328607907,76.42312383032404,75.42453622551425,8.703904795201668,10.023041864288114,30.668333333333365,30.072307692307717,24.919588383838416,25.1876151833942,16.991666666666692,17.050000000000033,4.538675562846238,4.510709074532596,0.7254166666666667,0.6990857142857142,0.6781625000000001,0.6613868716931216,0.61375,0.6084571428571428,0.0345824184115883,0.0281771706480973,722.2536525726318,1667.2355287075045,479.95543519655865,1226.5448675128089,287.87310886383057,872.0469945874065,133.1256124105593,246.8589823080622
602,2.0600000000000023,0.4114026263716539,-1.6800000000000068,0.1578017996511738,0.04139999999999999,0.01573457556935831,-0.22290000000000004,0.016793595944793897,38.575540000000004,0.43374489999999977,0.0,-0.3065781804629566,0.20074156121276765,0.05677163794216966,-1.0867551876822716,1.0327640031313887,33.450000000000045,35.51000000000005,22.576495412844054,22.987898039215708,6.650000000000034,4.970000000000027,5.215941655242775,5.3737434548939484,0.8306,0.872,0.7709579710144928,0.7866925465838511,0.6972,0.4743,0.0320708337667095,0.0488644297115034,87.90023,126.47577,5.8019795,6.2357244,0.0,0.0,13.243079932375682,12.936501751912726,14.536243932484116,14.736985493696883,5.919692109666754,5.976463747608924,76.93971132384496,75.85295613616269,9.108595835608064,10.141359838739453,27.006363636363663,26.936666666666696,22.219530303030336,22.638749169965863,15.510000000000034,16.007777777777804,3.60173296965227,3.801336654419078,0.8350666666666667,0.8501642857142858,0.7790347222222223,0.8163950066137566,0.7304666666666666,0.7842714285714285,0.0342606191015176,0.019910617120566,769.9012217521667,1923.5970854759216,534.1395064592361,1344.897088557459,371.08189868927,929.1534846931607,123.04863849921357,306.587050667199
605,1.740000000000009,0.5504839353631787,-3.659999999999968,0.16160050794008285,0.03499999999999992,0.017614492753623368,-0.1761000000000001,0.012121294734301,19.90921,0.13759760000000032,0.0,-0.6423602171806735,0.240374056022711,0.07301793536329981,-1.311518492708231,0.9035504515722526,32.35000000000002,34.09000000000003,21.56250457038393,22.112988505747108,6.050000000000011,2.390000000000043,4.968153068840299,5.129753576780382,0.8552000000000001,0.8902,0.7789550724637684,0.7965695652173918,0.6466000000000001,0.4705,0.043910869989732,0.056032164724033,71.34417,91.25338,5.5505824,5.68818,0.0,0.0,12.551675448492842,11.909315231312169,14.53226386490419,14.7726379209269,5.82872999611053,5.90174793147383,77.59899922786225,76.28748073515402,9.746538832850211,10.650089284422464,26.390000000000036,26.882173913043506,21.66365404040407,22.72697264042992,14.545000000000035,15.49285714285717,3.814123147950879,3.941977418228962,0.8120666666666666,0.8230999999999999,0.7308224999999999,0.7419402777777778,0.6832166666666667,0.700192857142857,0.0411853013857087,0.0401603896363901,667.982816696167,1804.4568147659304,499.7243595123291,1201.0486989393503,322.10723209381104,770.4934832453728,121.89533214351285,303.8142827958187
615,1.1599999999999682,0.6222256027343533,1.5600000000000023,0.32670150903162387,0.033399999999999985,0.016935817805383557,0.015199999999999991,-0.014799697001630599,27.500829999999993,0.15044019999999936,0.0,-0.22352888774364033,0.46392974400263753,0.14671595316957298,-1.1670533595778636,0.7144881902341869,35.150000000000034,36.31,22.747409766454364,23.369635369188718,4.090000000000032,5.650000000000034,5.181042128469477,5.507743637501101,0.8321000000000001,0.8655,0.6950057971014492,0.7119416149068327,0.3751,0.3903,0.0863894734664717,0.0715897764648411,73.98277,101.4836,4.8932285,5.0436687,0.0,0.0,11.193628204439888,10.970099316696247,13.614166721525203,14.07809646552784,5.600094566146421,5.746810519315994,80.13685843413916,78.9698050745613,8.536439407530006,9.250927597764193,28.07200000000003,28.812727272727308,22.75121338383841,23.340775044935608,15.604545454545484,16.074000000000026,3.993679204255807,4.081312456570807,0.8081666666666667,0.8100142857142859,0.7314247222222222,0.7319731481481483,0.6710833333333334,0.6901071428571429,0.0475682492234279,0.0408804430618103,637.6264705657959,1576.3262915611267,441.8033332427343,1086.6927927388654,310.84773802757263,542.9895006120205,104.11816864115691,298.4552150583104
619,-1.5600000000000023,0.691157926073803,0.839999999999975,0.007313935079535483,0.03920000000000001,0.023058799171842725,-0.07379999999999998,-0.007111329648523498,-9.742525,0.4726889999999999,0.0,0.20914928593441395,0.4524892069648594,0.14892023489711637,-1.1680439202184942,0.5691386595214887,35.49000000000001,33.93000000000001,21.052648401826517,21.74380632790032,5.010000000000048,5.850000000000023,5.474811922679003,5.482125857758539,0.8314,0.8706,0.7195971014492751,0.7426559006211179,0.4612,0.3874,0.0709324274712263,0.0638210978227028,92.82625,83.083725,4.539949,5.012638,0.0,0.0,10.731105441109262,10.940254727043676,13.28628939001836,13.73877859698322,5.56525487209408,5.714175106991196,81.08084416785577,79.91280024763728,8.715299073042857,9.284437732564346,25.030000000000022,26.662800000000026,20.4809671717172,21.5138761389845,14.17833333333336,15.375384615384649,3.60968013474246,3.691160176235924,0.8521666666666668,0.8542071428571428,0.8059613888888889,0.8228573082010583,0.71725,0.7822642857142857,0.0409605900352282,0.0228828578340043,600.8226556777954,1566.0326466560364,414.1829196413358,1057.1674858519498,282.8440148830414,532.7917917370796,100.7968175001932,288.60999938126685
623,3.319999999999993,0.7646640316205762,-2.5200000000000387,0.1458315518761637,0.019100000000000006,0.017140993788819725,-0.02679999999999999,-0.005794152781835801,1.6193899999999957,0.2704994000000003,0.0,-0.1459709062392971,0.4202421452738694,0.14119545749455664,-0.9535104248305828,0.18282834761350486,31.350000000000023,34.670000000000016,19.270000000000028,20.034664031620604,4.750000000000057,2.230000000000018,4.860135676450159,5.005967228326322,0.8510000000000001,0.8701000000000001,0.7226869565217392,0.7398279503105589,0.3535,0.3267,0.0943619379681984,0.0885677851863626,88.35947,89.97886,4.5885596,4.859059,0.0,0.0,10.74860283970361,10.602631933464313,12.87678840554348,13.297030550817349,5.6231133315436,5.764308789038156,84.59624619988236,83.64273577505178,8.811524529215973,8.994352876829478,24.352500000000028,23.760370370370406,19.186889550264578,19.3571551010718,13.488333333333363,13.849230769230791,3.336804901117777,3.1057236412415947,0.7874333333333333,0.8480285714285716,0.6967873611111113,0.7772103174603174,0.5808666666666668,0.6738666666666668,0.0712299182728469,0.0532637908672349,634.9918367862701,1567.024363040924,414.3905239701271,1016.3235543811072,257.4999315738678,482.2089531123638,112.68944493481364,301.4920456427475
624,0.3199999999999932,0.6737278911564566,-3.0600000000000023,-0.06339139386806458,0.043199999999999905,0.007351345755693517,-0.010400000000000006,0.0145918685543283,11.237517999999994,0.047054300000000104,0.0,-0.756612703221391,0.4137598170405745,0.1393102934302437,-0.8907601910682956,0.11970127697244592,30.850000000000023,31.170000000000016,19.226938775510234,19.90066666666669,4.650000000000034,1.5900000000000318,5.068825638152576,5.005434244284511,0.8661000000000001,0.9093,0.7712362318840582,0.7785875776397517,0.1267,0.1163,0.124794196923579,0.1393860654779073,79.081406,90.318924,4.6987615,4.7458158,0.0,0.0,10.858583739389964,10.101971036168573,12.639401369927045,13.05316118696762,5.552584995940187,5.69189528937043,84.62319187110572,83.73243168003742,8.613046173651984,8.73274745062443,24.65333333333337,25.76100000000003,19.831470117845143,20.226817058199828,13.406363636363665,14.500714285714311,3.863233866015377,3.7424039086453216,0.8668166666666667,0.8473785714285714,0.7799279166666668,0.7965583994708995,0.690775,0.7211222222222222,0.0528502318625765,0.0410711305761503,661.070170879364,1535.4017453193665,418.9199512004852,983.1664129630664,248.4038758277893,478.4130076169968,116.78494181280357,294.2711822314517
625,1.5400000000000205,0.7695195160922204,2.1399999999999864,0.11549284822575334,0.03369999999999995,-0.002266666666666861,-0.24509999999999998,0.0267198410597283,-7.882919999999999,-0.15817499999999995,0.0,-1.7711842100255382,0.4100762049197417,0.13664719412573945,-0.9007085293354749,0.12531048530996536,30.910000000000025,32.450000000000045,20.78240356083089,21.55192307692311,5.670000000000016,7.810000000000002,5.01771856167136,5.133211409897114,0.8524,0.8861,0.7502840579710146,0.7480173913043477,0.3145,0.0694,0.0896343742667923,0.1163542153265206,96.16905,88.28613,4.753431,4.595256,0.0,0.0,11.110572392703798,9.33938818267826,12.391792617415614,12.801868822335356,5.474084707846133,5.610731901971873,84.52463295376441,83.62392442442894,8.223106374022798,8.348416859332763,26.372857142857168,26.990800000000025,21.35380158730161,21.87948643875832,14.973636363636398,15.270000000000024,3.834601261569326,4.170336180622345,0.8300833333333335,0.8442928571428572,0.7267041666666666,0.7247085978835979,0.6028000000000001,0.6255222222222223,0.064878121178399,0.0551404436969715,688.8602645397186,1592.4424748420715,434.7683278222879,969.0292174029164,233.28344357013705,537.9939092695713,121.80293205415596,318.9882720132183
631,0.9200000000000159,0.8701157278932037,-3.480000000000018,0.1257385543687679,0.030200000000000005,0.01633146997929613,-0.14089999999999997,-0.008106998309335499,-11.469393999999994,0.07824730000000013,0.0,-1.3526539291618036,0.46798148202012513,0.16724978853082728,-1.0563151781384903,0.10942418410599597,33.03000000000003,33.950000000000045,21.81101492537315,22.681130653266354,8.950000000000045,5.470000000000027,5.187585195826359,5.313323750195127,0.7948000000000001,0.8250000000000001,0.7163971014492754,0.7327285714285715,0.4477,0.3068,0.0681389436649269,0.0600319453555914,81.45602,69.986626,4.569196,4.6474433,0.0,0.0,10.677388223243264,9.32473429408146,12.10841701558912,12.576398497609246,5.359810573488378,5.527060362019205,84.48967897776684,83.43336379962835,7.392710690099844,7.50213487420584,27.11000000000002,27.49583333333336,22.04038997114,22.412082868301315,15.179090909090949,15.591538461538487,4.169076452555959,4.202093371211085,0.8758333333333334,0.8898642857142857,0.8113544444444446,0.8357679894179894,0.7546,0.7243777777777779,0.0359214002380407,0.0410362967185418,602.483386516571,1783.3058490753174,425.15050172805786,986.025170347731,217.91955161094663,512.2768772691488,110.89124920059372,359.3003357508245
633,2.5,0.7091808640303441,-3.3799999999999955,0.147370833600049,0.012400000000000078,0.016758178053829953,-0.19649999999999998,-0.0159610429280356,-16.742323999999996,0.0028449999999997644,0.0,-1.6823208412319932,0.47470402813022794,0.18500532452072171,-0.7994029797811493,0.02252394621895526,31.410000000000025,33.910000000000025,20.161323943662005,20.87050480769235,8.670000000000016,5.2900000000000205,4.776343488528935,4.923714322128984,0.9126,0.925,0.8216014492753624,0.8383596273291923,0.3102,0.1137,0.1161564181445017,0.1001953752164661,91.01126,74.268936,4.666054,4.668899,0.0,0.0,11.01305232880671,9.330731487574717,12.14761849138822,12.622322519518448,5.347317378070103,5.532322702590824,85.81919835420767,85.01979537442652,7.312004381741016,7.334528327959971,26.955000000000027,27.80000000000003,22.37292400192403,22.783276454695947,16.386666666666688,16.623076923076944,3.803276820125931,3.857713770417607,0.8811333333333332,0.8826999999999999,0.8327772222222222,0.8251022010829253,0.77626,0.6776954606141523,0.027337095501025,0.0523134569599099,695.219229221344,1724.281333446503,439.2045672535896,986.3089342655924,223.7546744346619,528.3159282002598,128.94660653480068,341.051762288817
634,0.4399999999999977,0.6345347201525904,-2.7199999999999704,0.16372315947687,0.0030999999999999917,0.010500207039337517,-0.04219999999999999,-0.007155359835560204,-30.660389999999992,-0.02939700000000034,0.0,-1.9727219788097656,0.46443896970632537,0.1950747745974768,-0.6140597706883995,-0.04742627836621427,32.670000000000016,33.110000000000014,21.519315789473712,22.153850509626302,8.990000000000009,6.270000000000039,4.761155383358912,4.924878542835782,0.8989,0.902,0.8166855072463767,0.8271857142857142,0.2914,0.2492,0.097153369376799,0.0899980095412388,95.91572,65.25533,4.7382855,4.7088885,0.0,0.0,11.29378638879366,9.321064409983894,12.088653822895054,12.55309279260138,5.3047233740532205,5.499798148650697,86.04301624180496,85.42895647111656,7.131140559914693,7.083714281548478,26.563333333333365,27.50520000000003,21.946736111111147,22.246953386951244,15.80833333333337,16.184615384615412,3.80302269489187,3.924313924993035,0.8831166666666667,0.8847928571428572,0.8271140277777778,0.8302281746031747,0.676475,0.7130333333333334,0.0568506144118828,0.0446080952685237,728.0603847503662,1761.1304712295532,446.2424772977829,1008.1763968082764,224.28370904922485,542.2178725786507,138.69637602482453,357.3171342932014
635,0.07999999999998408,0.573689670329653,-3.579999999999984,0.2947046613791722,0.04079999999999995,0.0007217391304343845,-0.149,0.017524455090591598,-27.007493999999994,-0.16177200000000003,0.0,-1.924607751410548,0.46443896970632537,0.1950747745974768,-0.6140597706883995,-0.04742627836621427,32.47000000000003,32.55000000000001,21.2225274725275,21.796217142857152,9.79000000000002,6.210000000000036,4.557610129815722,4.852314791194894,0.8823000000000001,0.9231,0.8200739130434784,0.8207956521739128,0.3902,0.2412,0.0786081838350653,0.0961326389256569,95.82654,68.819046,4.668806,4.507034,0.0,0.0,10.96509266491764,9.040484913507091,12.088653822895054,12.55309279260138,5.3047233740532205,5.499798148650697,86.04301624180496,85.42895647111656,7.131140559914693,7.083714281548478,25.62500000000004,26.58600000000003,21.40967255892259,21.793865745237863,15.131666666666687,15.510000000000026,3.647877585717661,3.770869369907351,0.89905,0.8788928571428573,0.851392638888889,0.8233608796296298,0.768225,0.6699888888888889,0.0373044169230819,0.0565833077624668,671.2100462913513,1469.1097106933594,427.3206375340621,938.2398483503226,224.6457319259644,525.876754457131,136.72711271507848,279.5501635405299
636,0.8600000000000136,0.680214520008743,-0.6999999999999886,0.07476445499608708,0.024399999999999977,0.011951345755693676,-0.12150000000000001,0.011161436498377794,-39.033052999999995,-0.2064161000000002,0.0,-1.9312377230485591,0.45761730885354623,0.20369956161026703,-0.41805671033118585,-0.05491187178498258,32.370000000000005,33.23000000000002,20.361235294117684,21.041449814126427,7.230000000000018,6.53000000000003,4.61523458111871,4.689999036114797,0.8878,0.9122,0.8108057971014492,0.8227571428571429,0.1713,0.0498,0.1127771406121589,0.1239385771105367,102.18257,63.149517,4.5931334,4.3867173,0.0,0.0,10.788360803806448,8.857123080757889,12.154235629287756,12.611852938141302,5.33293439772298,5.536633959333247,85.85288019370974,85.43482348337855,6.956353608091345,6.901441736306363,26.747142857142883,27.06833333333336,21.8454303751804,22.24564988628983,16.250000000000025,16.80000000000003,3.595214324129665,3.5127547081905472,0.88605,0.8885642857142857,0.833986111111111,0.829117829896961,0.7166,0.6137666666666667,0.0487001016394371,0.0730951584568908,748.2707614898682,1630.6998538970947,454.5311467746894,980.7411808804007,229.208379983902,575.2811059691012,145.22816944530314,297.7443088949804
637,1.5199999999999818,0.5558012926388969,-0.23999999999995225,0.11377159472598475,0.026000000000000023,0.011456521739130143,-0.15739999999999998,0.008685059836224598,-16.710080000000005,-0.2680964000000001,0.0,-1.8712045091097025,0.445780089716207,0.20305346499618793,-0.507869809123406,0.03841407909171135,32.75000000000006,34.27000000000004,21.481501416430625,22.03730270906952,8.310000000000002,8.07000000000005,4.635745859308292,4.749517454034277,0.8736,0.8996000000000001,0.7946956521739132,0.8061521739130434,0.2097,0.0523,0.1093897385892864,0.118074798425511,98.69848,81.9884,4.8228054,4.554709,0.0,0.0,11.163909517868143,9.29270500875844,12.197207077689589,12.642987167405796,5.323673184832404,5.526726649828592,85.17301813439288,84.66514832526947,6.808059808915373,6.846473888007084,27.31250000000003,28.535217391304386,22.759863636363665,23.23612134273381,16.248333333333367,16.81076923076926,4.041089287725327,3.8931576546207975,0.855,0.8575357142857145,0.7928981944444443,0.7957244708994712,0.7007500000000001,0.5505222222222224,0.0422347469040099,0.0809883731889829,813.9278388023376,1773.5968751907349,471.1301255027453,1007.9712922613036,242.08613967895508,614.0811523720622,148.7560555101037,316.19371158142724
638,0.5199999999999818,0.7237074197943691,0.1199999999999477,0.010528270865333589,0.02210000000000001,0.016274327122153376,-0.2037,-0.008308702883397398,7.509519999999995,-0.2023079999999995,0.0,-1.6217461251195875,0.4301928898276426,0.19780916324359055,-0.6384701949776002,0.1355061426887021,32.79000000000002,33.31,21.19484330484336,21.91855072463773,8.750000000000057,8.870000000000005,4.647637934021867,4.658166204887201,0.8662000000000001,0.8883000000000001,0.7786318840579709,0.7949062111801243,0.2966,0.0929,0.1195354734720608,0.1112267705886634,86.95077,94.46029,4.925883,4.723575,0.0,0.0,11.5014239351739,9.879677810054313,12.154483326091418,12.58467621591906,5.270364541118995,5.468173704362585,84.44743900143854,83.80896880646094,6.821529536557842,6.957035679246544,27.39222222222225,28.894166666666703,23.017845538720568,23.646284516409548,16.66500000000003,17.691538461538492,3.8783355774088415,3.794159358527461,0.8243666666666666,0.81645,0.7506791666666667,0.7778602513227514,0.5828,0.6531444444444445,0.0674944470023818,0.043148285036626,809.3537139892578,1798.3174724578855,468.5230460663636,1021.7246125261212,233.23314380645752,633.9473960967734,148.16568493505366,325.87556864692044
639,1.2799999999999727,1.0375257295533835,-4.680000000000007,0.04218944985403095,-0.008900000000000019,-0.020834368530021186,-0.10910000000000003,-0.0052415832892896,3.125479999999996,-0.22606669999999962,0.0,-1.2693812359641043,0.4079399327156974,0.18664238458977156,-0.7573016397895884,0.25057273394234336,33.13000000000005,34.410000000000025,22.41642458100564,23.453950310559023,8.410000000000025,3.730000000000018,4.935861933485746,4.978051383339777,0.7888000000000001,0.7799,0.7065449275362319,0.6857105590062107,0.5189,0.4098,0.0580837913887887,0.0528422080994991,107.2204,110.34588,4.9560027,4.729936,0.0,0.0,11.792529298229756,10.523148062265651,12.031693037506956,12.439632970222654,5.192880666420087,5.379523051009858,83.87725373326117,83.11995209347158,6.755381927745062,7.005954661687405,29.92777777777781,30.989200000000025,24.70995226070229,25.550649236499613,17.818333333333367,18.79307692307696,4.065542988226397,4.126097504409762,0.7374666666666667,0.7170428571428572,0.6564480555555556,0.6762731812169314,0.57975,0.6067555555555555,0.0470770030642923,0.0321146705572386,750.3535027503967,1756.4686784744265,451.79843894640607,1010.1195808816534,221.92526769638064,540.4011008050293,141.28762751434925,327.0744744430486
640,0.44000000000000483,0.7322660517596375,-4.039999999999964,0.01911935330649861,0.01770000000000005,0.01987163561076588,0.022799999999999987,-0.019617513425646597,-2.059910000000002,-0.21880529999999965,0.0,-1.2236858770140664,0.39460939721722,0.1711342232891413,-0.6899738923448808,0.24663947664285235,34.27000000000004,34.71000000000004,23.363461538461568,24.095727590221205,8.550000000000011,4.510000000000048,4.718318765598103,4.737438118904602,0.8126,0.8303,0.717659420289855,0.7375310559006208,0.3901,0.4129,0.0695530187070131,0.0499355052813665,118.05277,115.99286,4.9616437,4.7428384,0.0,0.0,11.96912807610508,10.745442199091013,12.096102438420171,12.490711835637391,5.185261055535525,5.3563952788246665,83.63776529772426,82.94779140537938,6.942776902401117,7.189416379043969,30.412222222222244,30.73083333333336,25.05933796296299,25.544052689594384,18.901666666666703,19.17074074074077,3.745653632639679,3.92430025560248,0.7938166666666667,0.7864785714285715,0.7126688888888889,0.7272390542328041,0.6535666666666667,0.6549416666666666,0.0430056931918739,0.0386835754412628,706.1574983596802,1716.4884424209597,432.5843540926774,979.4213687187464,195.1822185516357,485.5234913853928,140.3463234473107,334.3033821677287
641,1.420000000000016,0.6633846657929041,-1.3199999999999932,0.09120470393303393,0.02080000000000004,0.0003668737060045224,-0.0827,-0.0017380858910914926,-42.900324,-0.19972060000000003,0.0,-1.4201704833288815,0.3951497955579093,0.15788013857840966,-0.6873557021246057,0.25935121463068445,34.910000000000025,36.33000000000004,22.962142857142904,23.62552752293581,9.29000000000002,7.970000000000027,4.636594859557905,4.727799563490939,0.8373,0.8581000000000001,0.7647536231884058,0.7651204968944103,0.5071,0.4244,0.0630711964386745,0.061333110547583,128.74042,85.840096,4.6358786,4.436158,0.0,0.0,11.179659080362612,9.75948859703373,12.470993612849398,12.866143408407307,5.319338188107982,5.477218326686391,82.78007752936549,82.09272182724088,7.311911232548359,7.571262447179043,28.14111111111114,28.590000000000035,23.29734511784515,23.522326370851392,17.57500000000003,17.80571428571432,3.690286386922034,3.4677112080902237,0.8822666666666668,0.8928142857142858,0.8278543055555554,0.8362804894179895,0.75556,0.6948111111111112,0.0387329013079445,0.0536288917692957,659.9878664016724,1614.4075622558594,409.3962581555049,916.021654832875,180.78645372390747,449.7285513048992,135.64887374521282,322.382387677915
642,0.07999999999998408,0.8045264607515499,-4.920000000000016,0.2690715838440614,0.015599999999999947,-0.0011053830227738537,0.004400000000000015,-0.005035559425395901,-22.310030000000012,-0.1435202999999996,0.0,-0.8819223882423852,0.4189112516322524,0.15529891210715974,-0.6867465878166854,0.2735101163904847,38.07000000000005,38.150000000000034,24.32321266968327,25.12773913043482,8.090000000000032,3.170000000000016,5.115409166989792,5.384480750833854,0.5793,0.5949,0.504459420289855,0.5033540372670812,0.3225,0.3269,0.045720186512485,0.0406846270870891,127.63312,105.32309,4.370759,4.2272387,0.0,0.0,10.536384881556248,9.654462493313863,13.538657886822,13.957569138454252,5.784452454732748,5.939751366839908,82.42378789124291,81.73704130342622,7.6075612820654515,7.881071398455936,,,,,,,,,,,,,,,,,,,,,,,,
660,1.580000000000041,0.20101003939501538,-2.2599999999999905,0.1717758056146783,0.030399999999999983,0.02133436853002102,-0.026900000000000035,0.0019172803188175977,15.034230000000008,0.46414119999999937,0.0,-0.2088124155734956,0.22768492915068528,0.06370470324690203,-1.2551423634737517,1.041424740039858,33.110000000000014,34.690000000000055,22.1096721311476,22.310682170542616,5.730000000000018,3.4700000000000277,5.234761967991997,5.406537773606675,0.8618,0.8922,0.7860289855072464,0.8073633540372674,0.7144,0.6875,0.0358882973192937,0.0378055776381113,78.13998,93.17421,5.555277,6.0194182,0.0,0.0,12.450509953088211,12.241697537514716,14.481588149835678,14.709273078986364,5.834616920302046,5.898321623548948,77.58544381075939,76.33030144728563,9.631233438701148,10.672658178741006,26.688333333333365,27.239600000000028,22.24739983164986,22.793561003757407,14.733333333333368,15.555185185185216,3.954381560476744,4.18635130539182,0.8459666666666666,0.8738142857142858,0.8030579166666668,0.8397743386243386,0.7587,0.8049571428571429,0.031309662447199,0.0215265218694291,713.0589437484741,1878.7653839588163,506.91902285814285,1282.1361171738054,357.1109838485718,853.934526771307,110.93763445084385,304.78782500865765
668,0.8199999999999932,0.5068257040752222,-0.5800000000000409,0.16055562047780825,0.02310000000000001,0.021321739130434558,-0.02729999999999999,-0.016508253576830195,26.625405,-0.03569310000000048,0.0,-0.31425730765507076,0.3881599441055439,0.11974107450079874,-1.1834677076139002,0.7347840744739607,34.170000000000016,34.99000000000001,21.966974459724995,22.473800163800217,3.1900000000000546,2.6100000000000136,5.118960275667909,5.279515896145718,0.8693000000000001,0.8924000000000001,0.7563869565217394,0.7777086956521739,0.4477,0.4204,0.0729278995002564,0.0564196459234262,72.04605,98.671455,5.2550387,5.2193456,0.0,0.0,11.455787686447582,11.141530378792512,13.986100591844831,14.374260535950375,5.57902122952559,5.698762304026388,80.69067619210153,79.50720848448763,8.78495460152761,9.519738676001571,27.55600000000003,27.654166666666697,22.70662163299666,23.06999830324,15.933636363636394,15.915185185185218,3.878320103036178,4.010482359088409,0.8795833333333335,0.873907142857143,0.7953295833333334,0.8142975859788361,0.7204166666666666,0.7841071428571429,0.0441125511981121,0.0248198434906682,699.8819880485535,1631.2825589179993,476.4193679889043,1111.0743807927356,318.0877101421356,639.2033611238003,117.8673536397006,287.32110382873327
669,1.1399999999999864,0.5364152194086707,-0.5800000000000409,0.15514995722812852,0.013299999999999979,0.023850724637681564,0.03920000000000001,-0.026374772070555802,29.87183600000001,-0.01667740000000073,0.0,0.13804401239950792,0.4196397798720479,0.13012273282327413,-1.183354895765035,0.7225450161731484,32.450000000000045,33.59000000000003,21.11842105263161,21.65483627204028,5.130000000000052,4.550000000000011,4.8903463047732565,5.045496262001385,0.8786,0.8919,0.7709014492753624,0.794752173913044,0.4344,0.4736,0.0793081652187433,0.0529333931481875,62.011734,91.88357,5.1892424,5.172565,0.0,0.0,11.057352276754267,11.195396289153775,13.942094372666745,14.361734152538792,5.598817960422328,5.728940693245602,80.62448591987797,79.44113102411293,8.684032599023851,9.406577615197,25.57222222222224,25.48833333333336,20.77163930976434,21.312097240413934,14.82090909090912,15.197407407407434,3.552653083796617,3.591894040416525,0.8808833333333334,0.8857642857142858,0.7996816666666667,0.8247854828042329,0.70575,0.7922857142857145,0.0494870698881147,0.0277319583576862,687.7447276115417,1583.8543329238892,467.28382457296055,1088.371442315227,304.9130663871765,584.9353408664465,117.26440071355132,284.85135492922177
672,1.6399999999999864,0.8930274865684709,-1.839999999999975,0.49064381536754365,0.01869999999999994,0.0063312629399583376,0.05249999999999999,-0.0266927944641194,43.40396,0.20539530000000017,0.0,-0.10446186804253088,0.4923753539775433,0.14769558110140046,-1.1655741310546262,0.7197166473259315,33.450000000000045,35.09000000000003,21.47978813559325,22.37281562216172,6.110000000000014,4.270000000000039,4.932659057632306,5.42330287299985,0.8462000000000001,0.8649,0.7263333333333336,0.732664596273292,0.2002,0.2527,0.1018095403784779,0.0751167459143585,64.36928,107.77324,4.8467364,5.0521317,0.0,0.0,10.91567422631316,10.811212358270629,13.694750958968129,14.187126312945672,5.643385890977281,5.791081472078681,81.11173178082808,79.94615764977345,8.575698541645867,9.295415188971798,26.57727272727276,27.76454545454549,21.9089187710438,22.733706202439564,15.06000000000003,15.03583333333336,3.881503940202515,4.091794314788459,0.83235,0.8454285714285715,0.7230055555555556,0.7531805555555556,0.6310166666666667,0.7037142857142857,0.0634217154996106,0.0456639340844697,644.4525713920593,1547.144137382507,442.2647057175636,1076.1040387870744,296.6215543746948,524.909966558218,109.48586676716177,298.6265247780384
673,0.2400000000000091,0.6982519530450979,1.1800000000000068,0.11097053657381561,0.025800000000000045,0.00652318840579702,-0.14590000000000003,0.004534283317668697,30.752396000000005,0.2964885000000006,0.0,-0.07362905592074931,0.4923753539775433,0.14769558110140046,-1.1655741310546262,0.7197166473259315,33.77000000000004,34.01000000000005,21.462434782608742,22.16068673565384,3.07000000000005,4.250000000000057,5.166567962062979,5.277538498636795,0.8427,0.8685,0.7114072463768115,0.7179304347826085,0.4344,0.2885,0.07888584178702,0.0834201251046887,72.028114,102.78051,4.7913165,5.087805,0.0,0.0,10.878535060537851,10.804906004617102,13.694750958968129,14.187126312945672,5.643385890977281,5.791081472078681,81.11173178082808,79.94615764977345,8.575698541645867,9.295415188971798,27.23909090909093,27.64619047619051,22.33716624579128,22.952638958263982,15.331666666666692,15.73461538461541,3.98472888225337,3.949001074177316,0.8147333333333333,0.7984714285714285,0.700290138888889,0.716455720899471,0.6127666666666668,0.66115,0.0699588711860012,0.0453712793681564,629.8867545127869,1553.5491750240326,428.8419188261032,1080.8724607021757,293.8362259864807,550.1486456990242,105.82816876168673,289.82295035619984
677,1.6599999999999682,1.3354100862588396,1.6999999999999886,0.20110983547309846,-0.009299999999999975,-0.019623809523809377,-0.16290000000000004,-0.0026477709975138014,17.48044999999999,0.6657675000000003,0.0,0.8307928174169135,0.45940381238220773,0.2649632579742969,-1.1804410048519713,1.0174938999350527,29.950000000000045,31.610000000000014,19.39656455142236,20.7319746376812,4.890000000000043,6.590000000000032,5.127163066255773,5.328272901728871,0.862,0.8527,0.7680318840579708,0.7484080745341615,0.5266000000000001,0.3637,0.0726100314320711,0.0699622604345573,75.8876,93.36805,4.7343755,5.400143,0.0,0.0,10.43971265427105,11.270505471687963,13.880455943443009,14.339859755825216,5.988970843086308,6.253934101060604,81.44229738771476,80.26185638286279,8.42804973796426,9.445543637899313,24.536666666666687,25.303571428571452,19.361116161616188,19.99567233825307,11.366666666666688,13.419629629629656,4.392562706186967,4.1044493163085045,0.8620833333333334,0.8630285714285713,0.8159172222222223,0.8344947751322751,0.75214,0.7920000000000001,0.0372619923980031,0.0203517228039906,727.2779974937439,1616.250768184662,434.666273077329,1151.9380416282838,294.7097952365875,757.064962388482,114.87971808560629,257.5072527578197
681,0.8000000000000114,0.9521298727874168,-0.3599999999999568,0.004109662285544324,0.026499999999999968,0.034519254658385345,0.0711,-0.030538711960208992,-17.233466,-0.2845266999999998,0.0,-1.473287448480555,0.44000827230884454,0.13108778021770195,-0.9554504854927899,0.17259541257955568,29.99000000000001,30.79000000000002,18.881314984709505,19.83344485749692,7.110000000000014,6.750000000000057,4.972177555856382,4.976287218141926,0.8877,0.9142,0.7633521739130436,0.7978714285714289,0.086,0.1571,0.1594019016931415,0.1288631897329325,78.283806,61.05034,4.5835037,4.298977,0.0,0.0,10.20823760320289,8.734950154722336,12.578715037506951,13.018723309815796,5.519979756125637,5.651067536343339,84.53953172260924,83.58408123711645,8.60652642815064,8.779121840730197,24.57888888888892,25.396666666666693,19.781863095238123,20.31893563413875,12.96111111111114,14.335000000000022,4.062839091311927,3.7647349961588015,0.8704999999999999,0.8487785714285716,0.7710324999999999,0.7909423611111112,0.6289,0.6830666666666667,0.0772772280808602,0.0457984678805772,658.8169255256653,1407.194248199463,418.2447182734807,915.6821202059896,251.7083191871643,485.0064762234688,119.81771289560638,268.20426665604845
682,1.3000000000000114,0.7193253082687185,-3.5400000000000205,0.27223413402400354,0.060699999999999976,0.012404554865424355,-0.1433,0.004463461741286201,10.493905000000012,-0.20787699999999987,0.0,-1.1201880722482027,0.4326108434066267,0.13109002397404623,-0.9678793844607014,0.1614680808238269,32.39000000000004,33.690000000000055,21.6649852507375,22.38431055900622,9.630000000000052,6.090000000000032,4.962438225446737,5.234672359470741,0.8079000000000001,0.8686,0.6663637681159422,0.6787683229813666,0.3447,0.2014,0.0854026999047362,0.0898661616460224,81.012115,91.50602,4.772282,4.564405,0.0,0.0,10.510959664405762,9.39077159215756,12.26025531147956,12.692866154886186,5.421490456349462,5.552580480323508,84.3389381379935,83.3710587535328,8.352389369770691,8.513857450594518,27.94777777777781,28.530000000000022,22.84621284271287,23.331848988942017,16.36333333333337,16.262173913043505,3.901922996688131,4.209229361288393,0.7883666666666668,0.7681785714285715,0.6960122222222224,0.7021810846560846,0.5811666666666667,0.6379444444444444,0.0521558885268446,0.0417557670298431,673.2258503437042,1592.3610286712646,435.4707247515519,972.21826794371,236.93874788284305,532.3130009770393,120.67059399242478,322.0237328865246
685,1.3999999999999773,0.9069898979269873,-0.8000000000000114,0.3548067115194655,0.023700000000000054,0.008680124223602426,-0.11550000000000002,-0.023751536968021805,-29.76912999999999,-0.03165930000000028,0.0,-1.5155603837171636,0.4552504576755183,0.1366725465650216,-1.2518561574554212,0.22254316431677612,31.090000000000032,32.49000000000001,20.43346153846157,21.34045143638856,8.850000000000023,8.050000000000011,4.805550563970702,5.160357275490168,0.8678,0.8915000000000001,0.7529565217391303,0.7616366459627327,0.272,0.1565,0.122298850502688,0.0985473135346662,98.47679,68.70766,4.5610213,4.529362,0.0,0.0,10.689227561631348,9.173667177914185,12.273211240246647,12.728461697922166,5.420182565288676,5.5568551118536975,83.06007296842499,81.80821681096957,7.857966343278357,8.080509507595133,27.02000000000004,27.135833333333363,21.39838888888892,22.11819372642549,15.42833333333337,15.512400000000028,4.010152061079908,4.165762768013919,0.7897833333333333,0.8195357142857143,0.723657638888889,0.7445025462962963,0.5667333333333334,0.6079555555555557,0.0578757196837831,0.0586710030034318,638.7567496299744,1637.0969190597534,416.1931955416997,964.7541044157308,228.74103665351868,519.1783238034695,110.27418928001126,331.4451344111798
686,0.8999999999999773,0.8373883072007686,-2.3799999999999955,0.16436150591901733,0.02510000000000001,0.015415527950309982,0.0338,-0.004520250988435101,-7.386389999999992,-0.02224399999999971,0.0,-1.2232393834734054,0.4632359080903523,0.14306020456394997,-1.4511965542111085,0.2457353416140231,32.51000000000005,33.410000000000025,21.22632911392407,22.06371742112484,6.850000000000023,4.470000000000027,5.254555269626328,5.418916775545346,0.8243,0.8494,0.7211260869565218,0.7365416149068318,0.2233,0.2571,0.1044190118901154,0.0998987609016803,91.78281,84.39642,4.5647793,4.5425353,0.0,0.0,10.477856569008145,9.25461718553474,12.096033979972711,12.559269888063064,5.35656463565993,5.49962484022388,82.92103583690805,81.46983928269694,7.9243209166378845,8.170056258251908,25.885000000000037,27.17190476190479,21.130551587301618,21.738473938313454,14.355000000000029,15.11148148148151,3.935647143518751,4.352399526048282,0.8099333333333334,0.8378071428571429,0.7460894444444445,0.7785260912698413,0.6351833333333334,0.6491000000000001,0.0544420676096822,0.0457951313852566,628.0455577373505,1688.9501757621765,416.5361308852832,967.5599897240172,223.98122477531436,512.5890595223755,109.58536419758305,349.2688599270493
687,1.0,0.7007605905665564,0.339999999999975,0.22776625135434525,0.01650000000000007,0.008817184265010547,-0.08420000000000001,-0.00042503872757029826,-16.834778,-0.05281560000000063,0.0,-1.6424333329903202,0.4771956048853987,0.15066898437976128,-1.279856762374152,0.15851945710191195,31.370000000000005,32.370000000000005,20.42365079365082,21.124411384217375,6.830000000000041,7.170000000000016,5.004294315119833,5.232060566474178,0.88,0.8965000000000001,0.7685318840579712,0.7773490683229818,0.2066,0.1224,0.1287030685452836,0.1282780298177133,100.231804,83.397026,4.631395,4.5785794,0.0,0.0,10.784915570511831,9.142482237521511,12.205413638420202,12.6826092433056,5.397602953049605,5.548271937429366,83.66143833782064,82.38158157544649,7.865934926430084,8.024454383531996,26.398571428571447,26.444736842105296,20.57611832611835,21.219481835438653,14.431666666666686,15.110000000000028,3.938649223837816,3.9434237691140743,0.8539500000000001,0.8419785714285715,0.7865319444444445,0.7780207671957671,0.6980999999999999,0.6426111111111112,0.0433272134879045,0.0524116936256543,617.165278673172,1695.1829299926758,422.6147608558337,975.237372899428,222.4384083747864,517.6063308939338,111.04129065508428,347.4254512375996
688,0.10000000000002274,0.7909027888612279,-0.2799999999999727,-0.028794599268617382,0.017900000000000027,0.030133126293995893,-0.14620000000000002,-0.011278645393935305,-0.7642960000000016,-0.08087269999999958,0.0,-1.6616375056266453,0.4936135208521879,0.1618885960826857,-1.0248543518628566,0.059411182875572344,30.350000000000023,30.450000000000045,18.815375722543383,19.60627851140461,5.730000000000018,5.4500000000000455,4.978589999673007,4.94979540040439,0.9034,0.9213,0.7966159420289856,0.8267490683229815,0.3209,0.1747,0.1315617302876729,0.1202830848937376,104.11978,103.355484,4.695327,4.6144543,0.0,0.0,10.997683015019906,9.33604550939326,12.370006427461275,12.863619948313463,5.483976132661568,5.645864728744254,84.9113132823543,83.88645893049144,7.652830172372008,7.71224135524758,24.587500000000027,24.91285714285717,20.05867291967295,20.335089701361472,13.360000000000037,14.58565217391307,3.661366070629321,3.633570183609216,0.8514666666666667,0.8707785714285715,0.7730844444444444,0.8252020502645504,0.6425799999999999,0.6463555555555556,0.0626765197976949,0.0584792790588677,627.1340489387512,1779.421694278717,429.939584116141,987.3065506560572,221.8092815876007,498.9461155403405,117.50299800176724,362.3503224116625
689,0.24000000000001265,0.8876926897236643,-2.8799999999999955,0.029187083245047596,0.005400000000000071,0.031192339544513503,-0.2818,-0.015408518013765915,-30.80496000000001,-0.10682349999999996,0.0,-2.3652830401189817,0.500286812680141,0.17124866057925203,-0.7386797836568775,-0.034616486707652605,30.410000000000025,30.650000000000038,18.452832369942243,19.340525059665907,6.150000000000034,3.2700000000000387,4.891383489372687,4.920570572617734,0.9065,0.9119,0.7985753623188407,0.8297677018633542,0.3433,0.0615,0.1399990645991497,0.1245905465853838,130.84976,100.0448,4.7569885,4.650165,0.0,0.0,11.793009483120846,9.427726443001864,12.306733848465845,12.807020661145986,5.463826218920224,5.635074879499476,86.28659069042787,85.547910906771,7.509334944893799,7.474718458186146,24.784285714285755,25.07909090909094,19.368177910052932,19.977506369581054,14.471666666666698,15.03500000000003,3.5667047889911894,3.405722540480649,0.8863500000000001,0.8830785714285713,0.8100169444444445,0.8229525132275133,0.6991333333333333,0.6669444444444445,0.0682893809929801,0.064289408936576,671.2878060340881,1781.7093305587769,434.075193186601,990.4851722335444,223.16353368759155,509.4519811328501,124.42938381466612,364.0737345416792
690,0.5600000000000058,0.7473624480095147,-4.739999999999952,-0.035090553316089235,0.021299999999999986,0.0001977225672878946,-0.07680000000000001,0.003179034486346488,-34.692499999999995,-0.2630903999999994,0.0,-2.336405103278217,0.4817886363279822,0.17630647972434055,-0.6667691466091981,-0.043431493129545196,30.69000000000005,31.250000000000057,19.01329411764709,19.760656565656603,6.930000000000007,2.1900000000000546,4.833733519446851,4.798642966130762,0.8989,0.9202,0.7986072463768118,0.7988049689440997,0.1242,0.0474,0.1385351086342419,0.1417141431205884,101.49145,66.79895,4.8856964,4.622606,0.0,0.0,11.598875031231906,9.262469927953688,12.06145327129689,12.543241907624871,5.294195509777899,5.47050198950224,86.11821773421353,85.45144858760433,7.325328535435921,7.281897042306376,25.138888888888918,25.567272727272748,20.5576595719096,20.669079986738478,14.985000000000028,15.608333333333364,3.6090424226044906,3.462962015687783,0.8858833333333335,0.8804071428571428,0.7701174999999999,0.7891089947089949,0.6645000000000001,0.657888888888889,0.0662415899501264,0.0701152908300421,710.9689259529114,1737.008090019226,445.81981300314266,984.6150556675468,227.054074048996,526.7456535771489,131.83446819599996,345.6202362272507
712,0.18000000000000682,0.17032370730040114,-3.720000000000028,0.22561488926921847,0.010600000000000054,0.019570600414078765,-0.010699999999999987,-0.0173045075642696,33.54826,0.43268400000000007,0.0,-0.27126356315218914,0.19002148252170414,0.04570046437679931,-1.4551884605371725,1.4619119009546804,40.79000000000002,40.97000000000003,26.00890109890114,26.179224806201542,11.010000000000048,7.29000000000002,5.749386484335703,5.975001373604922,0.8817,0.8923000000000001,0.651927536231884,0.6714981366459628,0.4591,0.4484,0.1176837260910936,0.100379218526824,86.94756,120.49582,5.9056177,6.3383017,0.0,0.0,13.40361309545986,13.132349532307671,14.262794400064024,14.452815882585728,5.848248221876112,5.893948686252911,76.41335741138192,74.95816895084475,9.193786382928623,10.655698283883304,33.162000000000035,32.384166666666694,25.902049663299696,26.418156405470565,18.456666666666692,18.63666666666669,4.364598874993991,4.6010239259596775,0.8485833333333334,0.8528642857142857,0.7327202777777778,0.743883201058201,0.6699333333333334,0.6428222222222222,0.0567560989944761,0.0576501324460021,838.6856634616852,1941.7548186779024,538.8876315355301,1350.058215468035,356.230574131012,861.293089770712,133.56133091986948,306.5980873349852
714,1.6800000000000068,0.44014563191358747,-4.080000000000041,0.2673604409678516,0.03689999999999993,0.022946997929606527,-0.01869999999999994,-0.0010573020794839016,25.789315000000002,0.3420209999999999,0.0,-0.8089131642007867,0.21120658560233885,0.056720311761973896,-1.3666123889286723,1.2092437168765375,34.39000000000004,36.07000000000005,23.445730337078658,23.885875968992245,8.130000000000052,4.050000000000011,5.10021338049048,5.367573821458332,0.8451000000000001,0.882,0.7299318840579708,0.7528788819875774,0.6513,0.6326,0.0497298425925186,0.0486725405130347,98.76525,124.554565,6.3826814,6.7247024,0.0,0.0,14.440801864837107,13.63188870063632,14.089442926091388,14.300649511693727,5.7027377541136985,5.759458065875672,77.07493144646747,75.7083190575388,9.706407990400734,10.915651707277272,30.908000000000037,31.95800000000002,25.474555555555582,26.085737302257623,17.888333333333364,18.16925925925929,4.221858984121598,4.653336424982062,0.8024333333333334,0.8400357142857143,0.6622709722222223,0.6551097883597884,0.5411166666666668,0.5070222222222223,0.0754504595574768,0.1034546005851169,846.4613587856293,2037.1271142959597,556.288995663325,1358.6882740090075,389.4616765975952,821.4912022138014,126.59438694516544,321.6579945301507
717,0.5399999999999636,0.21689955734295552,-0.3199999999999934,0.33853055045794367,0.03069999999999995,0.03117453416149052,0.005699999999999927,-0.0045015915197334985,4.597394000000008,0.21746929999999942,0.0,-0.7569971753296425,0.26484689088455227,0.07189382851139303,-1.3150266205969103,0.9462361203222702,33.33000000000004,33.870000000000005,21.87033027522937,22.087229832572326,1.9700000000000275,1.650000000000034,5.0621740879214965,5.40070463837944,0.8210000000000001,0.8517,0.7160782608695652,0.7472527950310557,0.5306000000000001,0.5363,0.0505512191672412,0.0460496276475077,71.69089,76.288284,5.4287314,5.6462007,0.0,0.0,12.102814962713747,11.345817787384105,14.590388624721548,14.8552355156061,5.863631426765659,5.935525255277052,79.00293713747944,77.68791051688252,10.222907157046244,11.169143277368514,25.290000000000028,25.97240000000004,21.24712710437713,21.85178780738856,14.480000000000038,15.045555555555586,3.600484567956612,3.814753494784264,0.8306333333333334,0.8358285714285715,0.7829480555555556,0.7980656084656085,0.7313166666666667,0.7578785714285716,0.0328686083057956,0.0222799755414096,711.0285391807556,1818.917715072632,495.3717633485794,1202.6406986951868,320.28137946128845,737.1325156595558,113.97961169274808,309.1984590082131
718,1.1000000000000227,0.46753899008940536,-6.339999999999975,0.16107347994257548,0.0020999999999999908,0.019228157349897024,-0.05380000000000007,-0.0027577834748243046,-0.29307000000000016,-0.0016780000000000683,0.0,-1.0407347746238766,0.26484689088455227,0.07189382851139303,-1.3150266205969103,0.9462361203222702,32.23000000000002,33.33000000000004,21.551225225225256,22.01876421531466,6.7900000000000205,0.4500000000000455,5.108959233030698,5.270032712973274,0.8679,0.87,0.7843159420289855,0.8035440993788825,0.6726000000000001,0.6188,0.0430080330318877,0.0402502495570634,69.16329,68.87022,5.3675857,5.3659077,0.0,0.0,11.742231421124586,10.70149664650071,14.590388624721548,14.8552355156061,5.863631426765659,5.935525255277052,79.00293713747944,77.68791051688252,10.222907157046244,11.169143277368514,25.758888888888933,25.947037037037067,21.201980639730674,21.647060319524844,13.813333333333356,14.983333333333364,3.9049353868681904,3.7800706893893623,0.8631333333333333,0.8735571428571428,0.8245247222222223,0.8543751984126985,0.7597166666666667,0.8206571428571428,0.0308797010353716,0.0167572461356872,716.8245725631714,1689.0759625434875,489.79220326741535,1142.938306565741,318.0845422744751,725.674430297222,108.30644600714072,276.1274958776978
723,0.339999999999975,0.46918261720531973,0.30000000000001137,0.14020901713701228,0.01860000000000006,0.02821014492753593,0.25110000000000005,-0.0402542004475657,39.3276,0.0007929000000004294,0.0,-0.12522439168593635,0.37822958877724844,0.10990263821612878,-1.2735583655419163,0.7568403895617362,30.590000000000032,30.930000000000007,19.814499054820445,20.283681672025764,3.910000000000025,4.210000000000036,4.655102225937752,4.795311243074765,0.8727,0.8913000000000001,0.7937855072463769,0.8219956521739128,0.3112,0.5623,0.0829264809288033,0.0426722804812376,61.10599,100.43359,5.2017694,5.2025623,0.0,0.0,11.266998814549876,11.14177442286394,13.893278144356255,14.271507733133504,5.555072260861672,5.664974899077801,81.84429020180525,80.57073183626333,9.233464853748083,9.99030524330982,24.49000000000003,24.84750000000003,20.35543097643101,20.84532477460813,14.35545454545458,14.21666666666669,3.56836789166322,3.603112434425542,0.8387333333333333,0.8598214285714285,0.7882518055555557,0.8243019841269842,0.7329166666666667,0.7841714285714287,0.038833416651424,0.026459816326629,654.4606308937073,1626.0616626739502,474.6614440083504,1108.1457525630394,318.869197845459,657.7703288793564,111.41480920845994,277.38093763977906
725,0.5,0.7731109721203353,-1.1000000000000236,0.035683328745479415,0.020399999999999974,0.016691511387163738,-0.02479999999999999,-0.010829151243986895,23.273229999999998,0.02661900000000017,0.0,-0.18295931614447447,0.4501272373848675,0.13524641757873201,-1.2178403944695901,0.69024637740808,31.79000000000002,32.29000000000002,20.233263598326417,21.006374570446752,4.910000000000025,3.8100000000000014,5.019241076171193,5.054924404916672,0.8703000000000001,0.8907,0.7882724637681158,0.8049639751552795,0.4989,0.4741,0.066399307845309,0.0555701566013221,77.21167,100.4849,5.093757,5.120376,0.0,0.0,11.216839454001786,11.033880137857311,13.961336969927023,14.41146420731189,5.633297563590838,5.76854398116957,81.43642073503568,80.21858034056609,8.982112060554998,9.672358437963078,25.32800000000004,25.92913043478264,20.7105820707071,21.54257741118251,14.65727272727276,15.042307692307723,3.43590023773369,3.564851205125684,0.8183666666666668,0.8006500000000001,0.7380861111111111,0.765917261904762,0.63475,0.7319357142857142,0.0431760880073369,0.0232655049350704,670.011116027832,1576.8959259986875,464.8053582708041,1090.6400778517902,308.1249041557312,578.6585482060909,111.27433629278792,282.01914914098444
727,0.4800000000000182,0.5094977168949733,0.01999999999998181,-0.0508831530563123,0.022199999999999998,0.028752795031055878,0.008299999999999974,-0.0200166417029912,12.30619,0.7123360000000005,0.0,1.1484338329775756,0.45940381238220773,0.2649632579742969,-1.1804410048519713,1.0174938999350527,31.03000000000003,31.510000000000048,20.2800456621005,20.78954337899547,4.970000000000027,4.990000000000009,5.2533394899817045,5.202456336925392,0.8408,0.863,0.7378347826086958,0.7665875776397517,0.4843,0.4926,0.0762932288029822,0.056276587099991,75.688065,87.994255,4.722026,5.434362,0.0,0.0,10.30833200499709,11.456765837974666,13.880455943443009,14.339859755825216,5.988970843086308,6.253934101060604,81.44229738771476,80.26185638286279,8.42804973796426,9.445543637899313,25.838333333333363,25.37461538461541,20.212509259259285,20.490827113188985,12.480000000000029,14.319230769230805,4.467069386548126,3.875406838450952,0.8829833333333333,0.8760142857142857,0.8339108333333334,0.8427909060846561,0.7830333333333334,0.8129071428571429,0.0318876629785161,0.020970491608813,734.8371210098267,1618.6396527290344,429.4744313756625,1140.203697842764,290.49338459968567,754.9086739309132,118.8214618312424,255.8883933735707
728,1.599999999999966,1.1104432300677445,2.9399999999999977,0.5121672939684512,0.039000000000000035,0.01908260869565226,0.07739999999999997,-0.017484671432230703,18.787490000000005,0.29211169999999953,0.0,0.1274490240847328,0.51923373657241,0.15366814503073822,-1.1932517447815911,0.7208306100793571,33.25000000000006,34.85000000000002,20.893847780126865,22.00429101019461,1.57000000000005,4.510000000000048,4.91417241048793,5.426339704456381,0.8224,0.8614,0.7092826086956521,0.7283652173913043,0.3057,0.3831,0.0902303299958818,0.0727456585636511,69.77579,88.56328,4.7736583,5.06577,0.0,0.0,10.740444652739525,10.867893676824258,13.611717046639344,14.130950783211754,5.606019311744918,5.759687456775656,82.2275279496922,81.03427620491061,8.49174182560699,9.212572435686347,24.440000000000037,25.537500000000037,20.507255892255923,21.172393389326757,14.710000000000033,14.913846153846178,3.3012431340895416,3.580623656961329,0.83675,0.8450285714285714,0.7583170833333331,0.7753613095238098,0.6738666666666667,0.7311142857142858,0.0530988966550551,0.036628971245576,636.3294537067413,1540.759078025818,435.5963015556336,1079.0090304070327,291.80846071243286,516.4008215665817,108.84791498421406,294.95274550156705
732,-1.259999999999991,0.1586594438425415,-3.0600000000000023,-0.17755170472717197,0.04139999999999999,0.03455113871635551,0.09810000000000002,-0.018048765391844697,28.252425000000002,0.6281876999999998,0.0,1.0033447542445373,0.5056596966062425,0.14883873995352026,-1.2110383765220263,0.6179035462204734,31.430000000000007,30.170000000000016,19.47430769230774,19.63296713615028,4.4500000000000455,1.3900000000000432,4.951566287199794,4.774014582472622,0.8502000000000001,0.8916000000000001,0.7625898550724638,0.7971409937888193,0.3358,0.4339,0.0798099629553572,0.0617611975635125,72.502815,100.75524,4.190927,4.8191147,0.0,0.0,9.501418201287931,10.504762955532469,13.09520986673066,13.600869563336902,5.505369800850152,5.654208540803673,82.92629122458105,81.71525284805902,8.96770553300327,9.585609079223744,23.51600000000002,23.32400000000004,19.22556523569027,19.766422547092315,12.9566666666667,13.985384615384646,3.471495975820823,3.19318956991,0.8530333333333333,0.8624642857142858,0.8006222222222222,0.8247462962962963,0.6862500000000001,0.7816285714285716,0.0506386638320102,0.0213578735734033,576.4968385696411,1503.737707614899,382.42208140095073,1026.4714081391382,261.4470191001892,508.5009800195694,102.4823014565606,274.8850524028236
736,1.919999999999959,1.1193064978139446,-2.8600000000000136,0.3206332943491006,-0.0403,-0.00373623188405825,-0.08840000000000003,-0.008542802417902895,-30.330429999999993,-0.16704149999999984,0.0,-1.5421924540911327,0.4816619388704666,0.13632754577881556,-1.0381830550550717,0.25284595745826266,28.57000000000005,30.49000000000001,18.11979797979802,19.239104477611964,4.670000000000016,1.8100000000000025,4.645316633541134,4.965949927890235,0.9151,0.8748,0.7825449275362323,0.778808695652174,0.3793,0.2909,0.0913794105757312,0.0828366081578283,92.49197,62.16154,4.392606,4.2255645,0.0,0.0,10.06939305262614,8.527200598535007,12.795248639333431,13.276910578203898,5.604955442097338,5.741282987876153,84.39646680477496,83.35828374971989,9.000661965236697,9.25350792269496,23.818571428571456,23.753157894736876,19.13410101010104,19.57630370022281,13.235000000000031,14.185200000000036,3.400656420853885,3.3246616477479702,0.8297333333333334,0.8392142857142858,0.7377736111111112,0.7850603174603173,0.6471,0.6883333333333335,0.0546848087521227,0.0412968963401551,627.0694098472595,1405.434603214264,400.8252581258615,900.0452570112733,249.55851221084595,467.5024410840124,115.25364520310882,261.0093101972222
737,-0.2399999999999558,0.9943367768595017,-2.840000000000032,0.08829994528697416,0.019100000000000006,0.010374327122153026,-0.02150000000000002,-0.015322264276559805,-35.494918999999996,-0.22945320000000002,0.0,-1.704609734785926,0.48041627443976864,0.13799023918277786,-1.027730331232945,0.21812953003051305,29.870000000000005,29.63000000000005,17.818595041322357,18.81293181818186,5.690000000000055,2.8500000000000227,4.799592149646664,4.887892094933638,0.8922,0.9113,0.77131884057971,0.781693167701863,0.194,0.1725,0.1520290821486,0.1367068178720402,98.309265,62.814346,4.425759,4.1963058,0.0,0.0,10.101256824305604,8.396647089519679,12.75301292426492,13.23342919870469,5.638962644722519,5.776952883905297,84.15513292008961,83.12740258885667,8.755339641127732,8.973469171158245,23.186666666666696,24.34809523809527,19.202434523809558,19.80019864029736,14.1816666666667,14.540833333333364,3.1639847654078124,3.320627891433619,0.8771833333333334,0.8529214285714286,0.7710261111111111,0.7899187169312171,0.6426166666666667,0.7015555555555557,0.086758010141805,0.0507083828998208,640.5255408287048,1383.1265559196472,403.8504939178626,893.8131700148806,248.5173692703247,481.3996699750424,116.55681158302058,262.2182345806483
739,2.240000000000009,0.8575156252435221,0.5,0.26444543951456456,0.024499999999999966,0.012001656314699516,-0.023799999999999988,-0.03252924673955912,11.331556000000006,-0.15763699999999936,0.0,-1.184800032905697,0.4686004758803328,0.1291356179455434,-1.0452360831238536,0.19266944612999204,32.910000000000025,35.150000000000034,21.321746987951848,22.17926261319537,8.53000000000003,9.03000000000003,4.974134115707429,5.238579555221993,0.8501000000000001,0.8746,0.6849623188405799,0.6969639751552794,0.2037,0.1799,0.1253358723549272,0.0928066256153681,77.998314,89.32987,4.649983,4.492346,0.0,0.0,10.505371380866588,9.320571347960891,12.460286708739806,12.92888718462014,5.514299917319039,5.643435535264582,83.92739731211203,82.88216122898818,8.452202240785258,8.64487168691525,27.917500000000025,29.41444444444447,23.275662457912485,24.302845261024498,16.311666666666692,16.710833333333365,4.139607010120663,4.427847521199453,0.7494666666666667,0.7980928571428573,0.6735131944444445,0.6792837301587302,0.5302166666666667,0.6063285714285714,0.0554026650501269,0.0481494247227037,646.9943518638611,1617.283483028412,421.8920801877976,965.8746960495288,232.09021019935608,497.4284448996186,117.13966501967504,342.94523930287954
742,1.0,0.5544868421052733,-1.920000000000016,0.14962882956363988,0.03309999999999991,0.02840621118012432,-0.19340000000000002,0.008269460168550805,-15.889195999999998,0.07518769999999986,0.0,-1.1571694009959668,0.489611707715218,0.13933254506209547,-1.469778484240564,0.27446720941895286,31.950000000000045,32.950000000000045,20.920986842105293,21.475473684210566,7.830000000000041,5.910000000000025,5.110599055918307,5.260227885481947,0.8410000000000001,0.8741,0.7428739130434783,0.7712801242236026,0.4055,0.2121,0.0895019806309447,0.0977714407994955,96.1872,80.298004,4.5660133,4.641201,0.0,0.0,10.599199578477307,9.44203017748134,12.301461472210132,12.79107317992535,5.441806840589918,5.581139385652014,83.0679182859182,81.59813980167763,8.112437832790528,8.38690504220948,26.595714285714312,26.57857142857145,20.87893981481484,21.38085681494482,14.496666666666698,14.950000000000031,3.7658731624105353,4.206802489082508,0.8313666666666667,0.8516142857142858,0.7609098611111113,0.7909180555555556,0.590325,0.6547666666666667,0.0585007577129528,0.0488082736237334,625.881142616272,1744.0547890663147,416.6487095057964,988.5758081887616,216.24455881118772,513.7867020890117,113.01774700072764,370.618105155661
743,0.7799999999999763,0.5163367720619689,-0.8600000000000136,0.1134048250727222,0.02849999999999997,0.020335817805382295,-0.32689999999999997,0.036363375764649306,-19.10203,-0.08266129999999983,0.0,-1.1320470046146642,0.5017616787186849,0.14750704255578917,-1.282373996890584,0.1700324720568709,31.69000000000005,32.47000000000003,20.66439252336452,21.180729295426488,8.07000000000005,7.210000000000036,5.058090556987421,5.171495382060143,0.8501000000000001,0.8786,0.7590101449275364,0.7793459627329187,0.5362,0.2093,0.0783596430900253,0.1147230188546746,107.37125,88.26922,4.7195053,4.636844,0.0,0.0,10.579831007686645,9.44778400307198,12.41917558727864,12.920937265997324,5.496509350188232,5.644016392744021,84.10673539168532,82.82436139479474,7.915413015693678,8.08544548775055,25.438571428571453,26.006190476190508,20.18850018037521,20.856384984319607,14.051666666666696,14.472962962962994,4.027339412314106,4.09602745137146,0.8847999999999999,0.90055,0.8252401388888888,0.8333680886243386,0.781725,0.7046777777777778,0.0317102629027332,0.044514294187085,629.593948841095,1709.3330807685852,430.6548538506031,987.6478441312598,222.77746486663816,518.0323487501591,117.9450274767238,363.289339870159
745,0.4399999999999977,0.7341389811738992,-2.1999999999999886,0.12356279533573211,0.027899999999999925,0.04149089026915109,-0.0819,-0.024322491842975413,-12.347570000000005,-0.10253400000000035,0.0,-1.6535340661434734,0.5053026299652696,0.16579308815944316,-0.7373182318667233,-0.007665813958723788,30.99000000000001,31.430000000000007,19.261337209302347,19.995476190476246,7.490000000000009,5.2900000000000205,4.7292189804829095,4.852781775818642,0.8877,0.9156,0.7701898550724638,0.8116807453416149,0.1464,0.0645,0.1492309882969846,0.1249084964540092,107.55588,95.20831,4.731002,4.628468,0.0,0.0,11.089520179982316,9.435986113838842,12.196477534310594,12.701780164275863,5.404386296439621,5.570179384599064,86.3499000061698,85.61258177430308,7.550401766986612,7.542735953027888,25.344285714285725,26.14818181818185,21.04361820586823,21.10507411608721,16.130000000000024,15.925384615384647,3.313606746745917,3.2847200744219647,0.8597000000000001,0.8554,0.7809083333333332,0.8200143187830687,0.6422,0.7171111111111113,0.0687225650647171,0.0366997600029139,696.3230633735657,1757.7386379241943,431.70393448074657,985.8636972211922,227.26001930236816,493.33474560827017,129.96604126426993,368.9899719882063
747,0.4200000000000159,0.6339738504097099,-1.6200000000000045,-0.0653196039426005,0.014100000000000001,0.01274140786749467,-0.2076,-0.007577530286921111,-37.20886,-0.2599999999999998,0.0,-2.7129310986989292,0.4764801000426555,0.18326774469840412,-0.5416965072437989,-0.048884221038201225,31.970000000000027,32.39000000000004,21.76195652173917,22.39593037214888,8.010000000000048,6.390000000000043,4.821339395160492,4.756019791217891,0.8527,0.8668,0.7546362318840578,0.7673776397515525,0.279,0.0714,0.0975082634491768,0.0899307331622557,114.12197,76.91311,5.025893,4.765893,0.0,0.0,12.37184388252964,9.658912783830711,11.867376683169054,12.34385678321171,5.201174849179817,5.384442593878221,85.6773034073043,85.1356069000605,7.007788348435283,6.958904127397082,27.84250000000003,28.74250000000002,22.977160774410805,23.48734638780544,16.298333333333364,17.02846153846157,3.996513251501236,4.053358195264211,0.8192,0.8137857142857143,0.7534405555555556,0.7710958994708995,0.6410833333333334,0.6795888888888889,0.0513408071729775,0.0390075432906486,849.6729097366333,1763.8242783546448,458.61277123292285,1015.135220422099,226.54770517349243,530.3930583372712,163.6544852785484,368.6917464671171
748,1.579999999999984,0.7377275320156116,-0.7599999999999909,0.06209174258740635,-0.0005999999999999339,-0.004100828157349579,-0.19640000000000002,0.004005215552238199,-35.44762999999999,-0.21424909999999997,0.0,-2.4141153123532604,0.4764801000426555,0.18326774469840412,-0.5416965072437989,-0.048884221038201225,35.690000000000055,37.27000000000004,24.600287356321868,25.33801488833748,8.650000000000034,7.890000000000043,5.265151854919051,5.327243597506457,0.6876,0.687,0.6120057971014492,0.6079049689440996,0.3199,0.1235,0.0563086187550714,0.0603138343073096,119.76727,84.31964,5.1082215,4.8939724,0.0,0.0,12.40779243797008,9.99367712561682,11.867376683169054,12.34385678321171,5.201174849179817,5.384442593878221,85.6773034073043,85.1356069000605,7.007788348435283,6.958904127397082,28.580000000000027,28.870000000000022,23.429315235690265,24.090292661042685,16.43000000000003,17.71480000000002,4.023671499108225,3.9376827520643047,0.8851666666666667,0.8997500000000002,0.8379405555555556,0.8470044312169313,0.73345,0.6961555555555555,0.0427402696275941,0.0514398297305649,879.4980554580688,1760.1425652503967,469.91612911224365,1046.8039210041163,225.66214966773987,602.2108603566885,174.31633619182725,366.1282219703498
750,1.2200000000000273,0.6141777286135337,-1.3600000000000136,0.23817054107899427,0.026100000000000012,0.010210973084886055,0.006900000000000017,-0.011695051265647204,-51.722685999999996,-0.31650940000000016,0.0,-2.4684770662451747,0.4469510758331907,0.19215602550184396,-0.5477760291974363,0.07709787241562172,36.370000000000005,37.59000000000003,25.043154761904788,25.65733249051832,10.730000000000018,9.370000000000005,5.279249094318157,5.517419635397151,0.7001000000000001,0.7262000000000001,0.6317971014492754,0.6420080745341614,0.3457,0.3526,0.0569309395290149,0.0452358882633677,126.886406,75.16372,5.345214,5.0287046,0.0,0.0,12.70646913542176,10.237992069176585,11.900048562621102,12.346999638454292,5.180268472631467,5.372424498133311,84.4528847557162,83.90510872651876,6.726127876111844,6.803225748527466,28.737500000000036,29.385652173913076,23.92231313131316,24.25172380751967,17.535000000000036,17.86333333333336,3.9364111012426815,4.031682429088136,0.8042666666666666,0.8291500000000003,0.7668834722222222,0.7848185185185185,0.7199166666666668,0.7069888888888889,0.0308590248104072,0.0311556937849409,952.7994847297668,1974.2659349441528,487.7507609724999,1071.114103876772,232.18221473693848,600.4146113917232,185.09350138779223,407.176794636057
752,1.3600000000000136,0.9297731551637121,-3.3999999999999773,-0.013791121152554098,0.017800000000000038,0.021186542443064282,-0.06340000000000001,-0.00177097262376609,-42.643224000000004,-0.1118042999999993,0.0,-2.441751242762445,0.4228873183910977,0.18926546278405798,-0.784783261072505,0.3345005699745789,33.610000000000014,34.97000000000003,22.01509803921571,22.944871194379424,10.29000000000002,6.890000000000043,4.510081803642002,4.496290682489448,0.8479,0.8657,0.7500507246376811,0.7712372670807454,0.3594,0.296,0.0789573332280769,0.0771863606043108,116.80647,74.163246,4.946616,4.8348117,0.0,0.0,12.4265625520151,9.984811309252656,11.983895917872244,12.406783236263342,5.211236264225486,5.400501727009544,83.22133082095799,82.43654755988548,7.098345350287941,7.43284592026252,28.535000000000032,29.17307692307696,24.02242760942764,24.366750232986664,17.7716666666667,18.552222222222248,3.7155196088617153,3.604525519416124,0.8395333333333334,0.8361285714285716,0.7854137500000001,0.7826709986772485,0.73214,0.7228222222222221,0.0355236874684193,0.0420419337348166,806.4370679855347,1823.0393805503843,451.3787082036336,1029.814934977463,207.805272102356,505.2369810724631,159.48002838260425,358.85533388183615
753,1.839999999999975,0.5753614649279868,-3.1800000000000086,0.0338615916918199,0.03510000000000002,0.038803519668737074,-0.08739999999999998,0.004259312509625704,-33.42107399999999,-0.023985500000000215,0.0,-1.88721536485847,0.40803863460012124,0.17447551827395902,-0.7032035691718619,0.32368067634731457,33.97000000000003,35.81,23.47956097560979,24.054922440537776,11.050000000000011,7.870000000000003,4.520159753537667,4.554021345229487,0.785,0.8201,0.6593666666666668,0.6981701863354038,0.2719,0.1845,0.080829730982034,0.0850890434916597,107.88456,74.463486,4.8710275,4.847042,0.0,0.0,11.95732599555583,10.07011063069736,11.880391021068588,12.28842965566871,5.137563436965821,5.31203895523978,83.1671053982688,82.46390182909694,7.455174615925603,7.778855292272918,28.792222222222247,27.702500000000025,23.495205387205417,23.40142874052385,17.84666666666669,18.04538461538465,3.56479902762296,3.3323614887138606,0.8484333333333335,0.8980285714285715,0.7841820833333334,0.8380526455026457,0.6229750000000001,0.7103555555555555,0.0669576305263709,0.054607802410489,731.8860731124878,1819.5186548233032,433.0089667240779,1027.4214509271378,199.7587776184082,485.019639339298,147.89469773863078,364.9669207045674
784,2.799999999999958,1.3533998902333764,-4.220000000000027,0.3158250002023504,-0.016899999999999915,-0.028422567287785028,0.06059999999999999,-0.004492233306174598,34.60751,0.2997557999999998,0.0,0.21626282234525362,0.5342939398115707,0.1651997293475178,-1.2113567904243325,0.7107027169038549,30.63000000000005,33.43000000000001,19.7404555314534,21.093855421686776,5.330000000000041,1.1100000000000136,4.778765123424225,5.094590123626576,0.8487,0.8318000000000001,0.7730710144927538,0.7446484472049688,0.3541,0.4147,0.0721630221688072,0.0676707888626326,60.68573,95.29324,4.755544,5.0552998,0.0,0.0,10.477994412361353,10.694257234706606,13.625861567187297,14.160155506998867,5.60481435781108,5.770014087158597,82.61736537530925,81.40600858488492,8.708676496835508,9.419379213739363,23.252222222222244,24.31857142857146,19.520865319865347,20.28232063461233,13.680000000000026,14.265384615384646,3.249187376291686,3.4758567564674827,0.84095,0.8372357142857144,0.7948879166666667,0.7930890873015873,0.74105,0.7426000000000001,0.0335703602536216,0.0300534551701913,635.993670463562,1555.790762424469,433.94342084725696,1076.7788106884498,316.5745277404785,547.7671791911125,101.54445153361064,282.9892997507188
789,-0.3799999999999919,0.46482600572922905,-1.0399999999999636,0.030923130679842536,0.05930000000000002,0.020800621118012175,0.11200000000000002,-0.017161894915239298,4.916089999999997,0.5383545999999999,0.0,0.40824226779015227,0.542084330987862,0.16247195788755509,-1.2248827607855333,0.6400035968340632,30.53000000000003,30.150000000000038,19.52664864864868,19.99147465437791,6.730000000000018,5.690000000000055,4.771999140346846,4.802922271026689,0.8425,0.9018,0.7470347826086957,0.7678354037267079,0.2377,0.3497,0.1050661528339616,0.0879042579187223,73.56623,78.48232,4.152725,4.6910796,0.0,0.0,9.569840779630177,9.978083047420329,13.006655053945302,13.548739384933164,5.476889681934684,5.639361639822239,83.13111052605642,81.90622776527088,8.871870517963075,9.511874114797138,24.693636363636404,25.457777777777803,20.66790572390575,21.142455436847133,14.698333333333366,14.868461538461569,3.524046265969131,3.5266230981346114,0.8145333333333334,0.8041785714285714,0.7440031944444446,0.7636599867724868,0.6810833333333334,0.7023785714285715,0.0439062094995635,0.0286625689564929,579.6036548614502,1471.9188680648804,378.9361979365349,999.1999719357118,266.67584133148193,514.9671846628189,101.43327058033,263.68639669994377
793,-0.7400000000000091,0.49150529197956416,1.0,0.0050755473081647295,0.008199999999999985,0.028434782608695586,-0.013399999999999967,-0.026974301037449105,-11.403279999999995,-0.12275029999999987,0.0,-1.245536915250332,0.518040204375195,0.14351487880747626,-1.0541937527778202,0.2840955513078569,31.010000000000048,30.27000000000004,18.93005540166207,19.421560693641634,4.430000000000007,5.430000000000007,4.94503920503297,4.950114752341134,0.8773000000000001,0.8855000000000001,0.7545782608695651,0.7830130434782607,0.306,0.2926,0.1115474941020817,0.0845731930646326,87.05991,75.65663,4.4150558,4.2923055,0.0,0.0,9.851298153109168,8.605761237858836,12.775320009196452,13.293360213571647,5.570154314492751,5.713669193300227,83.90779119662965,82.85359744385183,8.75819851443231,9.042294065740167,24.13285714285717,25.49444444444448,19.836478174603204,20.86190046644803,14.086666666666693,15.132857142857173,3.441855559986558,3.672670588839442,0.8417166666666667,0.79545,0.7696620833333333,0.7630791997354498,0.6013200000000001,0.7213777777777778,0.071992684489227,0.024925964321128,634.1318235397339,1451.42560338974,402.873831987381,914.2611033937428,262.3454135656357,496.9571181423962,112.25210017969202,274.9691277446281
794,-0.060000000000002274,0.6392398980868705,0.3199999999999932,0.16080555302530808,0.04069999999999996,0.05213022774327114,0.15950000000000003,-0.051779256076969093,-2.4064799999999877,-0.19363499999999956,0.0,-1.6350760620798521,0.5086716013096471,0.13790012995078005,-1.040198080372079,0.24282428615121887,30.970000000000027,30.910000000000025,19.433039513677848,20.07227941176472,7.710000000000036,8.03000000000003,4.786990272367325,4.9477958253926335,0.8626,0.9033,0.7592014492753626,0.8113316770186337,0.1795,0.339,0.1395228841992968,0.0877436281223277,79.84145,77.43497,4.547717,4.354082,0.0,0.0,10.698849086283856,9.063773024204004,12.5736607781462,13.082332379455847,5.509235230932172,5.647135360882952,83.73264340654167,82.69244532616959,8.513037074111683,8.755861360262902,24.997500000000016,26.19636363636367,20.316528198653234,21.033872910033462,13.917272727272753,15.006666666666694,3.7011400089428927,3.689991454625672,0.8489333333333334,0.8562785714285714,0.7606518055555554,0.8022612764550264,0.6370800000000001,0.7298555555555555,0.0700499104060639,0.0308092539695706,631.1757395267487,1461.4459409713745,407.41717143853504,919.0004868184138,262.76319122314453,504.3556314706802,113.33850628640418,286.4356310603308
795,0.5600000000000058,0.8412981285473258,-3.780000000000029,0.19439763451821968,0.023599999999999954,0.029321118012422653,0.275,-0.041980099616996114,6.111190000000008,-0.20149859999999986,0.0,-1.5771677478923163,0.49685741685190976,0.13057593237720155,-1.0513905312662217,0.2087180969333513,30.730000000000015,31.29000000000002,19.3412804878049,20.182578616352227,7.330000000000041,3.550000000000012,4.944351131993829,5.138748766512049,0.8723000000000001,0.8959,0.7672608695652174,0.7965819875776401,0.1862,0.4612,0.13289940100561,0.0909193013886139,74.7229,80.83409,4.614154,4.4126554,0.0,0.0,10.74919095610597,9.172023208213654,12.37899025211882,12.87584766897073,5.427955644426595,5.558531576803796,83.74755689454025,82.69616636327403,8.207201455761915,8.415919552695266,26.120000000000022,27.496315789473712,21.771902296777323,22.110589806246413,15.1266666666667,15.170000000000025,3.9251214139877386,4.15752536119562,0.8173833333333335,0.8264857142857146,0.7277144444444444,0.7754362103174604,0.6388333333333334,0.7438,0.0547994887840007,0.0224301644840975,657.579493522644,1531.0708146095276,421.041548838218,939.8956175472898,245.7687327861786,522.4828783869743,118.1809176089766,305.37277370770386
796,3.3999999999999773,0.8318806744487546,-1.4800000000000182,0.3623451346203268,0.04039999999999999,0.02319710144927556,0.2655,-0.0355277610325402,3.013596000000007,-0.08821589999999979,0.0,-1.278479089374235,0.49685741685190976,0.13057593237720155,-1.0513905312662217,0.2087180969333513,33.13000000000005,36.53000000000003,21.470000000000024,22.30188067444878,8.350000000000023,6.8700000000000045,5.170294013585273,5.532639148205599,0.8380000000000001,0.8784000000000001,0.7039811594202899,0.7271782608695655,0.1025,0.368,0.1163472168228523,0.0808194557903121,75.708,78.721596,4.5953975,4.5071816,0.0,0.0,10.54659324267194,9.268114153297706,12.37899025211882,12.87584766897073,5.427955644426595,5.558531576803796,83.74755689454025,82.69616636327403,8.207201455761915,8.415919552695266,26.670000000000027,27.645000000000028,21.3825437710438,21.94775379688752,14.748333333333358,14.998000000000026,3.9322571332354768,4.318971937562027,0.8168833333333333,0.831392857142857,0.75693125,0.8000822089947092,0.6093,0.7374555555555555,0.0665807747148677,0.0272996928395876,634.7412557601929,1559.1708879470823,414.6651706198852,951.9948882413252,237.1561198234558,487.3495471309871,117.48152783853246,335.6946329719796
797,2.480000000000018,0.9947543233374638,-1.6200000000000045,0.44731133036655457,0.00040000000000006697,0.02442091097308441,0.22870000000000001,-0.048439664225332094,1.8228539999999924,-0.1172076999999998,0.0,-1.3469226184221093,0.5022813063860525,0.1304968536548481,-1.2047291106936768,0.24661930999999448,30.79000000000002,33.27000000000004,20.138359133126965,21.13311345646443,6.930000000000007,5.310000000000002,4.879883084405061,5.327194414771616,0.8609,0.8613000000000001,0.7401753623188408,0.7645962732919253,0.1609,0.3896,0.1313276016616527,0.0828879374363206,76.61856,78.441414,4.533754,4.4165463,0.0,0.0,10.360955392987826,9.014032774565717,12.432103269470428,12.93438457585648,5.4462584259880895,5.576755279642938,83.38803321533204,82.18330410463837,8.159502853372375,8.40612216337237,25.73000000000004,26.88578947368424,20.712898569023604,21.75460921211001,14.690000000000024,15.201538461538489,3.63505571780554,3.999720124972523,0.8229000000000001,0.8216916666666667,0.7463161111111112,0.766314451058201,0.5985600000000001,0.6758888888888889,0.0627970319809558,0.0376597375944306,611.9427471160889,1501.494918346405,413.7050472299258,940.7243410608886,245.34298706054688,489.9465539250523,110.58820264842666,319.5584645500627
798,1.080000000000041,0.7901488315765164,-3.3999999999999773,0.20053215357115128,0.015899999999999914,0.027242236024844435,0.09859999999999997,-0.0375773669854613,9.82016999999999,0.0024417999999997164,0.0,-1.4383487187322856,0.5155763168433438,0.1365081946359057,-1.3529851078861554,0.2699373682063193,31.49000000000001,32.57000000000005,20.17031152647976,20.960460358056277,7.490000000000009,4.090000000000032,5.059770711576821,5.260302865147972,0.8803000000000001,0.8962,0.7846000000000002,0.8118422360248446,0.3279,0.4265,0.1286043533872194,0.0910269864017581,85.9479,95.76807,4.621184,4.6236258,0.0,0.0,10.917607123118074,9.479258404385789,12.623867207369956,13.1394435242133,5.548041678151204,5.68454987278711,83.24152066935,81.88853556146384,8.143438481254616,8.413375849460936,26.65571428571432,26.500526315789504,21.308174001924037,21.467263720605427,14.911818181818216,14.995217391304378,3.973185277664771,4.059564833085913,0.8546,0.8645642857142857,0.8027255555555556,0.8268247023809523,0.6979666666666667,0.7198666666666667,0.0484301219462477,0.0370839137548061,625.1157779693604,1663.0855598449707,421.68301260471344,984.8322463831864,238.88383388519287,525.0222338177264,115.56076540891377,357.89141419156937
801,0.660000000000025,0.6778872883970308,-3.1800000000000064,0.24348944136467487,0.030999999999999917,0.03186397515527939,-0.1594,-0.007662865963234108,-49.15399000000001,-0.23272030000000044,0.0,-1.9127478669497524,0.518899938362436,0.1549344684345959,-1.0453986707457545,0.13518071975681423,31.170000000000016,31.83000000000004,19.29605042016809,19.97393770856512,6.9500000000000455,3.770000000000039,4.774174846530546,5.0176642878952205,0.8813000000000001,0.9123,0.7822391304347827,0.814103105590062,0.3081,0.1487,0.121805414098026,0.1141425481347919,115.11584,65.96185,4.6598167,4.4270964,0.0,0.0,10.808602888780532,8.89585502183078,12.427557937963536,12.946457876325972,5.493203658872252,5.648138127306848,85.45305077342432,84.40765210267857,7.617460745010167,7.752641464766981,24.5066666666667,25.963000000000036,19.82873069985573,20.329811229511257,15.161666666666695,14.89384615384618,3.4758451685854976,3.4701677302672893,0.8828166666666667,0.8764857142857144,0.7940833333333334,0.8281378306878308,0.64875,0.7389111111111111,0.0746360574040113,0.0410598194905314,698.8353996276855,1625.1151204109192,425.4520588020484,947.8285075478876,232.52325582504272,481.8962168693543,133.17942284608236,341.97353743374106
802,1.2800000000000296,0.5244036230256661,-3.3000000000000114,0.21561003222269992,0.03479999999999994,0.011642028985507369,-0.2292,0.002549130515337089,-25.83143000000001,-0.2580743999999999,0.0,-2.135746263660252,0.5152415855422721,0.16212007798780892,-0.7654886667854299,0.03703980932223683,32.31,33.59000000000003,20.51027397260276,21.034677595628427,8.270000000000039,4.970000000000027,4.70319447621548,4.91880450843818,0.8673000000000001,0.9021,0.7756840579710143,0.7873260869565216,0.3727,0.1435,0.0903647129141403,0.0929138434294774,111.27509,85.44366,4.738331,4.4802566,0.0,0.0,11.111181121586252,8.975434857926,12.25795574618274,12.773197331725012,5.400324223079899,5.562444301067708,86.46371629902707,85.69822763224164,7.388179311960138,7.425219121282375,26.9414285714286,26.73909090909094,21.93489514189517,22.35408731995848,16.775000000000034,16.558461538461565,3.417597652863205,3.47610762591355,0.7850666666666668,0.8209357142857144,0.7083890277777778,0.729979794973545,0.568125,0.6275777777777778,0.0659643824012815,0.055673861115465,730.0119857788086,1686.463493347168,432.372708261013,954.2946212249808,230.68596625328064,482.4100372232497,139.8209573010486,348.7074130404644
803,1.1800000000000068,0.8137712934990198,0.4800000000000182,-0.0015972250067708416,0.02290000000000003,0.021084886128364344,-0.0857,-0.027906784254101202,-50.693995,-0.3920734000000001,0.0,-2.701070587401162,0.5067109192100183,0.17330740350839235,-0.6690379116950567,-0.0044745518275908225,33.110000000000014,34.29000000000002,21.31123989218332,22.12501118568234,7.610000000000014,8.090000000000032,4.805819425390417,4.804222200383646,0.8364,0.8593000000000001,0.7280753623188407,0.7491602484472051,0.2014,0.1157,0.1093531208752566,0.0814463366211554,127.59093,76.896935,4.9184184,4.526345,0.0,0.0,11.86927278615481,9.168202198753647,12.139586224721576,12.646297143931594,5.310467750547476,5.483775154055868,86.15577958723047,85.48674167553541,7.2142532382368625,7.209778686409272,26.597500000000032,27.78680000000004,22.276559764309795,22.773390085814714,16.756666666666693,17.107777777777805,3.3462993998439226,3.6276174018833465,0.7494,0.7736857142857143,0.6583061111111111,0.7075440476190477,0.52374,0.5826666666666668,0.0624475715928135,0.0522765595798004,832.4225339889526,1670.97793674469,448.8056907455127,964.1113945601196,227.83875226974487,509.5258213505149,161.27728890107085,346.85616986614065
804,0.8999999999999773,0.608863620740312,1.7000000000000455,-0.1779999019493168,0.01880000000000004,0.019430641821945982,-0.1717,-0.0010804191764448023,-35.032585,-0.4445075000000003,0.0,-2.5977813694851637,0.48990138738168376,0.18281495886945365,-0.5827291082349149,-0.022084882898933067,32.83000000000004,33.73000000000002,20.6201340482574,21.22899766899771,6.810000000000002,8.510000000000048,4.860015030288674,4.682015128339358,0.8921,0.9109,0.7916637681159419,0.8110944099378878,0.2365,0.0648,0.1249680306608494,0.1238876114844046,123.901375,88.86879,5.16368,4.7191725,0.0,0.0,12.216372358800946,9.618590989315782,11.921412911479525,12.411314298861209,5.201863266819541,5.384678225688995,85.56894600869104,84.98621690045613,7.034926294407464,7.012841411508531,25.91888888888891,27.1141666666667,21.45139772727276,22.159269993513806,15.950000000000022,16.935185185185215,3.449058719772637,3.487572395729368,0.8991500000000001,0.8936571428571429,0.8076480555555556,0.8225604166666668,0.6659,0.6021,0.0692098409088359,0.0765090553566661,920.4094772338868,1745.9248299598694,471.1858066519101,1005.1837467396012,233.23249578475952,526.0138810500503,177.95624206046318,370.8927792361317
807,-0.8599999999999568,0.5518723404255255,-3.1200000000000045,0.12129605830608625,0.03080000000000005,0.0022975155279499893,-0.2847,0.0256121866088196,-27.4782,-0.4156766999999997,0.0,-2.916164494270788,0.45530402036555273,0.19646186219199002,-0.5485260306325017,0.07970652162090897,34.99000000000001,34.13000000000005,22.48541176470589,23.037284105131416,10.07000000000005,6.9500000000000455,4.762970168964965,4.884266227271051,0.8577,0.8885000000000001,0.7872304347826089,0.7895279503105589,0.5532,0.2685,0.0519452144630063,0.0775574010718259,124.11712,96.63892,5.42692,5.0112433,0.0,0.0,13.527209048737296,10.611044554466508,11.812275004630232,12.267579024995785,5.175307184415391,5.371769046607381,83.94377236812858,83.39524633749608,6.841813904224681,6.92152042584559,27.51666666666669,28.55608695652177,23.14493771043774,23.56210787573872,16.56333333333336,17.36153846153849,3.839257495739312,3.794313645100073,0.8495166666666667,0.8573928571428572,0.8161275,0.8024772486772487,0.7882833333333333,0.7155888888888889,0.0206290364007699,0.042565397541586,1009.7380032539368,1960.1010704040527,495.2064440250397,1067.3948302968486,219.95794010162356,539.9995949715376,204.1801624810861,421.22800951384943
811,1.7200000000000273,1.008378280272435,-3.980000000000018,0.22572346608640803,-0.0016000000000000458,-0.020314078674948055,-0.2689,0.016310062650498898,-18.461874999999992,-0.10357760000000038,0.0,-1.8724593456715404,0.4324432990608198,0.1792523211850714,-0.43868427172019153,0.19141597757783124,33.370000000000005,35.09000000000003,23.37587064676621,24.384248927038644,10.53000000000003,6.550000000000011,4.399804084645937,4.625527550732345,0.6949000000000001,0.6933,0.6269942028985508,0.6066801242236027,0.5293,0.2604,0.0403689932815708,0.0566790559320697,99.755905,81.29403,4.7879386,4.684361,0.0,0.0,11.59843738096384,9.7259780352923,12.29489532609142,12.72733862515224,5.362728211063828,5.5419805322489,82.95059224654999,82.5119079748298,8.126199689218868,8.3176156667967,28.100909090909127,29.96000000000003,23.99677020202023,24.987876376697045,18.59000000000003,19.20851851851855,3.4634900317771637,3.595457562825925,0.6762666666666667,0.5291857142857144,0.6234529166666666,0.4901134589947089,0.5765600000000001,0.4300555555555556,0.0331896540392199,0.0277730652089337,820.2959547042847,1825.046266078949,435.87113150954247,1012.0631918914574,181.08687543869016,463.1493869731203,169.5622574936926,379.6882247689
830,0.660000000000025,0.4860327891156224,0.10000000000002274,-0.18502404536886985,0.02969999999999995,0.014644306418219344,-0.09019999999999995,-0.0007272953616494979,29.18822999999999,0.6079807000000006,0.0,0.5793329955610549,0.44168721791521115,0.25467966175908696,-1.1695047768797622,0.9658228102248643,30.410000000000025,31.07000000000005,20.09344000000004,20.579472789115663,5.970000000000027,6.07000000000005,5.09301680405628,4.90799275868741,0.8230000000000001,0.8527,0.742159420289855,0.7568037267080744,0.6009,0.5107,0.0490375760058933,0.0483102806442438,65.4912,94.67943,4.676117,5.2840977,0.0,0.0,10.442263393371338,11.021596388932393,13.694274067643937,14.135961285559148,5.883468743801701,6.138148405560788,80.89987135962757,79.7303665827478,8.248016170597639,9.213838980822503,25.40000000000003,25.918461538461568,20.545459595959628,20.98131865079368,13.90818181818185,14.914444444444475,3.9997834338937466,3.808519568778361,0.82145,0.8200214285714287,0.7365978403419932,0.7516624323775867,0.6488666666666668,0.6537551391254968,0.0596087675641754,0.0542320367173779,729.9228191375732,1621.8354105949402,426.6956775983175,1125.512824746819,292.71176862716675,714.4824087135494,118.9623874055256,246.00113637499535
832,1.099999999999966,0.13526620376817533,0.4399999999999977,0.07509978260190131,0.04149999999999998,0.02050848861283705,-0.06550000000000011,-0.003686304975205605,7.858776000000006,-0.4193100999999997,0.0,-2.1544389766726155,0.3131415862111222,0.07855555859124763,-1.3600342927289546,0.9757444931568209,33.27000000000004,34.370000000000005,22.96715827338136,23.102424477149537,7.330000000000041,7.770000000000039,5.005645717276645,5.080745499878546,0.7918000000000001,0.8333,0.6985927536231882,0.7191012422360252,0.5678000000000001,0.5023,0.0599173036845265,0.0562309987093209,72.099464,79.95824,5.2055235,4.7862134,0.0,0.0,11.54159109550926,9.387152118836644,14.333539369927044,14.646680956138166,5.746171063392271,5.824726621983519,80.67392248460934,79.31388819188038,9.86733837867325,10.84308287183007,27.020000000000028,26.186000000000032,22.763941077441107,22.69767964909489,16.293333333333354,16.479285714285744,3.622293824410991,3.50418666003062,0.8154166666666667,0.8309714285714286,0.7731079166666666,0.7895502976190477,0.6963666666666667,0.7314071428571429,0.0367817025586581,0.0328022600068384,704.0502190589905,1530.6749663352966,460.2001801331838,983.8124422159162,306.57771587371826,528.6934899778571,103.78488211689356,267.18929259224217
836,0.37999999999999545,0.4076752615618986,-2.0200000000000387,0.20080084841073376,0.05030000000000001,0.025072049689440767,-0.009599999999999942,-0.007044238857856905,7.184443999999999,-0.0060074999999999434,0.0,-0.7668371595356245,0.3798350203226839,0.10354403118984745,-1.2431425094474662,0.8239253115695977,31.910000000000025,32.29000000000002,20.798031809145197,21.205707070707096,6.690000000000055,4.670000000000016,4.952790957969109,5.1535918063798425,0.801,0.8513000000000001,0.6740304347826089,0.6991024844720497,0.5503,0.5407000000000001,0.0691930534009099,0.062148814543053,76.775276,83.95972,5.130235,5.1242275,0.0,0.0,11.372524027641608,10.605686868105984,13.663050447552582,14.042885467875266,5.484254810796992,5.58779884198684,82.85841783878827,81.6152753293408,9.015240659272523,9.83916597084212,27.744000000000028,27.211739130434808,22.22343855218858,22.448767141741808,14.880000000000024,15.299285714285745,3.895824581000314,3.9933159346997456,0.74365,0.7470357142857142,0.6507808333333335,0.6863108465608466,0.5798500000000001,0.63485,0.0494722314952558,0.0363084119055637,705.5127682685852,1560.346791267395,466.3897195061048,1071.10987295482,316.46789264678955,599.7236007344909,110.5999644710176,273.34863277914434
837,1.0400000000000205,0.35691647343621824,-0.7799999999999727,0.10391224192120241,0.03850000000000009,0.0397337474120083,-0.18180000000000002,0.005021807241235909,15.835155999999998,0.042880099999999644,0.0,-0.5940855304308652,0.410397705288462,0.11544252757771023,-1.258081764416204,0.8009343209373174,32.03000000000003,33.07000000000005,21.242751091703084,21.599667565139303,5.410000000000025,4.630000000000052,5.034573379415269,5.138485621336471,0.8095,0.8480000000000001,0.6842115942028986,0.7239453416149069,0.5309,0.3491,0.0611770311549765,0.0661988383962124,67.39323,83.228386,5.0561347,5.0990148,0.0,0.0,11.16696329995836,10.572877769527494,13.677965674949862,14.088363380238324,5.499869295243284,5.615311822820995,82.68611040541059,81.42802864099438,9.007557065745772,9.80849138668309,26.596000000000043,25.65000000000003,21.343414983165008,21.086820928481103,14.8536363636364,14.5914285714286,3.714742051153208,3.731434637117121,0.8106833333333334,0.8280642857142856,0.7578398611111111,0.801640939153439,0.6797333333333334,0.7419214285714286,0.0425765630759515,0.0243824020066965,695.4047372341156,1525.5493330955503,462.7960731188456,1066.1436599052784,305.6320767402649,619.3422584128566,110.77960869543728,266.20165638671267
843,-0.4800000000000182,0.30878289288144956,-1.759999999999991,0.058772546134443715,0.021299999999999986,0.004719254658384742,-0.10350000000000001,0.015453548394894295,8.140259999999998,0.48451240000000073,0.0,0.5086568458397043,0.542084330987862,0.16247195788755509,-1.2248827607855333,0.6400035968340632,29.57000000000005,29.090000000000032,18.85822535211271,19.16700824499416,5.990000000000009,4.230000000000018,4.803222856413303,4.8619954025477465,0.879,0.9003,0.7823695652173914,0.7870888198757762,0.3094,0.2059,0.0937183435315827,0.109171891926477,67.1744,75.31466,4.1519146,4.636427,0.0,0.0,9.075107354888964,9.583764200728668,13.006655053945302,13.548739384933164,5.476889681934684,5.639361639822239,83.13111052605642,81.90622776527088,8.871870517963075,9.511874114797138,23.294444444444476,23.460476190476225,19.06303132515636,19.082048255732925,12.962727272727308,13.558695652173949,3.3956535905681973,3.396371977851333,0.87945,0.8538071428571428,0.8138630555555557,0.8135062169312168,0.7346499999999999,0.7375888888888888,0.0462259255152075,0.0390452464070771,581.710330247879,1415.9922518730164,380.9196340441704,979.675820492208,265.57632780075073,505.41114288568497,100.60985906357094,251.95672838309252
845,4.560000000000002,2.0652854102496256,-1.9599999999999795,0.4386641615475515,0.022299999999999986,-0.02748467908902652,-0.062100000000000016,-0.006958919997505392,-1.1726460000000003,0.33976760000000006,0.0,-0.24427138496361245,0.5337080552166569,0.15878234269973035,-1.152101760912032,0.549227124321785,30.170000000000016,34.73000000000002,19.003903133903155,21.06918854415278,6.2900000000000205,4.330000000000041,4.955957867433865,5.394622028981416,0.8725,0.8948,0.7569231884057968,0.7294385093167702,0.3028,0.2407,0.0927448192153275,0.0857858992178221,69.39666,68.224014,4.201145,4.5409126,0.0,0.0,9.571708954344537,9.327437569380924,13.043576591844827,13.577284647061484,5.553721602671789,5.71250394537152,83.51855091319675,82.36644915228472,8.936955191711334,9.48618231603312,25.4518181818182,26.09333333333336,21.077777356902384,21.77196712867114,15.435454545454574,15.667500000000034,3.4661827337318605,3.7392403451157774,0.8291833333333333,0.7924785714285714,0.7306104166666666,0.7384790674603176,0.6019833333333334,0.6940571428571429,0.0583571393015919,0.0290954615256615,609.2778894901276,1423.5194005966189,386.0137947003047,916.2361856910866,262.81428933143616,521.3964549899101,101.85380361097178,254.76797764607716
847,0.19999999999999218,0.6201035076423196,-0.2599999999999909,0.07645012289471165,0.03509999999999991,0.016788198757764272,0.007699999999999985,-0.0075313570793829054,18.007697,-0.0765994000000001,0.0,-0.7934211900417694,0.5274112782256051,0.1500643074450796,-1.0803249596310707,0.3254882057110766,30.730000000000015,30.930000000000007,19.25949554896146,19.87959905660378,4.810000000000002,4.550000000000011,4.839394478100355,4.915844600995067,0.8743000000000001,0.9094,0.7833999999999999,0.8001881987577641,0.3551,0.3628,0.1050377985795351,0.0975064415001522,56.741543,74.74924,4.2860274,4.209428,0.0,0.0,9.39175191293847,8.598330722896701,13.005011247552613,13.532422525778218,5.642085687127663,5.792149994572743,84.20478201587564,83.12445705624457,9.103380005278911,9.428868210989988,24.482000000000028,25.737368421052665,19.80508790283793,20.452775761786977,13.901666666666694,14.358000000000027,3.60526031643676,3.671485660010157,0.8661833333333333,0.8258857142857144,0.7965725,0.7916053571428571,0.7068333333333333,0.7106714285714286,0.0563304934709072,0.0373619020196979,619.0804529190063,1436.2027893066406,397.6552192171415,908.2625546712272,267.86038994789124,508.068152975291,108.37507485238778,265.52721434488683
850,3.4599999999999724,1.160783255661876,-1.1999999999999886,0.4337121819426404,0.021299999999999986,0.015541407867495027,0.09929999999999997,-0.0206524342077051,-6.8803999999999945,-0.1970238000000002,0.0,-1.7921544922645936,0.49685741685190976,0.13057593237720155,-1.0513905312662217,0.2087180969333513,32.71000000000004,36.170000000000016,21.608024691358043,22.76880794701992,9.090000000000032,7.890000000000043,4.9752963606134895,5.40900854255613,0.8586,0.8799,0.731236231884058,0.746777639751553,0.2159,0.3152,0.1030354715493434,0.0823830373416383,80.80501,73.92461,4.668939,4.4719152,0.0,0.0,10.876580908875582,9.084426416610988,12.37899025211882,12.87584766897073,5.427955644426595,5.558531576803796,83.74755689454025,82.69616636327403,8.207201455761915,8.415919552695266,26.92555555555558,28.803600000000024,22.320901094276124,23.44403806683121,15.728333333333362,16.463043478260897,3.984493012638239,4.412011523807513,0.8074666666666667,0.7932571428571429,0.7308719444444445,0.7228521825396825,0.5466666666666666,0.6394666666666667,0.067101078266691,0.0475616598290463,649.1741321086884,1545.2767372131348,424.875151048104,946.396796407896,252.7707340717316,538.7537267804146,116.31362197141382,316.667702146238
852,1.599999999999966,0.5234730400468735,-0.660000000000025,0.314047054124333,0.05379999999999996,0.047480952380952735,0.0965,-0.032690693989576594,-2.3812049999999942,-0.08228740000000023,0.0,-1.4900347531371683,0.5022813063860525,0.1304968536548481,-1.2047291106936768,0.24661930999999448,32.25000000000006,33.85000000000002,20.78760736196321,21.311080402010084,5.710000000000036,5.050000000000011,5.003614930572012,5.317661984696345,0.8598,0.9136,0.7220898550724637,0.7695708074534164,0.1993,0.2958,0.1271887689246141,0.0944980749350375,78.867775,76.48657,4.5101514,4.427864,0.0,0.0,10.503684808186916,9.013650055049748,12.432103269470428,12.93438457585648,5.4462584259880895,5.576755279642938,83.38803321533204,82.18330410463837,8.159502853372375,8.40612216337237,26.400000000000027,26.499523809523847,21.45788924963928,21.763681968155822,15.18666666666669,15.407692307692342,3.729313639899511,3.8787272228524015,0.8502333333333333,0.8710642857142858,0.7351522222222222,0.8117607804232806,0.6015166666666667,0.7001222222222222,0.0831125647265923,0.047248419051272,622.8027291297913,1512.2545824050903,418.559845606486,949.532642252588,248.54064226150516,526.9574516266584,113.7900337926965,313.86350123887155
853,1.040000000000024,0.5835705461182386,-0.4399999999999977,0.21618219266445315,0.01200000000000001,0.029509109730849192,-0.04820000000000002,-0.010338756860627796,6.200554999999994,-0.051812600000000764,0.0,-1.495418548375543,0.5155763168433438,0.1365081946359057,-1.3529851078861554,0.2699373682063193,31.730000000000015,32.77000000000004,20.18017647058826,20.7637470167065,7.470000000000027,7.03000000000003,5.020425687778402,5.236607880442855,0.883,0.895,0.7717405797101449,0.8012496894409941,0.2906,0.2424,0.1149393442039782,0.1046005873433504,82.4028,88.603355,4.674623,4.6228104,0.0,0.0,11.111190365143257,9.615771816767714,12.623867207369956,13.1394435242133,5.548041678151204,5.68454987278711,83.24152066935,81.88853556146384,8.143438481254616,8.413375849460936,26.172000000000043,26.547272727272755,21.03269191919195,21.37078187402652,14.797272727272746,15.233200000000032,3.9141753241253943,3.955717802733581,0.8734333333333334,0.8668285714285716,0.8025824999999999,0.8166307870370372,0.6567500000000001,0.7198777777777777,0.059172234387877,0.0390313422931209,661.6123971939087,1647.41224527359,434.4051211476326,984.140680701472,239.43545961380005,541.9451164007187,124.69978890104773,354.5430391203952
856,4.339999999999975,1.741708852026278,-3.5399999999999636,0.3313059984712696,0.0017999999999999128,0.021685507246376745,-0.13319999999999999,-0.0044891076081522985,-27.928656000000004,-0.21333730000000006,0.0,-1.9725396710489669,0.518899938362436,0.1549344684345959,-1.0453986707457545,0.13518071975681423,30.57000000000005,34.910000000000025,18.81248648648652,20.5541953385128,5.930000000000007,2.390000000000043,4.887474369168244,5.218780367639513,0.8884000000000001,0.8902,0.7498623188405795,0.7715478260869563,0.3621,0.2289,0.114266331533656,0.1097772239255037,114.039116,86.11046,4.5349293,4.321592,0.0,0.0,10.710840595893671,8.738300924844705,12.427557937963536,12.946457876325972,5.493203658872252,5.648138127306848,85.45305077342432,84.40765210267857,7.617460745010167,7.752641464766981,24.86428571428574,25.57000000000003,19.96551208513711,20.62486864151121,14.408333333333356,14.570740740740767,3.574514996869509,3.597156187982657,0.8584333333333335,0.8561357142857142,0.7584783333333333,0.8038855489417989,0.61,0.6860777777777778,0.072032429470139,0.0421493642816345,690.9115715026855,1547.5081524848938,416.2445158958435,920.120278456714,225.73770093917847,468.3784899301827,139.99054356436272,323.6142419991016
857,0.7599999999999909,0.742381997332302,1.8000000000000114,0.10690205648849371,0.0021999999999999797,0.030391718426501235,-0.02849999999999997,-0.019173849520613906,-22.175265999999993,-0.24116150000000047,0.0,-2.2256274004113923,0.5152415855422721,0.16212007798780892,-0.7654886667854299,0.03703980932223683,31.57000000000005,32.33000000000004,19.89078740157482,20.63316939890712,6.410000000000025,8.210000000000036,4.790224123047666,4.897126179536159,0.8993,0.9015,0.7818710144927535,0.8122627329192548,0.3777,0.3492,0.1173908584711508,0.0982170089505369,113.28532,91.110054,4.6932545,4.452093,0.0,0.0,11.26780912876571,9.042181728354318,12.25795574618274,12.773197331725012,5.400324223079899,5.562444301067708,86.46371629902707,85.69822763224164,7.388179311960138,7.425219121282375,26.3266666666667,26.89727272727276,20.83745177970181,21.31804480562488,15.851818181818208,16.064074074074103,3.5422239666271884,3.445158828966011,0.8813166666666667,0.8657785714285714,0.785326388888889,0.8208508597883597,0.5827,0.7401222222222222,0.0765828217424378,0.0338668014608394,746.8154773712158,1605.8490328788755,431.7628714243571,938.8706718451964,226.60021781921387,475.1074895039201,147.6568519983764,337.549252136369
858,1.7400000000000126,0.7852629252175269,-3.840000000000031,0.16461937379779545,0.006200000000000094,0.03952774327122155,-0.13030000000000003,-0.03827039918964539,-44.0938,-0.40861900000000073,0.0,-2.4222271483908564,0.5067109192100183,0.17330740350839235,-0.6690379116950567,-0.0044745518275908225,31.230000000000015,32.97000000000003,19.4811405835544,20.266403508771926,7.950000000000045,4.110000000000014,4.737270366921025,4.90188974071882,0.9067,0.9129,0.7836840579710145,0.823211801242236,0.2917,0.1614,0.1477108128696251,0.1094404136799797,126.86622,82.77242,4.924318,4.515699,0.0,0.0,11.55315577465988,9.130928626269023,12.139586224721576,12.646297143931594,5.310467750547476,5.483775154055868,86.15577958723047,85.48674167553541,7.2142532382368625,7.209778686409272,26.7766666666667,26.677826086956564,20.93020713083216,21.237739961611293,15.236666666666698,15.865555555555586,3.623545087564108,3.391103132113989,0.8555333333333334,0.8405642857142857,0.7546708333333334,0.7914358796296298,0.6859000000000002,0.6489222222222223,0.0627892488751505,0.0498820393643293,829.471755027771,1655.6399402618408,446.59102090199787,951.451741125357,230.1336534023285,481.6421358063817,164.59138019468492,344.00637743208404
860,1.160000000000025,0.6417564720317372,-1.3599999999999568,0.020168364353795987,0.01739999999999997,0.01861387163561068,-0.2597,0.0021932611844154015,-26.65997,-0.4507690000000002,0.0,-2.8805233381574205,0.48990138738168376,0.18281495886945365,-0.5827291082349149,-0.022084882898933067,32.85000000000002,34.01000000000005,21.20702005730662,21.84877652933836,7.310000000000002,5.9500000000000455,4.826049925365378,4.846218289719174,0.8735,0.8909,0.7792072463768116,0.7978211180124223,0.3646,0.1049,0.0955613564472611,0.0977546176316765,116.28389,89.62392,5.2960415,4.8452725,0.0,0.0,12.683712773370868,9.803189435213447,11.921412911479525,12.411314298861209,5.201863266819541,5.384678225688995,85.56894600869104,84.98621690045613,7.034926294407464,7.012841411508531,27.10750000000004,27.610000000000028,22.259976851851885,22.59976864141032,15.51333333333337,16.776400000000027,3.8852320678987984,3.6543892557842232,0.8972333333333334,0.888257142857143,0.7926413888888888,0.8363468915343916,0.58855,0.7138888888888889,0.0808166427838283,0.0445979942851387,1072.7141828536987,1814.6688923835757,499.6127504309018,1017.5039236643352,209.59367609024048,532.1270480211824,218.84454435362048,390.0340491759584
863,3.1000000000000227,1.0785620683055228,-3.1200000000000028,0.1888289407164132,-0.009399999999999964,-0.014455072463768315,-0.4932000000000001,0.039976145823185705,-50.557280000000006,-0.2899697999999997,0.0,-2.6834921141345287,0.4422948944517664,0.19960241850337468,-0.6050029484050583,0.19106453473535812,33.170000000000016,36.27000000000004,22.015159420289898,23.09372148859542,9.450000000000044,6.330000000000041,4.522305945150182,4.711134885866596,0.8922,0.8828,0.816272463768116,0.8018173913043477,0.5930000000000001,0.0998,0.0591876746963302,0.0991638205195159,124.63169,74.07441,5.1286488,4.838679,0.0,0.0,12.53236367915802,9.848871565023492,11.835462173579993,12.27775706803176,5.19115412149541,5.390756539998785,83.38889338413058,82.78389043572552,6.870302667145291,7.061367201880649,26.272500000000026,27.916666666666696,22.19745683020686,23.33576357780223,16.9116666666667,18.13560000000003,3.34075521849021,3.356307267601814,0.91265,0.8693857142857143,0.8524795833333334,0.8078076388888888,0.760175,0.5990666666666669,0.0475880851106899,0.0749161061013374,976.8586845397948,1741.622588634491,481.7410798370838,1025.4792122367624,204.9293775558472,495.98530473560095,199.38865834711925,390.0114091137949
865,0.2599999999999909,1.0345237278445047,-1.9800000000000182,0.3027950972586515,0.0044000000000000705,-0.004054037267080979,-0.11260000000000003,0.012483932819370297,-17.380265999999992,0.060506399999999516,0.0,-1.3253853428950801,0.4237505668337249,0.18445092419445785,-0.5790418268752404,0.23584310153666355,33.690000000000055,33.950000000000045,22.3118787878788,23.346402515723305,10.510000000000048,8.53000000000003,4.199594221073221,4.502389318331873,0.8911,0.8955000000000001,0.8127913043478262,0.8087372670807452,0.4595,0.3469,0.0733091997294017,0.085793132548772,110.46512,93.084854,4.9643736,5.02488,0.0,0.0,11.73897261559017,10.41358727269509,11.788639565360794,12.21239013219452,5.145231230722339,5.329682154916797,82.97254055170676,82.39349872483152,7.592999451625438,7.828842553162102,26.934000000000037,29.080000000000023,23.167864478114502,24.30157871833229,17.525000000000038,18.72076923076926,3.3561543461299097,3.468100974147807,0.8367833333333333,0.8202857142857145,0.7888093055555556,0.7686882275132275,0.72032,0.640611111111111,0.0341900245188706,0.0520928199632823,911.0699820518494,1853.984797000885,467.0730623205503,1090.3802825018709,195.62126064300537,501.5768612008542,189.7045181024062,456.3467187486903
884,3.7999999999999545,0.4862350153991635,-4.480000000000018,0.45146276694146437,0.046699999999999964,0.02665776397515507,-0.03070000000000006,0.0006818895862693991,-11.976849999999999,-0.39181569999999954,0.0,-2.1393032802398384,0.2962372634658301,0.07585399406518079,-1.3599452504740555,1.0498951201725273,36.190000000000055,39.99000000000001,23.72970149253735,24.215936507936515,7.750000000000057,3.2700000000000387,5.274421513204326,5.725884280145791,0.8072,0.8539,0.654504347826087,0.6811621118012421,0.5207,0.49,0.0776814312670988,0.0783633208533682,77.1404,65.16355,5.3197303,4.9279146,0.0,0.0,11.832280631326608,9.69297735108677,14.233876973579978,14.530114237045808,5.718874198190915,5.794728192256096,79.68766184706017,78.32771659658611,9.930996086996918,10.980891207169446,25.1227272727273,25.51000000000003,21.34911868686872,22.056549073149103,15.5816666666667,15.5264285714286,3.3504623442415205,3.551477751457056,0.8793666666666667,0.8816,0.8501097222222221,0.8610208994708994,0.8039333333333335,0.8304642857142858,0.023378748915398,0.0179199775876757,823.0535645484924,1519.305010318756,488.8182274500529,1033.767079299966,352.79413390159607,590.3428441593423,126.68797248037993,257.9357028748886
886,0.9600000000000364,0.6175694704340913,2.2199999999999704,-0.056345655154532714,-0.029299999999999993,0.014368530020704151,0.05630000000000002,-0.020402342615934307,12.205219999999997,0.5607432999999995,0.0,0.4646729916118577,0.44168721791521115,0.25467966175908696,-1.1695047768797622,0.9658228102248643,29.870000000000005,30.83000000000004,20.37566406250006,20.993233532934152,4.510000000000048,6.730000000000018,4.797088467200158,4.740742812045625,0.7834,0.7541,0.6580942028985507,0.6724627329192548,0.4636,0.5199,0.065832827113942,0.0454304844980077,63.62729,75.83251,4.7070847,5.267828,0.0,0.0,10.508130136663633,10.97280312827549,13.694274067643937,14.135961285559148,5.883468743801701,6.138148405560788,80.89987135962757,79.7303665827478,8.248016170597639,9.213838980822503,25.88333333333336,26.011481481481503,20.61650505050508,21.00882846289516,13.18500000000003,14.045555555555586,4.457730086258747,4.040160056490977,0.8497166666666667,0.8569500000000001,0.7961762499999999,0.8161125330687832,0.7089166666666668,0.7416285714285716,0.0441973091402994,0.0346717145545335,715.4340577125549,1660.0423369407654,429.5214663942655,1122.0473935234577,290.3713998794556,693.5404282966629,116.14702558797164,253.7446183290104
887,0.339999999999975,0.358556843210291,-2.1000000000000227,0.2788156041754757,0.035599999999999965,0.024251966873706343,-0.0524,0.008429139047955808,4.66844900000001,0.1498065999999998,0.0,-0.8234320279033742,0.5714365241964217,0.1798932394948798,-1.2389396388770137,0.72565771919664,31.250000000000057,31.590000000000032,20.127326732673293,20.485883575883584,6.130000000000052,4.03000000000003,4.879553702828842,5.1583693070043175,0.8209000000000001,0.8565,0.7180318840579708,0.7422838509316771,0.3685,0.3161,0.0801337767225086,0.0885629157704644,66.089165,70.757614,4.510249,4.6600556,0.0,0.0,10.313891663593203,9.49045963568983,13.081751879516071,13.653188403712493,5.458575365722408,5.638468605217287,83.37543828804857,82.13649864917156,8.62984642370594,9.35550414290258,23.040000000000028,24.39900000000003,19.421071548821576,19.836656715863764,13.82000000000003,14.236428571428602,3.141795348251666,3.443038511234365,0.8674833333333334,0.8479666666666668,0.8056938888888888,0.8035015873015873,0.7028500000000001,0.7529357142857143,0.0469138995993454,0.0302703796272731,634.096302986145,1378.6295375823977,412.1617330312729,937.5119393894372,299.2609136104584,519.6396820545197,102.50332611888264,247.14880601023447
894,1.3000000000000114,1.472445986231488,-1.4799999999999613,0.21098954605806153,0.005800000000000027,0.023356314699792713,0.13269999999999998,-0.023913678328323418,-1.2341600000000028,-0.030793300000000023,0.0,-1.355796959134631,0.561550394646849,0.15853256818195227,-1.1171271373779774,0.34578625269870855,29.950000000000045,31.250000000000057,18.332382445141103,19.80482843137259,5.8700000000000045,4.390000000000043,4.881238790470869,5.0922283365289305,0.8905000000000001,0.8963000000000001,0.7774840579710143,0.800840372670807,0.1183,0.251,0.1302090878450745,0.1062954095167511,64.05856,62.8244,4.2362423,4.205449,0.0,0.0,9.741535855179636,8.385738896045005,12.875097008283172,13.43664740293002,5.590318378492411,5.748850946674363,83.47716512757395,82.36003799019598,8.870221428779928,9.216007681478636,25.24000000000004,25.69526315789477,20.619890993266026,20.86027578957616,14.5566666666667,14.926521739130465,3.723555284125559,3.7119635964946736,0.8150666666666666,0.8064142857142856,0.7138265277777779,0.7592606812169312,0.56096,0.715875,0.0832064987569926,0.0285019090617632,636.5977427959442,1427.4663786888125,401.4931992491086,916.4177721077576,255.205991268158,511.2565186023712,108.96994218594126,279.9464575097455
895,-0.7400000000000091,-0.20287193217311028,-3.920000000000016,0.11916633869508697,0.05239999999999989,0.043039337474120254,-0.20049999999999998,0.010149760390412904,-22.147067999999997,-0.08306940000000029,0.0,-1.4091932015489572,0.5501594360000013,0.14740275494797483,-1.1125479839462287,0.31870989714227527,33.23000000000002,32.49000000000001,20.765185185185207,20.562313253012096,7.350000000000023,3.430000000000007,5.064255910661446,5.183422249356533,0.8591000000000001,0.9115,0.7300594202898549,0.7730987577639752,0.4376,0.2371,0.0835083790273776,0.0936581394177905,85.530464,63.383396,4.417028,4.3339586,0.0,0.0,10.037336620662122,8.628143419113165,12.70598264298638,13.25614207898638,5.522629072804696,5.670031827752671,83.35648763092158,82.24393964697535,8.638492460558155,8.95720235770043,26.614444444444462,27.372000000000032,21.58674494949498,22.371636778909245,15.335000000000022,15.914166666666691,3.721780734242343,4.054883346800376,0.7927166666666666,0.8634785714285715,0.690754027777778,0.7017756613756614,0.572825,0.5643222222222222,0.066358564246245,0.0837236550242089,633.0829248428345,1471.0493507385254,403.9936918417613,927.105416746422,257.352276802063,508.9121038913727,107.39284200052155,295.92470189033827
899,2.079999999999984,0.7424264241505938,-3.0400000000000205,0.1804173438308201,0.03060000000000007,0.020466873706004196,-0.10390000000000002,-0.021938064641694496,6.299354999999991,-0.09163370000000004,0.0,-1.9097170936933985,0.5323018736894412,0.13258814332428415,-1.1995027972488543,0.2760862340367254,31.29000000000002,33.370000000000005,20.475632183908072,21.218058608058666,5.03000000000003,1.990000000000009,5.009297149668474,5.189714493499294,0.864,0.8946000000000001,0.7661144927536233,0.7865813664596275,0.2927,0.1888,0.1182035400967733,0.0962654754550788,86.69754,92.996895,4.5799007,4.488267,0.0,0.0,11.094001840873622,9.184284747180223,12.496013908739808,13.02831578242925,5.465820991034025,5.59840913435831,83.02859453155448,81.82909173430562,8.16750646526469,8.443592699301416,26.00090909090913,26.507142857142885,21.020411195286226,21.601858611473588,14.932000000000034,14.996666666666693,4.005584896731358,4.077811354448688,0.8526166666666667,0.8590285714285715,0.7843254166666668,0.8087285052910053,0.6359666666666667,0.736311111111111,0.0632151488273306,0.032199927104589,634.5496273040771,1520.309027671814,416.20211258530617,954.2935747274508,247.41277194023127,537.4886944890022,117.34577107366798,318.44210255960445
901,0.03999999999996362,0.5774676915685895,-4.939999999999998,0.22593649797500515,0.050000000000000044,0.007634161490683078,-0.17970000000000003,0.009046252066618188,-3.1593349999999987,-0.04218540000000015,0.0,-1.7039706817054352,0.5334240978946152,0.13648232355681866,-1.2778790229420025,0.2689865460246219,32.01000000000005,32.05000000000001,19.783314917127107,20.360782608695697,5.630000000000052,0.6900000000000546,4.856705856211057,5.082642354186063,0.8473,0.8973000000000001,0.7217173913043481,0.7293515527950312,0.3648,0.1851,0.0931734255771138,0.102219677643732,94.79217,91.632835,4.283743,4.2415576,0.0,0.0,10.306025071106744,8.602054389401308,12.481404840246668,13.014828938141283,5.47679849832682,5.613280821883639,83.65576883013632,82.37788980719432,7.90881523323893,8.177801779263552,24.663333333333355,25.13083333333337,20.589528198653227,20.760488685831103,15.091666666666695,15.07846153846156,3.6525398199433856,3.398513165978509,0.8353833333333333,0.8441285714285715,0.7556027777777778,0.7857191137566137,0.6548333333333334,0.6886555555555556,0.0573583395214177,0.0442022563797151,634.9119439125061,1485.607511997223,387.12957712014514,899.0958829077232,226.2328748703003,473.4344818219543,117.4200993931451,312.3993840396279
902,1.0600000000000023,1.065711322645857,-3.5,0.27797657750051563,0.05130000000000001,0.019964803312629065,-0.12990000000000002,-0.013736579314411287,-20.102283999999997,-0.1782598000000002,0.0,-1.8680286970391933,0.5302515581364222,0.14421663022710618,-1.1711325587746728,0.19703850022522307,31.370000000000005,32.43000000000001,19.350962566844963,20.41667388949082,5.330000000000041,1.830000000000041,4.814291017787125,5.092267595287641,0.8174,0.8687,0.7078289855072466,0.7277937888198757,0.2901,0.1602,0.1140442808755431,0.1003077015611318,101.93723,81.834946,4.2323775,4.0541177,0.0,0.0,10.023592273541947,8.155563576502754,12.410235795497815,12.940487353634238,5.464904214329467,5.609120844556573,84.31972725254403,83.14859469376935,7.75274669981217,7.949785200037393,24.250000000000025,24.395454545454573,19.425346380471407,20.354797616207733,14.541666666666703,14.721538461538495,3.254909008237901,3.292620674997678,0.8592000000000001,0.8431071428571429,0.77330875,0.7888596354096883,0.6973250000000001,0.7143666666666667,0.0543877077918728,0.0427728903895186,642.1705565452576,1399.0842623710632,382.0918979644776,867.5169032594034,225.4528522491455,438.3886920809746,122.84596641207904,285.68403647995973
905,0.17999999999995353,0.5854221967963333,-8.159999999999968,0.0700629501617378,0.015799999999999925,0.038987577639751914,0.0131,-0.02614033451821439,-32.68307999999999,-0.5091843000000003,0.0,-2.7195574735899086,0.5173745917849164,0.17421598327225585,-0.7217467578960566,0.021749037492925893,31.69000000000005,31.870000000000005,19.782947368421095,20.368369565217428,8.050000000000011,-0.1099999999999568,4.889277069300448,4.959340019462186,0.8896000000000001,0.9054,0.779978260869565,0.8189658385093169,0.3511,0.3642,0.1314243055075243,0.1052839709893099,129.6052,96.92212,4.872169,4.3629847,0.0,0.0,11.45412108613042,8.734563612540512,12.2660311233517,12.783405715136617,5.39480177147085,5.569017754743106,85.96834767162274,85.24660091372668,7.410817189349652,7.432566226842578,24.52777777777781,26.293333333333365,20.456288480038506,21.25551503363577,15.41166666666669,15.91888888888892,3.177460154559655,3.5264047808490484,0.8842166666666668,0.8461500000000001,0.7927218055555555,0.7857621031746033,0.6447166666666666,0.6932666666666667,0.07757358581641,0.046758314843957,830.5630130767822,1542.768874168396,443.141437848409,913.8219383551428,220.43517446517944,458.3623170237988,168.84854137459354,326.8448634058683
906,3.159999999999968,0.8276869342778177,-5.28000000000003,0.4942185844809872,9.999999999998899e-05,0.020797722567287846,-0.08169999999999997,-0.020490233971271504,-12.440035999999992,-0.5784739999999999,0.0,-3.2684698608923473,0.5028195076080149,0.18577266118450542,-0.6313761174345132,0.019729338821092846,31.750000000000057,34.910000000000025,19.679523809523843,20.50721074380166,8.690000000000055,3.410000000000025,4.530556077319188,5.024774661800175,0.8427,0.8428,0.7133724637681159,0.7341701863354038,0.3218,0.2401,0.1154165949990576,0.0949263610277861,117.09209,104.652054,5.1882114,4.6097374,0.0,0.0,12.613915877748996,9.345446016856648,12.094098279516064,12.59691778712408,5.3138604303748105,5.499633091559316,85.07306073530235,84.44168461786784,7.302835622740258,7.322564961561351,25.644285714285736,26.251904761904797,20.78198653198656,20.836124231876017,15.676666666666696,15.71814814814818,3.429729508069887,3.331980250725113,0.8819333333333335,0.8665142857142857,0.7643387500000002,0.8189002645502645,0.6394500000000001,0.7234166666666667,0.0823697022888285,0.0419758999967619,947.4920592308044,1688.7209429740906,476.1840742429097,974.2662842687374,227.5801191329956,485.12925533391535,188.4906458539596,372.7547374538783
907,0.3199999999999932,0.6330543363948884,-0.9800000000000182,0.015209448190372399,0.007299999999999973,0.02797515527950356,-0.2105,0.003535391505628399,-50.127746,-0.8220733000000005,0.0,-3.919525382692388,0.4827884785086365,0.19454718259395687,-0.5703236812894232,0.055075703847343505,33.170000000000016,33.49000000000001,21.940235294117663,22.57328963051255,9.750000000000057,8.770000000000039,4.524881402793085,4.540090850983457,0.8795000000000001,0.8868,0.7753782608695651,0.8033534161490686,0.3422,0.1317,0.1026968958925307,0.1062322873981591,119.1305,69.002754,5.564915,4.7428417,0.0,0.0,13.490616764565718,9.57109138187333,11.80692599093159,12.289714469440227,5.200726079859179,5.395273262453136,84.51056278311871,83.94023910182929,7.193935851264783,7.249011555112126,28.337500000000038,29.37181818181821,23.755463383838418,24.63032353140689,17.80666666666669,18.986153846153872,3.535547262495847,3.4851280417265054,0.8448166666666667,0.8390357142857143,0.7913019444444443,0.7908306216931217,0.7063,0.6788888888888889,0.0389462903539023,0.0523095721793896,1143.3433933258057,1730.8346581459043,513.1840428511301,1015.845161519515,220.80751276016235,511.4172899834812,231.87572130642388,387.2224150756074
909,0.30000000000001137,0.9333499170812338,-6.319999999999995,0.22277288969473563,0.023800000000000043,0.020366873706004096,-0.1662,-0.0008760408847933027,-15.20429,-0.7692429999999995,0.0,-3.3140822422315797,0.46688022292301845,0.19658034207242991,-0.549199214605963,0.0814558810188819,33.43000000000001,33.73000000000002,22.277222222222274,23.21057213930351,12.430000000000009,6.110000000000014,4.227626183586544,4.45039907328128,0.8406,0.8644000000000001,0.7005275362318839,0.720894409937888,0.3318,0.1656,0.0962659463681834,0.0953899054833901,107.55949,92.3552,5.720088,4.950845,0.0,0.0,13.539581938229912,10.225499695998332,11.705983934310586,12.172864157233604,5.125739473080447,5.322319815152877,84.01570526454209,83.46650604993613,6.88874676077428,6.970202641793162,27.278888888888908,27.63500000000003,22.26344113756617,22.595391714749105,16.830000000000027,17.418571428571457,3.701569089031387,3.413056661051215,0.8921333333333333,0.8963357142857145,0.8125022222222222,0.8318238756613757,0.5924,0.7083222222222223,0.0812741233628209,0.0510116680989261,1187.4097895622251,1795.3137884140017,537.0274686813354,1059.97457347887,224.9926226139069,497.0796216838062,244.97180613119087,418.0810174250805
912,1.3400000000000318,0.794372700306365,-1.7200000000000255,0.038132670578112204,0.009399999999999964,0.007527329192546284,-0.2902,0.02396085648369,-17.134010000000004,-0.07506349999999973,0.0,-2.153754968111965,0.4347723224964497,0.19066401844078396,-0.4581268984425009,0.2110319869305446,33.410000000000025,34.75000000000006,23.648637770897874,24.44301047120424,9.450000000000044,7.730000000000018,4.339699737305092,4.377832407883204,0.8384,0.8478,0.7329565217391308,0.7404838509316771,0.5844,0.2942,0.0504850285692754,0.0744458850529654,119.84675,102.71274,5.2995205,5.224457,0.0,0.0,13.04785243082186,10.894097462709896,11.63136942472155,12.066141747218,5.115199049725637,5.305863068166421,83.04279351539475,82.58466661695225,7.433243956659209,7.644275943589753,29.210000000000043,30.705000000000027,24.60569895382399,25.52008772254389,19.028333333333368,19.800769230769266,3.5989248613752296,3.6648178777983462,0.8249333333333334,0.7979785714285715,0.7667218055555556,0.7534054894179895,0.66062,0.6643777777777777,0.0409206591029033,0.0366796152688131,1033.5073056221008,1952.379033088684,506.2850599884987,1129.3513782574416,203.163937330246,489.55153252370656,221.2118295780402,505.1641697166024
913,,,,,,,,,,,,,,,,,,,,,,,,,,,,,,,,,,,,,,,,,,,,,,,,,28.79000000000002,30.149166666666694,24.35157744107747,24.81103030010116,18.34818181818185,19.27160000000003,3.531695094406309,3.4423676241897123,0.8423333333333334,0.8188714285714288,0.7856706944444444,0.7652673941798943,0.70844,0.6960571428571429,0.0405783229023094,0.0378574669484865,1027.583079814911,1948.0194025039675,506.8485218087832,1095.409981628185,198.6671366691589,492.1024746280164,220.99162478437296,478.813585604649
918,2.0399999999999636,0.23748723004867855,0.9200000000000159,0.12033237581148626,0.02090000000000003,0.03018219461697691,-0.03479999999999994,0.006507873932832302,13.386489999999995,0.1933997999999999,0.0,-0.8469720746214122,0.154304723707666,0.049305427986059414,-1.3444155864231817,1.4371342207963824,37.33000000000004,39.370000000000005,25.08604355716881,25.32353078721749,4.53000000000003,5.4500000000000455,5.337447437222029,5.457779813033516,0.8415,0.8624,0.7115637681159424,0.7417459627329193,0.611,0.5762,0.0500000115101802,0.0565078854430125,101.94512,115.33161,5.5581512,5.751551,0.0,0.0,12.652378957824196,11.805406883202783,14.46504126216448,14.619345985872146,5.869422363609109,5.918727791595169,77.29585560842658,75.9514400220034,9.418597241522477,10.85573146231886,30.696000000000037,30.18840000000003,24.98949242424245,25.469815002469385,17.597272727272756,17.592222222222254,4.258997976810016,4.243148784189272,0.7735333333333334,0.8100071428571428,0.7176281944444446,0.7415397817460319,0.6643333333333334,0.6666071428571427,0.0401353409281114,0.0436830813409579,847.6664500236511,1802.121614933014,507.18131356438,1225.0804444525882,322.4890398979187,779.1370957764626,150.77553268303487,320.8795175063604
926,2.419999999999959,0.23193802321284807,-4.039999999999964,0.3815172073325881,0.023900000000000032,0.02741283643892356,-0.0494,-0.0012263387517974927,-22.623419999999996,-0.06068150000000028,0.0,-2.3221608061903556,0.21784783781360417,0.05875119287209429,-1.3699141987858354,1.3695449300329994,37.63000000000005,40.05000000000001,25.233680297397832,25.46561832061068,10.370000000000005,6.330000000000041,5.313988188759879,5.695505396092467,0.8583000000000001,0.8822000000000001,0.6723927536231883,0.6998055900621118,0.5362,0.4868,0.0870741618256249,0.0858478230738274,86.29529,63.67187,5.4112735,5.350592,0.0,0.0,12.593822917127952,10.271662110937596,14.302706940703288,14.520554778516892,5.777833434106518,5.836584626978612,77.72281277271202,76.35289857392618,8.827907472959396,10.197452402992395,28.268181818181848,27.77869565217394,23.366151515151543,23.866244950245704,16.501666666666694,17.150000000000034,3.970460217029877,3.792710409349565,0.8744833333333334,0.8807857142857144,0.8337311111111111,0.852684556878307,0.7839166666666668,0.8073,0.0281501042473379,0.0224791479499804,783.6455731391907,1566.003526687622,493.7787190377712,1139.676075663573,346.12646102905273,839.4120711975265,130.3568789834518,262.5160218139718
930,0.6200000000000045,0.3925426952188431,-4.720000000000028,0.3470636300818857,0.034399999999999986,0.019444306418219703,0.0033999999999999586,0.002556589919949101,-30.776743999999994,-0.40128710000000023,0.0,-2.800917259926482,0.2972132932448286,0.07399423159520335,-1.3741299615056022,1.092731671070009,34.89000000000004,35.51000000000005,23.018524590163977,23.41106728538282,8.53000000000003,3.8100000000000014,4.9950668751561365,5.342130505238022,0.8726,0.907,0.7521289855072463,0.771573291925466,0.6337,0.6371,0.058005899503684,0.0605624894236331,93.24081,62.464066,5.4633765,5.0620894,0.0,0.0,12.55167474229949,9.750757482373007,14.32453952517816,14.621752818422989,5.761577986854175,5.835572218449379,79.4090653591095,78.0349353976039,9.914270654879248,11.007002325949257,28.74200000000003,28.33461538461541,22.653455387205412,23.24708782537916,15.708333333333362,15.98857142857146,3.969488872336367,4.06003385711218,0.8252,0.864,0.7325477777777779,0.7616151455026455,0.6606166666666667,0.7096,0.055249538448437,0.0488290816952856,828.4735207557678,1532.0266880989077,495.0574940641721,1061.0959697396777,353.0351405143738,623.0310870022465,130.5407882778653,257.24971041611803
933,0.6200000000000045,0.6637577309740585,-2.9600000000000364,0.3728639635563544,0.01739999999999997,-0.0036865424430639893,-0.14900000000000002,-0.0017549240191890997,-21.020160000000004,-0.08241940000000003,0.0,-1.7872369346558283,0.6082421654209487,0.19333216083294236,-1.2682724421921563,0.7110609343444647,29.470000000000027,30.090000000000032,18.4728191489362,19.13657687991026,4.890000000000043,1.9300000000000068,4.674786094691675,5.0476500582480295,0.8898,0.9072,0.7880231884057972,0.7843366459627332,0.2796,0.1306,0.1220131759871512,0.1202582519679621,84.56416,63.544,4.5135994,4.43118,0.0,0.0,10.536182389014789,8.74894545435896,13.160572242986376,13.768814408407325,5.536211010997981,5.729543171830923,83.47859357217477,82.21032112998262,8.528946475692702,9.240007410037167,23.167500000000025,24.250000000000032,19.08151178451181,19.804600989085667,14.075454545454576,14.426428571428602,3.087486089685284,3.398518237980936,0.8458666666666668,0.8066642857142857,0.7731797222222223,0.7726769510582011,0.67974,0.7293785714285714,0.0495214976224937,0.0262771932101041,657.360533952713,1379.1641864776611,411.8659564753373,943.8413908048338,290.5545539855957,511.97107899189,106.41026993395072,252.09884752855643
934,-1.1399999999999864,-0.5959918996602802,-6.6200000000000045,0.35146817683563203,0.0474,0.03386293995859235,-0.24430000000000002,0.0170464881818444,-24.894450000000006,0.01598770000000016,0.0,-1.6422832013245667,0.6082421654209487,0.19333216083294236,-1.2682724421921563,0.7110609343444647,30.930000000000007,29.79000000000002,19.570898876404527,18.974906976744247,6.53000000000003,-0.0899999999999749,4.5995826973513285,4.9510508741869605,0.8636,0.911,0.7590420289855071,0.7929049689440995,0.4323,0.188,0.1073758499901209,0.1244223381719653,90.60926,65.71481,4.4836173,4.499605,0.0,0.0,10.70139407193292,9.059110870608354,13.160572242986376,13.768814408407325,5.536211010997981,5.729543171830923,83.47859357217477,82.21032112998262,8.528946475692702,9.240007410037167,23.196000000000037,24.390000000000036,19.44020917508421,19.96270330955174,14.597272727272752,14.550000000000027,3.028971293680126,3.462047968302811,0.85,0.7977857142857143,0.7710250000000002,0.7659544642857145,0.6639333333333334,0.7200285714285714,0.055661774776736,0.0247338693365487,620.4140391349792,1361.4280138015747,399.23706418275833,935.0271510433716,287.17510986328125,516.0934364199638,100.43763179869548,245.21252076617623
938,-0.5200000000000387,0.602456657240058,-3.2199999999999704,0.07948641402992607,0.02100000000000002,0.015729606625258463,0.0655,-0.0025250447828719935,-9.72287,0.10960049999999999,0.0,-1.3368612486938805,0.6131249571782202,0.1821433448427605,-1.2743204832566164,0.5888573986139125,31.510000000000048,30.99000000000001,19.20640117994102,19.80885783718108,5.810000000000002,2.590000000000032,5.116016843837563,5.195503257867489,0.8766,0.8976000000000001,0.756953623188406,0.7726832298136644,0.2742,0.3397,0.1017377782849145,0.0992127335020425,64.324814,54.601944,4.192751,4.3023515,0.0,0.0,9.792623314959757,8.455762066265876,12.941955844812885,13.555080801991105,5.555706986607928,5.737850331450688,83.12189789492827,81.84757741167165,8.631475994643715,9.220333393257627,24.95000000000003,25.320476190476224,20.28410774410777,20.91335752650395,14.49909090909094,15.26416666666669,3.596043700659709,3.5383089189523997,0.8252,0.8423214285714283,0.7459391666666666,0.7918261306657972,0.6491833333333333,0.7290214285714287,0.0599310536293216,0.0380310422686182,601.5530512332916,1375.03297662735,382.5885205864906,916.4008456689093,261.8180410861969,519.2394297122955,98.7650244265195,263.1705412177879
939,-0.8400000000000283,0.06542562777847394,-0.8199999999999932,0.13233472824787196,0.03689999999999993,0.03159213250517623,0.016600000000000004,-0.009764429132249203,-31.076124,0.0862450000000008,0.0,-1.4811104318404276,0.6047496920978936,0.17385194261213055,-1.2215079623145897,0.48717911544967585,30.69000000000005,29.850000000000023,19.059451219512216,19.12487684729069,5.930000000000007,5.110000000000014,4.823252590576039,4.955587318823911,0.8802000000000001,0.9171,0.7646768115942028,0.796268944099379,0.1781,0.1947,0.12086957894554,0.1111051498132908,85.57105,54.494926,4.232822,4.319067,0.0,0.0,10.017239226783426,8.536128794942998,12.88421005668502,13.488959748782914,5.559453909218921,5.733305851831052,82.99372201008505,81.77221404777046,8.59898170994806,9.086160825397736,23.62333333333337,24.22000000000003,19.531816919191957,19.90537661661658,14.426363636363668,14.710869565217424,3.414281180218804,3.3470282846554045,0.87195,0.8676714285714285,0.7941765277777777,0.807620138888889,0.6988166666666666,0.7317642857142858,0.0529060516057346,0.0477505209342689,611.2599520683289,1358.1195740699768,394.7859212756157,922.0764136921498,268.64295387268066,527.3535494767129,102.04733684925183,261.80451204849163
941,1.0599999999999987,0.546912494831389,3.3999999999999773,-0.00676107922393232,-0.03520000000000001,0.017383643892339595,0.02729999999999999,-0.019003965750607796,-21.251135000000005,0.5236312999999999,0.0,-0.05771140506275607,0.4246330246466119,0.2402587416528883,-1.0939459808855787,1.0244518996957188,30.57000000000005,31.63000000000005,20.78456238361269,21.33147487844408,4.650000000000034,8.050000000000011,4.704832834073342,4.698071754849409,0.7175,0.6823,0.5601710144927536,0.5775546583850932,0.379,0.4063,0.0751434359836872,0.0561394702330794,97.90531,76.654175,4.7480917,5.271723,0.0,0.0,10.876379668643937,10.81866826358118,13.676129395497805,14.100762420144417,5.858328121930513,6.098586863583401,79.6992757462664,78.60532976538082,7.995759789066745,9.020211688762464,25.67666666666669,26.2203703703704,20.874131313131343,21.39313589743593,14.703333333333369,15.701111111111144,3.947985025577508,3.6741398478886538,0.5159833333333333,0.4747642857142858,0.4310503845688585,0.4287644663064127,0.3417647451963241,0.3383993437841779,0.0590472999618765,0.0388898089352762,708.0325684547424,1668.8732504844666,433.2633805672328,1122.8769856960473,290.59599447250366,715.0634814584628,112.36979832066264,245.8175655727767
945,0.9599999999999795,0.5383534819856415,-1.5,0.166467945068967,0.04299999999999993,0.033254451345756,0.027100000000000013,-0.0193120974805355,-25.438625000000002,-0.09536649999999991,0.0,-2.5171044401977536,0.5637116159836815,0.13259686889918942,-1.183086772814363,0.27852609910046233,32.03000000000003,32.99000000000001,20.344358974358997,20.88271245634464,5.630000000000052,4.130000000000052,5.010693189720187,5.177161134789154,0.8676,0.9106,0.7560144927536232,0.7892689440993792,0.3916,0.4187,0.1109044872726371,0.0915923897921016,102.18935,76.750725,4.5734005,4.478034,0.0,0.0,11.5861614328468,9.069056992649047,12.596791937963577,13.160503553947258,5.483675338340756,5.616272207239946,82.96950206814373,81.78641529532936,8.043161213393818,8.32168731249428,26.798571428571456,26.66333333333337,21.22902645502648,21.849129613979304,15.697272727272754,15.542307692307723,3.963469716955183,3.91049318053843,0.8046666666666668,0.8387928571428572,0.7397401388888888,0.7730736441798943,0.5987166666666667,0.7091444444444446,0.0553927401165506,0.0443591250403967,645.4070062637329,1502.250322818756,417.3228015899658,953.8212087842404,244.5128417015076,545.7814521789551,118.18686609379866,316.23716679822815
946,0.660000000000025,0.5426816882685301,0.5600000000000023,0.18542563490284714,0.05510000000000004,0.024941407867494658,0.020399999999999974,-0.01718030185693771,-5.890520000000009,0.017422700000000013,0.0,-2.120137779394712,0.5584808105836103,0.13085483706473422,-1.2190556544586997,0.27566069569736484,32.870000000000005,33.53000000000003,20.491412429378563,21.034094117647093,6.8700000000000045,7.430000000000007,4.9748601018814265,5.160285736784274,0.8438,0.8989,0.7146014492753622,0.7395428571428568,0.2625,0.2829,0.1127951066529763,0.0956148047960386,86.89247,81.00195,4.4256263,4.443049,0.0,0.0,11.021438992520029,8.901301213125317,12.56882054070326,13.12730135128687,5.481366665050476,5.612221502115211,83.11238936901334,81.89333371455464,7.9762195761864,8.251880271883765,26.25000000000003,26.84600000000002,21.50686814574318,22.232449811570945,15.810000000000032,15.821200000000024,3.6972571122345257,3.919178148647224,0.8180000000000001,0.8318857142857145,0.7439418055555557,0.7550743386243385,0.6159666666666667,0.6770111111111111,0.0537722969492053,0.0487798339911159,638.7049241065979,1555.834904670715,403.838405529658,946.3694126274592,236.40914726257324,521.3653979711235,113.49436413618426,329.01693494454094
949,0.339999999999975,0.6522503649861626,-4.199999999999989,0.14355912827714867,0.06400000000000006,0.015627536231883843,-0.1104,0.025016463957541396,-6.921990000000008,-0.2813654999999997,0.0,-2.1316875435637357,0.542758415998696,0.14721847317052017,-1.0124671564255294,0.10456102474781037,32.47000000000003,32.81,20.527863013698678,21.18011337868484,6.990000000000009,2.7900000000000205,4.8522655443350216,4.99582467261217,0.7941,0.8581000000000001,0.7005376811594203,0.7161652173913041,0.4473,0.3369,0.0701035075337606,0.095119971491302,93.01022,86.08823,4.3696265,4.088261,0.0,0.0,10.326996871462793,8.195309327899057,12.452886432940728,12.995644848939424,5.472962597496603,5.620181070667123,85.16032458570345,84.14785742927792,7.728203493844387,7.832764518592198,26.04500000000003,25.707391304347865,21.086460437710464,21.108805107339013,15.380000000000024,15.1792307692308,3.855451330929835,3.5154930981798698,0.7807666666666667,0.8360000000000001,0.7220223611111112,0.7743988425925927,0.64815,0.6949083333333334,0.0439922540028253,0.0422768695197887,676.7518339157104,1475.985680103302,407.0618475675583,882.4720994736999,221.315767288208,447.6016144026071,140.02894615262986,311.24531348131563
951,0.16000000000002146,0.45750123578843827,-4.019999999999982,0.1589046630011497,0.025999999999999912,0.0346457556935823,0.21369999999999997,-0.024704822024297496,-4.240415999999996,-0.6210040000000001,0.0,-2.661547239889522,0.5242103431129816,0.17238771979520973,-0.7639569260160783,0.057023973547527085,31.03000000000003,31.19000000000005,19.66357142857146,20.121072664359897,6.670000000000016,2.650000000000034,4.724720980523545,4.883625643524694,0.8681000000000001,0.8941,0.7704405797101448,0.8050863354037271,0.1867,0.4004,0.1337471390118952,0.1090423169875977,100.876076,96.63566,4.906727,4.285723,0.0,0.0,11.45626415403686,8.794716914147338,12.341960062164476,12.866170405277458,5.443404122882011,5.615791842677221,85.8980409879984,85.13408406198232,7.564082573930721,7.621106547478248,24.51800000000004,25.85000000000002,20.58215506253009,21.23789100077328,15.693333333333351,16.21076923076926,3.27684214650436,3.426075420428212,0.8557166666666668,0.8645214285714288,0.7817141666666667,0.8094277116402117,0.6372500000000001,0.7164777777777778,0.0574249297734941,0.0379652291275465,845.4451208114624,1524.2765431404114,447.7388038635254,912.859069420568,222.9198446273804,461.006182981655,171.95822091443443,326.23233049057126
953,0.9400000000000546,0.8353869614944642,-0.19999999999998863,0.08226615958223338,0.006199999999999983,0.025893581780538133,-0.20659999999999998,-0.014033439567862599,-71.63371000000001,-0.872458,0.0,-4.1015001883256,0.5116384063903681,0.18973880290000178,-0.6690534705236217,0.021613409767491376,33.31,34.25000000000006,22.007868852459055,22.84325581395352,9.150000000000034,8.950000000000045,4.493847262399148,4.576113421981382,0.8737,0.8799,0.7739188405797099,0.7998124223602481,0.3102,0.1036,0.1069649262241343,0.0929314866562717,139.86374,68.23003,5.5173726,4.6449146,0.0,0.0,13.413851301521929,9.312351113196328,12.103767658511511,12.61540606490188,5.36693585572106,5.556674658621062,85.483984749343,84.81493127881937,7.440557391103324,7.462170800870815,27.594000000000023,28.795384615384645,23.529253367003403,24.29943222573189,17.563333333333365,18.733200000000025,3.579378586497524,3.5321256634560254,0.8374666666666668,0.8458928571428572,0.7938733333333334,0.7837357142857143,0.74438,0.6897333333333333,0.0311009559517238,0.0485402039379428,1133.095911026001,1714.4472289085388,520.2149220307668,998.3130998599876,227.6191921234131,504.2955922558904,230.4384423489172,379.9255033703557
955,0.9000000000000341,0.93691774538053,-2.8799999999999937,0.08459821148591384,0.0033000000000000806,-0.00271221532091126,-0.06169999999999998,0.012240123149564401,-46.537896,-1.2903460999999998,0.0,-4.53879827548197,0.485705034454325,0.2038716198070345,-0.6134588085891153,0.08471765244811102,38.170000000000016,39.07000000000005,25.63813056379825,26.57504830917878,14.07000000000005,11.190000000000056,5.502992259208746,5.58759047069466,0.628,0.6313000000000001,0.5700637681159421,0.5673515527950308,0.3911,0.3294,0.0383027829276685,0.0505429060772329,125.002556,78.46466,6.1966395,4.9062934,0.0,0.0,14.65111602831936,10.11231775283739,11.719418327004664,12.20512336145899,5.189751370772987,5.393622990580021,84.4728331640608,83.85937435547169,6.873699014075271,6.958416666523382,27.354444444444475,28.70833333333336,22.85231691919195,23.6839569027718,17.04000000000003,18.313333333333365,3.598571091115597,3.4502288318668564,0.8805,0.8770214285714284,0.836319861111111,0.8248601851851852,0.7617750000000001,0.6582888888888889,0.032209243859908,0.0606579958800495,1248.942611694336,1809.0900392532349,565.4433780411879,1045.0405190810236,243.70119428634644,494.4351882692426,256.91527498822046,420.4576836564493
959,2.240000000000016,0.9807886442113976,-0.060000000000002274,0.28964436802159543,-0.03320000000000001,-0.028319254658385362,0.0928,-0.015604264355902203,-19.97984000000001,-0.6803254999999995,0.0,-3.2616198841516564,0.4544696511392132,0.19219944450415571,-0.45490734187059445,0.22542132138459348,33.97000000000003,36.21000000000004,23.914451410658334,24.89524005486973,8.850000000000023,8.79000000000002,4.60905762166906,4.898701989690656,0.7976000000000001,0.7644000000000001,0.7042347826086959,0.6759155279503105,0.2651,0.3579,0.0784540977695653,0.0628498334136631,133.81987,113.84003,5.753263,5.0729375,0.0,0.0,14.174380894104162,10.912761009952506,11.90979141376265,12.364261064901862,5.279031190766989,5.471230635271144,82.98399265462353,82.52908531275294,7.435546694078829,7.660968015463422,28.54555555555559,29.49727272727275,23.63149206349209,24.21541942539729,17.73000000000002,18.73153846153849,3.768338578145865,3.54399097681579,0.8816,0.8701142857142858,0.8195694444444444,0.8248605489417989,0.6937,0.7152714285714284,0.055562903472409,0.0479069817801453,1084.1741943359375,1940.600328922272,525.408150156339,1091.226779059193,200.44412970542908,474.0162542629987,241.2184220151466,484.0326016837397
974,0.5,0.27031880811023257,0.2400000000000091,0.3571618462469246,0.0674999999999999,0.024492339544513686,-0.011199999999999988,0.024508866401857288,-6.04986000000001,-0.06927400000000006,0.0,-1.6622184496859305,0.6248600965419211,0.19839860213025773,-1.3688952662284777,0.7602300559519346,31.910000000000025,32.410000000000025,20.04185840707968,20.312177215189912,4.430000000000007,4.670000000000016,4.79605883222196,5.153220678468885,0.8400000000000001,0.9075,0.7338318840579711,0.7583242236024847,0.2161,0.2049,0.1055433690552017,0.130052235457059,69.31673,63.26687,4.5497184,4.4804444,0.0,0.0,10.5148157186654,8.85259726897947,12.893588297780925,13.518448394322846,5.460827353014397,5.659225955144655,83.19331097309724,81.82441570686876,8.32566238578396,9.085892441735895,24.730000000000025,25.21736842105265,20.4920636724387,20.693503453915383,13.845555555555595,14.85380952380956,3.6849126159240337,3.719181476627947,0.8232666666666667,0.8492071428571429,0.7573362499999999,0.7877554232804234,0.6665166666666666,0.7295555555555555,0.0511638085164674,0.0343673453112967,650.6500265598297,1375.7905550003052,407.1593785484632,951.8031852309264,292.2244691848755,515.0381221175194,100.38718210581678,263.2479427687762
976,-0.01999999999998181,0.22258662023364195,-2.839999999999975,0.19981787909107052,0.042200000000000015,0.0033107660455485854,-0.09179999999999999,0.02054867836244481,-25.36336,0.09050250000000037,0.0,-1.4614426880450395,0.6244583969471371,0.19151272273759634,-1.3569680565451279,0.7471328282997316,33.97000000000003,33.950000000000045,21.140849673202677,21.36343629343632,7.810000000000002,4.970000000000027,5.295813113484629,5.495630992575699,0.8509,0.8931,0.738085507246377,0.7413962732919256,0.374,0.2822,0.0793654878364956,0.0999141661989404,83.48331,58.11995,4.209594,4.3000965,0.0,0.0,9.915850646130604,8.454407958085564,12.715455795497778,13.339914192444915,5.415100746281099,5.606613469018695,83.12893606772695,81.77196801118183,8.059992661412199,8.80712548971193,26.53500000000004,25.792727272727312,21.217871753246783,21.33374315724536,14.398888888888912,14.724285714285738,4.108416608707106,3.903175153829345,0.8565,0.8086071428571427,0.7503561111111113,0.7448110780423282,0.6439400000000001,0.6770214285714286,0.0531533478934652,0.0376621558725504,607.5754585266113,1408.4316935539246,384.12544180949527,915.9205953708636,260.0708827972412,483.0084513425827,100.19235728192548,269.0234643648734
978,-0.4200000000000088,0.4454151070159895,-1.7599999999999891,0.10106382265896663,0.0232,0.0057530020703937534,-0.1793,0.010789663323766699,-17.77901,-0.07140700000000066,0.0,-1.6436408742168673,0.6365844756702934,0.18786759145430754,-1.3431026480621284,0.6282123141172278,32.63000000000005,32.21000000000004,20.34748344370865,20.79289855072464,7.870000000000003,6.110000000000014,5.097722802674171,5.198786625333137,0.8609,0.8841,0.7503724637681155,0.7561254658385093,0.3455,0.1662,0.0984025816853211,0.1091922450090878,83.11869,65.33968,4.326106,4.254699,0.0,0.0,10.159116580168158,8.51547570595129,12.744160579059436,13.38074505472973,5.475594984385279,5.663462575839587,82.32066216565532,80.97755951759319,8.287901548429323,8.91611386254655,25.263333333333364,25.698421052631613,20.643693181818207,21.034626134308905,14.25181818181821,14.938461538461564,3.649792425023948,3.9457609377299274,0.85915,0.8326428571428571,0.7945872222222223,0.7890864417989417,0.6905500000000001,0.7313444444444447,0.0442360762741868,0.0335069253703239,624.3085882663727,1389.2423129081726,394.75718943278,906.250958905303,253.1733932495117,516.0936393737793,103.14141003526102,269.4160851341535
979,4.520000000000039,0.4510477282631271,-4.579999999999984,0.26356891305726204,0.010000000000000009,0.013484472049689611,-0.28800000000000003,0.01613352540686419,-15.940399999999997,-0.12795359999999967,0.0,-1.6822199029753104,0.6305793017105721,0.17839465248494424,-1.3214286527943813,0.5839473740923058,33.670000000000016,38.190000000000055,21.107152542372912,21.55820027063604,8.270000000000039,3.690000000000055,5.135613642516886,5.399182555574148,0.8585,0.8685,0.6966521739130436,0.7101366459627332,0.4131,0.1251,0.0910225288384336,0.1071560542452978,81.50961,65.56921,4.347333,4.2193794,0.0,0.0,10.177196438137187,8.494976535161877,12.685137220155331,13.315716521865903,5.463999820761111,5.642394473246055,82.32423340198437,81.00280474918999,8.210648624480303,8.794595998572609,28.552222222222245,27.86882352941179,23.080374037999068,23.585670269687487,15.120000000000022,16.57583333333336,4.319498611129631,4.254423156590954,0.7569333333333333,0.8035071428571429,0.6481961111111111,0.6753166997354497,0.5689833333333333,0.5046111111111111,0.053947800728066,0.0888203481788406,635.2866086959839,1374.755793094635,407.0887636442979,905.1578582126724,273.1509442329407,526.3343297485262,103.75686592691817,264.4189534807275
982,1.4600000000000364,0.9366280451574518,-1.0199999999999818,0.4011843224179712,0.019500000000000073,0.02049958592132539,-0.06840000000000002,-0.005573410851698504,-18.58603,-0.24904249999999983,0.0,-2.0715308837472133,0.5941425989043374,0.1395980583546974,-1.255024246379378,0.4774104938145687,35.73000000000002,37.190000000000055,22.259281045751656,23.195909090909108,9.730000000000018,8.710000000000036,5.239239093655743,5.640423416073714,0.8741,0.8936000000000001,0.6592985507246375,0.6797981366459629,0.2482,0.1798,0.1083160559146902,0.1027426450629917,81.0545,62.46847,4.5226912,4.2736487,0.0,0.0,10.677735116089536,8.606204232342323,12.496950259424745,13.091092858329082,5.3889194643146725,5.52851752266937,83.15224342653615,81.89721918015677,7.542880284965792,8.02029077878036,28.226666666666688,29.06666666666669,22.6895930735931,23.404094928731496,15.500000000000025,16.3791666666667,4.053802415276435,4.219134407946236,0.7934500000000001,0.8207142857142857,0.6985530555555556,0.6782323412698413,0.6543833333333334,0.5583666666666667,0.0380482444832378,0.0878202087348017,642.0233025550842,1413.0429377555847,412.6955775022506,910.2871857960126,257.7387833595276,524.0506811961532,111.74892295179072,281.22199828121074
984,0.7200000000000273,1.0477151848648418,-2.0400000000000205,0.3663958503845244,0.025000000000000022,0.015953002070393074,-0.034,-0.012770136961578901,-18.669914000000006,-0.1902803000000004,0.0,-1.989688867162517,0.5880756986578444,0.13272726987453343,-1.1910162096410062,0.39391518146940285,34.610000000000014,35.33000000000004,21.69328358208958,22.740998766954423,9.750000000000057,7.710000000000036,4.987909916737798,5.354305767122322,0.8488,0.8738,0.7007855072463771,0.7167385093167702,0.2394,0.2054,0.1164289760181126,0.1036588390565337,86.684044,68.01413,4.508427,4.3181467,0.0,0.0,10.844863387971182,8.855174520808665,12.47558595622839,13.063661654886234,5.408210250757815,5.540937520632348,83.18683979666959,81.99582358702858,7.54534550415522,7.939260685624623,26.737500000000036,27.59526315789476,22.313757515632545,23.1298948425538,16.20500000000003,16.466923076923106,3.598814944080144,3.9821582194650222,0.8090666666666667,0.8011071428571429,0.7306272222222222,0.7540754960317461,0.6069333333333334,0.6883333333333334,0.063342033493556,0.0308063550327982,626.221438407898,1522.9273490905762,405.79399809241295,926.7766216237408,241.0273480415344,515.4317209720612,112.17868564981724,309.1859339815405
991,1.920000000000023,1.0007879130740172,-0.6599999999999682,0.14555968832433752,0.02100000000000002,0.030092546583850743,0.03109999999999999,-0.035519176927823,-35.48934,-0.5661556000000001,0.0,-3.333218884293794,0.538646215702844,0.16820430746224968,-0.8589841409018817,0.09331452069635748,30.29000000000002,32.21000000000004,19.18745152354574,20.188239436619757,4.550000000000011,3.890000000000043,4.785594049099268,4.931153737423606,0.8716,0.8926000000000001,0.7685173913043478,0.7986099378881986,0.2317,0.2628,0.1453279000678201,0.1098087231399971,100.46854,64.9792,4.8355346,4.269379,0.0,0.0,11.878418802724092,8.545199918430297,12.461231722438455,12.9998779381413,5.491294649602819,5.659498957065069,85.83378674281313,84.97480260191125,7.518231075226113,7.61154559592247,26.74333333333336,26.15315789473687,20.436157768157795,21.06219522847488,14.65500000000003,15.781111111111144,3.768413295978744,3.491246310958767,0.8202166666666666,0.8415071428571428,0.7402475000000001,0.7862198412698412,0.6391666666666667,0.6778666666666666,0.0538664730662942,0.049633299833056,810.8104972839355,1506.1398134231567,441.2425407767296,909.3777595386686,222.38153266906735,479.1528793871403,161.40783569462025,312.65894386218906
992,3.579999999999984,0.7839559387557529,-4.160000000000025,-0.047791288456703995,0.016799999999999926,0.03377204968944103,0.1266,-0.028893622177528902,-44.136799999999994,-0.7627540000000002,0.0,-3.458075174454624,0.5110445794068426,0.17696338647721976,-0.715695238049662,0.0557130392057017,33.27000000000004,36.85000000000002,20.978609625668486,21.76256556442424,8.750000000000057,4.590000000000032,4.717710594560097,4.669919306103393,0.8864000000000001,0.9032,0.7847652173913042,0.8185372670807453,0.2645,0.3911,0.115054099217245,0.0861604770397161,109.68914,65.55234,5.2830396,4.5202856,0.0,0.0,12.503401255127688,9.045326080673064,11.964273428374506,12.475318007781349,5.2973961276530295,5.474359514130249,86.03638393461472,85.32068869656506,7.377280058201522,7.432993097407223,25.764000000000028,27.12833333333336,22.01416233766237,22.759549421620523,16.71909090909094,17.907777777777806,3.1982209800306154,3.2174582553538107,0.864,0.8654285714285715,0.7971895833333335,0.829098611111111,0.6849999999999999,0.7490666666666667,0.0505629927899112,0.0345301655952325,953.631371498108,1654.1411895751953,482.0773630142212,962.8208441347816,234.28382682800293,494.894329123199,191.2738624410772,360.5279645037146
993,1.4399999999999977,0.7796321713646428,1.1999999999999904,-0.103251556196712,0.0009000000000000119,0.000629813664596246,-0.041000000000000036,0.012247886303788598,-65.34377,-0.9322594999999998,0.0,-3.9755117356623284,0.5110445794068426,0.17696338647721976,-0.715695238049662,0.0557130392057017,33.650000000000034,35.09000000000003,22.202030848329063,22.981663019693706,8.150000000000034,9.350000000000025,4.741008888875423,4.637757332678711,0.8855000000000001,0.8864000000000001,0.8177695652173915,0.8183993788819878,0.5088,0.4678,0.0582473842277571,0.0704952705315457,131.60963,66.26586,5.5534415,4.621182,0.0,0.0,13.284070228143582,9.308558492481254,11.964273428374506,12.475318007781349,5.2973961276530295,5.474359514130249,86.03638393461472,85.32068869656506,7.377280058201522,7.432993097407223,25.83750000000002,27.11384615384619,21.496721801346837,22.321196130841813,15.861666666666702,17.22071428571432,3.658995434621866,3.458434351243638,0.9042833333333334,0.8998857142857144,0.8553450412813738,0.8552604445620555,0.8093666666666667,0.7668555555555555,0.0278865677293101,0.0342598542652816,1089.5508632659912,1699.8283796310425,525.059572060903,970.6330534762236,230.1934719085693,500.6690011285245,223.5830917830073,367.14240928230726
994,1.0600000000000023,0.7378790463568876,-1.0600000000000023,0.1192625671613019,0.007199999999999984,0.0071720496894410735,-0.05410000000000004,0.016305715078885105,-60.293155,-1.3380302999999998,0.0,-5.0885924190079255,0.515125367954905,0.19579059472291327,-0.7016590423999105,0.04852222555815455,31.83000000000004,32.89000000000004,20.67416422287394,21.41204326923083,7.990000000000009,6.930000000000007,4.478652946965694,4.597915514126996,0.902,0.9092,0.8117260869565217,0.8188981366459628,0.3884,0.3343,0.0902774734804962,0.1065831885593813,130.31303,70.019875,5.9192767,4.5812464,0.0,0.0,14.249726512988069,9.161134093980143,11.951145899607392,12.466271267562297,5.2775364593205385,5.473327054043452,85.8436456564819,85.14198661408199,7.658257113614831,7.706779339172986,26.247142857142894,27.086842105263187,21.547804232804264,22.45843713732805,15.996666666666698,17.203600000000026,3.501118114239888,3.3674169600908743,0.8792666666666668,0.8629857142857144,0.8108497222222223,0.8190550925925927,0.64385,0.7538444444444443,0.0609923064434613,0.0367834891487214,1185.321660041809,1710.5019326210022,561.3164378404617,992.2075943600696,249.59112548828125,489.3034646362066,242.43390263807208,381.5601078432457
995,1.419999999999959,0.6669643918593451,-0.21999999999997222,0.17674200010236163,-0.010299999999999976,0.0008763975155274828,-0.3145,0.0155344704243911,-56.56125,-1.6062840999999999,0.0,-5.606263059378675,0.5039335583079438,0.2075910563431167,-0.7279334105257647,0.1114597458651927,33.13000000000005,34.55000000000001,23.60667638483969,24.273640776699036,10.670000000000016,10.450000000000044,4.485769339022146,4.662511339124507,0.8411000000000001,0.8308000000000001,0.7230521739130435,0.723928571428571,0.486,0.1715,0.0635162825380096,0.0790507529624007,131.58015,75.0189,6.4356966,4.8294125,0.0,0.0,15.424390043012222,9.818126983633547,11.665966023808318,12.169899582116262,5.18320754644873,5.390798602791847,85.38763622960383,84.65970281907806,7.020512295827964,7.131972041693157,28.463333333333352,29.06250000000003,24.087648148148173,24.723083596581144,18.02833333333336,19.022592592592623,3.6643983839258,3.5530931104174504,0.8537666666666667,0.8491500000000002,0.7893022222222222,0.7824203373015873,0.7229599999999999,0.5899666666666666,0.0383219548168886,0.0661606504891876,1251.9781866073608,1764.6647033691406,587.2573129534721,1028.664852471013,261.4268727302551,488.381892491132,258.27583620930653,406.8282883772525
997,2.3000000000000114,0.6871705069124374,-2.8000000000000114,0.18973250032486533,0.014599999999999946,0.014114078674948183,-0.39130000000000004,0.0344488857987167,-51.93118000000001,-1.3205274999999999,0.0,-5.6621808080999525,0.4814195180009655,0.22549740236299787,-0.733691593459568,0.267542779035006,34.83000000000004,37.13000000000005,23.722258064516183,24.40942857142862,14.170000000000016,11.370000000000005,4.351891179318179,4.5416236796430445,0.8389000000000001,0.8535,0.7695057971014492,0.7836198757763974,0.4892,0.0979,0.0550361195865713,0.089485005385288,163.38048,111.4493,6.538177,5.2176495,0.0,0.0,16.80938064389652,11.147199835796568,11.519061715132509,12.000481233133474,5.19607106268083,5.421568465043828,84.02170481853621,83.28801322507664,6.520969103114382,6.788511882149388,29.01857142857147,29.780000000000022,24.46944444444448,24.8450457351291,18.596666666666696,19.118333333333364,3.5825938310452057,3.562826218868508,0.8506333333333332,0.8696857142857144,0.8106327777777779,0.8097930886243389,0.7654600000000001,0.6569444444444446,0.0274179719997677,0.0604221961836666,1229.4172325134275,1932.5137939453125,596.6086594164371,1111.3592898908926,242.4909009933472,502.3247952926904,274.5413828708121,470.6188341157072
1000,0.7799999999999692,0.5812383167161137,-0.19999999999998863,-0.009897264468880174,-0.00990000000000002,0.027471014492753687,-0.3392,0.003098602211915595,-14.361710000000002,0.45865370000000016,0.0,-0.1581081731076548,0.4169022320404512,0.22928127890853123,-1.1459146106816576,1.1139522392252266,31.650000000000038,32.43000000000001,20.55048417132219,21.131722488038303,6.850000000000023,6.650000000000034,5.053067411817456,5.043170147348576,0.8160000000000001,0.8061,0.6933376811594203,0.720808695652174,0.5736,0.2344,0.0535346457004733,0.0566332479123889,97.49645,83.13474,4.789798,5.2484517,0.0,0.0,11.059544126360125,10.90143595325247,13.848667296867676,14.265569528908127,5.909124914114692,6.138406193023223,79.69153983881932,78.54562522813767,7.90981505433061,9.023767293555837,27.060000000000027,27.23720000000003,21.8194570707071,22.153216056782757,13.830000000000032,15.03384615384618,4.507573947617996,4.197384483166773,0.8468333333333332,0.8486285714285714,0.7736566666666667,0.8030954695767196,0.67755,0.7216714285714286,0.0510725261180032,0.0370516166134934,699.1192882061005,1722.039713859558,437.0690589944522,1117.9202133053138,292.1801357269287,671.1015885500237,110.14509490282008,260.6610813233434
1001,0.39999999999997726,-0.007581307157156658,-2.180000000000007,0.1161872677466862,-0.00770000000000004,0.01292650103519688,-0.15450000000000003,0.0104695504775658,8.146070000000009,0.4649150000000004,0.0,-0.12890150428009584,0.1258094821765443,0.07140638824475243,-1.3667213318542508,1.475109790452164,37.690000000000055,38.09000000000003,24.851174311926613,24.843593004769456,8.150000000000034,5.970000000000027,5.409457984420712,5.525645252167398,0.8322,0.8245,0.6858449275362319,0.6987714285714288,0.5832,0.4287,0.0514938593109305,0.0619634097884963,96.88963,105.0357,5.562778,6.027693,0.0,0.0,13.175915366145508,13.047013861865413,14.518048615589128,14.643858097765673,5.843283973710657,5.91469036195541,78.61767907277203,77.25095774091778,10.388588812990392,11.863698603442556,29.33727272727276,29.542727272727305,24.17716414141417,24.64507127299703,16.948333333333366,17.233703703703735,4.1775793958622165,4.12108698126061,0.7902333333333335,0.8120928571428571,0.69918,0.7294701719576718,0.65306,0.660557142857143,0.0416263491828954,0.0427946970404328,791.8690762519836,1683.652672290802,512.7033314804236,1282.7389524907485,330.0133593082428,938.9870353488698,144.81813942395485,255.08488475753208
1003,0.8600000000000136,0.37584544085270366,-3.5600000000000023,0.20424811864998738,0.02290000000000003,-0.002507453416148775,-0.11699999999999999,0.010970541173133598,-20.67783999999999,-0.03464700000000054,0.0,-2.3109446451961517,0.1669653016290642,0.08587034844809516,-1.2817659223294982,1.4356311587454904,34.610000000000014,35.47000000000003,23.15813868613143,23.533984126984134,8.510000000000048,4.9500000000000455,5.073824070274188,5.278072188924176,0.8971,0.92,0.773226086956522,0.7707186335403732,0.6976,0.5806,0.0494420775212294,0.060412618694363,101.06092,80.38308,5.449415,5.414768,0.0,0.0,12.815733917387895,10.504789272191744,14.468812761707849,14.635778063336913,5.820985233220872,5.906855581668967,78.61426279165937,77.33249686932987,9.167887398643575,10.603518557389066,27.90636363636367,28.450869565217427,23.04353030303033,23.82060205988325,16.050000000000033,16.523333333333365,3.944670494786938,4.0973947068601495,0.8701500000000001,0.8512142857142858,0.7485477777777777,0.7536455687830689,0.6213,0.6683444444444446,0.0672614623899867,0.0487224532123844,873.4737787246704,1717.4555349349976,497.2591297626496,1153.345673540696,335.4450597763061,773.4500997596632,150.23936093861505,302.4707535071928
1010,1.0400000000000205,0.49938601788184656,0.01999999999998181,-0.00778018943491432,0.0492999999999999,0.013768115942028869,-0.13540000000000002,0.014027316450608507,-0.44923,0.031296199999999885,0.0,-1.4596649417014245,0.6519287238105775,0.18153907112972423,-1.348000858500967,0.6527797047299266,35.43000000000001,36.47000000000003,22.410279720279743,22.90966573816159,8.190000000000055,8.210000000000036,5.385234402707717,5.377454213272802,0.8550000000000001,0.9043,0.6919884057971013,0.7057565217391302,0.4263,0.2909,0.0908087216270858,0.1048360380776943,78.44908,77.99985,4.4423194,4.4736156,0.0,0.0,10.599634204939644,9.13996926323822,12.593376999150756,13.245305722961334,5.430074686937643,5.611613758067367,82.31840262217163,80.97040176367067,7.513610356354436,8.166390061084362,28.138888888888918,28.577000000000037,22.698901094276124,23.47937440101325,15.000000000000034,16.931000000000036,4.2544948186420415,4.131733639918896,0.8229333333333333,0.8161571428571427,0.7218540277777779,0.7090532738095238,0.6656000000000001,0.6088333333333334,0.0461872496006754,0.0636742300024385,625.0050420761108,1485.5334734916687,412.2126046816508,959.7331129951248,275.7251491546631,579.4035779237747,103.9072649675306,258.5464402468198
1013,1.7199999999999704,0.5089567190226987,-5.340000000000032,0.07553072541252348,0.03390000000000004,0.020880124223602636,-0.20149999999999998,0.015013978517785409,-26.960293000000007,-0.28263000000000016,0.0,-2.4580230354714665,0.6300960114131833,0.1479627810977151,-1.3077662714762397,0.5184326940720876,32.51000000000005,34.23000000000002,21.29193333333336,21.80089005235606,8.250000000000057,2.910000000000025,5.2276013870820695,5.303132112494593,0.8649,0.8988,0.6894391304347826,0.7103192546583852,0.4008,0.1993,0.094134558667239,0.1091485371850244,84.224945,57.264652,4.5420437,4.2594137,0.0,0.0,11.015152000377302,8.557128964905836,12.589913886822012,13.220009898235196,5.437880006675616,5.585842787773331,82.7563969264532,81.44863065497697,7.5753159486790835,8.093748642751171,27.02636363636367,27.794210526315823,22.074522486772512,22.73386260055832,16.170000000000027,16.340833333333364,3.647004267065733,3.936869634084437,0.8432833333333334,0.8420071428571428,0.7443386111111111,0.7699323082010582,0.6585333333333334,0.6814222222222223,0.0633258070156406,0.048478926880403,647.6578810214996,1437.749285697937,414.46147753794986,907.2551285137724,239.07002878189087,524.8815224207938,117.63562753923864,283.5090985882364
1016,0.09999999999995879,0.5506831391166109,-0.9600000000000364,0.06038296398789811,0.07399999999999995,0.04071594202898532,-0.026900000000000035,-0.009747322046270698,-8.617439000000005,-0.22070450000000008,0.0,-2.346506970521455,0.6124257826224859,0.13353847369430305,-1.2856695460180418,0.3941755961483251,34.71000000000004,34.81,21.603293051359557,22.15397619047617,8.390000000000043,7.430000000000007,5.068053342705967,5.128436306693865,0.8344,0.9084,0.6846666666666669,0.7253826086956522,0.275,0.2481,0.1093563032604975,0.0996089812142268,89.848175,81.230736,4.4091463,4.1884418,0.0,0.0,10.925343638159122,8.578836667637667,12.589692009196428,13.202117791818914,5.447984340309201,5.581522814003504,82.61748584839611,81.33181630237807,7.801519679897319,8.195695276045644,28.472222222222253,27.80200000000003,22.912655122655156,23.34734043649669,17.103333333333353,17.218148148148174,3.4825698684809896,3.6703011676345296,0.7968833333333335,0.841107142857143,0.7376733333333334,0.7551123346560847,0.6056833333333332,0.6547111111111111,0.0542200330956086,0.0508604908031758,634.4343843460083,1434.4647150039673,402.3346121112506,892.1380566808151,243.1397190093994,498.861359000206,113.87756305087784,288.4909439909669
1019,0.9599999999999795,0.6182870278400223,-1.6000000000000227,0.37595336994293316,0.059799999999999964,0.028719254658384763,-0.0791,0.0282576777597279,-1.0401300000000049,-0.2960319999999994,0.0,-2.4123983217567524,0.5780401561684521,0.12638025156045085,-1.162141797362608,0.1620623080301531,35.13000000000005,36.09000000000003,21.937305389221592,22.555592417061614,9.750000000000057,8.150000000000034,5.076464590546483,5.4524179604894165,0.8551000000000001,0.9149,0.6644000000000001,0.6931192546583849,0.3029,0.2238,0.0930030200538152,0.1212606978135431,79.63065,78.59052,4.4102054,4.1141734,0.0,0.0,10.68975952083533,8.277361199078578,12.507915892301462,13.085956048469914,5.448592413605524,5.574972665165975,83.4686669976924,82.30652520032979,7.476780345546123,7.638842653576276,27.60000000000003,28.01200000000003,22.244837962962997,23.12007526853182,15.958333333333362,16.658461538461562,3.780221021308873,3.913033762965504,0.7874833333333333,0.8444714285714285,0.6596077777777778,0.675047552910053,0.5814600000000001,0.5206111111111111,0.0529715533256142,0.1027962612112915,636.6269783973694,1383.934763431549,402.43123052517575,876.3189782942773,220.37268495559687,470.1162797808647,123.9034481215869,291.95184220654124
1021,0.6200000000000045,0.4807367684481818,-4.079999999999984,0.17700146817840423,0.0726,0.06052070393374731,0.11649999999999999,-0.0318595219630637,-25.484818000000004,-0.36722959999999993,0.0,-2.7054670932877354,0.5585922378779244,0.1424276714585968,-1.1329016910220417,0.09393931888259743,33.110000000000014,33.73000000000002,21.2449326145553,21.72566938300348,7.150000000000034,3.07000000000005,5.102148184890289,5.279149653068694,0.8051,0.8777,0.6870246376811595,0.7475453416149068,0.1487,0.2652,0.1182793235459679,0.0864198015829042,84.887955,59.403137,4.594783,4.2275534,0.0,0.0,11.097097574938598,8.391630481650862,12.497875042986392,13.056467280864316,5.4941205874374575,5.636548258896054,84.61920836954214,83.4863066785201,8.025404090120494,8.119343409003092,27.315000000000023,27.882631578947397,21.86668855218858,22.743889152486915,16.540909090909132,16.327692307692338,3.670467985402604,3.9404378782115694,0.7908166666666666,0.7863214285714287,0.7097634722222222,0.736733267195767,0.5629833333333334,0.6780111111111112,0.0636744937831915,0.0329818342120677,682.7734804153442,1512.3040227890017,419.2739268044631,900.4688684024477,229.35357439517972,488.6249088682234,132.6959763188466,316.2709345887526
1024,1.5600000000000023,0.5808371996736099,0.7799999999999727,0.105170851309901,0.01649999999999996,0.027788198757763838,0.2582,-0.0220437710879271,-24.999049999999997,-1.0657823999999998,0.0,-3.608523000818943,0.5400676348423428,0.17802907796663536,-0.8885584305989198,0.09662462423290563,31.03000000000003,32.59000000000003,20.03849462365596,20.61933182332957,3.9500000000000455,4.730000000000018,4.739458579449202,4.844629430759103,0.8565,0.873,0.7514652173913045,0.7792534161490683,0.1615,0.4197,0.1056709012447609,0.0836271301568338,108.21954,83.22049,5.5546184,4.488836,0.0,0.0,12.86617809775404,9.257655096935096,12.194048401890502,12.734116036732845,5.387378634266826,5.565407712233461,85.64637671001867,84.75781827941975,7.804095028219717,7.900719652452622,26.832857142857165,26.311818181818207,21.034116041366065,21.841250261413336,15.496666666666693,16.35296296296299,3.5442321885740355,3.336008562803851,0.7495666666666668,0.7531428571428572,0.6770920833333335,0.6940105158730159,0.6297250000000001,0.6282500000000001,0.0315530224613552,0.0395755658742261,1059.68461561203,1584.1330008506775,515.2352223694324,932.0295128249564,239.80996942520144,522.3077887222171,211.4308186406046,329.14377882937623
1025,2.940000000000005,0.8782763664356708,-0.839999999999975,-0.03893049420029371,-0.00539999999999996,0.03485465838509327,0.17640000000000003,-0.0391996131209808,-32.760400000000004,-1.4158219999999995,0.0,-4.848933181999023,0.5360461802707945,0.2015016823397442,-0.8146981109025688,0.12380763001398076,31.77000000000004,34.71000000000004,20.02433333333338,20.90260969976905,8.230000000000018,7.390000000000043,4.716005030154637,4.677074535954343,0.9058,0.9004000000000001,0.789469565217391,0.8243242236024843,0.1551,0.3315,0.1241261914044143,0.0849265782834335,109.149,76.3886,5.74196,4.326138,0.0,0.0,13.693388820729286,8.844455638730263,12.066761620155331,12.602807800426126,5.381522701834456,5.5830243841742,86.17106017578851,85.35636206488594,7.718655942357776,7.842463572371757,25.590000000000032,26.332857142857176,21.01682269119772,21.797139238726952,15.883333333333365,16.671481481481514,3.45374431035668,3.1787752075005984,0.8763000000000001,0.8824142857142857,0.7956761111111113,0.822027380952381,0.7076,0.6412,0.0481929371810392,0.063315852280003,1146.1875195503235,1650.3443174362185,560.7284551163515,941.9163090195156,266.71207904815674,472.572342986241,232.590241158577,352.5040428837518
1026,1.3000000000000114,0.6787817785965089,-4.599999999999966,0.3074880363142638,0.014000000000000012,0.020747619047619126,-0.15039999999999998,0.013771945728003207,-33.280190000000005,-1.7362308000000004,0.0,-5.496622449527532,0.5317963590625503,0.21650343843436826,-0.8239973934695968,0.19332289267714753,32.55000000000001,33.85000000000002,20.12685714285716,20.805638921453667,8.550000000000011,3.9500000000000455,4.42862408263635,4.736112118950614,0.874,0.888,0.7691579710144929,0.789905590062112,0.3147,0.1643,0.1110103408237102,0.1247822865517134,116.99288,83.71269,6.3411245,4.6048937,0.0,0.0,15.081117656415584,9.584495206888052,11.990545295041189,12.52234165410374,5.371681142997131,5.588184581431499,85.66650307593058,84.84250568246098,7.097093976704035,7.290416869381183,24.932500000000037,26.102173913043508,20.78235666185669,21.62898414641154,16.11833333333337,16.804285714285747,3.032709249415153,3.009363920668088,0.8601,0.8575714285714285,0.7758493055555556,0.7845807208994708,0.7181333333333333,0.5748555555555556,0.0462546855056921,0.0735420659445665,1202.0544834136963,1699.1091494560242,578.6276080409685,980.842313611321,273.669310092926,484.6863440610469,246.64954417533528,369.3226694089773
1027,1.6399999999999828,0.6928960913770297,-0.6800000000000068,0.10367446639136624,0.009700000000000042,0.009598964803312349,-0.15120000000000003,0.024438340372051406,-83.39115499999998,-1.8364786999999998,0.0,-6.586317279030405,0.5167342712670067,0.224418593261122,-0.8437124438310519,0.27531298487192846,31.71000000000004,33.35000000000002,22.39818791946313,23.09108401084016,10.07000000000005,9.390000000000043,4.239020726106822,4.342695192498188,0.8738,0.8835000000000001,0.7799768115942031,0.7895757763975154,0.3063,0.1551,0.0959322105839075,0.1203705509559589,177.56184,94.170685,6.6311917,4.794713,0.0,0.0,16.57258461273719,9.986267333706786,11.753736367187294,12.2704706384543,5.296954956467781,5.521373549728903,85.07575677819756,84.2320443343665,6.631580911923421,6.906893896795349,27.722000000000023,29.12478260869568,24.05781812169316,24.68619987930926,18.713333333333363,19.47250000000002,3.3603606879235666,3.36508161281156,0.8348333333333335,0.843257142857143,0.7816494444444445,0.7802559854497355,0.68865,0.6183777777777778,0.0508353975324666,0.0650056686199267,1260.7081651687622,1806.4910173416135,605.096223851045,1021.2738909962936,260.63532423973083,493.33341320976615,266.49396372450093,397.56879842740034
1031,1.740000000000009,1.0328688908584525,0.7599999999999909,0.10244487916883838,0.008500000000000063,-0.0037939958592133616,-0.33420000000000005,0.0243812048378602,6.344599999999986,-1.2207432999999996,0.0,-3.1872736416954357,0.5029958752243786,0.20250980633195592,-0.9499757445525034,0.44863211734706976,34.370000000000005,36.110000000000014,23.27083565459612,24.303704545454572,8.130000000000052,8.890000000000043,4.412267827282952,4.514712706451791,0.8485,0.8570000000000001,0.7611666666666668,0.7573726708074534,0.5492,0.215,0.0684749645706117,0.0928561694084719,161.33635,167.68095,6.7805123,5.559769,0.0,0.0,16.972801193715952,13.785527552020516,12.473978652118808,12.976974527343186,5.629840837056431,5.832350643388387,82.00405263394646,81.05407688939395,7.037883144937219,7.486515262284288,28.382000000000023,29.39083333333336,23.82081523569026,24.83662501163233,18.91181818181821,19.59880000000003,3.2466696583063794,3.294086659421233,0.8715666666666667,0.86255,0.8065772222222223,0.7839478505291005,0.6857,0.653511111111111,0.046183786573689,0.063141127667634,1283.956024169922,2807.4646310806274,618.7217444578806,1184.230856872524,207.93442630767825,370.90898336842656,320.44977897512115,652.5083481336056
1034,1.7199999999999704,0.6286561519831473,-3.7000000000000455,0.14533015058256193,0.04600000000000004,-0.007783643892339542,-0.15700000000000003,0.016618506312230497,1.4297400000000096,0.07814829999999962,0.0,-1.335269528753713,0.6663636001970517,0.1850088855178349,-1.3523676400240703,0.6638321598120163,35.190000000000055,36.910000000000025,22.10929328621913,22.73794943820228,9.630000000000052,5.930000000000007,5.301808698197787,5.447138848780349,0.8478,0.8938,0.6991333333333333,0.6913496894409937,0.392,0.235,0.0946469253757984,0.1112654316880289,86.65391,88.08365,4.5586247,4.636773,0.0,0.0,10.927888946703993,9.59261941795028,12.601438288648502,13.267801888845554,5.405178283583068,5.590187169100903,82.04218594620842,80.68981830618435,7.412465923982194,8.07629808379421,28.201111111111132,27.996000000000027,23.04101184463687,23.457930406736764,16.03200000000003,16.37200000000003,3.9993496431864832,4.086764245371739,0.7232,0.8214214285714286,0.6811198611111111,0.6959618716931217,0.6186166666666667,0.6130222222222224,0.026965722175279,0.0536925662627071,636.3448419570923,1551.872180700302,424.8367012341817,995.3400097740316,270.4060969352722,580.6861483454704,109.7286971970761,264.99553925961766
1042,0.2599999999999909,0.30756729685738904,-0.8400000000000318,0.2568263452006212,0.07719999999999994,0.04508985507246399,-0.1281,0.011611050338641599,-19.596296999999993,-0.14377460000000042,0.0,-2.366447231636206,0.6113564806823888,0.12094192449449714,-1.282645864514933,0.32325052475142524,35.07000000000005,35.33000000000004,22.02202453987734,22.32959183673473,7.390000000000043,6.550000000000011,5.149511878649688,5.406338223850309,0.8188000000000001,0.896,0.6720797101449276,0.7171695652173916,0.3251,0.197,0.0903229753616261,0.1019340257002677,75.10546,55.509163,4.30714,4.1633654,0.0,0.0,10.520876859002708,8.154429627366502,12.57880776810055,13.190164248782938,5.428553855856153,5.54949578035065,82.31380068714918,81.03115482263425,7.37882555841855,7.702076083169975,28.807500000000037,29.63526315789477,23.08823418710922,24.11471320390997,16.92636363636366,16.790800000000026,3.984035544984407,4.227105776474665,0.76295,0.8055285714285716,0.6966080555555556,0.6963171957671958,0.6233333333333333,0.5779777777777778,0.0388255513294256,0.0653929799151062,608.4964952468872,1431.6092104911804,388.1522972186406,875.283554210923,206.0070004463196,382.33853763341904,119.70647209523388,329.57135154475736
1047,0.18000000000000682,0.6093384879725221,-1.2200000000000273,0.030579372826228024,0.015100000000000002,0.03394244306418248,0.008699999999999986,-0.0198402621838262,-46.34903000000001,-1.4266804999999998,0.0,-4.9180023315621,0.554452394211669,0.19963100576832193,-0.9768699561851975,0.17760783578819073,32.150000000000034,32.33000000000004,20.02416666666669,20.633505154639213,6.4500000000000455,5.230000000000018,4.736283631592268,4.766863004418496,0.88,0.8951,0.7802507246376811,0.8141931677018636,0.1983,0.207,0.1229310182708104,0.1030907560869842,113.575325,67.226295,5.5050945,4.078414,0.0,0.0,13.195708975989248,8.277706644427148,12.004254120611956,12.558706514823625,5.358330721379961,5.557961727148283,85.90232027686035,84.92545032067515,7.970062610661667,8.147670446449858,25.64750000000004,26.32238095238097,20.99607233044736,21.909945781963355,15.41500000000004,16.750000000000032,3.375677147770676,3.198875371258778,0.8526833333333333,0.8641642857142856,0.7754434722222222,0.8107794642857143,0.6945833333333334,0.6825333333333333,0.0433468298557778,0.0501570483673742,1105.6785364151,1522.6164631843567,526.5222380757332,906.925949062701,277.54506278038025,402.2378005553037,220.5360243719991,325.4476263849097
1048,1.1200000000000045,0.977096801606887,-2.6000000000000227,0.07049266411647892,0.010200000000000098,0.03561842650103575,-0.036500000000000005,-0.019845712899586185,-59.95276,-1.8429826,0.0,-5.984107463614697,0.5337644470660763,0.2301444297340911,-0.9010907183358228,0.3187304633329129,32.27000000000004,33.39000000000004,19.96318750000005,20.940284301606937,8.950000000000045,6.350000000000023,4.414581502231314,4.485074166347793,0.8821,0.8923000000000001,0.7606449275362316,0.7962633540372673,0.2525,0.216,0.143496651009987,0.1236509381104008,133.38762,73.43486,6.09354,4.2505574,0.0,0.0,14.882486470548486,8.898379006933789,11.716302358054875,12.250066805120952,5.306537801012135,5.5366822307462265,85.47753288037761,84.57644216204179,6.795776329128977,7.114506792461889,27.355000000000025,26.98000000000003,21.890877104377136,22.326213708951897,16.683333333333366,17.718800000000037,3.414194523230232,3.0604318972344706,0.8730500000000001,0.8656357142857142,0.7849222222222223,0.8202459986772488,0.5936,0.655988888888889,0.080063136640812,0.0546406768037546,1212.26238822937,1543.1552648544312,561.8565802176794,919.0215853382492,283.5584011077881,372.9213337292895,250.7391300960751,342.0658193802644
1049,1.0199999999999818,0.8312768729641675,-3.6200000000000063,0.1144877583015882,0.005900000000000016,0.03482380952380948,-0.1066,-0.018809794233477922,-73.63004000000001,-1.9614158000000002,0.0,-6.45541919433602,0.5337644470660763,0.2301444297340911,-0.9010907183358228,0.3187304633329129,32.09000000000003,33.110000000000014,21.00472312703587,21.836000000000038,11.27000000000004,7.650000000000034,4.212659628410399,4.327147386711987,0.8959,0.9018,0.7672420289855073,0.8020658385093168,0.2243,0.1177,0.1524031566162853,0.1335933623828074,160.84038,87.21034,6.2953,4.3338842,0.0,0.0,15.616477029896377,9.161057835560356,11.716302358054875,12.250066805120952,5.306537801012135,5.5366822307462265,85.47753288037761,84.57644216204179,6.795776329128977,7.114506792461889,28.242500000000028,29.507142857142885,24.12452146464649,24.571573827407192,18.505000000000024,19.55347826086959,3.3125557954937555,3.233874699835519,0.8396833333333334,0.8492071428571428,0.7706255555555557,0.7896168650793651,0.6398,0.6159333333333334,0.0583545818337135,0.0609857954467749,1200.779158592224,1501.5257902145386,570.6958540876707,915.356553107272,268.60654067993164,371.13340718485415,255.4346563338521,342.14878849611284
1052,3.340000000000032,0.7333697785343425,0.22000000000002728,0.1531648093121767,0.008299999999999974,-0.007132919254658754,-0.27669999999999995,0.03166456408545469,17.084239999999994,-1.7823447000000003,0.0,-5.335982579571294,0.534678283630047,0.2328110186429928,-0.9815135047454646,0.48736974747976625,31.170000000000016,34.51000000000005,21.840028169014136,22.57339794754848,7.53000000000003,7.750000000000057,4.100124731774228,4.253289541086405,0.896,0.9043,0.809813043478261,0.8026801242236022,0.4004,0.1237,0.0795671513188588,0.1112317154043135,156.70016,173.7844,7.1314187,5.349074,0.0,0.0,17.83031897308805,12.494336393516758,12.35282343385398,12.887501717484026,5.636451218750139,5.869262237393132,83.97052705348612,82.98901354874066,6.14600742096894,6.633377168448706,27.074444444444485,27.69956521739133,23.123164923039955,23.59256783996768,18.2716666666667,19.07538461538465,3.1484486326095533,2.9385812951549206,0.8854333333333333,0.8852285714285715,0.8215426388888888,0.8100165674603175,0.7088000000000001,0.6207333333333334,0.0564814033122378,0.071413449537623,1388.4890804290771,2476.2235622406006,654.4547709027926,1159.7699795546894,245.2142462730408,382.003231048584,328.825287409652,577.5233335346119
1055,3.920000000000016,0.5552494007758781,-1.0400000000000205,0.3083805141318221,0.045499999999999985,0.003071221532091273,-0.20989999999999998,0.0249895496277886,4.669699999999992,0.11480170000000012,0.0,-0.756515188473541,0.6824038116661626,0.1916752895980416,-1.3917182966670225,0.7340853034834982,34.150000000000034,38.07000000000005,22.52689045936399,23.08213986013987,7.710000000000036,6.670000000000016,5.374383049021709,5.682763563153531,0.8766,0.9221,0.6821014492753624,0.6851726708074537,0.4609,0.251,0.0865633729364294,0.111552922564218,95.01429,99.68399,4.6558313,4.770633,0.0,0.0,11.140617987155212,10.38410279868167,12.668676440246678,13.35108025191284,5.398799500747095,5.590474790345136,81.96970417664193,80.5779858799749,7.360553210163829,8.094638513647327,28.887777777777803,30.14888888888892,23.34859764309768,24.18524989029358,16.496000000000027,16.540000000000024,3.933803866722848,4.466801583925004,0.8533166666666667,0.8290571428571429,0.6829460784529576,0.666538392857143,0.5739062747688244,0.4837333333333333,0.0711054171472382,0.0902881909912618,641.4229135513306,1571.4013137817385,428.04292120536167,1012.7185459651628,263.4740900993347,583.1664111614227,114.67486237052464,267.3518143652095
1056,2.8000000000000114,0.3619757583054515,-3.3600000000000136,0.23182697951698117,0.05930000000000002,0.009657971014493172,-0.18289999999999998,0.017934244635551294,-18.816204,0.027794000000000096,0.0,-1.013083637668295,0.6904300435331248,0.18636860393418786,-1.4592947896628772,0.7623706625520565,34.89000000000004,37.690000000000055,22.49424460431658,22.856220362622032,7.090000000000032,3.730000000000018,5.370855066151707,5.602682045668688,0.8448,0.9041,0.6815942028985505,0.6912521739130437,0.4169,0.234,0.0921114398850564,0.1100456845206077,113.470474,94.65427,4.698538,4.726332,0.0,0.0,11.37167481347194,10.358591175803644,12.755957121525208,13.446387165058333,5.447244697552964,5.633613301487152,81.75794244434327,80.2986476546804,7.489129791540934,8.25150045409299,28.204000000000025,28.313000000000034,22.867487193362223,23.18236939476649,16.26800000000003,16.272222222222254,4.079373326556524,4.024557462832543,0.7748833333333334,0.849657142857143,0.6519425000000001,0.6674858134920636,0.59806,0.4981333333333333,0.0491201633020902,0.090202622850128,650.3679780960083,1592.012554883957,431.4884609480698,1005.1774968299528,267.1443843841553,588.1600895524025,118.11887676820068,278.1072446895124
1059,0.7800000000000296,0.5507111464915297,-3.2200000000000273,0.17900573533222364,0.04599999999999993,0.027375776397515872,-0.09499999999999997,0.007289899693383006,-18.73780500000001,-0.06524250000000009,0.0,-1.6117827956564454,0.686006640703388,0.1523975996343241,-1.4578516925958382,0.5210822575851015,32.35000000000002,33.13000000000005,20.80828382838288,21.35899497487441,7.710000000000036,4.490000000000009,4.927798130452382,5.106803865784606,0.8612000000000001,0.9072,0.7142260869565216,0.7416018633540374,0.3972,0.3022,0.097098556911283,0.104388456604666,85.825005,67.0872,4.581722,4.5164795,0.0,0.0,10.908330666365153,9.296547870708707,12.974903421068571,13.66091006177196,5.547589956163281,5.699987555797605,81.66108923942723,80.20323754683139,7.957863294602017,8.478945552187119,26.85000000000004,26.41000000000003,21.96401154401157,22.47116295378707,15.980909090909124,15.913703703703735,3.682869035595677,3.742701365377792,0.7736166666666667,0.8294357142857143,0.6847434722222222,0.7079565806878306,0.5774800000000001,0.5536777777777778,0.0660785997059647,0.0752878187319835,646.308703660965,1568.5378952026367,418.0821190079053,962.0101028541344,237.43724870681763,555.618168592453,118.94905262188531,286.72893909884226
1061,1.4399999999999977,-0.05906798568398486,-4.5400000000000205,0.2400686044855922,0.03739999999999999,0.020551759834368855,-0.2086,0.017427929991596702,-12.249359999999996,-0.33927900000000033,0.0,-2.368517329172411,0.6640730068855607,0.13781076979737605,-1.400617915982707,0.4620591084814274,36.05000000000001,37.49000000000001,22.37031645569624,22.311248470012256,9.130000000000052,4.590000000000032,5.2582262159239885,5.498294820409581,0.8544,0.8918,0.6578289855072463,0.6783807453416152,0.4491,0.2405,0.0920360863402289,0.1094640163318256,80.64703,68.39767,4.49488,4.155601,0.0,0.0,10.875917797666643,8.507400468494232,12.780731459424752,13.444804466310313,5.4617300186976285,5.599540788495005,81.4471813938722,80.04656347788949,7.724193597309438,8.186252705790865,28.707777777777803,28.9688235294118,23.085785233285264,23.463078486338063,16.956666666666692,16.29296296296299,3.735320339905174,4.262403197233037,0.7581666666666668,0.8213214285714286,0.6159493055555557,0.6425989748677249,0.4807833333333334,0.4562222222222222,0.094537554416853,0.1139501870637654,607.4379093647003,1411.5648822784424,410.1578232347965,885.1430422581712,239.1472507715225,455.74526101350784,115.01438240183832,287.43081337723964
1062,0.7800000000000296,0.6958273824108652,-0.03999999999996362,0.10024717545798101,0.026000000000000023,0.014341200828157263,-0.4200000000000001,0.014485039235316799,-20.741879999999995,0.3783770000000004,0.0,-0.3692734993061588,0.4064286924988103,0.2215606835797601,-1.1046180296087726,1.0998043330494394,32.49000000000001,33.27000000000004,20.660760667903592,21.356588050314457,5.7900000000000205,5.750000000000057,5.216912981259683,5.317160156717664,0.8565,0.8825000000000001,0.791955072463768,0.8062962732919252,0.6959000000000001,0.2759,0.0438021623985892,0.058287201633906,97.92594,77.18406,4.7817807,5.1601577,0.0,0.0,11.020880195696432,10.651606696390273,13.76680436536081,14.17323305785962,5.8658467663288185,6.087407449908579,78.72713887223553,77.62252084262676,8.08850100761297,9.18830534066241,28.964000000000027,28.93640000000004,22.78864814814818,23.18992372812376,14.52833333333337,15.351538461538494,4.750471369893784,4.507391247327492,0.7825500000000001,0.8046357142857142,0.6762641666666668,0.6850062169312169,0.6187833333333334,0.62435,0.0445594981379451,0.057545044156179,690.5750980377197,1646.5565328598022,436.3374750415484,1099.1135912345878,302.6144018173218,668.610715941526,108.62583583750512,247.42498406477836
1063,1.580000000000041,0.43486330704755716,-2.640000000000043,0.2377355054076462,0.025499999999999967,0.03478964803312612,0.021699999999999997,-0.025950926625840795,-30.60346,-0.8205403000000002,0.0,-3.3093591352063036,0.5852045250753584,0.1713680084272582,-1.2904643661607054,0.2344202087579319,33.43000000000001,35.01000000000005,21.31777479892765,21.75263810597521,8.57000000000005,5.930000000000007,4.765962048127315,5.003697553534961,0.8425,0.868,0.707659420289855,0.7424490683229811,0.2318,0.2535,0.1087970498838657,0.0828461232580249,103.6083,73.00484,5.0435343,4.222994,0.0,0.0,12.2782577210864,8.968898585880096,12.10930563294073,12.694510158016088,5.3178312131501135,5.489199221577372,85.18602820868139,83.89556384252069,8.049902930432536,8.284323139190468,28.065555555555584,26.481304347826125,22.269392015392043,22.67151541393392,16.32500000000003,17.21285714285717,3.597321950403419,3.4041973114470427,0.7747833333333335,0.7937428571428572,0.6710016666666667,0.6775822089947088,0.5858000000000001,0.5164888888888889,0.0509434298002679,0.071552005077673,981.0551509857178,1399.270673751831,478.0859453479449,870.7326220541994,251.66436910629272,415.5919219627976,191.7978628917556,290.0289771256716
1065,1.019999999999989,0.7309753944833197,-4.5400000000000205,0.1012544253226979,0.012800000000000034,0.026608281573498815,-0.016399999999999998,-0.023752948398319207,-48.112264999999994,-1.7010065999999995,0.0,-5.108321383910303,0.5681636504939203,0.2153767904603816,-1.0296258299101027,0.2944902196424879,30.63000000000005,31.650000000000038,19.44247126436784,20.17344665885116,7.470000000000027,2.930000000000007,4.579612703443636,4.680867128766334,0.8605,0.8733000000000001,0.7460681159420293,0.7726763975155281,0.1834,0.167,0.1470614004596227,0.1233084520613035,124.947105,76.83484,5.9799776,4.278971,0.0,0.0,14.281484390717656,9.173163006807354,11.89946639641104,12.46763004690496,5.328383188210984,5.543759978671366,86.21909013170854,85.18946430179844,7.511173588134919,7.805663807777407,25.046000000000028,24.992000000000036,20.07889610389613,20.88366709371056,14.713333333333368,16.184400000000032,3.355183490123353,2.983924422877149,0.8407666666666668,0.8232714285714285,0.7465994444444445,0.7581724537037036,0.5918333333333333,0.6439444444444445,0.0727055878416174,0.0547474877695566,1158.7346687316897,1484.954035282135,545.6729416251183,911.4208562791732,275.8652698993683,392.8569342633709,235.24305945703085,324.88007627738
1066,1.1200000000000045,0.5716112247216643,-5.519999999999982,0.07984554950681044,0.0040999999999999925,0.03633022774327077,-0.0762,-0.03030645633456422,-27.464369999999988,-1.8747600999999996,0.0,-5.241901187344366,0.5573099752350519,0.23093984724994865,-0.9740243368004542,0.35258194431629875,32.410000000000025,33.53000000000003,21.8353703703704,22.406981595092063,12.150000000000034,6.630000000000052,4.379198252187437,4.459043801694247,0.9065,0.9106,0.778544927536232,0.8148751552795027,0.1854,0.1092,0.1571671707950459,0.1268607144604817,104.11486,76.65049,6.0148344,4.1400743,0.0,0.0,14.16158343331845,8.919682245974084,11.773110358054907,12.33042033328996,5.322729501894571,5.55366934914452,85.69765460939294,84.72363027259249,7.045189112153049,7.397771056469348,25.910000000000014,26.83000000000003,21.12840704665708,21.924812738731887,15.715000000000032,17.199629629629662,3.517020601178503,3.2872096696118334,0.8937166666666666,0.8958642857142857,0.7792937499999999,0.8177996693121693,0.5532750000000001,0.6443555555555557,0.0918827231022657,0.0667634060060264,1175.657886505127,1346.1053194999697,548.8536559740702,881.8357857824909,273.49219822883606,349.2584608569741,248.51904110033888,312.9545268041388
1068,5.019999999999982,0.6609509933774973,-4.0400000000000205,0.23784872110596744,0.016799999999999926,0.013719254658385194,-0.2415,0.0223545322124086,-56.860270000000014,-2.0706169999999995,0.0,-7.504527385885465,0.5472050929768759,0.24169773069535072,-1.011979547327357,0.4723100931424318,31.83000000000004,36.85000000000002,22.88640000000003,23.547350993377528,12.510000000000048,8.470000000000027,3.9667353485850088,4.204584069690976,0.7766000000000001,0.7934,0.6479869565217392,0.6617062111801244,0.3307,0.0892,0.0825010002803524,0.104855532492761,205.0404,148.18013,7.346221,5.275604,0.0,0.0,19.444173193023037,11.939645807137572,11.823366743442998,12.370571836419874,5.423346194091439,5.66504392478679,85.46060629637647,84.44862674904911,6.075518703904001,6.547828797046432,27.77400000000003,27.827692307692335,23.533187590187623,23.98020091229436,18.30333333333336,18.86538461538465,3.3150439534745435,3.0399600992974296,0.8245,0.8343642857142858,0.7725850000000002,0.7811525132275133,0.6921200000000001,0.6118111111111111,0.039133673373023,0.0621902045969574,1509.2528324127195,2369.3930616378784,676.1710631648699,1181.3980138610204,289.3597860336304,424.9709179587662,338.8873554739632,555.1585555221055
1069,5.339999999999975,0.829781220600939,-2.2800000000000296,0.09953229602774716,-0.012700000000000045,0.007530641821946182,-0.4181,0.023961870902907495,-49.757540000000006,-1.9484645,0.0,-6.301033042889957,0.5196200990844098,0.21755649630031293,-1.0295448680868446,0.4695517880001274,32.03000000000003,37.370000000000005,22.23063492063494,23.06041614123588,11.090000000000032,8.810000000000002,4.146031750893408,4.245564046921155,0.8984000000000001,0.8857,0.7956463768115946,0.8031770186335407,0.4636,0.0455,0.0910181755693531,0.1149800464722606,218.44295,168.68541,7.306564,5.3580995,0.0,0.0,18.879377641974354,12.578344599084398,11.581245132484108,12.100865231568518,5.254931704491175,5.472488200791488,84.89729749631094,83.8677526282241,6.236442960662243,6.705994748662371,29.470000000000034,29.58578947368424,24.70008477633481,25.243343196473585,19.35666666666669,20.13461538461541,3.413111251391397,3.283841574539641,0.8453833333333334,0.8541357142857144,0.7885181944444445,0.7962657407407407,0.65765,0.6488222222222222,0.0505226937708222,0.0577753917284461,1450.6419076919556,2377.745079040528,659.8241040905317,1153.538867792294,267.2741498947144,398.3598041534424,330.6128314866898,553.2432159689542
1072,1.5400000000000205,0.9198340896425776,-2.660000000000027,0.25032434017068983,0.0026000000000000467,0.020714906832298152,-0.1753,-0.021796580743931482,-79.589424,-1.694203,0.0,-5.657383268112966,0.5696052605867425,0.243460033880031,-1.0387193611003198,0.39843486094737823,32.150000000000034,33.690000000000055,22.635786163522045,23.555620253164623,11.190000000000056,8.53000000000003,4.183806665995075,4.434131006165765,0.8586,0.8612000000000001,0.7512478260869567,0.7719627329192549,0.2263,0.051,0.126343499581808,0.1045469188378765,180.63385,101.044426,6.488553,4.79435,0.0,0.0,16.35346950686607,10.696086238753104,11.578726999150769,12.148332259737511,5.318482271552371,5.561942305432402,86.1785043158955,85.13978495479518,6.938905685753648,7.337340546701026,27.73666666666669,28.207142857142884,23.34536111111113,23.884190477698656,18.085000000000036,19.140000000000025,3.232152288475153,3.0745852989740508,0.8813500000000002,0.8779642857142856,0.7965081944444444,0.8132851521164022,0.6503400000000001,0.6424111111111112,0.0631851441585903,0.0604915881237189,1307.2168798446655,1703.718731880188,592.0804500579834,1021.1966317107872,280.3793487548828,384.3093329574913,278.45816843183513,386.9712551347373
1073,1.0,0.8242404241761534,-4.0600000000000005,0.005219304567521732,0.011800000000000033,0.01328302277432658,-0.242,-0.0035764518605691936,-73.50771,-1.6053005999999996,0.0,-5.280447615180771,0.5511406410099582,0.23214467081098444,-0.9462186884643131,0.44225405406986606,33.33000000000004,34.33000000000004,23.83201892744481,24.656259351620964,11.410000000000023,7.350000000000023,4.393251890113956,4.398471194681478,0.8494,0.8612000000000001,0.7611144927536235,0.7743975155279501,0.3497,0.1077,0.0887235558077852,0.085147103947216,212.49707,138.98936,6.949197,5.3438964,0.0,0.0,17.40687937129747,12.1264317561167,11.520959970840268,12.072100611850226,5.27885172275001,5.510996393560994,85.74751534131173,84.80129665284741,6.089031294852609,6.531285348922475,29.272222222222258,29.800909090909123,25.104111772486803,25.57850684478568,19.36333333333337,20.02920000000003,3.5869919097129777,3.373675563918713,0.74145,0.7600071428571429,0.6867975000000001,0.7017990079365081,0.62995,0.5852999999999999,0.0334889390840048,0.0490272452720571,1421.028082370758,2195.78933095932,653.1159200867017,1168.9171729101508,291.4403114318848,433.59746610186994,315.3247072239144,517.7241919258887
1074,1.900000000000034,0.8299071840848988,-1.7799999999999727,0.009201783195258884,0.0032000000000000917,0.010830020703933574,-0.3222,0.03929087425815829,-4.064400000000006,-1.753647,0.0,-5.6949266075730804,0.541613884264569,0.2247422718083083,-0.8745267313255596,0.4807315267437584,32.93000000000001,34.83000000000004,23.741012658227863,24.57091984231276,10.470000000000027,8.690000000000055,4.478877881321338,4.488079664516597,0.8478,0.8510000000000001,0.7532681159420291,0.7640981366459627,0.4009,0.0787,0.0650367889039959,0.1043276631621542,153.24738,149.18298,7.091273,5.337626,0.0,0.0,17.907562045715768,12.212635438142687,11.66047154526951,12.20208542953408,5.32370921343849,5.548451485246798,85.52632641753995,84.65179968621439,5.831669331450337,6.312400858194096,28.660000000000032,29.62043478260873,24.28182491582494,24.751089827690773,18.6716666666667,19.64461538461541,3.437625479794421,3.2984605056817307,0.8640333333333334,0.8727214285714286,0.8164433333333335,0.8066827711640211,0.7172000000000001,0.6403777777777778,0.042056517396895,0.0641565687346485,1400.1220388412476,2163.802275657654,641.894691089789,1144.333614509058,270.9942512512207,418.3694915492088,315.82318248414924,509.25241991748425
1123,1.3600000000000136,0.4591131714016825,2.0,0.15737206041186713,0.016900000000000026,0.018161697722566372,-0.45910000000000006,0.014521356855712403,-9.228949999999998,0.17480350000000033,0.0,-0.6280715526953227,0.39520592671964216,0.2061167715347354,-1.1406957172419396,1.1502233569089757,33.410000000000025,34.77000000000004,21.85521072796938,22.31432389937106,4.190000000000055,6.190000000000055,5.341675700105337,5.499047760517204,0.8465,0.8634000000000001,0.7608115942028989,0.7789732919254653,0.6721,0.213,0.0500687484936347,0.0645901053493471,87.84398,78.61503,4.8545175,5.029321,0.0,0.0,11.177752367811529,10.549680815116206,13.91693236353434,14.312138290253982,5.910651450149649,6.116768221684384,78.25361723673755,77.11292151949561,8.176427847653601,9.326651204562577,27.73500000000003,27.476428571428603,21.93109595959599,22.12023502813614,13.971666666666692,13.912857142857169,4.70909496369303,4.497113209992037,0.8260000000000001,0.8533785714285713,0.7650436111111111,0.8026040343915343,0.7005166666666667,0.7452857142857143,0.0424869069692273,0.0294751109796197,704.7796666622162,1630.096864938736,442.1307274401188,1081.4337561711825,297.8314824104309,655.4247358636931,112.84527827729912,253.7192336567942
1187,1.240000000000009,0.46397422900182406,1.0399999999999636,0.08166447229780172,0.02969999999999995,0.025509730848861212,-0.40280000000000005,0.016431008935010205,7.189279999999997,0.06783439999999974,0.0,-0.7137105742355612,0.38730720536564966,0.20031346513046966,-1.1623737377907162,1.1316133651754487,36.450000000000045,37.690000000000055,22.662198019802,23.126172248803822,5.190000000000055,6.230000000000018,5.802515818347656,5.884180290645458,0.811,0.8407,0.7082492753623186,0.7337590062111798,0.5710000000000001,0.1682,0.0497624403590661,0.0661934492940763,84.74427,91.93355,4.910788,4.9786224,0.0,0.0,11.16514471563707,10.451434141401508,13.953764144356246,14.341071349721895,5.878855981473254,6.079169446603724,77.78444469948428,76.62207096169357,8.427385164255192,9.55899852943064,27.88777777777781,28.35814814814817,22.55380218855221,22.89503799035106,15.475000000000025,15.520000000000028,4.501875863083205,4.295800354876844,0.6237352660300136,0.6586200000000001,0.5628184975231316,0.594774409268941,0.5258937234042553,0.5418677691528857,0.0325879623338962,0.039570334502767,709.1280779838562,1641.5570554733276,449.27898239096,1074.7627153456367,310.53452157974243,672.7862252146006,115.05706835150804,258.5942706118294
1188,0.12000000000000455,0.31272774438735595,0.82000000000005,-0.05427943158116122,0.03249999999999997,0.04165113871635584,-0.19829999999999998,0.006152966344756303,2.736220000000003,0.1222291000000002,0.0,-0.8498955327392963,0.38730720536564966,0.20031346513046966,-1.1623737377907162,1.1316133651754487,35.39000000000004,35.51000000000005,22.53342052313888,22.846148267526235,5.430000000000007,6.250000000000057,5.593719995724178,5.539440564143017,0.7902,0.8227,0.6929594202898551,0.734610559006211,0.5968,0.3985,0.0482775199549145,0.0544304862996708,85.84523,88.58145,4.9236054,5.0458345,0.0,0.0,11.442128028093292,10.592232495353995,13.953764144356246,14.341071349721895,5.878855981473254,6.079169446603724,77.78444469948428,76.62207096169357,8.427385164255192,9.55899852943064,26.90500000000004,27.09800000000002,21.63181144781148,22.068415597057296,14.843333333333362,15.280000000000031,4.190823300390679,4.020397374032852,0.6983642068965518,0.6985250435793146,0.6278145931105147,0.6456439511794786,0.558945634920635,0.6016272789581905,0.0345449691256219,0.025497640478473,709.1280779838562,1641.5570554733276,449.27898239096,1074.7627153456367,310.53452157974243,672.7862252146006,115.05706835150804,258.5942706118294
1190,1.1800000000000068,0.5118122911459544,-0.0999999999999659,0.02305557982509665,0.026700000000000057,0.02846169772256757,-0.1336,0.0014729661118716986,-4.8446500000000015,0.24531860000000005,0.0,-0.4797224964455964,0.4026308415052142,0.21517474261786074,-1.1153048652542026,1.035024125185691,33.39000000000004,34.57000000000005,21.59008368200841,22.101895973154363,4.3700000000000045,4.270000000000039,5.386259753786145,5.409315333611242,0.8255,0.8522000000000001,0.7393028985507245,0.7677645962732921,0.425,0.2914,0.0613465470273451,0.0628195131392168,75.47014,70.62549,4.9023614,5.14768,0.0,0.0,10.95978279798196,10.480060301536364,13.88380817175349,14.286439013258704,5.860662210914403,6.075836953532264,78.29504646786978,77.17974160261558,8.28192841953604,9.316952544721731,27.94833333333337,28.044285714285746,22.27202609427613,22.70343116313514,14.468181818181852,14.76461538461541,4.572994924240107,4.394839410411884,0.7995000000000001,0.7974142857142859,0.7344351388888889,0.7444616071428571,0.6713666666666667,0.6806285714285714,0.0445074409481071,0.0401214092085681,693.6076030731201,1681.9578821659088,447.3404634197553,1096.4557657717571,310.6895098686218,698.5968356933445,109.95082236040048,262.8498890382976
1191,1.8400000000000318,0.673577492117392,-1.400000000000034,-0.031379989582613455,0.01200000000000001,0.026715734989648188,-0.24380000000000002,0.005034401087586897,12.454980000000006,0.28041560000000043,0.0,-0.5072078843607155,0.4141761051426851,0.22648631813630526,-1.041799125614375,0.9333039953280533,34.55000000000001,36.39000000000004,21.58935483870969,22.26293233082708,4.630000000000052,3.230000000000018,5.656576780535203,5.6251967909525895,0.8306,0.8426,0.7193724637681159,0.7460881987577641,0.6105,0.3667,0.0588166886601442,0.0638510897477311,79.15042,91.6054,4.8585324,5.138948,0.0,0.0,11.076261882644122,10.569053998283406,13.75708564755261,14.171261752695296,5.817410652718558,6.043896970854863,79.15439802762283,78.11259890200846,7.891673201719536,8.82497719704759,26.173333333333364,26.39857142857145,20.966790404040434,21.333539609156308,13.506363636363666,14.029230769230796,4.187523420208148,4.1663704015996,0.7409624174372523,0.7857000000000001,0.6697237299446192,0.7244282935467407,0.5953048877146632,0.647728208027134,0.0425932456307151,0.0384060601225498,713.7320673465729,1679.5995121002195,443.34106809894246,1094.595913238513,305.18410634994507,708.1156920175999,115.37831938043357,264.7004103990135
1195,2.259999999999991,1.1469204721526012,-0.13999999999998636,-0.06435675851869771,0.017999999999999905,0.028718426501035066,-0.05990000000000001,-0.0065157896355552,-15.59902600000001,0.4019284000000001,0.0,-0.29546723888983806,0.423192647381212,0.23651635592895737,-0.9988278755706403,0.847977649238814,33.53000000000003,35.79000000000002,20.968741865509784,22.115662337662386,5.830000000000041,5.690000000000055,5.647056951474178,5.58270019295548,0.8077000000000001,0.8257,0.6748318840579708,0.7035503105590059,0.3381,0.2782,0.0826192866081451,0.0761034969725899,98.047386,82.44836,4.808372,5.2103004,0.0,0.0,11.134471809113109,10.83900457022327,13.674073019242105,14.097265666623317,5.802151842318034,6.038668198246992,79.70764188410043,78.70881400852979,7.752784193323871,8.600761842562685,27.92166666666669,27.10769230769234,21.353744949494978,21.48719469542806,12.476666666666691,13.780400000000023,4.972148121785372,4.398761502488194,0.8740833333333334,0.8728071428571431,0.7981033333333333,0.821233068783069,0.7126,0.779407142857143,0.0485373660183586,0.0309867465890432,657.7269201278687,1684.3206191062927,434.4567400366068,1105.4876055046916,302.74024510383606,730.9257583916187,103.58730378089716,261.44800168774987
1249,1.8999999999999773,0.5598524140839274,-1.419999999999959,-0.08106575429139617,0.03710000000000002,0.020725465838508872,-0.43410000000000004,0.012911533103050904,9.933965,0.011963399999999957,0.0,-0.40695759402741594,0.3526495661284095,0.16696290706441985,-1.0890470063340274,1.2007594023375638,33.650000000000034,35.55000000000001,21.95459203036055,22.51444444444448,6.610000000000014,5.190000000000055,5.494734910856228,5.413669156564832,0.808,0.8451000000000001,0.7138608695652174,0.7345863354037263,0.6168,0.1827,0.0526580387834482,0.0655695718864991,76.21889,86.152855,4.9392676,4.951231,0.0,0.0,11.015869378697865,10.608911784670449,14.257184034767215,14.609833600895625,5.992982217280888,6.159945124345308,77.12908899110127,76.04004198476724,8.154732919687742,9.355492322025306,27.882000000000023,28.4869230769231,22.958796296296327,23.29418118139244,15.197272727272754,15.95153846153849,4.426929596099919,4.191650999198801,0.77185,0.7828785714285714,0.6838623611111112,0.7156811177248678,0.59025,0.6395071428571429,0.0566872454074006,0.0482334172620051,699.5296492576599,1607.829744100571,454.87117862701416,1045.7630367114132,318.2602620124817,634.1529067400843,111.50747557026004,249.53190363109832
1318,1.6999999999999957,0.38489446695648866,-2.659999999999968,0.11104613227612958,0.025599999999999956,0.02217018633540413,-0.47640000000000005,0.015821292414211707,20.629410000000007,-0.018987000000000087,0.0,-0.3719140109650745,0.3526495661284095,0.16696290706441985,-1.0890470063340274,1.2007594023375638,31.510000000000048,33.21000000000004,21.35010928961751,21.735003756574,5.2900000000000205,2.6300000000000523,5.035225206902961,5.146271339179091,0.8494,0.875,0.752986956521739,0.7751571428571431,0.6367,0.1603,0.0518850929781014,0.0677063853923131,68.94111,89.57052,4.885668,4.866681,0.0,0.0,10.939426526901412,10.567512515936338,14.257184034767215,14.609833600895625,5.992982217280888,6.159945124345308,77.12908899110127,76.04004198476724,8.154732919687742,9.355492322025306,27.196000000000044,27.154285714285745,22.06578114478118,22.426862891737915,14.41181818181821,15.09444444444447,4.292426756520674,4.098783124403107,0.8866333333333333,0.898614285714286,0.839479722222222,0.8611005291005291,0.7790166666666667,0.8146785714285715,0.0345719733004394,0.0259640240846285,692.4536664485931,1618.046370267868,441.1933245956898,1015.0018558370648,314.7012641429901,620.2937360885553,112.08175076276598,254.7183028632884
1388,1.8000000000000114,0.6507402367773238,0.9199999999999591,-0.057935921363584164,0.019400000000000084,0.011313664596272699,-0.3575,0.0181814364864141,20.568034000000004,0.008517999999999581,0.0,-0.17065308044298533,0.32006659054798803,0.1409438705838948,-1.0886703546923542,1.232538997393192,33.93000000000001,35.73000000000002,22.334270833333377,22.9850110701107,6.890000000000043,7.810000000000002,5.417587661084776,5.359651739721192,0.7975,0.8169000000000001,0.6844434782608694,0.6957571428571421,0.5928,0.2353,0.0463599823631697,0.0645414188495838,61.054516,81.62255,4.807158,4.815676,0.0,0.0,10.534344950522192,10.363691870079206,14.417478951662176,14.737545542210164,6.005529265671232,6.146473136255127,76.12330658257727,75.03463622788492,8.277995923396997,9.510534920790189,27.580000000000023,28.161428571428598,22.610250841750872,23.36094937121389,15.356666666666705,16.398888888888916,4.048902289987464,3.970905182181268,0.6647000000000001,0.6694309483248156,0.5722529624394914,0.6024064216141467,0.471993997271487,0.4983900346893723,0.0628182486126779,0.054543406235682,701.3867888450623,1586.61465549469,431.8505135675271,986.7189342392808,302.7124447822571,583.4732734793797,115.927654240213,248.79013104338745
1461,2.6000000000000227,0.0600569271719813,1.6399999999999864,-0.03910697594056067,0.042099999999999915,0.022911801242235796,-0.07640000000000008,0.006564180417426499,14.112070000000003,0.0711233,0.0,-0.22098539467550005,0.28717843848457925,0.12024251020135601,-0.9315227687294936,1.1578286060785494,35.410000000000025,38.01000000000005,23.841735241502708,23.90179216867469,5.53000000000003,7.170000000000016,5.536335887291799,5.497228911351239,0.7937000000000001,0.8358,0.7161304347826084,0.7390422360248442,0.5658000000000001,0.4894,0.0461887473100559,0.0527529277274824,73.15319,87.26526,4.9865637,5.057687,0.0,0.0,11.19768194209252,10.97669654741702,14.769448292301444,15.056626730786023,6.186737757609669,6.306980267811025,76.67490824465236,75.74338547592286,8.103325798266395,9.261154404344945,29.38200000000004,29.731481481481502,23.69577020202023,24.2144439973607,15.723333333333366,16.626923076923106,4.66507103077105,4.358422077226746,0.7710666666666666,0.8133571428571429,0.7326088888888888,0.7500252645502646,0.6747833333333334,0.6805785714285714,0.0306420597029588,0.0371691178234475,682.0300149917603,1689.007583618164,448.687346269687,1058.593662387124,323.4417052268982,622.8978557034861,110.44067590314006,261.21508532838203
1536,2.240000000000009,0.15879115474053052,-3.859999999999957,-0.07989477185001537,0.02429999999999999,0.02344906832298177,-0.28670000000000007,0.013200384491292905,8.958219999999997,0.10837219999999981,0.0,-0.18611328558002427,0.238831018864877,0.09095905689190342,-0.7988471355704689,1.0475052636262543,34.110000000000014,36.35000000000002,22.68868284228772,22.84747399702825,4.310000000000002,0.4500000000000455,5.6618758793414345,5.581981107491419,0.7357,0.76,0.6431086956521739,0.6665577639751556,0.557,0.2703,0.043623320910774,0.0568237054020669,73.92464,82.88286,5.1424675,5.2508397,0.0,0.0,11.369119278707656,11.183005993127631,14.950844173580004,15.18967519244488,6.22894806236757,6.319907119259473,77.07547247288385,76.27662533731338,8.02617311278601,9.073678376412264,27.628333333333373,27.84071428571432,21.88756649831653,22.489299966673187,14.078333333333362,15.211428571428598,4.616500700073424,4.436383874264325,0.7684833333333335,0.7638071428571428,0.6967143055555556,0.7128928902116402,0.6384833333333334,0.6411857142857144,0.0347503557299837,0.0373355173593926,686.2999949455261,1681.794898271561,469.250167230765,1118.4288606288394,337.1421446800232,695.305513336556,108.98500846633311,249.1816891977736
1542,3.2799999999999727,0.619829307568434,-0.7000000000000455,-0.008226431203181228,0.02279999999999993,0.011601863354037234,-0.3202,0.012338156811744196,34.175745,-0.08766549999999995,0.0,-0.30271251822869516,0.2843911113295494,0.11848623109932355,-1.0487867049302508,1.1826721247012628,34.57000000000005,37.85000000000002,23.36414814814816,23.983977455716595,6.690000000000055,5.990000000000009,5.501845196899445,5.493618765696263,0.8389000000000001,0.8617,0.7515304347826087,0.763132298136646,0.6341,0.3139,0.0453159258064411,0.0576540826181853,61.693245,95.86899,4.8205175,4.732852,0.0,0.0,10.565355931291249,10.262643413062554,14.375897833854,14.660288945183549,5.927668918818831,6.046155149918155,76.36138126365321,75.31259455872296,8.169875392571432,9.352547517272695,28.95400000000004,28.82703703703706,23.5272171717172,23.83587780255175,15.051666666666703,16.37888888888892,4.482369000508995,4.381383039072951,0.8598166666666668,0.8568571428571429,0.8077288888888888,0.8173939153439154,0.7379000000000001,0.7662428571428572,0.0403841463056927,0.0277692023504146,699.0378503799438,1604.0762062072754,439.8722143570582,1008.0975042798456,319.7159905433655,596.0867919102311,116.90888781972671,247.9097206399649
1616,1.9800000000000182,0.2359138365855067,-4.0400000000000205,-0.008566007491964456,0.05249999999999999,0.022265631469979175,-0.2636,0.011825136593973197,13.890094000000005,0.06143199999999993,0.0,-0.2727301450357249,0.24879903830022698,0.0955098507813128,-0.8891778315102954,1.0883578578467077,34.85000000000002,36.83000000000004,23.11651408450708,23.352427921092588,6.890000000000043,2.8500000000000227,5.758892740351421,5.750326732859457,0.8141,0.8666,0.735553623188406,0.7578192546583852,0.6382,0.3746,0.0394403331397773,0.0512654697337505,79.13049,93.020584,5.157814,5.219246,0.0,0.0,11.485645679234214,11.212915534198489,14.643055163534331,14.891854201834558,6.062546345657608,6.15805619643892,76.54400090904427,75.65482307753398,8.142164056694712,9.23052191454142,28.59333333333336,28.426296296296325,22.975361952861984,23.52185618517288,14.388181818181842,16.20000000000003,4.639032593456673,4.36322470889493,0.8160833333333334,0.8281428571428572,0.7696225000000001,0.7901020502645504,0.72995,0.7506285714285713,0.0257011693466859,0.0239225022892311,677.8013234138489,1729.9344952106476,468.4870054324468,1098.4005481327524,339.2829542160034,679.5934671228752,106.02491162004664,263.9570747256659
1618,1.9399999999999977,0.4812185028921938,-1.0399999999999636,-0.014014076391119623,0.04959999999999998,0.021419461697722464,-0.2875000000000001,0.013890542682622499,11.741200000000006,0.026078599999999952,0.0,-0.3906752924499184,0.26764856830002337,0.10799628635902092,-0.9746334024522127,1.1588892199788372,34.870000000000005,36.81,22.942696629213525,23.42391513210572,6.230000000000018,5.190000000000055,5.4630257212977575,5.449011644906638,0.8242,0.8738,0.7412637681159421,0.7626832298136645,0.6597000000000001,0.3722,0.0401151060166736,0.0540056486992961,74.67084,86.41204,5.0655484,5.091627,0.0,0.0,11.312268647702837,10.921593355252918,14.550133150748946,14.81778171904897,5.999294629686364,6.107290916045385,76.6654486789701,75.69081527651788,8.089961970870206,9.248851190849043,28.461666666666694,28.394615384615413,22.94335774410777,23.48039381506848,14.850000000000032,15.925555555555585,4.443821053454044,4.315803701988101,0.8076666666666666,0.8301785714285713,0.7659502777777778,0.7722915674603175,0.7154333333333334,0.7083928571428573,0.0289548958138265,0.033458578224249,705.3937406539917,1675.451105117798,450.3453505039215,1055.637885946213,324.36216163635254,632.1974131790921,116.12904618580336,264.8894097425398
1619,2.019999999999982,0.35925996398666626,-1.1799999999999482,0.1654869895433455,0.05270000000000008,0.014379089026915093,-0.3097,0.0174520170035252,12.940510000000003,0.020755299999999366,0.0,-0.33874611422139544,0.26764856830002337,0.10799628635902092,-0.9746334024522127,1.1588892199788372,35.03000000000003,37.05000000000001,23.189235181644392,23.54849514563106,7.870000000000003,6.690000000000055,5.353147872913514,5.518634862456859,0.8165,0.8692000000000001,0.750463768115942,0.764842857142857,0.6615,0.3518,0.0393822257083484,0.0568342427118736,69.84808,82.78859,4.9352913,4.9560466,0.0,0.0,10.903071305605076,10.56432519138368,14.550133150748946,14.81778171904897,5.999294629686364,6.107290916045385,76.6654486789701,75.69081527651788,8.089961970870206,9.248851190849043,28.34000000000004,28.442592592592614,22.991750000000028,23.532224186922807,15.265000000000027,16.19461538461541,4.468354641411884,4.455038716452466,0.8096666666666666,0.8474785714285716,0.7678375000000001,0.8070117394179893,0.7220333333333332,0.7584785714285713,0.0290175402933446,0.0263777207627526,718.8316488265991,1572.641356229782,439.2916216949622,1004.1171936717,317.18280601501465,603.2996129831299,124.02113981804766,247.08115885171355
1693,2.079999999999984,0.08793013871372679,3.319999999999993,0.018062990107562626,0.04520000000000002,0.012673913043478868,-0.1946000000000001,0.011433863706656597,8.778813999999997,0.0012639999999999318,0.0,-0.5973758380277552,0.22527355738827382,0.07991226512189176,-0.8683445167752524,0.9829905136188337,34.690000000000055,36.77000000000004,23.41688524590166,23.504815384615387,2.150000000000034,5.470000000000027,5.502322605099072,5.520385595206634,0.8103,0.8555,0.746178260869565,0.7588521739130438,0.6575000000000001,0.4629,0.0372930302753827,0.0487268939820393,79.411896,88.19071,5.307917,5.309181,0.0,0.0,11.953528712691655,11.3561528746639,14.711698374493224,14.936971931881498,6.0470884604885935,6.127000725610485,77.06469269647484,76.19634817969958,8.149257512994696,9.13224802661353,28.842000000000024,28.75000000000004,23.14569444444447,23.34498121457183,15.25545454545458,15.757407407407444,4.572484020600457,4.582490031416214,0.7972333333333333,0.8206642857142857,0.7483668055555556,0.76654417989418,0.6954666666666668,0.7183785714285715,0.0333441456801351,0.0337225641688798,679.1891114711761,1690.14408826828,484.3474507133166,1130.855558027991,350.61778259277344,682.2862410967937,111.3097076756451,264.0938990569222
1694,2.5200000000000387,-0.08565211238542858,-2.0200000000000387,0.1962277236851664,0.04820000000000002,0.01698861283643871,-0.2789,0.013045090560552502,14.461250000000007,0.003861700000000745,0.0,-0.6392428298861077,0.23640016854010426,0.08669495208819011,-1.0041979928975309,1.0708844812372948,35.110000000000014,37.63000000000005,23.763570093458,23.67791798107257,8.130000000000052,6.110000000000014,5.397990259644488,5.594217983329655,0.8154,0.8636,0.7469231884057972,0.7639118012422359,0.6241,0.3452,0.0420676582197613,0.0551127487803138,77.3668,91.82805,5.262871,5.2667327,0.0,0.0,11.81989521002,11.180652380133893,14.488944937050332,14.725345105590437,5.926600264220244,6.0132952163084346,76.55197765080871,75.54777965791118,8.33841823275545,9.409302713992744,28.916000000000032,28.747692307692336,23.292952020202048,23.527629109671896,15.377272727272752,15.53962962962966,4.600362259248763,4.596865941930458,0.8165166666666667,0.846757142857143,0.7666369444444444,0.784208664021164,0.7259000000000001,0.7437571428571429,0.0299263199361867,0.0323835655984306,675.2118861675262,1729.9061131477356,480.2369392514229,1121.8141083619266,356.91897916793823,681.5537135461345,108.07543325964464,270.33989123787563
1703,2.019999999999982,0.24482294995969056,1.3199999999999932,-0.12551590584274042,0.03759999999999997,0.029907246376811747,-0.1998000000000001,0.004029112702402304,-4.2006800000000055,-0.10873100000000058,0.0,-1.1338009484073162,0.3189974228908863,0.13305366879755098,-1.1525199025994937,1.0978128176032786,34.51000000000005,36.53000000000003,23.51860759493673,23.76343054489642,3.2100000000000364,4.53000000000003,5.61661405080922,5.49109814496648,0.8142,0.8518,0.7274101449275363,0.757317391304348,0.6032000000000001,0.4034,0.0514021009690943,0.0554312136714966,77.01264,72.81196,4.512144,4.403413,0.0,0.0,10.374422767819476,9.24062181941216,14.198265483169038,14.517262906059925,5.780580864890704,5.913634533688255,77.54277545540275,76.39025555280325,8.05901711825695,9.156829935860229,29.200000000000035,29.43461538461541,23.95125757575761,24.224494987728352,15.218333333333348,16.730000000000025,4.586819767297436,4.343077256678326,0.7986666666666667,0.8408642857142857,0.7410876388888891,0.7579242394179894,0.6798166666666668,0.7185857142857143,0.0400131241227658,0.0400126551592713,729.792581319809,1545.591323137283,411.73315691947937,937.9268976749444,282.86859226226807,581.7340355738997,135.97943383350454,257.9219438925464
1770,0.6400000000000432,-0.5895060226839846,-0.339999999999975,-0.20836336560200053,0.013900000000000023,0.008694616977225289,-0.07530000000000003,-0.0015566353940849945,3.554860000000005,0.49864820000000076,0.0,-0.08889663987979901,0.15545707491564542,0.02291193920308565,-0.5794629200776598,1.0126485070424067,38.05000000000001,38.690000000000055,24.333523489932915,23.74401746724893,6.670000000000016,6.330000000000041,6.199430613694423,5.991067248092422,0.8173,0.8312,0.7024637681159419,0.7111583850931672,0.5800000000000001,0.5047,0.0573578671076139,0.0558012317135289,91.63564,95.1905,5.0957775,5.5944257,0.0,0.0,12.021864100063508,11.93296746018371,14.447289574493237,14.602746649408882,6.123606269376067,6.1465182085791525,76.56209203888943,75.98262911881177,8.847341141127467,9.859989648169874,28.03833333333337,27.04846153846156,22.41212373737377,22.00641909325245,14.0466666666667,14.907857142857171,4.728342408138145,4.25316417441557,0.8617666666666667,0.8889928571428573,0.8257634722222224,0.8599767526455026,0.7692333333333333,0.8049142857142859,0.0330195140287325,0.0256058738578946,663.573625087738,1616.5772694721818,463.43915806214017,1191.942394527762,279.1855721473694,730.5623553637415,120.73835838216036,260.61162387443056
1774,2.1999999999999815,-0.06332488186843577,-2.4799999999999613,-0.33346997054955363,0.033600000000000074,0.018356935817805398,-0.4071,0.03567738449823501,12.794929999999994,0.26919049999999967,0.0,-0.1347670857370904,0.2047782848734485,0.06669349289109672,-0.6597465235406474,0.8796945770417235,33.71000000000004,35.910000000000025,23.37944543828268,23.316120556414244,5.810000000000002,3.330000000000041,5.654520778817443,5.32105080826789,0.764,0.7976000000000001,0.6677014492753622,0.6860583850931676,0.5634,0.1563,0.0433049868024192,0.0789823713006542,82.95881,95.75374,5.312074,5.5812645,0.0,0.0,12.043040687824984,11.908273602087894,15.134875589105103,15.339653873978552,6.332055662572701,6.398749155463798,77.85751004752022,77.19776352397957,7.961065511865755,8.840760088907478,28.96333333333337,28.964814814814847,23.71592171717175,23.86778283785461,15.710000000000033,16.73240000000003,4.700319075608366,4.335617266421169,0.77025,0.7853214285714286,0.7076697222222222,0.7126760912698414,0.6485,0.6113214285714286,0.0402861425136062,0.0575428332165404,669.1663107872009,1699.898057937622,484.7267865737279,1188.8092898229372,354.7046146392822,720.6313174740062,106.88417110849424,266.9950383540352
1775,1.2000000000000455,-0.02921786171905083,2.079999999999984,-0.19755437915156726,0.03060000000000007,0.02078240165631462,-0.2492,0.017117338832629996,31.402265,0.21561960000000013,0.0,-0.059283119908196014,0.2047782848734485,0.06669349289109672,-0.6597465235406474,0.8796945770417235,33.49000000000001,34.690000000000055,22.719018932874405,22.689801071155355,4.770000000000039,6.850000000000023,5.3039937443322085,5.106439365180641,0.6925,0.7231000000000001,0.6058884057971015,0.6266708074534161,0.4938,0.2446,0.0464079470213223,0.0635252858539523,80.188095,111.59036,5.3286724,5.544292,0.0,0.0,12.111264903739183,12.051981783830987,15.134875589105103,15.339653873978552,6.332055662572701,6.398749155463798,77.85751004752022,77.19776352397957,7.961065511865755,8.840760088907478,27.295000000000037,27.00500000000003,22.084652356902385,22.349887386526547,14.772000000000038,15.898461538461564,4.334242423301714,4.0582430274348695,0.7876,0.8168428571428572,0.7390368055555556,0.7566712632275133,0.6866166666666667,0.6888857142857143,0.0303427334828644,0.0439568470424477,678.8257143497467,1744.0083599090576,486.2413739860058,1180.9341897464049,356.67179012298584,702.9500098804419,108.38732055736526,274.7042952413797
1787,1.080000000000041,0.5023297769563548,-0.7200000000000273,0.11326622934625341,0.025000000000000022,0.015954865424430587,-0.2193,0.004925671747706202,-26.71257,-0.12071599999999982,0.0,-0.9664927990030776,0.2965267053227514,0.12009613696050891,-1.1606388508393906,1.168590528430073,35.670000000000016,36.75000000000006,23.216353383458685,23.71868316041504,4.710000000000036,3.990000000000009,5.508884916022164,5.622151145368417,0.8331000000000001,0.8581000000000001,0.7348637681159422,0.7508186335403728,0.4868,0.2675,0.0565431833716582,0.0614688551193644,104.23527,77.5227,4.616219,4.495503,0.0,0.0,10.491283869637549,9.524791070634471,14.351418253945276,14.647944959268028,5.836360176140301,5.9564563131008095,77.25186167098903,76.09122282014964,8.078137582308031,9.246728110738104,28.23600000000003,29.07846153846157,23.27138720538723,23.91220219327106,15.693333333333362,16.448518518518544,4.14349725863701,4.368199914501444,0.8298500000000001,0.8313428571428573,0.7521627777777778,0.7628524801587302,0.6510833333333333,0.7157357142857144,0.0479130075865371,0.0349248802449412,746.1123068332672,1542.7597041130066,421.2299972176552,957.5421268909024,282.83984327316284,606.5423009321094,140.74099261072945,256.8529025969998
1859,0.28000000000002956,-0.749724363428335,-5.960000000000036,-0.10184059190199601,-0.006299999999999972,0.0008306418219463652,-0.3441,0.031067766067137098,-18.806430000000006,0.5338289999999999,0.0,-0.26521182607475247,0.16926374923986387,0.03744903640146102,-0.6973016317314631,1.0142238395373955,34.110000000000014,34.39000000000004,23.43660808435857,22.686883720930236,7.010000000000048,1.0500000000000114,5.524151026010808,5.422310434108812,0.7963,0.79,0.6905159420289856,0.691346583850932,0.4535,0.1094,0.0536205444706576,0.0846883105377947,102.77844,83.97201,5.184043,5.717872,0.0,0.0,12.230901645026057,11.965689818951304,14.610726001890486,14.77998975113035,6.144294466859591,6.181743503261052,77.71659870008321,77.01929706835175,8.3523461513736,9.366569990910996,28.185000000000027,28.092307692307728,23.09834764309767,22.89838570766045,15.320000000000032,15.868518518518549,4.57167443618885,4.4514675068774014,0.8513833333333335,0.8826142857142857,0.8290911111111113,0.8358458994708994,0.7892333333333333,0.7402714285714284,0.0200538524669248,0.0438593566226531,661.7800669670105,1640.5803936421871,473.0439152320226,1217.9067349894904,266.6471858024597,753.3579920642078,122.53398624227567,265.38964120009496
1861,-1.7799999999999727,-0.36070771533316304,1.1999999999999886,-0.2785490249273126,0.017800000000000038,0.019848240165631692,-0.19690000000000002,0.027389705054061998,-13.744569999999996,0.4862660999999999,0.0,-0.20995261136844867,0.17660754632216324,0.0464992366808632,-0.7209799922272424,1.0153885062326395,38.43000000000001,36.650000000000034,24.12386809269168,23.763160377358517,4.7900000000000205,5.990000000000009,5.925306268735927,5.646757243808614,0.7863,0.8041,0.679227536231884,0.6990757763975157,0.451,0.2541,0.0568387979456026,0.0842285029996646,104.28044,90.53587,5.2317176,5.7179837,0.0,0.0,12.210087676052645,12.000135064684196,14.669829992758087,14.84643753908025,6.1270811326185,6.173580369299363,77.90465524740495,77.1836752551777,8.214556446768395,9.229944953001034,27.5427272727273,27.390000000000025,22.19853030303034,21.914085624775144,13.767777777777813,14.956400000000023,4.7413033829903535,4.36967842032288,0.8423333333333334,0.8659,0.7972898611111111,0.8225110449735449,0.7453833333333333,0.7231428571428572,0.0369557103695205,0.0449254328507159,676.2847604751587,1710.6201281547546,477.39422378937405,1217.9305109406316,306.9046859741211,753.3353160936385,112.896034743558,270.57959102528224
1864,2.340000000000032,-0.3725695222722081,-1.0999999999999654,-0.19407516334570296,0.01870000000000005,0.01312318840579707,-0.34020000000000006,0.0400884546764742,23.35861,0.4642811,0.0,0.15216454702725812,0.18426656800849806,0.05250203594570557,-0.7437560313428833,0.988946874153541,35.05000000000001,37.39000000000004,24.65207156308857,24.27950204081636,4.810000000000002,3.710000000000037,5.764345328357457,5.570270165011754,0.8273,0.8460000000000001,0.7329072463768118,0.7460304347826089,0.6095,0.2693,0.0413768342343619,0.0814652889108361,81.97037,105.32898,5.2968845,5.7611656,0.0,0.0,12.10150800613294,12.253672553160198,14.668212562621084,14.852479130629582,6.087989439991837,6.140491475937543,77.81550772870696,77.07175169736408,8.171736996938813,9.160683871092354,29.02833333333336,29.03846153846157,23.96849410774413,23.83743511453659,15.640000000000024,16.92090909090912,4.6393164573825,4.445470269392626,0.8033666666666667,0.8337357142857142,0.733347638888889,0.7568361772486774,0.6628166666666667,0.6720142857142858,0.0439063106725994,0.0517716832645677,679.1465468406677,1785.0305325984957,486.2207240859668,1222.65492886853,338.932825088501,777.5547924805433,108.9142761524305,274.0503192002608
1869,3.579999999999984,-0.020592677877896648,-0.7400000000000091,0.020960687021603697,0.035700000000000065,0.01681387163561121,-0.2224,0.016817073182328397,3.795876000000007,0.22178659999999972,0.0,-0.1753202396618061,0.20200249769314382,0.06377257143171633,-0.8651401730522537,0.9448669257693361,34.53000000000003,38.110000000000014,23.762393320964765,23.74180064308687,7.050000000000011,6.310000000000002,5.587458194672204,5.608418881693808,0.8284,0.8641000000000001,0.7586507246376808,0.775464596273292,0.6886,0.4662,0.0339322454618641,0.0507493186441925,87.312164,91.10804,5.4197574,5.641544,0.0,0.0,12.257024381322038,12.081704141660232,14.546710955315156,14.7487134530083,5.954582099171129,6.018354670602846,77.20171785654473,76.33657768349248,8.389488027876112,9.334354953645448,29.26666666666669,29.72680000000004,23.91352946127949,24.590633315932624,15.273333333333364,16.916666666666693,4.546809272990245,4.439819120296634,0.7964666666666668,0.7677142857142858,0.7490291666666667,0.727428869047619,0.70775,0.6844285714285716,0.0258781610388004,0.0250867708832328,700.4693694114685,1883.102306842804,494.5528500676155,1201.6488395655604,351.4578652381897,754.8064753699582,119.75174612058372,295.3775375720586
1959,-0.30000000000000426,-0.5207121860923323,-3.659999999999968,0.3134035213418942,0.007000000000000006,0.0146871635610768,-0.4761000000000001,0.0417897284543332,4.685689999999994,0.5331799999999998,0.0,-0.3016317589445503,0.16271040224647848,0.02706483451593389,-0.713863910634231,1.0318684165400072,35.51000000000005,35.21000000000004,24.018007889546386,23.497295703454053,8.79000000000002,5.130000000000052,5.254257799687632,5.567661321029526,0.8546,0.8616,0.754172463768116,0.7688596273291928,0.6333000000000001,0.1572,0.0487506577705411,0.0905403862248743,88.9517,93.63739,5.292727,5.825907,0.0,0.0,12.336424837522785,12.034793078578234,14.53280558362566,14.695515985872138,6.130049588619984,6.157114423135918,76.64983853289196,75.93597462225773,8.945955119634469,9.977823536174476,29.034000000000027,29.55080000000003,23.676008417508445,23.87994133885441,15.718333333333367,16.256666666666703,4.613309110132542,4.619617130399058,0.7921666666666667,0.8181785714285715,0.7456830555555557,0.7356966931216933,0.66905,0.6476071428571429,0.041647323631458,0.0491176877661614,675.0129232406616,1737.8242640346289,482.9613462984562,1240.91828142351,263.43468856811523,847.5699903871864,134.64838040051723,265.869265494181
1961,-7.459999999999987,-0.7482701931347151,0.040000000000020464,0.0411390750719276,0.012400000000000078,0.030067494824016716,-0.31520000000000004,0.0346763467144411,-14.174750000000003,0.45528480000000027,0.0,-0.42686454782595185,0.16926374923986387,0.03744903640146102,-0.6973016317314631,1.0142238395373955,42.71000000000004,35.25000000000006,24.043831417624556,23.29556122448984,6.150000000000034,6.190000000000055,5.388870135340492,5.43000921041242,0.863,0.8754000000000001,0.7710710144927537,0.8011385093167704,0.5308,0.2156,0.0457398000079544,0.0804161467223955,101.17885,87.0041,5.292466,5.7477508,0.0,0.0,12.24618064657732,11.819316098751369,14.610726001890486,14.77998975113035,6.144294466859591,6.181743503261052,77.71659870008321,77.01929706835175,8.3523461513736,9.366569990910996,28.696666666666697,28.67080000000003,23.380580387205423,23.00383746178677,15.530000000000024,16.160909090909122,4.504086005753625,4.528360435963236,0.8079999999999999,0.8488142857142857,0.7737629166666666,0.7935597222222223,0.7162166666666666,0.6828214285714286,0.0276435391464167,0.0395076565823194,679.1008729934692,1655.8174997866154,482.9375499586265,1224.2709504694212,288.80419397354126,770.258184555918,118.96832523921528,264.5172351565424
1965,2.8600000000000207,-0.2380026101065269,-2.9999999999999996,0.06003681123903615,0.039899999999999936,0.0245577639751553,-0.3572,0.025708523933698796,24.201210000000003,0.4595570000000002,0.0,0.016323114265457406,0.18426656800849806,0.05250203594570557,-0.7437560313428833,0.988946874153541,34.85000000000002,37.71000000000004,24.049519038076205,23.81151642796968,6.470000000000027,3.4700000000000277,5.486985711073465,5.547022522312501,0.8289000000000001,0.8688,0.7364565217391303,0.7610142857142856,0.642,0.2848,0.043308346681093,0.0690168706147918,72.76329,96.9645,5.419398,5.878955,0.0,0.0,12.173203920002258,12.189527034267716,14.668212562621084,14.852479130629582,6.087989439991837,6.140491475937543,77.81550772870696,77.07175169736408,8.171736996938813,9.160683871092354,29.144000000000023,29.01692307692311,23.723924242424264,23.63268696601308,15.7027272727273,16.334000000000028,4.541621666005673,4.510685570615903,0.7832833333333334,0.8182357142857143,0.7117287499999999,0.7359144510582011,0.6323833333333334,0.6809642857142858,0.0464233099132189,0.0427179207256098,691.2164635658264,1840.8318231105804,495.4171878298124,1253.9527082038112,361.77217149734497,811.0119277257472,111.2274688456872,281.47495378046744
1970,2.2799999999999727,0.1683254866953554,1.079999999999984,0.09700898837564154,0.028000000000000025,0.01746045548654218,-0.23430000000000006,0.008223747275139505,9.11148,0.23365309999999972,0.0,-0.375737274761498,0.20200249769314382,0.06377257143171633,-0.8651401730522537,0.9448669257693361,35.53000000000003,37.81,24.21840148698889,24.386726973684244,6.190000000000055,7.270000000000039,5.499666435521761,5.596675423897403,0.8325,0.8605,0.7516942028985506,0.7691546583850928,0.6538,0.4195,0.0420465852205921,0.0502703324957316,83.86767,92.97915,5.4345865,5.6682396,0.0,0.0,12.397964427008656,12.022227152247158,14.546710955315156,14.7487134530083,5.954582099171129,6.018354670602846,77.20171785654473,76.33657768349248,8.389488027876112,9.334354953645448,29.2766666666667,29.410769230769272,24.101020202020237,24.402558286292376,15.396666666666697,17.091538461538494,4.610859737231956,4.426130348843976,0.8035999999999999,0.832,0.7589804166666667,0.7902113425925926,0.6772666666666667,0.7442071428571427,0.0436163525448554,0.0266291908314781,686.1733031272888,1861.288638830185,495.9060131907463,1207.3350651896046,357.1649749279022,736.8845713098999,118.195566809277,297.8412372827414
1980,-0.9399999999999977,0.5354409401136877,3.2199999999999704,0.038030686083708964,0.028200000000000003,0.02579585921325056,-0.26050000000000006,0.0018981933150055003,5.296523999999991,-0.034351400000000254,0.0,-0.5623184933961749,0.28813576549811337,0.10788178441563545,-1.184231047184639,1.0215324861846717,35.370000000000005,34.43000000000001,22.4774115456239,23.01285248573759,4.510000000000048,7.730000000000018,5.358295210636956,5.396325896720665,0.8529,0.8811,0.7411333333333334,0.766929192546584,0.6347,0.3742,0.0560472411159982,0.0579454344310037,73.55011,78.846634,5.0382767,5.0039253,0.0,0.0,11.10179402476792,10.539475531371744,14.363644445726123,14.651780211224237,5.786423192413451,5.894304976829086,77.32071874647708,76.13648769929245,8.395306170850848,9.41683865703552,29.236000000000026,27.9766666666667,22.980451178451208,23.134179168925574,15.498333333333363,15.729259259259289,4.260774401219116,4.172762513124418,0.8507833333333336,0.8710000000000001,0.7800304166666666,0.8077297288359789,0.7226333333333333,0.7691428571428572,0.0440732785851373,0.0321460777844065,681.1663930416107,1655.6816539764404,459.74274524052936,1065.8360880101343,296.64790749549866,661.1677029430866,128.89804608723333,265.9517227125011
2001,1.1400000000000468,0.6003253311257986,-0.45999999999997954,0.02433549677510438,0.030899999999999928,0.02797267080745336,-0.1603,0.010902439941009603,-13.980795,-0.020186999999999955,0.0,-1.7142658856638349,0.6809462587324191,0.174377301646099,-1.4360175984993617,0.6290144536947206,30.31,31.450000000000045,19.83812500000004,20.43845033112584,5.230000000000018,4.770000000000039,4.994834758242985,5.019170255018089,0.8711000000000001,0.902,0.7156826086956523,0.7436552795031056,0.267,0.1067,0.1149968745089087,0.1258993144499183,86.629395,72.6486,4.621099,4.600912,0.0,0.0,11.149999815946824,9.43573393028299,12.9389217388768,13.61986799760922,5.582096123370524,5.756473425016623,81.80539676635391,80.36937916785455,7.798405261821159,8.42741971551588,24.484000000000027,26.01842105263161,20.381169312169344,21.0742982566463,14.370000000000031,14.954166666666694,3.6136640580828927,3.7143239571933866,0.8305166666666666,0.8148928571428572,0.7266718055555558,0.7675523809523811,0.5255500000000001,0.6909666666666667,0.0868408269251576,0.0376567958716742,671.6585059165955,1544.8132991790771,423.2694837152958,973.904012559402,260.3616557121277,559.4370658993721,119.93963256381332,278.6192724751888
2002,1.1400000000000468,0.6003253311257986,-0.45999999999997954,0.02433549677510438,0.030899999999999928,0.02797267080745336,-0.1603,0.010902439941009603,-13.980795,-0.020186999999999955,0.0,-1.7142658856638349,0.6809462587324191,0.174377301646099,-1.4360175984993617,0.6290144536947206,30.31,31.450000000000045,19.83812500000004,20.43845033112584,5.230000000000018,4.770000000000039,4.994834758242985,5.019170255018089,0.8711000000000001,0.902,0.7156826086956523,0.7436552795031056,0.267,0.1067,0.1149968745089087,0.1258993144499183,86.629395,72.6486,4.621099,4.600912,0.0,0.0,11.149999815946824,9.43573393028299,12.9389217388768,13.61986799760922,5.582096123370524,5.756473425016623,81.80539676635391,80.36937916785455,7.798405261821159,8.42741971551588,24.658888888888917,25.75210526315793,20.219462121212157,20.763367080158336,14.092000000000024,14.870000000000024,3.683535998690715,3.639250959506243,0.8427333333333334,0.8177642857142857,0.7408990277777777,0.771139947089947,0.4522833333333333,0.675388888888889,0.1023583422039002,0.0391286220027223,663.4809975624084,1579.808723449707,421.6752844949563,979.99430399447,251.79522943496704,564.2647036910057,121.17882390093096,290.19602435238176
2051,1.6999999999999886,-0.4250219336219807,-1.1800000000000068,-0.2847722551087548,0.016699999999999937,0.01636335403726652,-0.041600000000000026,0.0004022741017271972,29.499929999999992,1.053972,0.0,0.999542885045992,0.10535418113900441,0.02839737867048342,-0.3472868734392023,0.7478405055134374,34.650000000000034,36.35000000000002,24.05567272727278,23.630650793650798,6.210000000000036,5.03000000000003,5.665603891601212,5.3808316364924575,0.7180000000000001,0.7347,0.6379217391304349,0.6542850931677014,0.4868,0.4452,0.0434076927315854,0.0438099668333126,100.67717,130.1771,4.967668,6.02164,0.0,0.0,12.033639163387315,13.033182048433307,14.70742406764392,14.812778248782925,6.251466488814942,6.2798638674854255,76.6813799372039,76.3340930637647,9.959509490256863,10.7073499957703,30.42090909090912,29.594444444444463,24.27923989898993,24.20118554218195,15.74818181818185,16.844074074074104,4.942017224436443,4.533664397696863,0.8148,0.8144999999999999,0.7639930555555557,0.7784722222222221,0.6917166666666668,0.7252785714285714,0.0382696369699476,0.0342551022584707,699.0220928192139,1667.7348176538944,449.3866638143857,1266.0640014082192,248.7586007118225,691.1968979637618,138.0580300349884,264.63444579454404
2056,1.5200000000000387,-0.40296166142559997,-0.8600000000000139,-0.14668424096121058,0.01090000000000002,0.028252587991718148,-0.21680000000000005,0.009393094754811399,3.0551300000000055,0.3384089999999995,0.0,-0.9369163741339666,0.11252880468394011,0.0001751460463852439,-0.19694300134210607,0.5374233183893171,36.670000000000016,38.190000000000055,24.841006944444477,24.438045283018877,2.730000000000018,1.8700000000000043,5.918857137944418,5.772172896983207,0.8332,0.8441000000000001,0.7379492753623189,0.7662018633540371,0.6508,0.434,0.0379608670476741,0.0473539618024855,99.41852,102.47365,5.0916924,5.4301014,0.0,0.0,12.357106783644095,11.420190409510129,14.635147620155331,14.747676424839272,6.220049466573796,6.220224612620181,76.22254412027313,76.02560111893102,9.410922139634476,9.948345458023793,30.29333333333336,30.035185185185217,24.759022727272757,25.016301521345028,16.251818181818205,17.794615384615415,4.983914942506155,4.452623780748599,0.7813166666666667,0.79835,0.73793,0.7557209656084658,0.69535,0.7117000000000001,0.0310166571437094,0.0312035221640327,729.5707969665527,1676.9253859519958,473.4719781180223,1179.5634925499342,305.9430887699127,753.5073598511517,136.83516834445305,240.9048435999885
2077,-2.4599999999999795,-0.4012980186839421,-0.4800000000000182,0.02396791755365779,0.04139999999999999,0.030097101449275576,-0.38170000000000004,0.035129502232768305,-14.174750000000003,0.45528480000000027,0.0,-0.42686454782595185,0.16926374923986387,0.03744903640146102,-0.6973016317314631,1.0142238395373955,36.43000000000001,33.97000000000003,23.67831372549021,23.277015706806267,5.590000000000032,5.110000000000014,5.398581503924781,5.422549421478439,0.8504,0.8918,0.7714202898550722,0.8015173913043477,0.5893,0.2076,0.0458325957665399,0.0809620979993082,101.17885,87.0041,5.292466,5.7477508,0.0,0.0,12.24618064657732,11.819316098751369,14.610726001890486,14.77998975113035,6.144294466859591,6.181743503261052,77.71659870008321,77.01929706835175,8.3523461513736,9.366569990910996,28.916666666666703,28.521200000000032,23.40229882154885,22.94633730005907,15.881666666666694,15.888260869565253,4.475659951717613,4.53047168167585,0.7963000000000001,0.8364357142857143,0.7244231944444445,0.7687605158730161,0.6573166666666667,0.7189285714285715,0.0447123117338217,0.037457212821871,676.308500289917,1636.2249048948288,479.1748990913232,1241.03914694814,299.64682030677795,819.2565275933594,124.74819580842616,256.1422341962241
2079,0.12000000000000455,-0.3625802727182226,-4.720000000000027,0.14930610194664506,0.005800000000000027,0.03280807453416146,-0.19849999999999995,0.010529473032520699,19.148235,0.49002930000000067,0.0,-0.031144031381755255,0.17660754632216324,0.0464992366808632,-0.7209799922272424,1.0153885062326395,35.31,35.43000000000001,24.00709803921573,23.644517766497508,5.130000000000052,0.410000000000025,5.45935981758289,5.608665919529535,0.8503000000000001,0.8561000000000001,0.7339086956521741,0.7667167701863356,0.4755,0.277,0.0575852203741948,0.0681146934067155,74.950935,94.09917,5.3756127,5.865642,0.0,0.0,12.174009350027877,12.142865318646122,14.669829992758087,14.84643753908025,6.1270811326185,6.173580369299363,77.90465524740495,77.1836752551777,8.214556446768395,9.229944953001034,29.132000000000037,28.79962962962966,24.14247534872538,23.93739403135783,16.89333333333336,16.203076923076956,4.385879609144654,4.656661302355148,0.7696333333333335,0.8070857142857142,0.6972743055555556,0.7405303902116401,0.6128166666666667,0.7003571428571428,0.0452028616067003,0.0317536838001867,706.3670268058777,1799.2769470214844,497.2070346872012,1277.3458332741866,355.4984407424927,830.2963445913047,114.78615987004407,274.6781474368078
2081,1.079999999999984,0.043539415204673304,-1.3000000000000114,-0.037683839612454584,0.028900000000000037,0.019245134575569423,-0.30000000000000004,0.019672112901688903,24.201210000000003,0.4595570000000002,0.0,0.016323114265457406,0.18426656800849806,0.05250203594570557,-0.7437560313428833,0.988946874153541,35.650000000000034,36.73000000000002,24.13956000000005,24.183099415204723,6.210000000000036,4.910000000000025,5.889627272281268,5.851943432668813,0.7741,0.803,0.6983405797101447,0.7175857142857142,0.6183000000000001,0.3183,0.0387483419704827,0.0584204548721716,72.76329,96.9645,5.419398,5.878955,0.0,0.0,12.173203920002258,12.189527034267716,14.668212562621084,14.852479130629582,6.087989439991837,6.140491475937543,77.81550772870696,77.07175169736408,8.171736996938813,9.160683871092354,28.414000000000023,28.07076923076925,23.473700757575784,23.480061763638968,15.39833333333336,16.022307692307727,4.363255904535665,4.385488548503796,0.7862,0.8198928571428573,0.7290629166666668,0.7701348544973544,0.6592333333333334,0.7334642857142858,0.0407028159807354,0.0254921429918064,702.8085517883301,1876.8249065876007,504.7233294248581,1300.0634579947607,374.7255029678345,863.0175287164748,112.9169702335166,289.667740034888
2083,0.5,0.05112969045482885,-0.4600000000000364,0.04640115651308996,0.04619999999999991,0.015482401656314648,-0.27910000000000007,0.020729513698124202,21.969705999999988,0.32565769999999983,0.0,-0.12489559462683175,0.19269232085645527,0.057693611817839496,-0.7725884545478579,0.9400067751502892,35.690000000000055,36.190000000000055,23.57941176470593,23.63054145516076,5.630000000000052,5.170000000000016,5.646855314960365,5.693256471473455,0.8309000000000001,0.8771,0.7603144927536235,0.7757968944099382,0.6666000000000001,0.3875,0.0370782770708056,0.0578077907689298,75.38281,97.352516,5.4607663,5.786424,0.0,0.0,12.210351096294747,12.085455501667916,14.698702949835717,14.891395270692172,6.066468566715489,6.124162178533329,77.52287046989025,76.75028201534239,8.250924534909792,9.190931310060082,28.79500000000003,28.84384615384619,23.36765993265996,23.54905583675587,15.343333333333362,16.072307692307717,4.523064252563984,4.6731059688145,0.8232666666666667,0.8349714285714286,0.7738954166666668,0.7882578042328044,0.7046333333333333,0.7277500000000001,0.0376349786762953,0.0332699296385229,691.044442653656,1826.8322768211365,505.5783831477165,1249.9129710850864,370.1078987121582,795.1575239601952,114.38329528142906,287.7724174459367
2088,1.3199999999999932,0.020647237086471648,3.0,0.15538777493265155,0.026599999999999957,0.01631387163561049,-0.3097000000000001,0.015231984336115605,8.349679999999992,0.05601900000000004,0.0,-0.7203869030452648,0.2136298480115073,0.07133046424632372,-0.9813557033140654,0.9714806873536439,34.55000000000001,35.870000000000005,23.2448094373866,23.26545667447307,4.270000000000039,7.270000000000039,5.180174119762237,5.335561894694888,0.8666,0.8932,0.7930898550724642,0.8094037267080747,0.7251000000000001,0.4154,0.0352378220095742,0.0504698063456898,77.99459,86.34427,5.459554,5.515573,0.0,0.0,12.285022379679036,11.564635476633772,14.513228874949856,14.726858722961364,5.911825393967828,5.983155858214151,76.91768763476982,75.93633193145575,8.532880882889003,9.504361570242647,28.270000000000028,28.44615384615388,23.44921464646468,23.86659149704297,15.425000000000034,16.536428571428598,4.1590182692679285,4.234387484484757,0.8662333333333333,0.8774428571428573,0.82420625,0.8355260251322751,0.7651666666666669,0.7919857142857143,0.0340817079083031,0.0259310929416033,676.4189133644104,1791.0760221481323,506.1124289234479,1198.8710237938403,353.10446405410767,779.427099830471,115.70287980128988,291.9419664187408
2099,1.6999999999999886,0.5794514716981674,2.7800000000000296,0.19751984623213392,0.019399999999999973,0.012972670807453124,-0.2672,0.0036325478316562992,14.880690000000001,-0.09525380000000006,0.0,-0.6557202091115943,0.3155369287819063,0.12118985315750574,-1.1591773430034635,0.9986206284465329,34.450000000000045,36.150000000000034,23.109924528301896,23.689376000000063,5.230000000000018,8.010000000000048,5.40437879714071,5.601898643372844,0.7956000000000001,0.8150000000000001,0.7154695652173916,0.7284422360248447,0.5624,0.2952,0.0483819384923168,0.0520144863239731,72.78065,87.66134,5.124996,5.0297422,0.0,0.0,11.378174446395091,10.722454237283497,14.30436109230146,14.619898021083367,5.76865007714642,5.889839930303926,78.08926226202537,76.93008491902191,8.106480256408739,9.105100884855272,27.35833333333336,28.35076923076927,22.77358585858589,23.3612633814924,15.46090909090911,16.195384615384647,4.170887839220848,4.293122117939143,0.7939833333333334,0.8108785714285716,0.7529620833333334,0.7722478835978835,0.6797666666666667,0.7177571428571429,0.0395970598371011,0.029131869359388,659.3870327472687,1666.1368460655212,475.3814337849617,1101.093835120954,322.3728919029236,654.4451759308577,117.43018286113006,282.05621333342003
2100,1.099999999999966,0.27449282251159346,0.839999999999975,0.19392474280210692,0.0262,0.02401821946169791,-0.2892,0.005969992933837105,14.880690000000001,-0.09525380000000006,0.0,-0.6557202091115943,0.3155369287819063,0.12118985315750574,-1.1591773430034635,0.9986206284465329,34.07000000000005,35.170000000000016,22.891940298507503,23.166433121019097,5.250000000000057,6.090000000000032,5.155541212177879,5.349465954979986,0.8516,0.8778,0.7596420289855073,0.7836602484472052,0.611,0.3218,0.0535593654263069,0.059529358360144,72.78065,87.66134,5.124996,5.0297422,0.0,0.0,11.378174446395091,10.722454237283497,14.30436109230146,14.619898021083367,5.76865007714642,5.889839930303926,78.08926226202537,76.93008491902191,8.106480256408739,9.105100884855272,27.217272727272757,27.93444444444448,22.60918013468016,23.084818804035503,15.186363636363664,15.880769230769264,4.070422894469683,4.164912786170671,0.8321500000000001,0.8473714285714288,0.7534219444444444,0.7693700727513227,0.68115,0.7127785714285715,0.0507324324722606,0.0459649555221204,677.5052943229675,1657.979228973389,477.94254064559937,1106.6455087976285,324.4764413833618,654.1468953192234,116.76508276321428,288.6929999290921
2101,0.9599999999999866,0.14032293399566242,0.339999999999975,0.34218007661658323,0.020000000000000018,0.010471221532091013,-0.3131,0.013600363946079504,19.423434999999998,-0.12146100000000004,0.0,-0.7795879044602358,0.3410523796362348,0.13352240372163937,-1.1531206548423398,0.9154489390151621,34.75000000000006,35.71000000000004,22.996082089552274,23.136405023547937,5.330000000000041,5.670000000000016,5.164331705401025,5.506511782017609,0.8501000000000001,0.8701000000000001,0.7432057971014493,0.7536770186335403,0.5748,0.2617,0.0545944385447523,0.0681948024908318,72.07452,91.497955,5.207952,5.086491,0.0,0.0,11.63028401910584,10.850696114645604,14.108736042073144,14.449788421709378,5.706343373011806,5.839865776733445,77.80094753362329,76.64782687878095,8.347313303639053,9.262762242654215,28.393636363636396,28.118148148148176,23.043622474747504,23.381214711831404,15.482727272727304,16.080370370370403,4.2059511733348725,4.227213954836535,0.8280166666666666,0.8523928571428572,0.722861388888889,0.7438403439153439,0.6049666666666667,0.676107142857143,0.0751679162307848,0.057022127935823,675.3144688606262,1654.2408771514893,483.7839271028837,1098.9835168854397,334.88299465179443,637.4789637774229,114.18065029926886,288.86414929995163
2166,1.6200000000000045,-0.72933511317434,4.279999999999973,-0.10945541103469392,0.020500000000000074,0.023299171842650068,0.06820000000000004,-0.009193445036756301,18.142259999999993,0.3624590000000003,0.0,-0.6519148398079491,0.10962031009473172,0.006083168936555694,-0.47200083395780723,0.7846556121214121,37.910000000000025,39.53000000000003,26.08834896810512,25.35901385493078,4.330000000000041,8.610000000000014,5.973636788933511,5.864181377898817,0.8245,0.8450000000000001,0.7296275362318844,0.7529267080745344,0.6045,0.6727000000000001,0.0451838815818107,0.0359904365450544,89.77629,107.91855,5.116556,5.479015,0.0,0.0,12.03673471824453,11.38481987843658,14.430903790018364,14.540524100113096,6.105377241715149,6.111460410651705,76.32834629672446,75.85634546276665,9.671286730673089,10.4559423427945,31.713333333333367,31.000769230769272,25.1987171717172,25.223523188995685,15.400000000000023,17.286153846153873,5.33745437268638,4.65016781526239,0.7878833333333334,0.8108428571428571,0.7435581944444446,0.7765461970899471,0.6970000000000001,0.732607142857143,0.0264558898736825,0.0258036428120194,720.1891479492188,1620.6099030077455,467.88585944970447,1247.6029753059115,289.0267632007599,723.9947475186841,137.71553139004436,253.348199922764
2170,0.5800000000000409,-0.2678315647052223,-3.5600000000000023,-0.12133995181979707,0.016199999999999992,0.022380538302277708,-0.061,-0.0014739895670509012,9.518175999999997,0.2957788000000008,0.0,-0.8082625580558602,0.12198571869554442,-0.018937770263113052,-0.47236066501119467,0.732315748964055,36.870000000000005,37.450000000000045,24.558868940754063,24.29103737604884,3.390000000000043,-0.169999999999959,5.805868353510936,5.684528401691139,0.8426,0.8588,0.7518710144927537,0.7742515527950314,0.507,0.446,0.0489320679696059,0.047458078402555,99.166954,108.68513,5.1980352,5.493814,0.0,0.0,12.36645316765246,11.5581906095966,14.597658073123364,14.719643791818909,6.19775699572719,6.178819225464077,75.62387264857729,75.1515119835661,9.535369106093151,10.267684855057206,29.69800000000003,30.121111111111144,24.603253246753276,24.508338651793757,16.441666666666702,17.505555555555592,4.608774013780151,4.456382043367449,0.8136833333333334,0.8268785714285715,0.7677726388888889,0.7931278769841271,0.7261000000000001,0.7570214285714287,0.0290525944485808,0.0248751758809469,745.63103723526,1708.6414017677307,480.4209108153979,1192.4954509506151,310.77529215812683,797.4107678160071,139.56029125868943,249.80384024198065
2172,0.5199999999999818,-0.5326806715550205,0.9600000000000359,-0.15740402475167414,0.009099999999999997,0.021436853002070655,-0.029200000000000004,0.001070730778831297,8.443250000000006,0.27954100000000004,0.0,-0.9383293877444352,0.1283394012860466,-0.027858569945767186,-0.4503640232905184,0.721971654509856,37.03000000000003,37.55000000000001,24.55112478031636,24.01844410876134,3.550000000000012,4.510000000000048,5.910508243625278,5.753104218873604,0.8143,0.8234,0.7302507246376814,0.751687577639752,0.6365000000000001,0.6073000000000001,0.0397455334221466,0.0408162642009779,99.99847,108.44172,5.1736145,5.4531555,0.0,0.0,12.422627935109745,11.48429854736531,14.69072670508686,14.819066106372906,6.258391921316013,6.230533351370246,75.88093044414337,75.43056642085286,9.211129091493923,9.93310074600378,29.67909090909094,29.683076923076957,24.36966750841754,24.111596800944657,15.926363636363662,17.0640740740741,4.655541590920024,4.536008962711755,0.8116749999999999,0.8591333333333333,0.7638731944444447,0.813809722222222,0.6857000000000001,0.7725642857142855,0.0414694887976416,0.0295427926436078,732.8221306800842,1708.3301351070404,475.80500256021816,1172.9293085458148,310.9337229728699,778.8617343008518,134.41599261127234,239.1001174236657
2179,2.1000000000000227,-0.36976731140133623,-5.139999999999986,-0.016161836294076082,0.034599999999999964,0.02993933747411992,-0.05789999999999995,0.0008498176615297018,-5.590319999999991,0.3704420000000006,0.0,-0.7435268975436937,0.1416157622760572,-0.03084941901228966,-0.5675324453292205,0.867934633932224,37.09000000000003,39.190000000000055,25.25485268630852,24.885085374907185,6.8700000000000045,1.7300000000000182,5.877343275077545,5.861181438783469,0.8082,0.8428,0.7255333333333335,0.7554726708074534,0.5889,0.531,0.0480551364087686,0.0489049540702983,96.67034,91.08002,5.039915,5.410357,0.0,0.0,11.956246333613407,11.212719436069714,14.715249348009223,14.85686511028528,6.280341202686423,6.2494917836741335,76.10127574796573,75.53374330263651,8.914477958969924,9.782412592902148,30.10454545454548,29.965384615384657,24.59522306397309,24.80288254528621,16.016666666666705,17.231481481481513,4.890793262362528,4.450738462595207,0.7915333333333333,0.8003500000000001,0.746910138888889,0.7673755291005292,0.7031833333333334,0.7095142857142857,0.0262936523502491,0.0297545490183988,679.5382046699524,1607.8087111711502,463.4206051131089,1169.482192374547,297.1251335144043,830.6400329358876,125.19062195171593,215.04446836343607
2194,1.1200000000000045,-0.19038296817505085,1.5399999999999618,0.00013038420936428707,0.01660000000000006,0.02089792960662551,-0.38760000000000006,0.025505982547554,29.717889999999997,0.5480843000000002,0.0,0.30121095230042805,0.1742508209786795,0.04074240037496679,-0.8589359878507992,1.0499333929692014,35.110000000000014,36.23000000000002,23.800919117647076,23.610536149472026,6.330000000000041,7.870000000000003,5.738089509065436,5.7382198932748,0.8426,0.8592000000000001,0.743014492753623,0.7639124223602485,0.6528,0.2652,0.0414171751650904,0.0669231577126444,73.30019,103.01808,5.4488444,5.9969287,0.0,0.0,12.075130538843574,12.376341491144002,14.540542637506933,14.714793458485612,6.038325253658871,6.079067654033838,77.1806717002884,76.3217357124376,8.534951551255395,9.584884944224596,28.876000000000023,28.99461538461541,23.81244444444448,24.017868018012617,15.801666666666696,16.417407407407435,4.556388256423196,4.5125092242427804,0.8125666666666665,0.8332928571428573,0.7740480555555554,0.8032160383597885,0.7294666666666667,0.7645642857142857,0.0251985922394272,0.021131389877636,739.425968170166,1912.8364508152008,507.9512666066488,1339.250084972824,361.0269513130188,895.3956897761673,119.2350315023272,295.0297990133441
2195,1.5199999999999818,0.2497898612552163,1.2800000000000296,-0.07228206419130334,0.015600000000000058,0.01575693581780535,-0.4067,0.016809168534769096,19.80404,0.5922960000000002,0.0,0.27756014568688236,0.18177682741207057,0.04868743486041538,-0.88475475505183,1.0211776521269744,34.13000000000005,35.650000000000034,23.214708097928487,23.464497959183703,6.850000000000023,8.130000000000052,5.588172172481215,5.515890108289912,0.8485,0.8641000000000001,0.7636014492753624,0.7793583850931678,0.6754,0.2687,0.0383955971689134,0.0552047657036825,82.62992,102.43396,5.486668,6.078964,0.0,0.0,12.265209158934194,12.542769304621077,14.557347527004652,14.739124354416722,5.992893495365196,6.041580930225612,77.3539663896094,76.46921163455757,8.486166174832755,9.50734382695973,28.98090909090912,28.44000000000003,24.033578282828312,24.195947652535367,16.30000000000004,17.048518518518552,4.259252550150023,4.211449061404115,0.7842000000000001,0.8018500000000002,0.7298622222222222,0.7511127976190477,0.6942333333333334,0.7057500000000001,0.0304717767819161,0.030779638479327,731.3474416732788,1924.6742646694183,513.6098503271738,1346.1964160005834,370.0571708679199,897.9249058589339,116.32461556388014,301.6439209204472
2216,0.5199999999999818,0.2579118281598092,1.9799999999999613,0.1501369646264683,0.026800000000000046,0.016164182194616683,-0.24590000000000006,0.009256573549527004,25.613100000000003,-0.042207699999999626,0.0,-0.43735722101423846,0.34543310932515325,0.12037912090262726,-1.1150102842375276,0.8174556062211913,33.97000000000003,34.49000000000001,22.58044280442808,22.83835463258789,4.010000000000048,5.990000000000009,5.190272567430236,5.340409532056705,0.8468,0.8736,0.7608898550724639,0.7770540372670806,0.6659,0.42,0.046092340037405,0.055348913586932,69.55671,95.16981,5.2377267,5.195519,0.0,0.0,11.578666070010858,11.14130884899662,14.184052957141644,14.529486066466797,5.7229096689778,5.843288789880427,78.27238906752875,77.15737878329122,8.459256452665572,9.276712058886764,27.5536363636364,27.386296296296333,22.37782070707074,22.741787086692188,14.526363636363664,15.42777777777781,4.518643296986627,4.237040269897652,0.8276166666666667,0.8554500000000002,0.7477145833333333,0.7506786706349207,0.7013666666666666,0.6896428571428573,0.0384679601718132,0.0519923621092634,693.129789352417,1638.5009055137634,485.6455438236396,1107.532521982628,328.72751808166504,635.3313672542572,119.05698569914593,291.79587966180617
2281,1.1800000000000068,-0.21434380979922807,3.0600000000000023,-0.16481908212190355,0.01539999999999997,0.018228985507246276,-0.022500000000000075,0.004765816775048802,18.606544999999997,0.7297744000000002,0.0,0.2699019068106505,0.10962031009473172,0.006083168936555694,-0.47200083395780723,0.7846556121214121,38.43000000000001,39.610000000000014,25.874126984127045,25.659783174327817,4.9500000000000455,8.010000000000048,6.039284919018097,5.874465836896193,0.8282,0.8436,0.7341188405797101,0.7523478260869564,0.6113000000000001,0.5888,0.0400357277953736,0.0448015445704224,94.10176,112.708305,5.1275163,5.8572907,0.0,0.0,12.039456518984256,12.309358425794906,14.430903790018364,14.540524100113096,6.105377241715149,6.111460410651705,76.32834629672446,75.85634546276665,9.671286730673089,10.4559423427945,31.68090909090912,31.815384615384644,25.578379629629666,25.77325076035079,16.368333333333364,17.868400000000026,5.075899518906543,4.717490103186469,0.7627166666666666,0.7888833333333333,0.7159726388888887,0.7287022486772488,0.6717999999999998,0.6737714285714287,0.0301770236783341,0.037827544936186,729.8415393829346,1580.4862542152405,470.4981636206309,1188.3464891342412,290.910439491272,746.074129374167,137.66802648020587,227.9578286350934
2287,1.5600000000000023,-0.47871815458727696,-2.979999999999961,-0.0996525335362568,0.04589999999999994,0.032408695652173636,0.03500000000000003,0.0009735560404591018,1.0488750000000095,0.29240889999999986,0.0,-0.7701756093105647,0.1283394012860466,-0.027858569945767186,-0.4503640232905184,0.721971654509856,37.27000000000004,38.83000000000004,25.404528301886817,24.92581014729954,5.490000000000009,2.510000000000048,5.739977603676482,5.640325070140225,0.8088000000000001,0.8547,0.730417391304348,0.7628260869565217,0.4759,0.5109,0.05186355274506,0.0528371087855191,96.95056,97.999435,5.2143016,5.5067105,0.0,0.0,12.38208937112251,11.611913761811945,14.69072670508686,14.819066106372906,6.258391921316013,6.230533351370246,75.88093044414337,75.43056642085286,9.211129091493923,9.93310074600378,30.70500000000003,30.476923076923097,24.935267255892285,24.61128742734724,16.997272727272755,17.394166666666692,4.73918055358256,4.721804239841653,0.77235,0.8096142857142858,0.7301565277777778,0.7659486111111112,0.6666166666666667,0.7036071428571429,0.0356717185055331,0.0383725800453508,737.1317176818848,1745.3932085037231,480.5987661083539,1199.4834232430935,315.27364206314087,777.0096870027483,137.26831702916067,249.9085432995461
2294,0.839999999999975,-0.37331168392995195,-3.6200000000000045,-0.08010864272126561,0.0131,0.029978467908902462,0.13140000000000007,-0.009335690010847206,3.282740000000004,0.4119447000000003,0.0,-0.7016694706180466,0.1416157622760572,-0.03084941901228966,-0.5675324453292205,0.867934633932224,39.07000000000005,39.910000000000025,25.258592057761764,24.88528037383181,7.690000000000055,4.07000000000005,5.8726962764648585,5.792587633743593,0.8112,0.8243,0.719368115942029,0.7493465838509314,0.4779,0.6093000000000001,0.0577846489136476,0.0484489589028004,93.57073,96.85347,5.078582,5.4905267,0.0,0.0,12.058969884605215,11.357300413987168,14.715249348009223,14.85686511028528,6.280341202686423,6.2494917836741335,76.10127574796573,75.53374330263651,8.914477958969924,9.782412592902148,30.151666666666696,30.346000000000032,24.470905723905755,24.720041135649137,15.268333333333365,17.11518518518522,4.87835552394142,4.572009603784067,0.8073,0.8154785714285715,0.7554220833333333,0.7793238756613757,0.6967,0.728642857142857,0.032132319724716,0.0306621447839035,697.2072710990906,1749.692750453949,471.2093431055546,1192.6582483205482,289.46818125247955,807.3245058618486,126.88970245731804,242.0105246839906
2310,1.3199999999999932,0.05424601862053535,3.740000000000009,-0.028682548610085234,0.02400000000000002,0.024809523809523948,-0.32280000000000003,0.009881067478205698,35.80278,0.7209696000000001,0.0,0.10069812290110214,0.1742508209786795,0.04074240037496679,-0.8589359878507992,1.0499333929692014,35.33000000000004,36.650000000000034,23.65725952813071,23.711505546751244,4.470000000000027,8.210000000000036,5.660277702506039,5.631595153895954,0.8295,0.8535,0.7326768115942028,0.7574863354037268,0.6289,0.3061,0.0446252743909969,0.0545063418692026,94.62253,130.42531,5.5665894,6.287559,0.0,0.0,12.85445779461222,12.955155917513322,14.540542637506933,14.714793458485612,6.038325253658871,6.079067654033838,77.1806717002884,76.3217357124376,8.534951551255395,9.584884944224596,28.63363636363639,29.03560000000003,23.52096464646468,23.920874741790712,15.7616666666667,16.395185185185216,4.421783795138644,4.392434760555572,0.7952333333333333,0.8553642857142857,0.7511586111111112,0.7952144179894182,0.7044,0.7613714285714286,0.0298348218268742,0.0288669156885363,768.5165762901306,1928.309151649475,530.1496381560961,1370.854570589882,374.8890342712402,942.8282929193228,124.52244150263957,298.1535657649664
2406,2.159999999999968,-0.3607068311196002,-0.6999999999999886,-0.1630221000440608,0.025900000000000034,0.040196480331262996,0.19019999999999998,-0.0119335901808914,10.207514000000003,0.3521370999999993,0.0,-0.5298005598282138,0.1404160396400833,-0.025480058632401992,-0.8163369310540389,1.0932507240091507,38.01000000000005,40.170000000000016,25.52555977229604,25.16485294117644,5.8700000000000045,5.170000000000016,5.905276386654938,5.742254286610877,0.8386,0.8645,0.7448115942028983,0.7850080745341613,0.4531,0.6433,0.0583311002543163,0.0463975100734249,92.67909,102.886604,5.1825457,5.5346828,0.0,0.0,12.070444978310222,11.540644418482009,14.511401072210136,14.65181711185022,6.115462743347078,6.089982684714676,75.7103119145273,74.89397498347326,9.11862152427959,10.21187224828874,29.72454545454549,29.6366666666667,24.272020202020236,24.541261117009697,15.971666666666698,17.790800000000033,4.630274075884095,4.23085631543382,0.8362833333333334,0.8667214285714285,0.7761554166666668,0.8288316137566137,0.72415,0.7965357142857145,0.0431662112112638,0.0221537508567121,729.8904242515564,1748.8821145296097,476.2119153936704,1175.87230415749,288.7164921760559,788.9993815347552,132.8025893530048,248.17270207843063
2414,2.4399999999999977,-0.19142045590169232,-0.30000000000001137,0.062257351223568236,0.007800000000000029,0.020103105590061898,-0.006299999999999972,0.003646278016535401,-3.6027700000000067,0.5094320000000003,0.0,0.010479159374195746,0.15360363100504237,-0.008245539273608493,-0.8868782459312712,1.2141532243578599,36.13000000000005,38.57000000000005,25.14010526315793,24.94868480725624,5.53000000000003,5.230000000000018,5.554446202862859,5.616703554086428,0.8424,0.8502000000000001,0.7595086956521742,0.7796118012422361,0.6584,0.6521,0.0415671858426585,0.0452134638591939,95.50444,91.90167,5.129572,5.639004,0.0,0.0,11.852946062080456,11.863425221454651,14.545140876776346,14.698744507781388,6.114329376965066,6.1060838376914575,76.10003354440155,75.21315529847028,8.862607691507064,10.076760915864924,30.246666666666695,29.817200000000028,24.56205808080811,24.82587751971595,16.28000000000003,17.786153846153873,4.476829534123781,4.1852122621295695,0.8187166666666666,0.8329785714285712,0.78604375,0.7971721891534392,0.7262000000000001,0.7566857142857143,0.0272790253006642,0.0244355832810687,725.7177295684814,1660.766721725464,469.6397806207339,1178.9015225392543,269.3702893257141,780.3247381281108,131.60489069486545,235.87088719651305
2425,1.1999999999999886,-0.3123399663400015,2.8799999999999955,-0.20179573405176932,0.048899999999999944,0.032411387163560845,-0.24020000000000002,0.009460621228726103,32.704690000000014,0.6260776999999997,0.0,0.028523592808989306,0.18100601986172293,0.0419862801177624,-1.0170244676487812,1.0929507520936248,34.910000000000025,36.110000000000014,24.1791531531532,23.8668131868132,3.650000000000034,6.53000000000003,5.637351352704608,5.435555618652839,0.807,0.8559,0.7339333333333337,0.7663447204968945,0.6639,0.4237,0.0386805672165306,0.0481411884452567,95.8283,128.53299,5.8098593,6.435937,0.0,0.0,13.25168774670471,13.280211339513698,14.480034958968137,14.66104097882986,5.967605758115841,6.009592038233603,76.72371316544253,75.70668869779375,8.844133011437119,9.937083763530744,29.655454545454575,29.35307692307695,24.64911111111114,24.55378609661946,16.950000000000028,17.55296296296299,4.225960213193899,4.337130491785008,0.7662333333333334,0.7931928571428573,0.7203091666666667,0.7486119047619048,0.6833166666666667,0.7034285714285715,0.0268820019001061,0.0343270282803412,816.2331018447876,1979.2375848293304,554.6134606599808,1394.0961030896287,383.645544052124,904.3828598186374,130.6037738621791,306.7581727306959
2510,2.160000000000025,-0.17673298583074626,2.7199999999999704,-0.12553196954731494,0.016000000000000014,0.01592401656314657,0.13160000000000005,-0.007244886938826196,6.733860000000007,0.28866820000000004,0.0,-0.8456339653970542,0.11023475181666953,0.005880963334691458,-0.6738382494483659,0.9498721750381574,36.670000000000016,38.83000000000004,25.22428015564207,25.047547169811324,5.330000000000041,8.050000000000011,5.921889418696555,5.79635744914924,0.8202,0.8362,0.734549275362319,0.7504732919254655,0.4698,0.6014,0.0504478454264447,0.0432029584876185,83.1724,89.90626,5.1938705,5.4825387,0.0,0.0,12.07255471629743,11.226920750900376,14.509057415589114,14.619292167405783,6.091357499749488,6.09723846308418,76.6904274397752,76.01658919032684,9.882937452874613,10.83280962791277,29.10500000000003,29.66333333333336,23.986162878787905,24.36631698548368,15.486666666666688,17.093846153846183,4.774839581819099,4.517657274444217,0.7928666666666668,0.8090785714285714,0.726417361111111,0.7569696097883599,0.6528333333333334,0.7026642857142856,0.0414550122145961,0.0319181100267782,731.0899615287781,1578.6310632228851,473.940679748853,1167.7807242665922,279.7738718986511,762.915481327932,142.2097990383131,218.83892886016815
2512,2.6399999999999864,-0.12580357739096826,-0.9399999999999977,0.11648768352996441,0.0025000000000000577,0.012874534161490314,-0.15349999999999997,0.010639460529408604,-9.650425999999996,0.24188999999999972,0.0,-1.0519357718754527,0.11706542706051337,-0.003868573869223013,-0.7208228828786929,0.964827504175588,37.25000000000006,39.89000000000004,25.56508571428578,25.43928213689481,6.670000000000016,5.730000000000018,5.751768278189383,5.868255961719347,0.8489,0.8514,0.7511391304347828,0.7640136645962731,0.6683,0.5148,0.038788576748838,0.0494280372782466,96.16631,86.515884,5.272903,5.514793,0.0,0.0,12.27407135952651,11.222135587651056,14.374377492301448,14.491442919361962,6.036569835171273,6.03270126130205,76.13878005787429,75.41795717499559,9.763614147519425,10.728441651695013,30.52333333333336,30.75480000000003,25.356223063973093,25.952531454964824,16.543333333333365,18.200370370370404,4.735142606923064,4.514555106569273,0.7860833333333334,0.7860428571428573,0.7351887500000002,0.7468007605820106,0.6913333333333335,0.718442857142857,0.0284995766466676,0.0221128279674025,747.6020426750183,1645.76362323761,484.8169729709625,1176.1013942240772,295.16163301467896,758.5849090463458,140.0973507803796,240.76709965001032
2515,1.759999999999991,-0.20289889372881476,-0.2400000000000091,0.005944407587464617,0.06569999999999998,0.02349254658385136,-0.16710000000000008,0.014389324425303003,30.423819999999992,0.25245289999999976,0.0,-0.6935213151349444,0.12372212481169242,-0.014180011812735316,-0.7314201035072614,0.9910049172460464,37.75000000000006,39.51000000000005,25.57015444015448,25.367255546425664,7.230000000000018,6.990000000000009,5.730053128589289,5.735997536176754,0.8027000000000001,0.8684000000000001,0.7208217391304346,0.7443142857142859,0.5921000000000001,0.425,0.0444850336974438,0.0588743581227468,89.19486,119.61868,5.3122644,5.5647173,0.0,0.0,12.401103270082228,11.707581954947283,14.419435373579994,14.543157498391686,6.064320226410852,6.050140214598117,75.9375463758872,75.20612627237993,9.47519326672721,10.466198183973257,30.201666666666696,30.569200000000027,25.060402356902387,25.462781512636614,16.871666666666698,18.29370370370373,4.634253687063471,4.2595160740058855,0.7950666666666666,0.8339833333333336,0.7394623611111112,0.7605449735449735,0.6642166666666666,0.6680642857142859,0.0484517322840291,0.0558669314655999,756.0707502365112,1703.5848553180697,484.7441364228725,1185.2847740354912,302.7985496520996,792.775458614896,142.72249015549548,247.31208306575272
2530,0.160000000000025,-0.33748063274668283,0.2999999999999545,-0.26573639421081907,0.03069999999999995,0.03314741200828131,-0.008900000000000019,0.0019365452070665978,15.832239999999999,0.5133666000000003,0.0,-0.21010000682016106,0.15786656091689366,0.0026290428340809413,-0.927862924478589,1.2444869552545725,35.29000000000002,35.450000000000045,24.41148672566371,24.074006092917028,6.750000000000057,7.050000000000011,5.631174471745749,5.36543807753493,0.8449000000000001,0.8756,0.7694463768115944,0.8025937888198758,0.7036,0.6947,0.0366602085737256,0.0385967537807922,91.94615,107.77839,5.144456,5.6578226,0.0,0.0,12.064733665031522,11.85463365821136,14.517910688648495,14.675777249565389,6.098074624215122,6.100703667049203,75.6251233132785,74.6972603887999,9.135596081519518,10.38008303677409,29.910000000000025,29.774000000000036,24.53347222222225,24.759795576819887,16.073333333333363,17.202592592592627,4.542820031012528,4.396376057931109,0.79895,0.8081785714285715,0.7662947222222222,0.7764527447089947,0.7202500000000001,0.725542857142857,0.0298790597879505,0.0273087289802241,713.0992093086243,1636.855541229248,469.43159534533817,1205.1162468288903,275.4993441104889,837.053544767201,130.97517436654002,242.0866757176261
2531,0.34000000000003183,-0.13626520785958007,-0.2599999999999909,-0.07486807910848992,0.0038999999999999035,0.019821739130435057,0.008499999999999952,8.139977736520282e-05,15.832239999999999,0.5133666000000003,0.0,-0.21010000682016106,0.15786656091689366,0.0026290428340809413,-0.927862924478589,1.2444869552545725,35.23000000000002,35.57000000000005,24.476809269162256,24.340544061302676,7.970000000000027,7.710000000000036,5.436715741560337,5.361847662451847,0.8460000000000001,0.8499,0.7563304347826085,0.7761521739130436,0.6465000000000001,0.655,0.0418872029309275,0.0419686027082927,91.94615,107.77839,5.144456,5.6578226,0.0,0.0,12.064733665031522,11.85463365821136,14.517910688648495,14.675777249565389,6.098074624215122,6.100703667049203,75.6251233132785,74.6972603887999,9.135596081519518,10.38008303677409,29.323333333333363,28.80846153846157,24.2664671717172,24.459710240779117,16.7416666666667,17.304074074074105,4.388142572754609,4.091994754723158,0.8165833333333334,0.8428785714285715,0.7758697222222223,0.7880086970899471,0.7265666666666667,0.7481,0.0307023141382093,0.0300378599490687,723.23717212677,1629.8302836418152,477.4311885635058,1212.1884730896527,293.95638847351074,846.2623047968373,131.5475207758691,240.869280760459
2623,3.2800000000000296,-0.18356803735897032,3.759999999999991,-0.11197190694529624,0.0030999999999999917,0.02793809523809543,0.05679999999999996,-0.0035548622800815957,6.221379999999996,0.28272530000000007,0.0,-0.7222829648891,0.11128024400909986,0.005650516806852579,-0.9150728494187348,1.1490265040581882,35.35000000000002,38.63000000000005,24.60323076923083,24.41966273187186,3.2700000000000387,7.03000000000003,5.859780937804056,5.74780903085876,0.8410000000000001,0.8441000000000001,0.7452202898550727,0.7731583850931681,0.5633,0.6201,0.0457903843450379,0.0422355220649563,85.22574,91.44712,5.2362247,5.51895,0.0,0.0,12.069342499827917,11.347059534938817,14.657481371753532,14.768761615762632,6.122319586366497,6.127970103173349,77.14816903751438,76.23309618809564,10.096897082375,11.245923586433188,30.618333333333368,30.042800000000035,24.66102861952865,24.96238206956761,15.439090909090938,17.512222222222253,5.196507541478271,4.516443897716648,0.8127166666666668,0.8228928571428572,0.7632438888888889,0.7846544642857144,0.7068333333333334,0.7396285714285714,0.033724667635112,0.0296663955284422,749.7466316223145,1604.700536251068,479.4440405170123,1178.2631909546085,272.70528984069824,755.6290135508418,144.27987920512555,230.27013123514496
2645,2.859999999999957,0.24361781023892704,-0.13999999999998636,-0.14925877679929656,-0.0009000000000000119,0.019623395445134917,-0.19069999999999998,0.008831625044861305,24.304190000000006,0.5476380000000001,0.0,0.08914953944680803,0.1679860546507257,0.01565695638342479,-1.192059527592761,1.424668772618439,35.25000000000006,38.110000000000014,24.24855379188716,24.49217160212609,6.910000000000025,6.770000000000039,5.5825079566995015,5.433249179900205,0.8627,0.8618,0.7713753623188403,0.7909987577639752,0.6756,0.4849,0.0414904123927599,0.0503220374376212,94.85718,119.16137,5.202814,5.750452,0.0,0.0,11.866533837047664,11.955683376494472,14.500410038420176,14.668396093070902,6.017251313658294,6.032908270041719,76.40398695972677,75.211927432134,8.704934421868108,10.129603194486547,29.775000000000023,29.75000000000004,24.33871464646468,24.79937641196702,16.650000000000023,17.410714285714317,4.518669101833034,4.254208999183863,0.8358333333333334,0.8466500000000002,0.8043422222222224,0.8064947089947091,0.7555666666666667,0.7535714285714287,0.0273675464851553,0.0277627756528063,717.565346956253,1688.8129341602323,474.7568061153094,1224.8462837832049,287.250584602356,846.2615160085261,128.05259778588956,257.2939310085625
2987,1.2200000000000273,0.5114841802960974,2.099999999999966,0.11585935278096837,0.018900000000000028,0.014222981366460163,-0.1967000000000001,0.0026311537137821,3.323875000000001,0.47795139999999936,0.0,-0.45626124518978983,0.19002148252170414,0.04570046437679931,-1.4551884605371725,1.4619119009546804,35.79000000000002,37.01000000000005,23.883427561837472,24.39491174213357,4.830000000000041,6.930000000000007,5.316113173791071,5.431972526572039,0.8686,0.8875000000000001,0.7831478260869567,0.7973708074534168,0.6857000000000001,0.489,0.0428180803226903,0.0454492340364724,101.55748,104.881355,5.548256,6.0262074,0.0,0.0,12.751349769166092,12.295088523976302,14.262794400064024,14.452815882585728,5.848248221876112,5.893948686252911,76.41335741138192,74.95816895084475,9.193786382928623,10.655698283883304,30.61727272727276,31.14384615384619,24.63248484848488,25.632340465573105,17.21909090909094,17.3766666666667,4.310276197547308,4.5276435234078125,0.8469166666666667,0.8366285714285714,0.7069058333333333,0.7358514219576721,0.6321666666666667,0.6688,0.0699992674184552,0.0530819534746204,800.4814615249634,1899.4199826717377,506.2783397734165,1283.5822199676577,314.11352014541626,825.7404829193838,128.4729434226597,308.2648443126633
3001,0.15999999999997172,0.27827268835618924,-2.9399999999999977,0.20404317019637563,0.02070000000000005,0.0033699792960663055,-0.23199999999999998,0.02092652352644081,-26.960293000000007,-0.28263000000000016,0.0,-2.4580230354714665,0.6300960114131833,0.1479627810977151,-1.3077662714762397,0.5184326940720876,31.19000000000005,31.350000000000023,20.23938356164385,20.51765625000004,7.410000000000025,4.470000000000027,4.872991082051938,5.077034252248314,0.8861,0.9068,0.7709318840579709,0.7743018633540372,0.3258,0.0938,0.1095983821058445,0.1305249056322853,84.224945,57.264652,4.5420437,4.2594137,0.0,0.0,11.015152000377302,8.557128964905836,12.589913886822012,13.220009898235196,5.437880006675616,5.585842787773331,82.7563969264532,81.44863065497697,7.5753159486790835,8.093748642751171,24.398571428571465,25.539523809523843,20.437958754208783,20.872059307123557,14.310000000000027,14.851481481481509,3.517043578914076,3.65326205129274,0.8355000000000001,0.8267357142857145,0.7721251388888889,0.7771024801587302,0.6926666666666667,0.697757142857143,0.0482309840452318,0.0422310289920409,647.6578810214996,1437.749285697937,414.46147753794986,907.2551285137724,239.07002878189087,524.8815224207938,117.63562753923864,283.5090985882364
3002,0.15999999999997172,0.27827268835618924,-2.9399999999999977,0.20404317019637563,0.02070000000000005,0.0033699792960663055,-0.23199999999999998,0.02092652352644081,-26.960293000000007,-0.28263000000000016,0.0,-2.4580230354714665,0.6300960114131833,0.1479627810977151,-1.3077662714762397,0.5184326940720876,31.19000000000005,31.350000000000023,20.23938356164385,20.51765625000004,7.410000000000025,4.470000000000027,4.872991082051938,5.077034252248314,0.8861,0.9068,0.7709318840579709,0.7743018633540372,0.3258,0.0938,0.1095983821058445,0.1305249056322853,84.224945,57.264652,4.5420437,4.2594137,0.0,0.0,11.015152000377302,8.557128964905836,12.589913886822012,13.220009898235196,5.437880006675616,5.585842787773331,82.7563969264532,81.44863065497697,7.5753159486790835,8.093748642751171,25.396666666666704,25.36000000000003,20.53768434343437,20.92531864112652,14.2827272727273,15.029259259259293,3.5758445224130084,3.608944463660828,0.8464333333333333,0.8350500000000001,0.7761302777777779,0.7825593253968254,0.6267333333333335,0.6700285714285715,0.0670358060826077,0.0453965068683176,659.0259387493134,1431.6222748756409,419.5499019622803,906.3547332645212,249.89060640335083,518.169154047966,121.34461503227216,286.8360806013029
3082,2.099999999999966,-0.31435168860511453,0.8599999999999568,-0.04855445068972841,-0.000300000000000078,0.02758612836438945,-0.2111,0.011846813383852996,16.041166000000004,0.3755227999999997,0.0,-0.15809219454367174,0.1378002431858807,0.00972927420814429,-1.2570082164533858,1.4088594499667035,37.450000000000045,39.55000000000001,25.66052224371374,25.346170555108625,8.07000000000005,8.930000000000007,5.6705229801546615,5.621968529464933,0.8540000000000001,0.8537,0.7402144927536233,0.7678006211180127,0.6359,0.4248,0.0471083495948872,0.0589551629787402,90.930984,106.97215,5.379989,5.7555118,0.0,0.0,12.376261982148408,12.218169787604737,14.48548880919643,14.62328905238231,5.9628446087696,5.972573882977744,76.03590515525536,74.77889693880198,9.598636038031977,11.00749548799868,30.700000000000035,30.113846153846183,24.86080471380474,25.09538163787369,17.01000000000003,17.676400000000026,4.607288048021185,4.393998572748561,0.8122333333333334,0.8472642857142858,0.7735711111111111,0.8043743386243386,0.7230166666666666,0.7534000000000002,0.0327987463720813,0.0308728568607822,809.6400513648987,1779.487599849701,490.9240268667539,1225.9240486326248,298.5302982330322,780.6789266745907,148.64157577244043,289.25889607350666
3097,3.359999999999957,0.23192181442529147,0.5400000000000205,0.05785807341844684,0.014399999999999968,0.01838509316770176,-0.02860000000000007,0.0019102073455483926,33.58784999999999,0.28962539999999937,0.0,-0.418718901240716,0.17883280731427753,0.028886408588239654,-1.282167049272303,1.4237124398814363,36.75000000000006,40.110000000000014,25.941098265896,26.17302008032129,6.110000000000014,6.650000000000034,5.647397831038503,5.7052559044569495,0.8343,0.8487,0.6976130434782609,0.7159981366459627,0.5870000000000001,0.5584,0.0612159302773618,0.0631261376229102,84.75024,118.33809,5.33201,5.6216354,0.0,0.0,12.245254779774315,11.8265358785336,14.483795563534338,14.662628370848616,5.929590807720152,5.958477216308392,76.63808561076027,75.35591856148797,8.849876427206857,10.273588867088293,31.18166666666669,30.36416666666669,25.67119444444447,25.99671888304935,17.65333333333336,18.101428571428603,4.5313870905845794,4.455655343085277,0.7892833333333334,0.8036285714285716,0.7170473611111111,0.7306217592592593,0.6518,0.6702571428571431,0.0376457205492889,0.0388074985425219,767.4998669624329,1689.7186312675476,486.5905989209811,1193.9477195215457,275.63043689727783,824.3588721901178,134.695001884894,271.040703718534
3197,-0.740000000000002,-0.15630943882984027,3.340000000000032,0.15982567119995128,0.0040999999999999925,0.016698550724637662,0.07539999999999991,0.0008662271930356957,16.80923,0.3049103999999998,0.0,-0.5324812746671679,0.14600389878001963,0.009700176207474875,-1.2218181420423235,1.369282683153914,39.950000000000045,39.21000000000004,25.88228682170545,25.72597738287561,4.050000000000011,7.390000000000043,5.564369919398239,5.724195590598191,0.8458,0.8499,0.7342275362318843,0.750926086956522,0.5285000000000001,0.6039,0.0543198628737701,0.0551860900668058,86.8552,103.66443,5.274689,5.5795994,0.0,0.0,12.046997011758716,11.514515737091548,14.500934443899622,14.646938342679642,5.959052427507764,5.968752603715239,76.67651565977842,75.4546975177361,9.222035172555906,10.59131785570982,31.39000000000004,31.23153846153849,25.669364478114503,26.391205053883343,16.91833333333337,18.585555555555583,4.862805235242318,4.540774059346156,0.7944,0.80575,0.7478213888888888,0.7502594246031745,0.6956000000000001,0.6918,0.0335863492568676,0.0360572153635813,807.9754354953766,1649.7962939739227,487.8822261194388,1198.945212262478,271.81968116760254,774.1719981479304,147.8599079629112,267.3106204977214
3309,2.660000000000025,0.3608029330724989,2.6399999999999864,0.07945937224849242,0.03210000000000002,0.02191325051759796,-0.03290000000000004,0.006419531893039801,20.903900000000007,0.2821965999999998,0.0,-0.42166704988770043,0.14600389878001963,0.009700176207474875,-1.2218181420423235,1.369282683153914,38.31,40.97000000000003,25.95890130353821,26.319704236610708,7.53000000000003,10.170000000000016,5.570541072745518,5.65000044499401,0.8151,0.8472000000000001,0.71848115942029,0.740394409937888,0.6379,0.605,0.0442270075378947,0.0506465394309345,84.39791,105.30181,5.3466544,5.628851,0.0,0.0,12.14075338888474,11.71908633899704,14.500934443899622,14.646938342679642,5.959052427507764,5.968752603715239,76.67651565977842,75.4546975177361,9.222035172555906,10.59131785570982,30.39727272727276,30.73153846153849,25.73260521885525,26.235913542630243,18.310000000000034,18.54259259259262,4.178000877247414,4.33510490105025,0.7807499999999999,0.7942785714285717,0.7347645833333334,0.7433306216931217,0.6761166666666667,0.6910714285714284,0.0333634936686819,0.0331859377368345,809.7554697990417,1765.9084689617157,495.8612384200096,1232.791110491073,285.6094834804535,799.860882478391,149.94244300361234,298.2422450701788
3414,-0.18000000000000682,-0.04249553375452564,-1.240000000000009,-0.11320574615919732,-0.0019000000000000128,0.015624637681159959,-0.131,0.014065924030565197,9.54471000000001,0.34249879999999955,0.0,-0.33777937686350334,0.1404677560484533,0.029568984245625707,-1.335185107945449,1.4534042584877387,39.110000000000014,38.93000000000001,25.2269080234834,25.184412489728874,8.29000000000002,7.050000000000011,5.6755076351967215,5.562301889037524,0.8478,0.8459,0.7495362318840577,0.7651608695652177,0.6506000000000001,0.5196000000000001,0.0398848232042414,0.0539507472348066,93.59329,103.138,5.4631977,5.8056965,0.0,0.0,12.407899179702191,12.070119802838688,14.450823265817435,14.591291021865889,5.894343559170325,5.923912543415951,76.61447601008315,75.2792909021377,9.599771207843892,11.05317546633163,30.8936363636364,31.041200000000035,25.55867803030306,26.006583537718356,17.568333333333356,18.57230769230772,4.553762846661365,4.556262392382567,0.7927500000000001,0.8146714285714286,0.749652777777778,0.7632285383597882,0.6741,0.6772142857142859,0.0407425077373529,0.0432158973111067,835.4366488456726,1750.0769214630127,494.0791718363762,1232.6814790876697,276.889687538147,794.4061164477879,155.71843994361916,299.92185003745107
3416,3.5600000000000023,0.14558503816786939,-0.9800000000000177,-0.007624022203094327,-0.011499999999999955,0.02379834368530065,-0.014900000000000024,0.0030450712323323026,24.433533999999995,0.31263549999999984,0.0,-0.5873141511983988,0.14939225480503104,0.02963371619777977,-1.3382368435437684,1.443003935888262,37.410000000000025,40.97000000000003,25.5238549618321,25.66943999999997,4.03000000000003,3.050000000000012,5.579083178151629,5.571459155948535,0.8254,0.8139000000000001,0.7081985507246373,0.731996894409938,0.5821000000000001,0.5672,0.0508018586124558,0.0538469298447881,91.16799,115.601524,5.4232945,5.73593,0.0,0.0,12.45389158890588,11.86657743770748,14.469882443899644,14.619274698704675,5.901129836467676,5.930763552665455,77.17344107793856,75.8352042343948,9.212650471607512,10.655654407495774,30.66454545454548,30.81538461538465,25.58893265993269,26.20095039134245,17.996666666666695,18.41148148148151,4.382260778950752,4.315256031465171,0.7798166666666666,0.8004142857142857,0.7312766666666666,0.7504124007936509,0.67175,0.6690714285714285,0.0361362530595707,0.0439277057047275,830.399377822876,1799.339797258377,499.13980197906494,1232.732821524978,282.2926378250122,788.3536010753243,153.0890810935559,311.1627398876447
3427,0.4800000000000182,0.22228550321875318,2.4600000000000364,-0.011964225382489424,0.06410000000000005,0.033463146997929294,-0.035499999999999976,0.0049002807371765,21.235445,0.272875,0.0,-0.34328747481660926,0.1877456044202237,0.041142907780852056,-1.2691228508623595,1.3051181530671911,37.650000000000034,38.13000000000005,24.999465648854997,25.22175115207375,5.230000000000018,7.690000000000055,5.501181179615632,5.489216954233142,0.8023,0.8664000000000001,0.7151536231884059,0.7486167701863352,0.6005,0.5650000000000001,0.0456017212353452,0.0505020019725217,86.00411,107.239555,5.299548,5.572423,0.0,0.0,12.01041561331493,11.66712813849832,14.458331494127933,14.646077098548156,5.874962837342867,5.916105745123719,76.977013655278,75.70789080441564,8.93542153159124,10.240539684658431,29.74000000000003,29.19160000000003,24.66811195286198,25.01991450433627,17.1316666666667,17.443571428571463,4.200669042638653,3.976839865718081,0.7953166666666668,0.8472428571428573,0.7523998611111112,0.7898721560846562,0.6735333333333334,0.7013857142857142,0.0425894052556119,0.0473905283371984,792.005291223526,1727.845943927765,485.2584961056709,1187.2004206957115,289.0631079673767,782.6091860197484,138.91887971464473,293.459900559155
3520,0.7800000000000296,0.06553484336292215,1.5199999999999818,0.07957595448761978,0.007299999999999973,0.011907039337473835,-0.0897,0.0100060995382803,10.197339999999997,0.3726710000000004,0.0,-0.5367930275989448,0.1404677560484533,0.029568984245625707,-1.335185107945449,1.4534042584877387,39.73000000000002,40.51000000000005,25.620039062500027,25.68557390586295,6.890000000000043,8.410000000000025,5.5307701767903925,5.610346131278012,0.8273,0.8346,0.7300985507246377,0.7420055900621115,0.6181,0.5284,0.0443278840262816,0.0543339835645619,98.1575,108.35484,5.414566,5.787237,0.0,0.0,12.54255982402384,12.005766796424895,14.450823265817435,14.591291021865889,5.894343559170325,5.923912543415951,76.61447601008315,75.2792909021377,9.599771207843892,11.05317546633163,30.180000000000035,30.736086956521763,24.860840067340103,25.61713121619393,16.4516666666667,18.04615384615388,4.538628649512474,4.412219548248494,0.7436666666666666,0.7821142857142858,0.6966127777777777,0.7273886574074074,0.6518333333333334,0.6505642857142858,0.0356630361556562,0.0422339856511066,835.790901184082,1711.7340264320374,499.0419388612111,1219.3701650607416,294.8546144962311,798.6316520948222,151.11836738224147,300.76284373098565
4000,-1.0599999999999987,-0.04989628922942302,0.2400000000000091,-0.09756759219684685,0.06369999999999998,0.0663238095238099,-0.17290000000000005,0.012490918407760003,46.37796000000001,0.37289640000000013,0.0,0.34139536038746776,0.4923753539775433,0.14769558110140046,-1.1655741310546262,0.7197166473259315,32.77000000000004,31.71000000000004,20.58518279569895,20.53528650646953,1.910000000000025,2.150000000000034,5.12281668352844,5.0252490913315935,0.8274,0.8911,0.7395028985507246,0.8058267080745345,0.5447000000000001,0.3718,0.0599657945276953,0.0724567129354553,63.35773,109.73569,4.7556186,5.128515,0.0,0.0,10.712555665332774,11.053951025720242,13.694750958968129,14.187126312945672,5.643385890977281,5.791081472078681,81.11173178082808,79.94615764977345,8.575698541645867,9.295415188971798,25.482000000000028,26.23100000000003,21.21824242424245,21.63142921892925,14.283333333333356,14.930000000000028,3.707193654185117,3.737974539499513,0.8721833333333334,0.8655714285714285,0.8191427777777777,0.8320582341269841,0.73565,0.7998714285714285,0.0389218714062606,0.0184400725940004,634.4819903373718,1567.0590393543243,433.9501953522365,1092.3735977645072,297.58729219436646,558.1779695153236,103.50374224227188,289.4515398289923
5000,1.9399999999999977,0.4653596554199062,-0.18000000000000682,0.16475309505310776,0.005799999999999916,0.022095859213250968,-0.0529,-0.006833667698590097,-20.289474999999996,0.3628643999999994,0.0,-0.46558335287702235,0.4159132420303795,0.2351236038876685,-1.042460443317097,0.9792505727373326,33.59000000000003,35.53000000000003,21.91514285714292,22.380502512562828,4.750000000000057,4.57000000000005,5.5080279518504645,5.672781046903572,0.8008000000000001,0.8066,0.7059942028985507,0.7280900621118017,0.4542,0.4013,0.0599812697432846,0.0531476020446945,90.383095,70.09362,4.824987,5.1878514,0.0,0.0,11.135928582949973,10.67034523007295,13.630189095954412,14.046102337984792,5.8138386363448,6.048962240232468,79.21778368923334,78.17532324591625,7.887852642039694,8.867103214777027,27.995000000000044,27.73074074074077,22.26592171717175,22.545860592333085,14.325000000000031,14.97769230769234,4.498782074436228,4.319068876724523,0.7061000000000001,0.6990142857142858,0.6455768055555555,0.6571765211640211,0.5953833333333334,0.6121,0.0380456794309195,0.0255221764710167,737.062851190567,1666.3891153335571,440.2800387640794,1105.0123691259262,299.7502517700196,712.7454486796632,120.36711251504455,254.9221027489485
6001,0.8600000000000136,0.37584544085270366,-3.5600000000000023,0.20424811864998738,0.02290000000000003,-0.002507453416148775,-0.11699999999999999,0.010970541173133598,-20.67783999999999,-0.03464700000000054,0.0,-2.3109446451961517,0.1669653016290642,0.08587034844809516,-1.2817659223294982,1.4356311587454904,34.610000000000014,35.47000000000003,23.15813868613143,23.533984126984134,8.510000000000048,4.9500000000000455,5.073824070274188,5.278072188924176,0.8971,0.92,0.773226086956522,0.7707186335403732,0.6976,0.5806,0.0494420775212294,0.060412618694363,101.06092,80.38308,5.449415,5.414768,0.0,0.0,12.815733917387895,10.504789272191744,14.468812761707849,14.635778063336913,5.820985233220872,5.906855581668967,78.61426279165937,77.33249686932987,9.167887398643575,10.603518557389066,27.70272727272729,26.64727272727276,22.336497474747503,22.704440581318877,15.542727272727312,15.99888888888892,3.930160371496033,3.783466425004032,0.8163,0.8728499999999999,0.6321609722222222,0.678848611111111,0.50884,0.5691142857142857,0.1006332870994207,0.089631467596076,843.9890551567078,1753.950349330902,494.46002645293873,1191.0152483914708,324.8933572769165,771.296512814019,147.51310537177588,310.3528557392202
6002,2.6000000000000227,0.6508350402030985,1.160000000000025,0.002452785836349669,0.0043999999999999595,0.006757142857143128,-0.01319999999999999,-0.0023498839922381012,4.053020000000004,0.17288100000000028,0.0,-1.4553608359504544,0.1669653016290642,0.08587034844809516,-1.2817659223294982,1.4356311587454904,34.910000000000025,37.51000000000005,23.66438848920866,24.315223529411757,6.930000000000007,8.090000000000032,5.352766798193145,5.355219584029495,0.8301000000000001,0.8345,0.6756521739130433,0.6824093167701865,0.562,0.5488000000000001,0.0603497574138624,0.0579998734216243,92.68869,96.74171,5.41874,5.591621,0.0,0.0,12.526770395606466,11.071409559656011,14.468812761707849,14.635778063336913,5.820985233220872,5.906855581668967,78.61426279165937,77.33249686932987,9.167887398643575,10.603518557389066,26.30400000000003,26.99750000000002,21.788553030303063,23.03060176558549,15.268333333333374,16.059629629629665,3.787808053463277,3.844881277208512,0.8798166666666667,0.8767357142857143,0.8509337499999999,0.8385496693121693,0.8169666666666666,0.7967285714285713,0.0212864000240507,0.02622278205244,843.9890551567078,1753.950349330902,494.46002645293873,1191.0152483914708,324.8933572769165,771.296512814019,147.51310537177588,310.3528557392202
6003,2.2200000000000273,0.32055647297956824,-3.7800000000000296,0.04770478226687036,0.006699999999999928,0.026685714285714646,-0.05630000000000002,0.008890184250255298,-4.501815000000008,0.14461800000000036,0.0,-1.3764762886004025,0.16118606935686053,0.06903901047541972,-1.3091339412302858,1.3951103474140467,35.370000000000005,37.59000000000003,23.80694545454551,24.127501927525078,9.250000000000057,5.470000000000027,5.1997090247896125,5.247413807056483,0.8673000000000001,0.874,0.731773913043478,0.7584596273291927,0.6478,0.5915,0.0443863722792111,0.0532765565294664,93.60469,89.102875,5.466327,5.610945,0.0,0.0,12.579703604705244,11.203227316104842,14.521364449379089,14.68255051873595,5.868081295411001,5.93712030588642,77.74042861353917,76.43129467230888,9.333025551552923,10.72813589896697,28.186363636363662,28.57000000000003,23.485362794612826,24.153252869647822,16.23727272727276,17.195384615384647,4.088013201791821,3.9136079816566047,0.8602833333333334,0.8539642857142858,0.81586625,0.8052843584656083,0.7617200000000001,0.7512214285714286,0.0257162047568252,0.0364363909402707,834.63205909729,1714.232934474945,498.13474820057553,1198.2394235921524,323.46109104156494,781.9066323697454,145.55646836509874,296.8779490485695
6004,1.8199999999999932,0.4717314073784742,2.240000000000009,-0.0183123563872698,-0.00770000000000004,0.020589440993789232,-0.0504,0.004089630122483798,6.956024999999997,0.16637900000000005,0.0,-1.0457024001899438,0.16118606935686053,0.06903901047541972,-1.3091339412302858,1.3951103474140467,33.33000000000004,35.150000000000034,22.554751773049706,23.02648318042818,3.9500000000000455,6.190000000000055,5.052000808830522,5.033688452443252,0.8904000000000001,0.8827,0.7743782608695648,0.7949677018633541,0.6996,0.6492,0.0408256947705476,0.0449153248930314,96.283165,103.23919,5.502936,5.669315,0.0,0.0,12.646219033301564,11.60051663311162,14.521364449379089,14.68255051873595,5.868081295411001,5.93712030588642,77.74042861353917,76.43129467230888,9.333025551552923,10.72813589896697,27.760909090909127,27.770800000000023,22.957815656565685,23.44497984315741,15.760909090909117,16.336666666666694,4.038963419972455,3.881789153273291,0.8863,0.8871428571428572,0.8570298611111111,0.8627507605820107,0.8255166666666667,0.8374285714285717,0.0178476667016645,0.015787400476202,844.9991297721863,1744.7478470802307,502.541770319144,1210.8057150948846,318.1839017868042,785.0367192041656,149.45851120557566,306.74896536872774
6005,4.699999999999989,0.6568384520134636,4.060000000000002,0.1796847455936872,0.027900000000000036,0.02125362318840618,0.04820000000000002,-0.007100289618083198,10.756889999999999,0.19048649999999956,0.0,-1.1636995362484477,0.14476161646599728,0.04765198902227663,-1.3380025260248232,1.4459094463257198,35.97000000000003,40.670000000000016,24.98407942238269,25.640917874396152,3.790000000000021,7.850000000000023,5.37935292307071,5.559037668664397,0.8273,0.8552000000000001,0.7152072463768114,0.7364608695652176,0.492,0.5402,0.0653891080741789,0.0582888184560957,99.24518,110.00207,5.526638,5.7171245,0.0,0.0,12.86291554512194,11.699216008873492,14.462150038420193,14.60691165488619,5.863845031520297,5.911497020542574,76.74555190617295,75.40754938014813,9.742059039714814,11.187968486040534,29.451666666666696,29.69538461538464,24.520464646464674,25.44795301224543,17.318333333333367,18.459600000000037,3.948479245333774,4.045585159509269,0.8596166666666667,0.8709357142857143,0.8220538888888891,0.8389526785714286,0.7681166666666667,0.7940857142857143,0.0283237902174766,0.0233703316167808,840.3275165557861,1737.4821214675903,504.305722763141,1217.7475262368723,317.2342653274536,783.0131958170917,147.99122452176172,302.61925130896435
7001,2.419999999999959,0.23193802321284807,-4.039999999999964,0.3815172073325881,0.023900000000000032,0.02741283643892356,-0.0494,-0.0012263387517974927,-22.623419999999996,-0.06068150000000028,0.0,-2.3221608061903556,0.21784783781360417,0.05875119287209429,-1.3699141987858354,1.3695449300329994,37.63000000000005,40.05000000000001,25.233680297397832,25.46561832061068,10.370000000000005,6.330000000000041,5.313988188759879,5.695505396092467,0.8583000000000001,0.8822000000000001,0.6723927536231883,0.6998055900621118,0.5362,0.4868,0.0870741618256249,0.0858478230738274,86.29529,63.67187,5.4112735,5.350592,0.0,0.0,12.593822917127952,10.271662110937596,14.302706940703288,14.520554778516892,5.777833434106518,5.836584626978612,77.72281277271202,76.35289857392618,8.827907472959396,10.197452402992395,29.317272727272755,29.227391304347854,24.12813383838387,24.68684257297992,16.901666666666703,17.009285714285742,4.119294334354893,4.154983088221502,0.8603500000000001,0.8489000000000001,0.7671668055555557,0.7691271825396827,0.709825,0.6852333333333334,0.0479557928686045,0.0464459643089054,783.6455731391907,1566.003526687622,493.7787190377712,1139.676075663573,346.12646102905273,839.4120711975265,130.3568789834518,262.5160218139718
7002,2.419999999999959,0.23193802321284807,-4.039999999999964,0.3815172073325881,0.023900000000000032,0.02741283643892356,-0.0494,-0.0012263387517974927,-22.623419999999996,-0.06068150000000028,0.0,-2.3221608061903556,0.21784783781360417,0.05875119287209429,-1.3699141987858354,1.3695449300329994,37.63000000000005,40.05000000000001,25.233680297397832,25.46561832061068,10.370000000000005,6.330000000000041,5.313988188759879,5.695505396092467,0.8583000000000001,0.8822000000000001,0.6723927536231883,0.6998055900621118,0.5362,0.4868,0.0870741618256249,0.0858478230738274,86.29529,63.67187,5.4112735,5.350592,0.0,0.0,12.593822917127952,10.271662110937596,14.302706940703288,14.520554778516892,5.777833434106518,5.836584626978612,77.72281277271202,76.35289857392618,8.827907472959396,10.197452402992395,28.764545454545488,28.98478260869568,24.105643939393968,24.545486910365568,16.963333333333367,16.887142857142884,3.99790114008388,4.065132014225236,0.8030000000000003,0.8231928571428572,0.7210265277777778,0.7459856812169313,0.65885,0.6851571428571429,0.0470100063740303,0.0426386206257223,783.6455731391907,1566.003526687622,493.7787190377712,1139.676075663573,346.12646102905273,839.4120711975265,130.3568789834518,262.5160218139718
8003,0.6999999999999886,0.6187997089625021,-1.759999999999991,0.1708380670833618,0.0019000000000000128,-0.056462732919254854,-0.3046,0.035750879184022796,-52.37410999999999,-0.8675142999999998,0.0,-3.6877441147555174,0.43260367856433746,0.17339016709160848,-0.28699351421454367,0.29808781466480916,32.75000000000006,33.450000000000045,20.821423220973838,21.44022292993634,8.310000000000002,6.550000000000011,4.169596464714645,4.340434531798007,0.8644000000000001,0.8663000000000001,0.7625521739130434,0.7060894409937886,0.4903,0.1857,0.0733923713776403,0.1091432505616631,170.65587,118.28176,5.108843,4.2413287,0.0,0.0,13.964878365246465,10.277134250490947,13.918569981799177,14.351173660363514,5.900596608205517,6.073986775297126,81.70676554999454,81.41977203578,7.236308958169671,7.53439677283448,24.962000000000028,26.707777777777807,21.04938131313134,21.66312248677252,16.395000000000028,17.271481481481512,3.0097161311580303,3.058553557639241,0.9087833333333334,0.8463714285714286,0.8310161111111111,0.7578180555555556,0.6595,0.670707142857143,0.07292586833157,0.0502008016665203,644.9818153381348,1666.472235441208,466.18191971381503,903.4029753914948,181.6524977684021,519.4080075733364,156.590954038439,330.9789257271173
8009,-1.3199999999999932,0.7552116551697807,1.5199999999999818,0.07323397803993092,0.027099999999999902,0.0012960662525878242,-0.0923,-0.0052193242949225005,-4.795715999999999,-0.8587023,0.0,-2.517047746955086,0.4129916168776475,0.18127990523590398,-0.7863343413703916,0.36825942208368456,37.89000000000004,36.57000000000005,22.232175732217623,22.987387387387404,7.270000000000039,8.79000000000002,4.660569249184017,4.733803227223948,0.8540000000000001,0.8811,0.7984971014492752,0.799793167701863,0.2626,0.1703,0.0748455955952288,0.0696262713003063,98.601456,93.80574,5.1787863,4.320084,0.0,0.0,12.394833860252044,9.877786113296958,12.255046319698712,12.66803793657636,5.2569881915432415,5.4382680967791455,82.82073058857715,82.03439624720676,6.357677489878715,6.7259369119624,29.03600000000003,30.16043478260872,24.410596801346827,24.49533038402824,18.225000000000023,18.48333333333336,3.79108035570554,3.665143999463706,0.8174000000000001,0.8372214285714287,0.7802048611111112,0.7942869378306879,0.6531,0.7063714285714285,0.0431307533009182,0.0361469820259302,685.206995010376,1646.6053450107574,463.9008219440778,926.1076214733688,195.1785454750061,474.98859617020935,152.35071595951453,332.4112222489752
8010,-1.4399999999999977,0.7855491169646456,-2.839999999999975,0.07034332411407185,0.030400000000000094,-0.014347619047619387,-0.17950000000000002,0.014685106532012798,28.62163000000001,-0.9076255,0.0,-2.1668340877909102,0.5029958752243786,0.20250980633195592,-0.9499757445525034,0.44863211734706976,35.77000000000004,34.33000000000004,22.00431635388741,22.789865470852057,10.670000000000016,7.830000000000041,4.098593478311448,4.16893680242552,0.8377,0.8681000000000001,0.6768550724637682,0.6625074534161488,0.3804,0.2009,0.1068065426213849,0.1214916491533977,163.34622,191.96785,6.437847,5.5302215,0.0,0.0,15.62493089945737,13.45809681166646,12.473978652118808,12.976974527343186,5.629840837056431,5.832350643388387,82.00405263394646,81.05407688939395,7.037883144937219,7.486515262284288,27.25400000000003,27.51800000000002,22.247413299663325,22.87169364636976,17.78833333333336,18.331538461538493,3.0966121230504204,2.98567047144212,0.8740996436208127,0.8592216856351891,0.7741973271565491,0.7439219285589256,0.6930700545702592,0.6227764159163521,0.0502072329068241,0.0763470974672869,1227.1721138954165,2452.1334533691406,572.9830358028412,1162.3180426569832,214.8129186630249,397.7118873111904,287.0279825016604,582.6623841620841
8011,1.0,0.8242404241761534,-4.0600000000000005,0.005219304567521732,0.011800000000000033,0.01328302277432658,-0.242,-0.0035764518605691936,-73.50771,-1.6053005999999996,0.0,-5.280447615180771,0.5511406410099582,0.23214467081098444,-0.9462186884643131,0.44225405406986606,33.33000000000004,34.33000000000004,23.83201892744481,24.656259351620964,11.410000000000023,7.350000000000023,4.393251890113956,4.398471194681478,0.8494,0.8612000000000001,0.7611144927536235,0.7743975155279501,0.3497,0.1077,0.0887235558077852,0.085147103947216,212.49707,138.98936,6.949197,5.3438964,0.0,0.0,17.40687937129747,12.1264317561167,11.520959970840268,12.072100611850226,5.27885172275001,5.510996393560994,85.74751534131173,84.80129665284741,6.089031294852609,6.531285348922475,28.88714285714288,29.76545454545457,24.727837301587325,25.20833614686444,18.853333333333367,19.73160000000003,3.560802553318948,3.4054441404538958,0.8645166666666667,0.8827785714285713,0.7983433333333334,0.8211953042328042,0.7236833333333333,0.6985888888888888,0.0453970081613302,0.0518962272549608,1386.299559593201,2088.7078881263733,634.1141898433367,1138.2498883280448,290.2914671897888,428.8113114843145,300.8801248298355,478.6952138939469
8012,4.439999999999998,1.241856141270599,-1.8999999999999773,0.5090775646057852,0.005900000000000016,-0.036551552795031084,-0.12789999999999996,0.011768758375799701,35.93671999999998,-0.781085,0.0,-2.445111170951831,0.493410017332085,0.20396645932168322,-0.6489090649582465,0.2970132141534716,31.610000000000014,36.05000000000001,22.202671755725213,23.44452789699581,11.79000000000002,9.890000000000043,3.9632293662245055,4.472306930830291,0.8352,0.8411000000000001,0.7144130434782608,0.6778614906832298,0.3974,0.2695,0.0886748267679812,0.1004435851437809,157.46295,193.39967,6.209737,5.428652,0.0,0.0,15.388743493834683,12.943632322882852,12.613502091388233,13.106912108720318,5.672021691788799,5.875988151110482,82.70803068590915,82.0591216209509,7.208047573541547,7.505060787695019,27.174000000000024,28.519166666666692,22.573267255892286,23.47087295051972,18.085000000000026,18.333703703703733,2.908696699436045,3.2239585266056787,0.8209530528052806,0.7932366554684585,0.6726465077741527,0.6371183336613053,0.5445278282411231,0.475019052385719,0.0746774167887709,0.076439363655496,1195.7349338531494,2495.3065633773804,566.6384755770365,1156.302859582863,211.10100078582764,397.42221770994365,277.9328724589736,589.9792118025821
8013,7.180000000000007,0.887984180533703,-2.339999999999975,0.35204329380443067,-0.02400000000000002,-0.02990828157349923,-0.17160000000000003,0.006187395414848501,-38.033910000000006,0.1056216000000001,0.0,-1.563776285955587,0.4180567694962569,0.1678402111749886,-0.4612797689027275,0.25182197109867754,34.910000000000025,42.09000000000003,23.25388758782205,24.141871768355752,10.970000000000027,8.630000000000052,4.356635453475779,4.70867874728021,0.7895000000000001,0.7655000000000001,0.7214014492753624,0.6914931677018632,0.4922,0.3206,0.0477552197397528,0.0539426151546013,111.55812,73.52421,4.621248,4.7268696,0.0,0.0,11.634709010664173,10.070932724708586,12.464408226548043,12.8824649960443,5.386080192410001,5.553920403584989,83.04872912841435,82.58744935951162,7.987860803702142,8.23968277480082,28.52272727272731,30.19640000000003,23.722085437710472,25.11213236780668,18.126666666666697,19.03296296296299,3.4406319187622687,3.769145210614303,0.8336166666666668,0.7809214285714287,0.7685880555555556,0.7368924272486773,0.6891333333333334,0.68725,0.0489889597815488,0.0303472423940471,698.1430983543396,1817.638320922852,418.1547989447912,987.8636700385264,182.1073179244995,475.9330071732402,148.92502243543058,358.5282651119901
