UA,cycle,lst_max,lst_mean,lst_min,lst_sd,ndvi_max,ndvi_mean,ndvi_min,ndvi_sd,prec_max,prec_mean,prec_min,prec_sd,rad_mean,rad_sd,umid_mean,umid_sd,elevation_m
1,cycle1,31.370000000000005,18.39964059196621,3.010000000000048,5.338204249235442,0.8994000000000001,0.8482681159420294,0.775,0.029338763460262,109.115845,5.2444634,0.0,12.283922160658303,13.6820535324841,6.048303906241357,84.21505809934104,8.470284690199904,455.0
4,cycle1,35.39000000000004,22.645842450765883,7.450000000000045,5.123987544900897,0.8225,0.6776840579710144,0.5396000000000001,0.0752352207513485,92.79281,4.9965134,0.0,11.960631579029815,13.504299161707843,5.843698116209272,84.34465196152281,8.17709677354318,225.0
10,cycle1,34.89000000000004,21.75684104627769,7.850000000000023,4.791334049377213,0.8203,0.6784217391304346,0.5462,0.0759033784540851,106.47866,5.0311036,0.0,12.311290617515398,13.585032851205566,5.789394269988134,83.55243426900893,7.62302730019222,45.0
15,cycle1,33.89000000000004,22.014142538975516,8.090000000000032,4.94637756250163,0.8758,0.780053623188406,0.5992000000000001,0.0544364450055591,108.08792,5.240853,0.0,12.461381589253849,13.486190348922468,5.780589840251024,83.28942647511928,7.83040306430573,266.0
23,cycle1,35.05000000000001,23.927987152034277,11.190000000000056,4.576861109830596,0.8709,0.541113043478261,0.1749,0.2035519005233781,110.91097,4.892128,0.0,12.215457790959809,13.404982438420182,5.615177327765966,83.00657283850127,7.341640991953886,157.0
28,cycle1,33.75000000000006,21.597449209932343,8.630000000000052,4.905651740734264,0.8809,0.8161942028985509,0.6707000000000001,0.04139781862228,96.09133,5.251297,0.0,12.251055864373669,13.54602274709598,5.788186435158808,82.67567246584112,8.2697477955658,283.0
30,cycle1,33.63000000000005,23.17150313152403,9.930000000000009,4.770002235996342,0.8747,0.6714057971014491,0.4959,0.1131738458597384,104.47522,5.013967,0.0,12.478757264388731,13.370966535223832,5.657967575979862,82.98760400129478,7.778769927341413,72.0
37,cycle1,31.390000000000043,20.410506912442443,6.670000000000016,4.836525652594105,0.8936000000000001,0.8325391304347827,0.518,0.0672363346762238,113.38017,5.372613,0.0,12.924455532564554,13.497406246639352,5.764464926497569,82.68029866525997,8.321081774746599,427.0
39,cycle1,33.63000000000005,22.46365750528544,9.750000000000057,4.802922509820401,0.8901,0.7577898550724635,0.609,0.0728601502282526,99.41605,4.999916,0.0,12.24451213612188,13.311182737963536,5.638722882570043,82.94565397588049,7.484759125461293,71.0
40,cycle1,35.910000000000025,24.35598698481565,10.650000000000034,4.71855751054358,0.8369000000000001,0.6123565217391307,0.4068,0.1243167010807944,96.22915,4.823248,0.0,12.047014941413115,13.242057684082289,5.57552396153349,82.54237258507037,7.019759089593127,40.0
41,cycle1,37.75000000000006,25.380863636363657,11.07000000000005,5.4291507103736985,0.7145,0.6294797101449278,0.5051,0.0482310128736106,111.13409,4.765551,0.0,12.443159119308032,13.40159361650239,5.70681812003399,81.69517860842151,7.084957136470539,35.0
47,cycle1,33.75000000000006,19.960776255707795,7.03000000000003,5.068177091630662,0.9155,0.8589478260869563,0.5631,0.0556103097747644,113.32234,5.2040625,0.0,13.052295702271929,13.389996911479535,5.7367361398355445,82.76021750812454,8.141408596824371,348.0
49,cycle1,36.81,24.1384353741497,9.870000000000005,5.431899360124572,0.7498,0.6811072463768117,0.6053000000000001,0.0373689955919044,94.383224,4.8711553,0.0,12.026881547916846,13.310298484082288,5.74024842911109,81.93053212505208,7.19859259867029,86.0
50,cycle1,37.01000000000005,24.54815602836883,12.670000000000016,5.138251434626594,0.7915000000000001,0.6940101449275364,0.5787,0.0477258631459121,100.60956,4.6613684,0.0,11.57180611019179,13.127859344356237,5.607845031125535,81.30103718235698,7.2220593650487555,58.0
51,cycle1,36.73000000000002,24.911031941031965,11.33000000000004,5.047150062245318,0.7726000000000001,0.6876768115942029,0.5943,0.0450717050124871,100.60956,4.6613684,0.0,11.57180611019179,13.127859344356237,5.607845031125535,81.30103718235698,7.2220593650487555,36.0
58,cycle1,32.21000000000004,21.002879120879168,7.870000000000003,4.936993997630571,0.8866,0.8346202898550728,0.6503,0.0374734788524752,104.78226,5.0506115,0.0,11.89771951401818,13.218038129744382,5.72494960595718,82.57539419270536,7.874501817396476,207.0
59,cycle1,33.55000000000001,22.19298056155511,5.7900000000000205,4.950102882371065,0.9049,0.8427057971014494,0.6444000000000001,0.038803110901947,93.1545,4.8861217,0.0,11.889214868425038,13.128343941616505,5.711291344733465,82.20747431757074,7.43134679697816,437.0
69,cycle1,31.470000000000027,18.93753398058255,3.1100000000000136,5.705889508551395,0.8461000000000001,0.7741333333333331,0.6869000000000001,0.0446947899783434,93.367676,5.0973926,0.0,11.705312446875842,13.645412173580006,5.855610695932238,81.10008644685452,9.32456617257624,1101.0
70,cycle1,31.410000000000025,18.76949903660888,3.990000000000009,5.649527384831832,0.8340000000000001,0.7567347826086953,0.6641,0.0482133928897201,97.34344,5.218947,0.0,12.181022010169958,13.615505039333415,5.841213115809479,81.69336083403527,9.119143430092988,1036.0
74,cycle1,31.670000000000016,19.187222222222253,5.03000000000003,5.179137607558235,0.8857,0.7878840579710145,0.2567,0.1155707796468067,102.8678,5.042797,0.0,11.933922619763154,13.218038129744382,5.72494960595718,82.57539419270536,7.874501817396476,649.0
77,cycle1,34.27000000000004,22.442374727668867,8.090000000000032,5.254726124951759,0.8314,0.7505318840579714,0.6269,0.0527901684213751,96.358734,4.567738,0.0,11.709730415545598,13.208987382712396,5.696362903063389,81.49742184476938,7.276698066611086,171.0
81,cycle1,35.63000000000005,23.620468750000025,10.550000000000011,4.930761835687652,0.8541000000000001,0.7565913043478262,0.6006,0.0528786243192168,121.508415,4.620758,0.0,12.300542491109749,14.118079211022918,5.882098708357819,80.39442356387458,7.453887797453258,116.0
85,cycle1,33.07000000000005,21.40942622950825,5.3700000000000045,5.52434489835965,0.8263,0.7013130434782608,0.5732,0.0724338617127467,69.290016,4.806756,0.0,10.285196207925924,13.9011489845389,6.011767233025991,79.79757463081664,7.996916046891489,1023.0
87,cycle1,34.450000000000045,21.45592445328034,4.470000000000027,5.652286918214972,0.775,0.684013043478261,0.5461,0.0646921268713815,76.06893,4.8530593,0.0,10.78782559984096,13.754076630200998,5.8992989210843545,79.86041598768463,8.454905294548881,908.0
89,cycle1,33.23000000000002,20.884469696969745,5.850000000000023,5.440944076725171,0.7953,0.6717159420289854,0.5249,0.0796601324526494,79.94646,4.90548,0.0,10.642317833795286,13.632088630200982,5.823505282729911,80.47245485232777,8.583089840754308,1267.0
95,cycle1,32.170000000000016,19.412273781902584,6.230000000000018,5.084858139703934,0.89,0.7848797101449273,0.0967,0.1341485177171685,99.90039,4.8564816,0.0,11.763210746307305,13.094289095954414,5.6554541536186775,82.93526047761225,7.88623055043378,500.0
97,cycle1,35.21000000000004,22.321840354767232,4.350000000000023,5.350417596174004,0.8439000000000001,0.775026086956522,0.5926,0.0425355116843924,99.91475,4.565882,0.0,11.095530591214173,13.075896851205572,5.61468200432945,82.00253313852082,7.138917091618501,163.0
98,cycle1,36.33000000000004,23.21595185995628,4.8700000000000045,5.59034064774742,0.8145,0.7418246376811592,0.6339,0.0439367674950318,98.84973,4.546787,0.0,11.335395122360016,13.075896851205572,5.61468200432945,82.00253313852082,7.138917091618501,340.0
104,cycle1,30.63000000000005,19.59298947368426,2.490000000000009,5.419594266217221,0.8719,0.8076869565217389,0.6208,0.0502781939451862,76.792046,4.7177925,0.0,10.596395756509285,13.881159645726122,6.009613433732973,81.21151784460089,8.258029992957617,780.0
113,cycle1,32.43000000000001,19.88401515151517,5.110000000000014,5.1989407953649085,0.8059000000000001,0.7167956521739134,0.5657,0.0549834321153465,74.93464,5.0124664,0.0,11.419887639254858,13.301413748009216,5.677651017191006,81.31546536202656,9.198841014794429,1426.0
114,cycle1,31.83000000000004,18.74388461538464,4.410000000000025,5.082924838098962,0.8241,0.7389811594202903,0.5660000000000001,0.0542608575266253,80.3619,4.970553,0.0,11.427285185384669,13.397566909653053,5.746249000964461,82.25168581342236,9.19623887975251,1440.0
117,cycle1,31.390000000000043,18.937196652719685,5.57000000000005,5.079271527907858,0.8272,0.7243217391304348,0.3094,0.0948662275080706,88.33276,4.7509274,0.0,11.125111846790508,13.04298283659371,5.629569072347051,83.23956507939175,8.05195157321859,805.0
118,cycle1,33.77000000000004,22.399234135667434,8.610000000000014,4.850521646685157,0.8607,0.787853623188406,0.4539,0.0568017671181292,100.382065,4.7003536,0.0,11.372016550479136,12.88329672335168,5.578996676864151,83.24657699047647,7.5713829763183105,337.0
119,cycle1,33.950000000000045,22.43126086956526,7.850000000000023,5.045929497839199,0.8407,0.7537855072463766,0.5082,0.0564813404492658,99.33601,4.653736,0.0,12.087071956476832,12.911929393671318,5.529629283597224,82.4860701503786,7.219252870968822,287.0
122,cycle1,35.71000000000004,22.79800000000004,6.930000000000007,5.089844749984707,0.8548,0.7941652173913045,0.5513,0.0470473330146663,99.185265,4.697749,0.0,11.943009541758856,13.135530805543468,5.544919362935876,80.24567563497452,7.179085565485947,194.0
123,cycle1,36.670000000000016,23.87750000000004,7.090000000000032,5.346807497625692,0.8161,0.7483057971014493,0.5035000000000001,0.0504903804414115,100.62305,4.6475773,0.0,12.050177938281534,13.346231923351686,5.599642074605637,80.3178022252735,6.9517012492978685,400.0
134,cycle1,33.93000000000001,20.607558139534916,5.810000000000002,5.8200068800499904,0.7886000000000001,0.6886333333333333,0.4231,0.0724479816717434,73.55814,4.8534255,0.0,11.395517753801398,13.511200712392808,5.750908947934093,80.34503719177617,9.036574279719591,1045.0
137,cycle1,31.930000000000007,19.35916030534351,4.510000000000048,5.273442614159953,0.8109000000000001,0.7235753623188405,0.3789,0.0634655227772583,85.984146,4.8569913,0.0,11.389621020873449,13.298342476776336,5.66523096589744,81.50676938257452,9.366851054329974,1381.0
139,cycle1,31.450000000000045,19.101589147286862,4.430000000000007,5.245492693602891,0.8300000000000001,0.7329681159420293,0.5182,0.0654098904296233,78.86019,4.812428,0.0,10.905490726452792,13.207627565360816,5.680492541398749,83.1002347587681,9.355240355714743,1436.0
140,cycle1,31.650000000000038,18.74444444444448,5.230000000000018,5.258397298766525,0.8121,0.7080942028985509,0.6046,0.0627824351972126,93.430756,4.763362,0.0,11.235994632526198,13.112806684995531,5.6491338935968445,83.40316422374983,8.811254607584171,1612.0
141,cycle1,32.110000000000014,19.044965357967705,7.53000000000003,4.853222977228444,0.9021,0.825823188405797,0.2884,0.1117354213749356,96.51823,4.7076674,0.0,10.988371532407808,13.073266310566284,5.60839499423419,83.57638540840864,8.107402626986811,941.0
143,cycle1,35.93000000000001,21.65360086767899,8.310000000000002,5.03027968555226,0.8749,0.7964014492753624,0.5231,0.0553200136563891,108.26119,4.7600617,0.0,11.788599022932036,12.80064362015535,5.4818783584181485,83.13282514058356,7.34746069127875,334.0
146,cycle1,36.55000000000001,23.07646934460889,8.53000000000003,5.139674269218828,0.8457,0.7743768115942028,0.4151,0.0532979705542005,138.9246,4.8690696,0.0,12.802044988503422,12.891657784538896,5.431453413809341,81.55382168557347,7.3767563133117156,261.0
147,cycle1,37.01000000000005,23.73407643312106,9.430000000000009,5.373189908665297,0.8276,0.7548391304347829,0.4583,0.0559255540807921,110.91341,4.848189,0.0,12.717314105514935,13.06214615531516,5.461658906915516,81.0178345487881,6.974080530335534,75.0
148,cycle1,36.05000000000001,21.7841666666667,6.050000000000011,4.952675885656435,0.9016,0.8566826086956519,0.322,0.0733451972416213,108.76218,4.851267,0.0,12.40485581044172,13.43847172426492,5.6090564697670455,81.79365392197613,7.052837244936954,625.0
165,cycle1,29.350000000000023,17.36150743099791,4.2900000000000205,4.772736005720947,0.8459,0.7555478260869565,0.2424,0.0787209207570605,124.79058,4.740864,0.0,11.340291754182532,13.154637148922443,5.630988732487278,83.86531526828998,8.647148573482571,1491.0
166,cycle1,28.83000000000004,16.960814479638035,4.03000000000003,4.871286056413674,0.8454,0.7552797101449277,0.2523,0.0959567649920623,132.22527,4.640373,0.0,11.489133005570183,13.10549110691332,5.603364066906233,83.88338603661374,7.901188133649987,1508.0
167,cycle1,29.19000000000005,17.461908045977047,6.150000000000034,4.6789625326934345,0.8493,0.7681724637681162,0.3092,0.0891849208741073,92.01438,4.6952066,0.0,11.277450592856836,13.000361057598267,5.593329449685599,84.02089704867964,7.603357685659495,1121.0
170,cycle1,36.31,22.60531645569623,8.850000000000023,4.995842913747701,0.8539,0.7851434782608697,0.2609,0.0746670823194823,129.28476,5.052961,0.0,13.090965120628717,12.845752695954433,5.413766946668018,82.64356649054233,7.1253819373868765,301.0
172,cycle1,36.79000000000002,23.105655913978502,8.450000000000045,5.141800116763116,0.8436,0.7764478260869564,0.4331,0.0569862724601055,145.40948,4.9731197,0.0,13.159413692093766,12.99388893339734,5.444776438656807,82.52330081655316,6.862867167249845,288.0
173,cycle1,34.09000000000003,20.84952173913045,8.410000000000025,4.928318589447445,0.8976000000000001,0.8398579710144926,0.2462,0.0801730056955608,102.89547,5.0769234,0.0,12.894088823354124,13.211981152575447,5.520032718599147,82.9609057783997,6.901825373531025,585.0
174,cycle1,36.59000000000003,22.59570806100219,7.53000000000003,4.751411267217405,0.8675,0.7953333333333331,0.2581,0.0741168635912176,118.08362,4.9653087,0.0,12.46265561710836,13.250125313306024,5.516107919782003,83.10523349834952,6.7485952822648025,194.0
175,cycle1,36.23000000000002,23.156987447698786,7.970000000000027,4.616890280455725,0.8589,0.7868942028985508,0.1792,0.080391788613877,110.23064,4.96107,0.0,12.781328028370432,13.416260146182736,5.57884094608376,82.77203548043573,6.5677500664764965,155.0
177,cycle1,31.750000000000057,19.907207207207254,1.2900000000000205,5.520666115829641,0.8456,0.7478333333333335,0.5705,0.0520710180222575,80.36031,4.820662,0.0,10.821023991526742,13.841307161707851,5.970301214206064,81.49524648822876,8.444835272944534,856.0
188,cycle1,30.71000000000004,18.932636916835733,5.090000000000032,5.000504025713057,0.8124,0.7007579710144924,0.5495,0.0631353788271837,81.63193,4.806259,0.0,11.13665508057538,13.141311724264938,5.608146185639099,83.50735633527061,9.36830358090316,1286.0
191,cycle1,30.870000000000005,18.55685224839405,4.690000000000055,5.31175990643879,0.8496,0.7687463768115944,0.3473,0.0733280569505801,137.2728,4.7332473,0.0,11.70065976724411,13.071865371753516,5.58526949827648,84.2243685701226,8.03419784198865,1003.0
192,cycle1,29.390000000000043,17.659281045751648,3.890000000000043,5.001892117532738,0.8735,0.7913043478260869,0.3041,0.0857182381871436,83.09293,4.7714334,0.0,11.563464757473175,13.064583260338,5.592274508434098,84.35187094290562,7.796785615491019,1484.0
193,cycle1,31.410000000000025,18.31628175519633,4.170000000000016,5.092340059658343,0.8941,0.8079492753623191,0.3209,0.0947720891206172,93.50206,4.780614,0.0,11.531596088496377,12.953492443899629,5.527639844659756,84.40768134626146,7.508298363076692,1513.0
194,cycle1,34.07000000000005,21.07489082969436,8.010000000000048,4.997087414684965,0.8787,0.8200391304347825,0.6431,0.0402878851045893,110.09303,4.8546686,0.0,11.802350851930155,12.953492443899629,5.527639844659756,84.40768134626146,7.508298363076692,617.0
196,cycle1,34.55000000000001,21.494947145877425,8.130000000000052,4.96659386254954,0.8536,0.7858246376811597,0.3704,0.0692891785385664,134.58305,5.027162,0.0,12.821513818465974,12.901790873123373,5.465914207151101,83.98815809381365,7.231533137042951,780.0
197,cycle1,34.63000000000005,21.61824034334768,8.890000000000043,4.946076686224335,0.8711000000000001,0.8005057971014493,0.3365,0.0691783368203803,169.10179,5.047514,0.0,13.422632424659165,12.971848895041171,5.480140699262322,83.7596979061592,6.883442400624632,354.0
198,cycle1,34.950000000000045,21.93542222222226,8.29000000000002,5.109960897823361,0.8639,0.7834550724637683,0.1232,0.0945221016041282,127.17943,5.0951447,0.0,13.159280861845096,13.078104548009222,5.5110748435792924,83.65039290846107,6.559957218459186,675.0
199,cycle1,35.33000000000004,21.16061224489799,6.690000000000055,4.766631543254275,0.9148,0.857820289855073,0.2868,0.088219025158496,122.89519,5.013126,0.0,13.034667343386834,13.18065251513253,5.550694670562006,83.58109523655752,6.432919976484181,350.0
206,cycle1,32.09000000000003,20.285302325581437,4.050000000000011,5.540557043335913,0.8171,0.7269057971014494,0.4875,0.0642552696402293,71.848526,4.7029414,0.0,10.475536114900766,13.458740670383651,5.7990047825532365,81.71430708905865,8.315838636260192,1008.0
208,cycle1,32.73000000000002,20.526059113300505,6.4500000000000455,5.385803107226069,0.8105,0.7113202898550723,0.4445,0.0599106837142141,68.17846,4.494021,0.0,10.179788305974322,13.427025821068575,5.789054325962345,81.83812849449775,8.570270229160258,904.0
211,cycle1,32.410000000000025,20.904642032332596,5.510000000000048,5.347889953091883,0.7943,0.6868347826086956,0.4238,0.0764336992718072,97.15989,4.7267485,0.0,11.37207893879948,13.18202709412796,5.659640813120397,82.76640105374388,9.143007202238618,1137.0
218,cycle1,28.670000000000016,16.93636568848761,4.550000000000011,4.786237052356553,0.8546,0.7778420289855074,0.2669,0.0943128011748573,102.229195,4.6279526,0.0,10.987678130809597,12.996895015589107,5.580462516828026,84.19408686152951,8.116301268854937,1209.0
221,cycle1,32.39000000000004,19.826674364896096,6.910000000000025,4.857940147185734,0.8791,0.8011652173913046,0.5078,0.0746572803871625,103.515755,4.672115,0.0,11.323093207841758,12.95492676901379,5.544901145978242,84.80502929829727,7.377922784805706,604.0
225,cycle1,33.77000000000004,21.44723076923077,8.710000000000036,4.913519029620095,0.8676,0.7940797101449276,0.3002,0.0884583101342098,176.1888,5.1402593,0.0,13.64937070821745,12.956715835680482,5.514363231518884,84.05916343735724,6.531893978366701,884.0
242,cycle1,29.29000000000002,18.36679069767445,4.890000000000043,4.818154807277394,0.8486,0.7828942028985509,0.4808,0.0536353033318055,79.52544,4.877377,0.0,11.206489467078113,13.17139139184483,5.690334874444946,84.2426859754531,8.653902269989404,1073.0
246,cycle1,31.27000000000004,20.4744748858448,7.910000000000025,5.116205970935885,0.8247,0.7251014492753619,0.4843,0.062782450452785,88.87284,4.7084846,0.0,11.260972250018405,12.85363220463024,5.527715338687443,84.31137207200904,8.006843768809953,988.0
249,cycle1,28.970000000000027,17.450000000000024,2.830000000000041,4.6886819006263085,0.8781,0.7763028985507249,0.1385,0.1162133108330832,94.83925,4.5572653,0.0,10.99436062616527,12.734024031114249,5.494328188114556,84.90865410141747,7.392167109358327,1358.0
251,cycle1,30.410000000000025,18.82953161592509,3.590000000000032,4.913102280585215,0.8907,0.8018666666666671,0.3095,0.1126398977718266,102.43521,4.9132733,0.0,11.833748172614843,12.787473589105105,5.511872577711576,85.21970626983317,6.947654297403325,783.0
253,cycle1,33.110000000000014,20.240385487528364,4.9500000000000455,4.714267444521419,0.8821,0.8119826086956524,0.327,0.0973890449401468,106.39374,5.0721803,0.0,12.580195566361123,12.7688438064567,5.494520757289209,84.61709592126245,6.6248284644582816,543.0
254,cycle1,33.450000000000045,20.20174311926609,4.9500000000000455,4.789678475358703,0.8757,0.8149971014492755,0.3946,0.0881194182666697,126.936134,5.200804,0.0,13.265198306007528,13.029442407369954,5.613181716646975,83.69463480489131,6.281755626401066,779.0
255,cycle1,32.910000000000025,19.69217090069288,8.110000000000014,4.699522249649412,0.8724000000000001,0.8137478260869564,0.4427,0.0807968029369944,126.936134,5.200804,0.0,13.265198306007528,13.029442407369954,5.613181716646975,83.69463480489131,6.281755626401066,659.0
256,cycle1,33.690000000000055,20.49724705882355,8.450000000000045,4.904812733502376,0.8852000000000001,0.8208043478260869,0.1059,0.1048918814431814,127.428604,5.22843,0.0,13.70235771244668,13.120539190931602,5.597804179132333,82.86155790237137,6.260873256490001,250.0
260,cycle1,33.93000000000001,21.23646942800792,4.2900000000000205,5.477818923470872,0.8309000000000001,0.7466536231884062,0.6396000000000001,0.0536097751731736,90.32838,4.7566776,0.0,11.000986561029194,13.630189095954412,5.8138386363448,79.21778368923334,7.887852642039694,970.0
261,cycle1,33.81,20.82444881889766,5.490000000000009,5.548938599235878,0.8385,0.7551681159420288,0.6435000000000001,0.0506627224611518,81.79277,4.7181187,0.0,11.053172280474266,13.547720544356238,5.795046345732813,79.7131345828204,7.761254766428613,845.0
279,cycle1,31.21000000000004,19.220707547169848,6.2900000000000205,4.767200581700842,0.8663000000000001,0.7615246376811592,0.5716,0.0593114169076571,78.8262,4.469001,0.0,10.227152559341526,12.640228071296896,5.481631999375962,84.47920053849276,7.335664748617652,694.0
281,cycle1,31.27000000000004,19.987798165137644,5.750000000000057,4.957953180404076,0.8755000000000001,0.7786362318840581,0.3752,0.0747440908837153,76.05047,4.596539,0.0,10.68075483375446,12.63657502654802,5.4739687113692295,85.15074331194417,7.186362379444691,739.0
284,cycle1,33.63000000000005,21.122602739726062,8.710000000000036,4.736258477669751,0.8523000000000001,0.7927753623188402,0.4227,0.0583881624040984,113.40377,5.143046,0.0,12.717086614002088,12.518594800064015,5.437698541744573,85.13632034379995,6.602526058487854,462.0
285,cycle1,34.57000000000005,21.389780701754432,8.930000000000007,4.754434582315922,0.8901,0.8306681159420289,0.2314,0.0855637697483692,142.68266,5.2697463,0.0,13.717469463787513,12.428978571753529,5.422481366588673,84.69249747540039,6.699379287906593,216.0
286,cycle1,33.77000000000004,21.238264840182666,9.730000000000018,4.664002259920692,0.8853000000000001,0.8177507246376816,0.2058,0.0896517362008237,145.22511,5.267518,0.0,13.535920105650211,12.401080104173612,5.383739835803398,84.04195648304587,6.279531058089035,377.0
287,cycle1,33.49000000000001,20.885990783410172,9.150000000000034,4.515490548536684,0.8863000000000001,0.8289289855072467,0.0815,0.1000287322511982,161.30832,5.4586716,0.0,14.255307758150671,12.578717318785474,5.437506933878744,83.28582670729755,6.24358157884594,100.0
297,cycle1,32.89000000000004,20.506796116504887,6.110000000000014,5.3437134307779,0.8221,0.7257739130434783,0.3719,0.0836462836517324,67.86632,4.615169,0.0,10.091639075466116,13.30991267768958,5.710548740718266,80.76552395964605,7.964850110577542,1039.0
301,cycle1,30.230000000000015,19.466461126005388,6.210000000000036,5.2054968185414765,0.8742000000000001,0.7567159420289857,0.2651,0.1103898698660335,80.94271,4.621542,0.0,10.755269631709057,12.994235643899632,5.6773021798263406,84.32924763848405,8.136730069725902,912.0
304,cycle1,32.190000000000055,20.011300813008152,4.910000000000025,5.291234295276117,0.8238000000000001,0.7296144927536234,0.4805,0.0615794485653456,88.332115,4.7433953,0.0,11.297562541323154,12.884581709653052,5.634841984458615,84.9685703716139,8.110338993814628,866.0
309,cycle1,30.910000000000025,20.240855745721333,7.410000000000025,4.959874545028011,0.8613000000000001,0.7552927536231884,0.3711,0.0790024349631025,106.30908,4.3895535,0.0,10.602903908382949,12.628256853032044,5.494489737821668,83.88236824575365,7.440293807072934,553.0
310,cycle1,32.670000000000016,21.19767386091132,7.190000000000055,5.212122248190554,0.8398,0.7270768115942026,0.5505,0.0563285114433972,108.03124,4.4397087,0.0,10.66102622844721,12.55861967129689,5.445210115929233,84.52526448144584,7.30020151232921,735.0
311,cycle1,32.35000000000002,20.411970443349777,6.810000000000002,5.169823396390413,0.8466,0.7481623188405797,0.3374,0.0708621382552169,115.285416,4.530047,0.0,10.868440155799222,12.541784011022912,5.445145428651845,85.42932398592588,7.066676673327171,887.0
312,cycle1,29.670000000000016,18.595110565110584,6.190000000000055,4.835438529649226,0.8956000000000001,0.7944231884057968,0.2102,0.1119144667507084,81.36159,4.5487,0.0,10.58656857000221,12.541784011022912,5.445145428651845,85.42932398592588,7.066676673327171,871.0
313,cycle1,31.910000000000025,20.61605911330051,6.8700000000000045,4.950762466674411,0.8452000000000001,0.7355956521739131,0.1911,0.0970695484046017,84.69286,4.692109,0.0,11.069090688176912,12.464911002803731,5.420943649027446,85.96558423410434,6.8739783282776274,892.0
314,cycle1,32.31,20.731722488038308,7.950000000000045,4.807136132728627,0.8763000000000001,0.7844869565217396,0.2428,0.1001330852286255,73.89614,4.889585,0.0,11.430916151904723,12.422062175406468,5.3867334887399085,85.72661314356192,6.777955753072432,616.0
316,cycle1,33.110000000000014,20.82454128440372,7.950000000000045,4.764999352180042,0.881,0.8223492753623186,0.1271,0.0923664623607532,124.52811,5.0817084,0.0,12.589582205610634,12.268626363534343,5.346126109731724,85.01018813637,6.624327815917214,447.0
317,cycle1,35.31,23.318789237668177,8.350000000000023,4.94713486546551,0.8472000000000001,0.779153623188406,0.4365,0.0531369834353776,134.63354,5.1799626,0.0,12.780556258216492,12.270720427461274,5.319978268677868,84.33531732199242,6.553934851456937,322.0
318,cycle1,36.49000000000001,23.91577092511018,10.170000000000016,4.826560800754799,0.7381000000000001,0.6648840579710141,0.2946,0.0593025810792724,122.993034,5.25133,0.0,12.955096689009036,12.571764542529754,5.42045162446406,82.99163732891554,6.415982028866952,71.0
321,cycle1,31.590000000000032,21.32237076648847,6.710000000000036,5.223639832151802,0.8416,0.753527536231884,0.6654,0.0459544730095157,70.12781,4.9259725,0.0,10.98365104231222,14.257184034767215,5.992982217280888,77.12908899110127,8.154732919687742,717.0
328,cycle1,35.79000000000002,22.09646226415097,4.770000000000039,5.85665407194139,0.7965,0.6884101449275366,0.4833,0.0615434832607212,64.11708,4.7432227,0.0,10.679744730987643,13.55704863202749,5.768739618621642,79.95073447310894,7.71335525703557,790.0
336,cycle1,30.650000000000038,19.68411411411415,4.9500000000000455,5.211593585333497,0.8467,0.7318246376811595,0.1604,0.0937581662619876,70.360435,4.6328363,0.0,10.727074657914232,12.886087415589122,5.638685317106648,84.94647993139077,8.19527605663294,851.0
337,cycle1,33.73000000000002,20.5444744744745,7.090000000000032,5.618368264991181,0.8102,0.679010144927536,0.2687,0.0874180546219856,75.10004,4.626953,0.0,10.852582968327104,12.886087415589122,5.638685317106648,84.94647993139077,8.19527605663294,876.0
340,cycle1,28.730000000000015,18.184972067039148,6.150000000000034,4.844939694328245,0.8757,0.7914782608695653,0.3218,0.1111703626305595,96.58664,4.5853944,0.0,10.91181145429642,12.948516604630225,5.666142429991571,84.32949823522387,8.143977602337266,860.0
341,cycle1,32.870000000000005,21.761219512195137,8.410000000000025,5.232326543729494,0.7944,0.6823028985507245,0.3673,0.0718812889543838,88.4487,4.5227547,0.0,10.68600912448206,12.860264166274057,5.619858441490663,83.98024509180144,7.806198894004552,492.0
344,cycle1,32.49000000000001,21.126572890025617,8.090000000000032,5.294989333330417,0.8334,0.7163884057971015,0.4769,0.0673899221301304,110.56728,4.4300857,0.0,10.499467281501571,12.55861967129689,5.445210115929233,84.52526448144584,7.30020151232921,701.0
345,cycle1,30.21000000000004,19.323560209424127,4.330000000000041,4.909652784695632,0.8576,0.7778333333333337,0.2216,0.108843596959276,88.9732,4.5287175,0.0,10.573247008031428,12.541784011022912,5.445145428651845,85.42932398592588,7.066676673327171,912.0
346,cycle1,31.77000000000004,20.452921914357702,5.710000000000036,4.918177001090302,0.8535,0.7481028985507246,0.2691,0.0950970685950238,88.9732,4.5287175,0.0,10.573247008031428,12.541784011022912,5.445145428651845,85.42932398592588,7.066676673327171,774.0
347,cycle1,32.71000000000004,20.79029197080293,7.810000000000002,4.87566117918574,0.8431000000000001,0.7600536231884061,0.202,0.0985235638403286,85.27274,4.6032844,0.0,10.920168322422606,12.464911002803731,5.420943649027446,85.96558423410434,6.8739783282776274,605.0
348,cycle1,31.930000000000007,20.128405797101493,7.07000000000005,4.826362025933885,0.86,0.7829623188405799,0.1712,0.1143973156437975,74.94013,4.8722887,0.0,11.409621531077503,12.422062175406468,5.3867334887399085,85.72661314356192,6.777955753072432,822.0
349,cycle1,32.410000000000025,20.200762124711336,7.79000000000002,4.805452986243854,0.8797,0.7938898550724637,0.304,0.0929497965553948,128.10622,4.9580016,0.0,12.129629174013507,12.391235663990956,5.381601526512927,85.46137323780935,6.53130288575378,680.0
350,cycle1,33.25000000000006,21.06596199524945,9.350000000000025,4.6103487678293495,0.8857,0.8065811594202901,0.1942,0.0961620692272998,123.95626,5.036874,0.0,12.052432328382856,12.268626363534343,5.346126109731724,85.01018813637,6.624327815917214,299.0
351,cycle1,34.53000000000003,22.63900000000004,9.730000000000018,4.7048741554032345,0.8500000000000001,0.7883202898550723,0.2479,0.0837051702725162,123.027565,5.1447945,0.0,12.47389620692901,12.270720427461274,5.319978268677868,84.33531732199242,6.553934851456937,193.0
352,cycle1,44.09000000000003,22.403600000000043,8.870000000000005,4.788034523220859,0.8570000000000001,0.7888898550724639,0.253,0.0892218634168399,112.63757,5.2196074,0.0,12.829546068461337,12.571764542529754,5.42045162446406,82.99163732891554,6.415982028866952,188.0
365,cycle1,32.950000000000045,20.67502283105027,4.930000000000007,5.622390688512591,0.8505,0.7578217391304352,0.4074,0.0658467101498251,108.76158,4.781271,0.0,11.268591640724846,13.621944000064016,5.740053668214515,79.43553482760447,8.189326093116183,944.0
367,cycle1,35.55000000000001,21.73144186046516,4.590000000000032,5.815497080485113,0.802,0.6921710144927533,0.3907,0.0711265316718518,66.30333,4.649457,0.0,10.66632057549781,13.467420305086849,5.708030147127428,79.81698177081205,7.971706902375844,804.0
369,cycle1,34.25000000000006,20.9566503667482,6.170000000000016,5.4889022312446665,0.8292,0.7076724637681161,0.2811,0.0863903776916024,68.488525,4.6787558,0.0,10.356985267399631,13.19033854070327,5.625542928638258,80.89821040779836,8.051982325356299,840.0
377,cycle1,31.77000000000004,20.951472392638067,9.07000000000005,4.922453155828281,0.8294,0.7286927536231881,0.2425,0.1058164110430942,78.58072,4.600998,0.0,10.791190420226712,12.745166566274085,5.591266477814699,84.5273862247198,7.724843310438951,517.0
378,cycle1,32.25000000000006,21.150887573964507,9.690000000000056,4.999839326923737,0.8224,0.6854304347826087,0.3121,0.0870006435164415,87.665726,4.495814,0.0,10.955517051435208,12.610452889561726,5.528916195782472,83.86621116342796,7.885247610725623,619.0
383,cycle1,31.850000000000023,20.591293800539106,7.490000000000009,4.990505319059117,0.8411000000000001,0.7439739130434783,0.4075,0.0707607843005785,81.91042,4.423195,0.0,10.544206000208847,12.3757336365937,5.363190620472407,85.46080986916196,6.972423037763384,699.0
386,cycle1,31.610000000000014,19.550954773869368,6.310000000000002,4.852910859682608,0.8715,0.7822405797101452,0.2366,0.1092360631097701,98.25542,4.6328716,0.0,10.802710603637536,12.412919921525178,5.380389729848279,85.81856773230173,6.765733156251125,835.0
387,cycle1,33.35000000000002,21.025804195804238,8.110000000000014,4.68069497747392,0.8788,0.8124057971014491,0.3268,0.0964257210319886,123.48553,4.868466,0.0,11.4891603400507,12.446790942529764,5.404852038379172,85.48896328861734,6.812113213196571,409.0
388,cycle1,33.25000000000006,19.677204030226743,6.2900000000000205,4.719445970470948,0.8827,0.8078753623188408,0.1716,0.095318735183815,129.1273,4.8375745,0.0,11.548125731983266,12.34868635440192,5.369562652676616,84.92191620675736,6.978659952988282,685.0
390,cycle1,36.43000000000001,23.900201342281903,9.910000000000023,4.772369177434389,0.8154,0.7229768115942029,0.5640000000000001,0.0502497476954566,120.64356,5.10251,0.0,12.084984235706573,12.255046319698712,5.2569881915432415,82.82073058857715,6.357677489878715,38.0
391,cycle1,40.35000000000002,23.342144288577163,6.990000000000009,4.645210174615935,0.7543000000000001,0.6836130434782609,0.4615,0.0515743192837076,125.064095,5.093942,0.0,12.543723163654056,13.28861959823752,5.578560925822838,80.07249502078689,8.081112537549705,7.0
395,cycle1,34.150000000000034,22.92337037037037,6.230000000000018,5.512143877121316,0.8450000000000001,0.7730217391304351,0.67,0.0368673095426933,80.62444,5.1341043,0.0,11.651081284288104,14.643055163534331,6.062546345657608,76.54400090904427,8.142164056694712,605.0
398,cycle1,35.450000000000045,24.400292397660827,8.510000000000048,5.472932092076875,0.7796000000000001,0.6618420289855073,0.5235000000000001,0.0579048830405646,81.72273,4.371591,0.0,10.104390610056358,14.232091419242105,5.85489695563476,76.44360795278877,8.207421027352694,705.0
409,cycle1,35.31,21.28319540229889,6.650000000000034,5.410388954592657,0.8388,0.7067623188405797,0.3885,0.0721332464734336,69.245,4.7419887,0.0,10.841286010252803,13.213732363534348,5.617654525711846,81.16640829983048,7.999839452554375,986.0
413,cycle1,30.850000000000023,19.744459102902425,5.330000000000041,5.129733688540273,0.8585,0.7416057971014494,0.2324,0.101128599266388,75.981834,4.649909,0.0,10.604082959162891,12.871324842073149,5.638539007874614,84.91505292070435,8.40229123605617,1165.0
415,cycle1,28.77000000000004,18.28904761904766,5.730000000000018,5.187449357728888,0.8518,0.746805797101449,0.159,0.1153059231280979,73.11343,4.5788717,0.0,10.28031946595489,12.869977548922463,5.686140659878971,85.42886695787271,8.287296386474466,869.0
419,cycle1,33.63000000000005,21.888711656441757,7.750000000000057,5.309145674025434,0.8298000000000001,0.6742695652173912,0.3205,0.090425112428915,81.651535,4.3820367,0.0,10.17915779036042,12.30397900280375,5.367856696290605,83.73335557473577,7.456566160811053,534.0
421,cycle1,32.690000000000055,20.920678466076737,6.970000000000027,5.443576643928696,0.8545,0.6844318840579712,0.337,0.1037689120081199,79.278175,4.363581,0.0,10.19779308544002,12.254601682255808,5.337831078842772,83.41721862148492,7.102924540314907,649.0
422,cycle1,31.77000000000004,20.190433604336075,7.670000000000016,5.106813964056021,0.8723000000000001,0.7741391304347826,0.3363,0.0828847676035418,69.730034,4.3001094,0.0,10.25203045323403,12.315855083169035,5.349222864102325,84.34075096006725,7.168755480144817,872.0
423,cycle1,32.910000000000025,21.8953367875648,9.57000000000005,5.013038493607196,0.8115,0.7192000000000002,0.2978,0.0707376782940634,68.324814,4.3047223,0.0,10.234655923300236,12.419653262164465,5.403273952862262,85.54767571163741,7.255580217480948,572.0
424,cycle1,31.77000000000004,20.37679144385028,8.430000000000007,4.9157529030214615,0.8550000000000001,0.770921739130435,0.1797,0.0958137835679869,70.32712,4.433658,0.0,10.43189900269145,12.419653262164465,5.403273952862262,85.54767571163741,7.255580217480948,467.0
425,cycle1,31.53000000000003,19.801081794195284,6.8700000000000045,4.7818385134284345,0.8832000000000001,0.8089202898550725,0.3411,0.095300225192048,86.38355,4.5173087,0.0,10.930784909380051,12.368735642073126,5.390839399678559,86.18005974529486,6.715139924319392,481.0
426,cycle1,31.370000000000005,19.38604221635888,7.710000000000036,4.631502563770953,0.8929,0.8191753623188405,0.2167,0.1125581117619682,88.62331,4.600179,0.0,10.97336072723145,12.368735642073126,5.390839399678559,86.18005974529486,6.715139924319392,347.0
427,cycle1,33.150000000000034,20.91383693045568,8.350000000000023,4.713949771500335,0.902,0.8279956521739131,0.4049,0.0943604689318472,114.09451,4.753694,0.0,11.412427716704933,12.458970093214724,5.416719484948348,85.57445093743678,6.537138458388041,329.0
428,cycle1,33.29000000000002,21.17947867298581,8.930000000000007,4.706283106240602,0.8931,0.8396724637681162,0.4756,0.0577265640609044,133.02583,4.8061695,0.0,11.626323123048412,12.406396020155327,5.349806352884111,83.69665168592472,6.669725497852217,253.0
429,cycle1,31.590000000000032,19.35199488491054,9.110000000000014,4.421276054934507,0.9043,0.8280985507246374,0.239,0.1154089646792442,133.02583,4.8061695,0.0,11.626323123048412,12.406396020155327,5.349806352884111,83.69665168592472,6.669725497852217,521.0
430,cycle1,34.650000000000034,23.31608272506085,9.610000000000014,4.58789743816627,0.8397,0.7603231884057974,0.6677000000000001,0.0431488597761133,128.56447,4.8229017,0.0,11.797321850755342,12.298273402803744,5.264920311766665,82.71725839656652,6.5420097794645535,61.0
435,cycle1,33.51000000000005,23.296628571428595,7.690000000000055,5.393481521168258,0.8348,0.7712985507246375,0.6883,0.038028172214265,81.55529,5.3878407,0.0,12.355550259437567,14.711698374493224,6.0470884604885935,77.06469269647484,8.149257512994696,638.0
438,cycle1,34.410000000000025,23.077803030303063,5.270000000000039,5.107734303855189,0.8554,0.7631231884057974,0.6649,0.0403703440620584,74.83126,5.0503416,0.0,11.103807219599666,14.454378533397342,5.897802667603094,76.37981402419658,8.476995154780871,732.0
442,cycle1,35.13000000000005,22.98508196721313,6.590000000000032,5.279489391554787,0.8459,0.7361188405797103,0.5124000000000001,0.0599450673058905,79.721924,4.964818,0.0,11.360886835829634,14.120603074036651,5.749530727046655,77.93320280572757,8.055532369746835,805.0
450,cycle1,35.07000000000005,21.412673031026277,5.730000000000018,5.582210280332965,0.8418,0.7082550724637682,0.318,0.079038219586664,94.16227,4.7257037,0.0,10.73480413262197,13.250539647552586,5.57045966279493,80.39245349027097,7.916698999061039,940.0
453,cycle1,31.910000000000025,20.07492385786804,5.850000000000023,5.023146335304016,0.8406,0.7366231884057969,0.3174,0.0900203892281673,77.89353,4.713827,0.0,10.90730888440926,13.03099745577176,5.647618494256331,83.64405017014246,8.516931584165265,989.0
455,cycle1,31.21000000000004,18.90377659574471,5.390000000000043,4.882108520881642,0.8449000000000001,0.7374202898550726,0.3,0.1050074511913935,89.05027,4.6318474,0.0,10.532007337074615,12.888143749835724,5.662543145738908,84.88830604915985,8.341264945975817,1138.0
456,cycle1,29.29000000000002,17.993556851311986,5.410000000000025,4.891331315979934,0.8772000000000001,0.7576376811594203,0.2257,0.1494522143604151,77.86782,4.6778626,0.0,10.190122649344946,12.726111137963578,5.624568238730931,85.17098954979848,8.347214883333999,1053.0
457,cycle1,30.150000000000038,20.172739726027416,9.370000000000005,4.967640563474205,0.8449000000000001,0.7353391304347826,0.2623,0.1145377188899766,78.177376,4.684845,0.0,10.12714213366422,12.726111137963578,5.624568238730931,85.17098954979848,8.347214883333999,429.0
460,cycle1,31.890000000000043,21.494834437086123,6.510000000000048,5.2028351102556885,0.8196,0.7026608695652177,0.3244,0.082867343294876,78.85319,4.5427027,0.0,10.418601748579304,12.248781088648506,5.375454990277544,83.32738574453846,7.67419812256967,456.0
464,cycle1,32.150000000000034,20.94945799457998,8.730000000000018,5.0328714297288935,0.8304,0.7430188405797103,0.3647,0.0775534341746316,67.465416,4.3419995,0.0,10.108534933969793,12.287136080429304,5.370112131537613,84.80706311549906,7.31838911383813,583.0
465,cycle1,32.450000000000045,21.20656084656085,8.190000000000055,4.947629631032941,0.8547,0.7932391304347829,0.656,0.0406229007212854,78.40891,4.4125423,0.0,10.507392637334036,12.336924535223844,5.376346121644063,85.83803692070501,7.231645669531042,395.0
466,cycle1,31.77000000000004,20.45423398328692,7.430000000000007,4.911879739445873,0.8811,0.791988405797102,0.3358,0.0879507908134097,81.48202,4.435596,0.0,10.385971624563284,12.336924535223844,5.376346121644063,85.83803692070501,7.231645669531042,463.0
467,cycle1,31.27000000000004,19.506576086956567,6.670000000000016,4.825514864923882,0.8893000000000001,0.8171405797101448,0.1592,0.1158564295424769,87.42977,4.4535646,0.0,10.664691047293884,12.351547391844845,5.377800856968698,86.55333708692717,7.162405670692468,597.0
468,cycle1,31.53000000000003,19.77298200514142,8.430000000000007,4.662559217836307,0.8931,0.8197623188405798,0.3174,0.0970154404287246,99.325874,4.563047,0.0,11.319003112872013,12.3571113279179,5.37148187584839,86.20290835434922,6.954647151057673,780.0
470,cycle1,34.59000000000003,22.80141531322512,10.650000000000034,4.861749715264079,0.8295,0.7747782608695651,0.2796,0.0682345504509007,98.3622,4.9483232,0.0,11.918266724219125,12.227930639333426,5.292290340065127,84.77195570501829,6.524124388308784,75.0
483,cycle1,31.390000000000043,19.58677966101697,3.1900000000000546,5.425347896578534,0.8677,0.8008492753623192,0.5703,0.0489858353474932,76.16775,4.7102065,0.0,10.632325636220491,13.696724949835724,5.924603080943883,81.54511910152497,8.30595833972869,894.0
487,cycle1,35.47000000000003,24.05460377358493,5.390000000000043,5.257533672236656,0.8344,0.7597565217391302,0.6847000000000001,0.0367380838544063,74.531136,5.487213,0.0,12.41797422012324,14.513228874949856,5.911825393967828,76.91768763476982,8.532880882889003,619.0
494,cycle1,35.07000000000005,22.705142857142896,5.57000000000005,5.288520787748525,0.8513000000000001,0.752705797101449,0.5592,0.053278662787491,72.07452,5.207952,0.0,11.63028401910584,14.108736042073144,5.706343373011806,77.80094753362329,8.347313303639053,790.0
495,cycle1,32.870000000000005,20.722669172932356,5.410000000000025,4.981201920697904,0.8607,0.7759666666666666,0.5586,0.0561317928116622,77.76144,5.204695,0.0,11.883031139933138,14.033014986365387,5.735371787920004,78.32129248954209,8.16436814724978,865.0
507,cycle1,29.250000000000057,19.272784810126616,5.130000000000052,5.064568892572867,0.8649,0.7460869565217391,0.1316,0.1392118361961883,109.23208,4.711136,0.0,10.560374625392733,12.79561724024666,5.62840617640522,84.86968893718236,8.38221271904628,693.0
508,cycle1,29.69000000000005,20.73325732899025,6.930000000000007,5.126315305172811,0.9047,0.7025115942028987,0.2453,0.1201124262432416,102.76103,4.7868934,0.0,10.845306250121268,12.56250457540648,5.550010381791137,85.12169570363935,8.335376158493323,650.0
513,cycle1,31.79000000000002,20.72194719471951,7.930000000000007,5.098388133024693,0.8256,0.7095115942028988,0.2916,0.0945028203493422,70.99562,4.478413,0.0,10.146400488113676,12.188526281342565,5.36629712007847,82.99204858493597,7.372263891034704,576.0
516,cycle1,31.090000000000032,19.788879551820777,7.090000000000032,4.777225719947579,0.8855000000000001,0.7984086956521738,0.3916,0.0826863459613739,76.74031,4.4672813,0.0,10.309734948290902,12.252936427461272,5.385201885038668,85.44146565425783,7.280994734614256,706.0
517,cycle1,31.81,20.115642458100588,6.170000000000016,4.761909680487943,0.8753000000000001,0.7951710144927538,0.3044,0.0982521690603195,81.22227,4.534787,0.0,10.709080848717468,12.342559565360844,5.41750378829145,86.20735924158086,7.034630285031298,592.0
518,cycle1,31.450000000000045,19.526724137931065,3.990000000000009,4.74577824047945,0.8817,0.7924608695652176,0.2106,0.1139294457712147,85.43178,4.5690837,0.0,10.837585756703104,12.342559565360844,5.41750378829145,86.20735924158086,7.034630285031298,654.0
519,cycle1,32.55000000000001,20.50869791666668,8.450000000000045,4.745269944507513,0.8705,0.7963797101449276,0.3096,0.1087525013268359,86.14496,4.5251856,0.0,10.707400835085156,12.398481309653052,5.421830583821852,86.54151447185185,7.153446053260001,408.0
520,cycle1,32.910000000000025,21.31450632911396,6.910000000000025,4.978248275802391,0.8430000000000001,0.7813072463768116,0.4222,0.0869126186512837,84.32476,4.72567,0.0,11.063468624074629,12.313950599150765,5.339008043872235,86.09425561560481,6.960052203037681,199.0
522,cycle1,32.81,21.363759590792878,9.850000000000025,4.670041641627009,0.8679,0.7996768115942029,0.3556,0.0895258348996079,97.304634,4.9866767,0.0,11.885493429978396,12.23109210600011,5.287246740010198,84.7120952972498,6.488844837085678,349.0
523,cycle1,34.31,22.224025316455737,9.390000000000043,4.680186596882371,0.8835000000000001,0.8141492753623186,0.4571,0.0625235413593401,98.044136,4.9100447,0.0,11.548599683570885,12.289068918785484,5.253485959125689,83.96241174441096,6.560514898474565,154.0
529,cycle1,30.590000000000032,19.627161572052422,3.430000000000007,5.359199719888252,0.859,0.7884724637681162,0.6146,0.0520072817757083,73.410385,4.691984,0.0,10.5513454386867,13.831944411022908,5.98727762691906,81.81238784705417,8.14634279753045,724.0
537,cycle1,36.25000000000006,25.148855098390047,8.370000000000005,5.753534196942654,0.8452000000000001,0.7344289855072464,0.6402,0.0481655150600487,85.70877,5.078971,0.0,11.871028007815552,14.540465970840264,6.14761663497109,75.77032933131257,9.013746188310998,455.0
551,cycle1,34.09000000000003,22.1917077798862,7.250000000000057,5.171430726135073,0.8432000000000001,0.7435971014492757,0.4618,0.0626747388518584,69.691574,5.1578164,0.0,11.59666697467605,14.361249839333414,5.751791157496286,77.86471469126137,8.574875424848486,876.0
555,cycle1,34.650000000000034,21.956311637080884,2.57000000000005,5.509555587049506,0.8430000000000001,0.7258608695652177,0.4701,0.0780461944543666,74.068214,5.1634183,0.0,11.48145158315841,13.97410482563478,5.6863425810503685,79.14886655078135,8.03686129370832,865.0
561,cycle1,37.670000000000016,22.853846153846177,4.970000000000027,5.8168786745808125,0.801,0.6469739130434781,0.3773,0.0776373316227446,102.72342,4.636645,0.0,10.966408400354524,13.246149216502369,5.557570259904372,80.50115612115756,8.214885008744131,871.0
562,cycle1,36.110000000000014,22.444916067146327,7.510000000000048,5.561935126829933,0.8226,0.6910362318840582,0.3956,0.0810339345109362,89.24498,4.643804,0.0,10.71685195960654,13.072160210109692,5.534818049480354,81.7751221902283,8.101285571976842,977.0
565,cycle1,31.090000000000032,18.883440000000014,2.330000000000041,5.0972064146027085,0.88,0.7490188405797105,0.3467,0.1033370246306956,83.399475,4.7273955,0.0,10.818002339802955,12.947225762621104,5.680964722393521,84.50506537749045,8.704353623667403,942.0
566,cycle1,29.870000000000005,18.95928571428574,1.830000000000041,5.153934647135015,0.8707,0.7603376811594205,0.3239,0.1250914055383111,100.966934,4.7363925,0.0,10.896710389432654,12.676463561707855,5.601386523503191,84.80126219362762,8.460193713396885,779.0
568,cycle1,31.69000000000005,21.947006369426777,5.110000000000014,5.318719970160001,0.8194,0.6961579710144927,0.2464,0.1130328788973591,95.81497,4.7446823,0.0,10.635096309576072,12.381634537050308,5.491293034860572,84.60802214526109,8.129820613055864,385.0
570,cycle1,32.150000000000034,22.291780821917843,7.450000000000045,5.004193266984201,0.8560000000000001,0.7122710144927534,0.2751,0.0968175350949897,85.51989,4.591359,0.0,10.53981108040134,12.128594248465854,5.364140198040184,82.54497369048715,7.500843446811222,405.0
571,cycle1,32.75000000000006,21.592582781456983,6.890000000000043,5.246787217974085,0.8172,0.7000463768115942,0.3262,0.0826284429740861,81.9448,4.5212092,0.0,10.38141313596191,12.073736706913344,5.353942283524161,81.864958375714,7.432658283525615,484.0
573,cycle1,30.390000000000043,19.69980645161294,7.670000000000016,5.080949551967146,0.8981,0.7647521739130434,0.3139,0.14351892730673,82.06904,4.42679,0.0,10.38369477927521,12.138480323351706,5.398448954127418,83.79583227996866,7.609499771294528,792.0
575,cycle1,32.410000000000025,21.39997260273976,9.850000000000025,4.948950490574025,0.8383,0.7638101449275362,0.375,0.0854595474181005,92.918465,4.549273,0.0,10.470753167160588,12.22231183385398,5.396740783945385,85.98921505444982,7.132760414974351,333.0
576,cycle1,31.850000000000023,20.25600566572241,7.850000000000023,4.862229308351615,0.8893000000000001,0.8142637681159417,0.3799,0.0843070594995108,99.26943,4.5629783,0.0,10.641743008161304,12.29237440371699,5.401118662469323,86.33364982760516,6.948427806613879,357.0
577,cycle1,31.57000000000005,19.53898461538464,7.370000000000003,4.81598701918871,0.9056,0.8001623188405801,0.3163,0.1141955253082154,98.48108,4.5518236,0.0,10.856235359713372,12.29237440371699,5.401118662469323,86.33364982760516,6.948427806613879,596.0
578,cycle1,31.870000000000005,19.14262536873159,7.650000000000034,4.716002870857961,0.8848,0.7809072463768117,0.2305,0.1315945423286183,89.719246,4.4509296,0.0,10.58201554499557,12.378501660337983,5.428101973703735,86.27581101185136,6.893341257058587,818.0
579,cycle1,31.870000000000005,19.619198813056435,7.370000000000003,4.754175139517681,0.8825000000000001,0.788204347826087,0.1809,0.1321794196030672,92.94567,4.543211,0.0,10.817103754807883,12.347689139790036,5.383796723029492,85.75110583725588,6.827764729416366,414.0
582,cycle1,32.99000000000001,21.565306122449023,7.930000000000007,4.640498566652602,0.878,0.8126652173913044,0.509,0.0740720151464181,125.24775,4.962308,0.0,11.95579094400948,12.308194294127938,5.270280018863743,83.84405845947134,6.739471114383479,350.0
597,cycle1,37.47000000000003,25.062759856630837,5.410000000000025,5.737435446388227,0.8318000000000001,0.6843884057971016,0.5579000000000001,0.0585255265408061,83.981674,5.244854,0.0,12.017362991604855,14.45742080554346,6.042470374952725,76.42312383032404,8.703904795201668,698.0
602,cycle1,33.450000000000045,22.576495412844054,6.650000000000034,5.215941655242775,0.8306,0.7709579710144928,0.6972,0.0320708337667095,87.90023,5.8019795,0.0,13.243079932375682,14.536243932484116,5.919692109666754,76.93971132384496,9.108595835608064,938.0
605,cycle1,32.35000000000002,21.56250457038393,6.050000000000011,4.968153068840299,0.8552000000000001,0.7789550724637684,0.6466000000000001,0.043910869989732,71.34417,5.5505824,0.0,12.551675448492842,14.53226386490419,5.82872999611053,77.59899922786225,9.746538832850211,1044.0
615,cycle1,35.150000000000034,22.747409766454364,4.090000000000032,5.181042128469477,0.8321000000000001,0.6950057971014492,0.3751,0.0863894734664717,73.98277,4.8932285,0.0,11.193628204439888,13.614166721525203,5.600094566146421,80.13685843413916,8.536439407530006,942.0
619,cycle1,35.49000000000001,21.052648401826517,5.010000000000048,5.474811922679003,0.8314,0.7195971014492751,0.4612,0.0709324274712263,92.82625,4.539949,0.0,10.731105441109262,13.28628939001836,5.56525487209408,81.08084416785577,8.715299073042857,948.0
623,cycle1,31.350000000000023,19.270000000000028,4.750000000000057,4.860135676450159,0.8510000000000001,0.7226869565217392,0.3535,0.0943619379681984,88.35947,4.5885596,0.0,10.74860283970361,12.87678840554348,5.6231133315436,84.59624619988236,8.811524529215973,1149.0
624,cycle1,30.850000000000023,19.226938775510234,4.650000000000034,5.068825638152576,0.8661000000000001,0.7712362318840582,0.1267,0.124794196923579,79.081406,4.6987615,0.0,10.858583739389964,12.639401369927045,5.552584995940187,84.62319187110572,8.613046173651984,832.0
625,cycle1,30.910000000000025,20.78240356083089,5.670000000000016,5.01771856167136,0.8524,0.7502840579710146,0.3145,0.0896343742667923,96.16905,4.753431,0.0,11.110572392703798,12.391792617415614,5.474084707846133,84.52463295376441,8.223106374022798,798.0
631,cycle1,33.03000000000003,21.81101492537315,8.950000000000045,5.187585195826359,0.7948000000000001,0.7163971014492754,0.4477,0.0681389436649269,81.45602,4.569196,0.0,10.677388223243264,12.10841701558912,5.359810573488378,84.48967897776684,7.392710690099844,408.0
633,cycle1,31.410000000000025,20.161323943662005,8.670000000000016,4.776343488528935,0.9126,0.8216014492753624,0.3102,0.1161564181445017,91.01126,4.666054,0.0,11.01305232880671,12.14761849138822,5.347317378070103,85.81919835420767,7.312004381741016,255.0
634,cycle1,32.670000000000016,21.519315789473712,8.990000000000009,4.761155383358912,0.8989,0.8166855072463767,0.2914,0.097153369376799,95.91572,4.7382855,0.0,11.29378638879366,12.088653822895054,5.3047233740532205,86.04301624180496,7.131140559914693,177.0
635,cycle1,32.47000000000003,21.2225274725275,9.79000000000002,4.557610129815722,0.8823000000000001,0.8200739130434784,0.3902,0.0786081838350653,95.82654,4.668806,0.0,10.96509266491764,12.088653822895054,5.3047233740532205,86.04301624180496,7.131140559914693,352.0
636,cycle1,32.370000000000005,20.361235294117684,7.230000000000018,4.61523458111871,0.8878,0.8108057971014492,0.1713,0.1127771406121589,102.18257,4.5931334,0.0,10.788360803806448,12.154235629287756,5.33293439772298,85.85288019370974,6.956353608091345,379.0
637,cycle1,32.75000000000006,21.481501416430625,8.310000000000002,4.635745859308292,0.8736,0.7946956521739132,0.2097,0.1093897385892864,98.69848,4.8228054,0.0,11.163909517868143,12.197207077689589,5.323673184832404,85.17301813439288,6.808059808915373,244.0
638,cycle1,32.79000000000002,21.19484330484336,8.750000000000057,4.647637934021867,0.8662000000000001,0.7786318840579709,0.2966,0.1195354734720608,86.95077,4.925883,0.0,11.5014239351739,12.154483326091418,5.270364541118995,84.44743900143854,6.821529536557842,96.0
639,cycle1,33.13000000000005,22.41642458100564,8.410000000000025,4.935861933485746,0.7888000000000001,0.7065449275362319,0.5189,0.0580837913887887,107.2204,4.9560027,0.0,11.792529298229756,12.031693037506956,5.192880666420087,83.87725373326117,6.755381927745062,38.0
640,cycle1,34.27000000000004,23.363461538461568,8.550000000000011,4.718318765598103,0.8126,0.717659420289855,0.3901,0.0695530187070131,118.05277,4.9616437,0.0,11.96912807610508,12.096102438420171,5.185261055535525,83.63776529772426,6.942776902401117,60.0
641,cycle1,34.910000000000025,22.962142857142904,9.29000000000002,4.636594859557905,0.8373,0.7647536231884058,0.5071,0.0630711964386745,128.74042,4.6358786,0.0,11.179659080362612,12.470993612849398,5.319338188107982,82.78007752936549,7.311911232548359,115.0
642,cycle1,38.07000000000005,24.32321266968327,8.090000000000032,5.115409166989792,0.5793,0.504459420289855,0.3225,0.045720186512485,127.63312,4.370759,0.0,10.536384881556248,13.538657886822,5.784452454732748,82.42378789124291,7.6075612820654515,
660,cycle1,33.110000000000014,22.1096721311476,5.730000000000018,5.234761967991997,0.8618,0.7860289855072464,0.7144,0.0358882973192937,78.13998,5.555277,0.0,12.450509953088211,14.481588149835678,5.834616920302046,77.58544381075939,9.631233438701148,941.0
668,cycle1,34.170000000000016,21.966974459724995,3.1900000000000546,5.118960275667909,0.8693000000000001,0.7563869565217394,0.4477,0.0729278995002564,72.04605,5.2550387,0.0,11.455787686447582,13.986100591844831,5.57902122952559,80.69067619210153,8.78495460152761,975.0
669,cycle1,32.450000000000045,21.11842105263161,5.130000000000052,4.8903463047732565,0.8786,0.7709014492753624,0.4344,0.0793081652187433,62.011734,5.1892424,0.0,11.057352276754267,13.942094372666745,5.598817960422328,80.62448591987797,8.684032599023851,963.0
672,cycle1,33.450000000000045,21.47978813559325,6.110000000000014,4.932659057632306,0.8462000000000001,0.7263333333333336,0.2002,0.1018095403784779,64.36928,4.8467364,0.0,10.91567422631316,13.694750958968129,5.643385890977281,81.11173178082808,8.575698541645867,955.0
673,cycle1,33.77000000000004,21.462434782608742,3.07000000000005,5.166567962062979,0.8427,0.7114072463768115,0.4344,0.07888584178702,72.028114,4.7913165,0.0,10.878535060537851,13.694750958968129,5.643385890977281,81.11173178082808,8.575698541645867,1013.0
677,cycle1,29.950000000000045,19.39656455142236,4.890000000000043,5.127163066255773,0.862,0.7680318840579708,0.5266000000000001,0.0726100314320711,75.8876,4.7343755,0.0,10.43971265427105,13.880455943443009,5.988970843086308,81.44229738771476,8.42804973796426,872.0
681,cycle1,29.99000000000001,18.881314984709505,7.110000000000014,4.972177555856382,0.8877,0.7633521739130436,0.086,0.1594019016931415,78.283806,4.5835037,0.0,10.20823760320289,12.578715037506951,5.519979756125637,84.53953172260924,8.60652642815064,786.0
682,cycle1,32.39000000000004,21.6649852507375,9.630000000000052,4.962438225446737,0.8079000000000001,0.6663637681159422,0.3447,0.0854026999047362,81.012115,4.772282,0.0,10.510959664405762,12.26025531147956,5.421490456349462,84.3389381379935,8.352389369770691,696.0
685,cycle1,31.090000000000032,20.43346153846157,8.850000000000023,4.805550563970702,0.8678,0.7529565217391303,0.272,0.122298850502688,98.47679,4.5610213,0.0,10.689227561631348,12.273211240246647,5.420182565288676,83.06007296842499,7.857966343278357,568.0
686,cycle1,32.51000000000005,21.22632911392407,6.850000000000023,5.254555269626328,0.8243,0.7211260869565218,0.2233,0.1044190118901154,91.78281,4.5647793,0.0,10.477856569008145,12.096033979972711,5.35656463565993,82.92103583690805,7.9243209166378845,503.0
687,cycle1,31.370000000000005,20.42365079365082,6.830000000000041,5.004294315119833,0.88,0.7685318840579712,0.2066,0.1287030685452836,100.231804,4.631395,0.0,10.784915570511831,12.205413638420202,5.397602953049605,83.66143833782064,7.865934926430084,629.0
688,cycle1,30.350000000000023,18.815375722543383,5.730000000000018,4.978589999673007,0.9034,0.7966159420289856,0.3209,0.1315617302876729,104.11978,4.695327,0.0,10.997683015019906,12.370006427461275,5.483976132661568,84.9113132823543,7.652830172372008,726.0
689,cycle1,30.410000000000025,18.452832369942243,6.150000000000034,4.891383489372687,0.9065,0.7985753623188407,0.3433,0.1399990645991497,130.84976,4.7569885,0.0,11.793009483120846,12.306733848465845,5.463826218920224,86.28659069042787,7.509334944893799,886.0
690,cycle1,30.69000000000005,19.01329411764709,6.930000000000007,4.833733519446851,0.8989,0.7986072463768118,0.1242,0.1385351086342419,101.49145,4.8856964,0.0,11.598875031231906,12.06145327129689,5.294195509777899,86.11821773421353,7.325328535435921,640.0
712,cycle1,40.79000000000002,26.00890109890114,11.010000000000048,5.749386484335703,0.8817,0.651927536231884,0.4591,0.1176837260910936,86.94756,5.9056177,0.0,13.40361309545986,14.262794400064024,5.848248221876112,76.41335741138192,9.193786382928623,691.0
714,cycle1,34.39000000000004,23.445730337078658,8.130000000000052,5.10021338049048,0.8451000000000001,0.7299318840579708,0.6513,0.0497298425925186,98.76525,6.3826814,0.0,14.440801864837107,14.089442926091388,5.7027377541136985,77.07493144646747,9.706407990400734,844.0
717,cycle1,33.33000000000004,21.87033027522937,1.9700000000000275,5.0621740879214965,0.8210000000000001,0.7160782608695652,0.5306000000000001,0.0505512191672412,71.69089,5.4287314,0.0,12.102814962713747,14.590388624721548,5.863631426765659,79.00293713747944,10.222907157046244,1047.0
718,cycle1,32.23000000000002,21.551225225225256,6.7900000000000205,5.108959233030698,0.8679,0.7843159420289855,0.6726000000000001,0.0430080330318877,69.16329,5.3675857,0.0,11.742231421124586,14.590388624721548,5.863631426765659,79.00293713747944,10.222907157046244,924.0
723,cycle1,30.590000000000032,19.814499054820445,3.910000000000025,4.655102225937752,0.8727,0.7937855072463769,0.3112,0.0829264809288033,61.10599,5.2017694,0.0,11.266998814549876,13.893278144356255,5.555072260861672,81.84429020180525,9.233464853748083,1247.0
725,cycle1,31.79000000000002,20.233263598326417,4.910000000000025,5.019241076171193,0.8703000000000001,0.7882724637681158,0.4989,0.066399307845309,77.21167,5.093757,0.0,11.216839454001786,13.961336969927023,5.633297563590838,81.43642073503568,8.982112060554998,998.0
727,cycle1,31.03000000000003,20.2800456621005,4.970000000000027,5.2533394899817045,0.8408,0.7378347826086958,0.4843,0.0762932288029822,75.688065,4.722026,0.0,10.30833200499709,13.880455943443009,5.988970843086308,81.44229738771476,8.42804973796426,868.0
728,cycle1,33.25000000000006,20.893847780126865,1.57000000000005,4.91417241048793,0.8224,0.7092826086956521,0.3057,0.0902303299958818,69.77579,4.7736583,0.0,10.740444652739525,13.611717046639344,5.606019311744918,82.2275279496922,8.49174182560699,894.0
732,cycle1,31.430000000000007,19.47430769230774,4.4500000000000455,4.951566287199794,0.8502000000000001,0.7625898550724638,0.3358,0.0798099629553572,72.502815,4.190927,0.0,9.501418201287931,13.09520986673066,5.505369800850152,82.92629122458105,8.96770553300327,1236.0
736,cycle1,28.57000000000005,18.11979797979802,4.670000000000016,4.645316633541134,0.9151,0.7825449275362323,0.3793,0.0913794105757312,92.49197,4.392606,0.0,10.06939305262614,12.795248639333431,5.604955442097338,84.39646680477496,9.000661965236697,1267.0
737,cycle1,29.870000000000005,17.818595041322357,5.690000000000055,4.799592149646664,0.8922,0.77131884057971,0.194,0.1520290821486,98.309265,4.425759,0.0,10.101256824305604,12.75301292426492,5.638962644722519,84.15513292008961,8.755339641127732,1015.0
739,cycle1,32.910000000000025,21.321746987951848,8.53000000000003,4.974134115707429,0.8501000000000001,0.6849623188405799,0.2037,0.1253358723549272,77.998314,4.649983,0.0,10.505371380866588,12.460286708739806,5.514299917319039,83.92739731211203,8.452202240785258,551.0
742,cycle1,31.950000000000045,20.920986842105293,7.830000000000041,5.110599055918307,0.8410000000000001,0.7428739130434783,0.4055,0.0895019806309447,96.1872,4.5660133,0.0,10.599199578477307,12.301461472210132,5.441806840589918,83.0679182859182,8.112437832790528,638.0
743,cycle1,31.69000000000005,20.66439252336452,8.07000000000005,5.058090556987421,0.8501000000000001,0.7590101449275364,0.5362,0.0783596430900253,107.37125,4.7195053,0.0,10.579831007686645,12.41917558727864,5.496509350188232,84.10673539168532,7.915413015693678,459.0
745,cycle1,30.99000000000001,19.261337209302347,7.490000000000009,4.7292189804829095,0.8877,0.7701898550724638,0.1464,0.1492309882969846,107.55588,4.731002,0.0,11.089520179982316,12.196477534310594,5.404386296439621,86.3499000061698,7.550401766986612,694.0
747,cycle1,31.970000000000027,21.76195652173917,8.010000000000048,4.821339395160492,0.8527,0.7546362318840578,0.279,0.0975082634491768,114.12197,5.025893,0.0,12.37184388252964,11.867376683169054,5.201174849179817,85.6773034073043,7.007788348435283,180.0
748,cycle1,35.690000000000055,24.600287356321868,8.650000000000034,5.265151854919051,0.6876,0.6120057971014492,0.3199,0.0563086187550714,119.76727,5.1082215,0.0,12.40779243797008,11.867376683169054,5.201174849179817,85.6773034073043,7.007788348435283,278.0
750,cycle1,36.370000000000005,25.043154761904788,10.730000000000018,5.279249094318157,0.7001000000000001,0.6317971014492754,0.3457,0.0569309395290149,126.886406,5.345214,0.0,12.70646913542176,11.900048562621102,5.180268472631467,84.4528847557162,6.726127876111844,154.0
752,cycle1,33.610000000000014,22.01509803921571,10.29000000000002,4.510081803642002,0.8479,0.7500507246376811,0.3594,0.0789573332280769,116.80647,4.946616,0.0,12.4265625520151,11.983895917872244,5.211236264225486,83.22133082095799,7.098345350287941,109.0
753,cycle1,33.97000000000003,23.47956097560979,11.050000000000011,4.520159753537667,0.785,0.6593666666666668,0.2719,0.080829730982034,107.88456,4.8710275,0.0,11.95732599555583,11.880391021068588,5.137563436965821,83.1671053982688,7.455174615925603,160.0
784,cycle1,30.63000000000005,19.7404555314534,5.330000000000041,4.778765123424225,0.8487,0.7730710144927538,0.3541,0.0721630221688072,60.68573,4.755544,0.0,10.477994412361353,13.625861567187297,5.60481435781108,82.61736537530925,8.708676496835508,1282.0
789,cycle1,30.53000000000003,19.52664864864868,6.730000000000018,4.771999140346846,0.8425,0.7470347826086957,0.2377,0.1050661528339616,73.56623,4.152725,0.0,9.569840779630177,13.006655053945302,5.476889681934684,83.13111052605642,8.871870517963075,1056.0
793,cycle1,31.010000000000048,18.93005540166207,4.430000000000007,4.94503920503297,0.8773000000000001,0.7545782608695651,0.306,0.1115474941020817,87.05991,4.4150558,0.0,9.851298153109168,12.775320009196452,5.570154314492751,83.90779119662965,8.75819851443231,875.0
794,cycle1,30.970000000000027,19.433039513677848,7.710000000000036,4.786990272367325,0.8626,0.7592014492753626,0.1795,0.1395228841992968,79.84145,4.547717,0.0,10.698849086283856,12.5736607781462,5.509235230932172,83.73264340654167,8.513037074111683,772.0
795,cycle1,30.730000000000015,19.3412804878049,7.330000000000041,4.944351131993829,0.8723000000000001,0.7672608695652174,0.1862,0.13289940100561,74.7229,4.614154,0.0,10.74919095610597,12.37899025211882,5.427955644426595,83.74755689454025,8.207201455761915,714.0
796,cycle1,33.13000000000005,21.470000000000024,8.350000000000023,5.170294013585273,0.8380000000000001,0.7039811594202899,0.1025,0.1163472168228523,75.708,4.5953975,0.0,10.54659324267194,12.37899025211882,5.427955644426595,83.74755689454025,8.207201455761915,726.0
798,cycle1,31.49000000000001,20.17031152647976,7.490000000000009,5.059770711576821,0.8803000000000001,0.7846000000000002,0.3279,0.1286043533872194,85.9479,4.621184,0.0,10.917607123118074,12.623867207369956,5.548041678151204,83.24152066935,8.143438481254616,500.0
801,cycle1,31.170000000000016,19.29605042016809,6.9500000000000455,4.774174846530546,0.8813000000000001,0.7822391304347827,0.3081,0.121805414098026,115.11584,4.6598167,0.0,10.808602888780532,12.427557937963536,5.493203658872252,85.45305077342432,7.617460745010167,856.0
802,cycle1,32.31,20.51027397260276,8.270000000000039,4.70319447621548,0.8673000000000001,0.7756840579710143,0.3727,0.0903647129141403,111.27509,4.738331,0.0,11.111181121586252,12.25795574618274,5.400324223079899,86.46371629902707,7.388179311960138,583.0
803,cycle1,33.110000000000014,21.31123989218332,7.610000000000014,4.805819425390417,0.8364,0.7280753623188407,0.2014,0.1093531208752566,127.59093,4.9184184,0.0,11.86927278615481,12.139586224721576,5.310467750547476,86.15577958723047,7.2142532382368625,545.0
804,cycle1,32.83000000000004,20.6201340482574,6.810000000000002,4.860015030288674,0.8921,0.7916637681159419,0.2365,0.1249680306608494,123.901375,5.16368,0.0,12.216372358800946,11.921412911479525,5.201863266819541,85.56894600869104,7.034926294407464,466.0
807,cycle1,34.99000000000001,22.48541176470589,10.07000000000005,4.762970168964965,0.8577,0.7872304347826089,0.5532,0.0519452144630063,124.11712,5.42692,0.0,13.527209048737296,11.812275004630232,5.175307184415391,83.94377236812858,6.841813904224681,240.0
811,cycle1,33.370000000000005,23.37587064676621,10.53000000000003,4.399804084645937,0.6949000000000001,0.6269942028985508,0.5293,0.0403689932815708,99.755905,4.7879386,0.0,11.59843738096384,12.29489532609142,5.362728211063828,82.95059224654999,8.126199689218868,14.0
830,cycle1,30.410000000000025,20.09344000000004,5.970000000000027,5.09301680405628,0.8230000000000001,0.742159420289855,0.6009,0.0490375760058933,65.4912,4.676117,0.0,10.442263393371338,13.694274067643937,5.883468743801701,80.89987135962757,8.248016170597639,677.0
832,cycle1,33.27000000000004,22.96715827338136,7.330000000000041,5.005645717276645,0.7918000000000001,0.6985927536231882,0.5678000000000001,0.0599173036845265,72.099464,5.2055235,0.0,11.54159109550926,14.333539369927044,5.746171063392271,80.67392248460934,9.86733837867325,1096.0
836,cycle1,31.910000000000025,20.798031809145197,6.690000000000055,4.952790957969109,0.801,0.6740304347826089,0.5503,0.0691930534009099,76.775276,5.130235,0.0,11.372524027641608,13.663050447552582,5.484254810796992,82.85841783878827,9.015240659272523,1268.0
837,cycle1,32.03000000000003,21.242751091703084,5.410000000000025,5.034573379415269,0.8095,0.6842115942028986,0.5309,0.0611770311549765,67.39323,5.0561347,0.0,11.16696329995836,13.677965674949862,5.499869295243284,82.68611040541059,9.007557065745772,1278.0
843,cycle1,29.57000000000005,18.85822535211271,5.990000000000009,4.803222856413303,0.879,0.7823695652173914,0.3094,0.0937183435315827,67.1744,4.1519146,0.0,9.075107354888964,13.006655053945302,5.476889681934684,83.13111052605642,8.871870517963075,1233.0
845,cycle1,30.170000000000016,19.003903133903155,6.2900000000000205,4.955957867433865,0.8725,0.7569231884057968,0.3028,0.0927448192153275,69.39666,4.201145,0.0,9.571708954344537,13.043576591844827,5.553721602671789,83.51855091319675,8.936955191711334,1056.0
847,cycle1,30.730000000000015,19.25949554896146,4.810000000000002,4.839394478100355,0.8743000000000001,0.7833999999999999,0.3551,0.1050377985795351,56.741543,4.2860274,0.0,9.39175191293847,13.005011247552613,5.642085687127663,84.20478201587564,9.103380005278911,962.0
850,cycle1,32.71000000000004,21.608024691358043,9.090000000000032,4.9752963606134895,0.8586,0.731236231884058,0.2159,0.1030354715493434,80.80501,4.668939,0.0,10.876580908875582,12.37899025211882,5.427955644426595,83.74755689454025,8.207201455761915,553.0
853,cycle1,31.730000000000015,20.18017647058826,7.470000000000027,5.020425687778402,0.883,0.7717405797101449,0.2906,0.1149393442039782,82.4028,4.674623,0.0,11.111190365143257,12.623867207369956,5.548041678151204,83.24152066935,8.143438481254616,598.0
856,cycle1,30.57000000000005,18.81248648648652,5.930000000000007,4.887474369168244,0.8884000000000001,0.7498623188405795,0.3621,0.114266331533656,114.039116,4.5349293,0.0,10.710840595893671,12.427557937963536,5.493203658872252,85.45305077342432,7.617460745010167,937.0
858,cycle1,31.230000000000015,19.4811405835544,7.950000000000045,4.737270366921025,0.9067,0.7836840579710145,0.2917,0.1477108128696251,126.86622,4.924318,0.0,11.55315577465988,12.139586224721576,5.310467750547476,86.15577958723047,7.2142532382368625,728.0
865,cycle1,33.690000000000055,22.3118787878788,10.510000000000048,4.199594221073221,0.8911,0.8127913043478262,0.4595,0.0733091997294017,110.46512,4.9643736,0.0,11.73897261559017,11.788639565360794,5.145231230722339,82.97254055170676,7.592999451625438,65.0
884,cycle1,36.190000000000055,23.72970149253735,7.750000000000057,5.274421513204326,0.8072,0.654504347826087,0.5207,0.0776814312670988,77.1404,5.3197303,0.0,11.832280631326608,14.233876973579978,5.718874198190915,79.68766184706017,9.930996086996918,1065.0
886,cycle1,29.870000000000005,20.37566406250006,4.510000000000048,4.797088467200158,0.7834,0.6580942028985507,0.4636,0.065832827113942,63.62729,4.7070847,0.0,10.508130136663633,13.694274067643937,5.883468743801701,80.89987135962757,8.248016170597639,784.0
887,cycle1,31.250000000000057,20.127326732673293,6.130000000000052,4.879553702828842,0.8209000000000001,0.7180318840579708,0.3685,0.0801337767225086,66.089165,4.510249,0.0,10.313891663593203,13.081751879516071,5.458575365722408,83.37543828804857,8.62984642370594,1076.0
894,cycle1,29.950000000000045,18.332382445141103,5.8700000000000045,4.881238790470869,0.8905000000000001,0.7774840579710143,0.1183,0.1302090878450745,64.05856,4.2362423,0.0,9.741535855179636,12.875097008283172,5.590318378492411,83.47716512757395,8.870221428779928,925.0
895,cycle1,33.23000000000002,20.765185185185207,7.350000000000023,5.064255910661446,0.8591000000000001,0.7300594202898549,0.4376,0.0835083790273776,85.530464,4.417028,0.0,10.037336620662122,12.70598264298638,5.522629072804696,83.35648763092158,8.638492460558155,888.0
899,cycle1,31.29000000000002,20.475632183908072,5.03000000000003,5.009297149668474,0.864,0.7661144927536233,0.2927,0.1182035400967733,86.69754,4.5799007,0.0,11.094001840873622,12.496013908739808,5.465820991034025,83.02859453155448,8.16750646526469,584.0
901,cycle1,32.01000000000005,19.783314917127107,5.630000000000052,4.856705856211057,0.8473,0.7217173913043481,0.3648,0.0931734255771138,94.79217,4.283743,0.0,10.306025071106744,12.481404840246668,5.47679849832682,83.65576883013632,7.90881523323893,932.0
902,cycle1,31.370000000000005,19.350962566844963,5.330000000000041,4.814291017787125,0.8174,0.7078289855072466,0.2901,0.1140442808755431,101.93723,4.2323775,0.0,10.023592273541947,12.410235795497815,5.464904214329467,84.31972725254403,7.75274669981217,986.0
905,cycle1,31.69000000000005,19.782947368421095,8.050000000000011,4.889277069300448,0.8896000000000001,0.779978260869565,0.3511,0.1314243055075243,129.6052,4.872169,0.0,11.45412108613042,12.2660311233517,5.39480177147085,85.96834767162274,7.410817189349652,904.0
906,cycle1,31.750000000000057,19.679523809523843,8.690000000000055,4.530556077319188,0.8427,0.7133724637681159,0.3218,0.1154165949990576,117.09209,5.1882114,0.0,12.613915877748996,12.094098279516064,5.3138604303748105,85.07306073530235,7.302835622740258,908.0
907,cycle1,33.170000000000016,21.940235294117663,9.750000000000057,4.524881402793085,0.8795000000000001,0.7753782608695651,0.3422,0.1026968958925307,119.1305,5.564915,0.0,13.490616764565718,11.80692599093159,5.200726079859179,84.51056278311871,7.193935851264783,148.0
909,cycle1,33.43000000000001,22.277222222222274,12.430000000000009,4.227626183586544,0.8406,0.7005275362318839,0.3318,0.0962659463681834,107.55949,5.720088,0.0,13.539581938229912,11.705983934310586,5.125739473080447,84.01570526454209,6.88874676077428,474.0
912,cycle1,33.410000000000025,23.648637770897874,9.450000000000044,4.339699737305092,0.8384,0.7329565217391308,0.5844,0.0504850285692754,119.84675,5.2995205,0.0,13.04785243082186,11.63136942472155,5.115199049725637,83.04279351539475,7.433243956659209,13.0
918,cycle1,37.33000000000004,25.08604355716881,4.53000000000003,5.337447437222029,0.8415,0.7115637681159424,0.611,0.0500000115101802,101.94512,5.5581512,0.0,12.652378957824196,14.46504126216448,5.869422363609109,77.29585560842658,9.418597241522477,681.0
926,cycle1,37.63000000000005,25.233680297397832,10.370000000000005,5.313988188759879,0.8583000000000001,0.6723927536231883,0.5362,0.0870741618256249,86.29529,5.4112735,0.0,12.593822917127952,14.302706940703288,5.777833434106518,77.72281277271202,8.827907472959396,733.0
933,cycle1,29.470000000000027,18.4728191489362,4.890000000000043,4.674786094691675,0.8898,0.7880231884057972,0.2796,0.1220131759871512,84.56416,4.5135994,0.0,10.536182389014789,13.160572242986376,5.536211010997981,83.47859357217477,8.528946475692702,1111.0
934,cycle1,30.930000000000007,19.570898876404527,6.53000000000003,4.5995826973513285,0.8636,0.7590420289855071,0.4323,0.1073758499901209,90.60926,4.4836173,0.0,10.70139407193292,13.160572242986376,5.536211010997981,83.47859357217477,8.528946475692702,1154.0
939,cycle1,30.69000000000005,19.059451219512216,5.930000000000007,4.823252590576039,0.8802000000000001,0.7646768115942028,0.1781,0.12086957894554,85.57105,4.232822,0.0,10.017239226783426,12.88421005668502,5.559453909218921,82.99372201008505,8.59898170994806,943.0
941,cycle1,30.57000000000005,20.78456238361269,4.650000000000034,4.704832834073342,0.7175,0.5601710144927536,0.379,0.0751434359836872,97.90531,4.7480917,0.0,10.876379668643937,13.676129395497805,5.858328121930513,79.6992757462664,7.995759789066745,634.0
945,cycle1,32.03000000000003,20.344358974358997,5.630000000000052,5.010693189720187,0.8676,0.7560144927536232,0.3916,0.1109044872726371,102.18935,4.5734005,0.0,11.5861614328468,12.596791937963577,5.483675338340756,82.96950206814373,8.043161213393818,877.0
946,cycle1,32.870000000000005,20.491412429378563,6.8700000000000045,4.9748601018814265,0.8438,0.7146014492753622,0.2625,0.1127951066529763,86.89247,4.4256263,0.0,11.021438992520029,12.56882054070326,5.481366665050476,83.11238936901334,7.9762195761864,932.0
949,cycle1,32.47000000000003,20.527863013698678,6.990000000000009,4.8522655443350216,0.7941,0.7005376811594203,0.4473,0.0701035075337606,93.01022,4.3696265,0.0,10.326996871462793,12.452886432940728,5.472962597496603,85.16032458570345,7.728203493844387,888.0
953,cycle1,33.31,22.007868852459055,9.150000000000034,4.493847262399148,0.8737,0.7739188405797099,0.3102,0.1069649262241343,139.86374,5.5173726,0.0,13.413851301521929,12.103767658511511,5.36693585572106,85.483984749343,7.440557391103324,191.0
955,cycle1,38.170000000000016,25.63813056379825,14.07000000000005,5.502992259208746,0.628,0.5700637681159421,0.3911,0.0383027829276685,125.002556,6.1966395,0.0,14.65111602831936,11.719418327004664,5.189751370772987,84.4728331640608,6.873699014075271,212.0
959,cycle1,33.97000000000003,23.914451410658334,8.850000000000023,4.60905762166906,0.7976000000000001,0.7042347826086959,0.2651,0.0784540977695653,133.81987,5.753263,0.0,14.174380894104162,11.90979141376265,5.279031190766989,82.98399265462353,7.435546694078829,22.0
974,cycle1,31.910000000000025,20.04185840707968,4.430000000000007,4.79605883222196,0.8400000000000001,0.7338318840579711,0.2161,0.1055433690552017,69.31673,4.5497184,0.0,10.5148157186654,12.893588297780925,5.460827353014397,83.19331097309724,8.32566238578396,992.0
976,cycle1,33.97000000000003,21.140849673202677,7.810000000000002,5.295813113484629,0.8509,0.738085507246377,0.374,0.0793654878364956,83.48331,4.209594,0.0,9.915850646130604,12.715455795497778,5.415100746281099,83.12893606772695,8.059992661412199,883.0
978,cycle1,32.63000000000005,20.34748344370865,7.870000000000003,5.097722802674171,0.8609,0.7503724637681155,0.3455,0.0984025816853211,83.11869,4.326106,0.0,10.159116580168158,12.744160579059436,5.475594984385279,82.32066216565532,8.287901548429323,1067.0
979,cycle1,33.670000000000016,21.107152542372912,8.270000000000039,5.135613642516886,0.8585,0.6966521739130436,0.4131,0.0910225288384336,81.50961,4.347333,0.0,10.177196438137187,12.685137220155331,5.463999820761111,82.32423340198437,8.210648624480303,805.0
982,cycle1,35.73000000000002,22.259281045751656,9.730000000000018,5.239239093655743,0.8741,0.6592985507246375,0.2482,0.1083160559146902,81.0545,4.5226912,0.0,10.677735116089536,12.496950259424745,5.3889194643146725,83.15224342653615,7.542880284965792,833.0
984,cycle1,34.610000000000014,21.69328358208958,9.750000000000057,4.987909916737798,0.8488,0.7007855072463771,0.2394,0.1164289760181126,86.684044,4.508427,0.0,10.844863387971182,12.47558595622839,5.408210250757815,83.18683979666959,7.54534550415522,842.0
991,cycle1,30.29000000000002,19.18745152354574,4.550000000000011,4.785594049099268,0.8716,0.7685173913043478,0.2317,0.1453279000678201,100.46854,4.8355346,0.0,11.878418802724092,12.461231722438455,5.491294649602819,85.83378674281313,7.518231075226113,858.0
992,cycle1,33.27000000000004,20.978609625668486,8.750000000000057,4.717710594560097,0.8864000000000001,0.7847652173913042,0.2645,0.115054099217245,109.68914,5.2830396,0.0,12.503401255127688,11.964273428374506,5.2973961276530295,86.03638393461472,7.377280058201522,479.0
993,cycle1,33.650000000000034,22.202030848329063,8.150000000000034,4.741008888875423,0.8855000000000001,0.8177695652173915,0.5088,0.0582473842277571,131.60963,5.5534415,0.0,13.284070228143582,11.964273428374506,5.2973961276530295,86.03638393461472,7.377280058201522,346.0
994,cycle1,31.83000000000004,20.67416422287394,7.990000000000009,4.478652946965694,0.902,0.8117260869565217,0.3884,0.0902774734804962,130.31303,5.9192767,0.0,14.249726512988069,11.951145899607392,5.2775364593205385,85.8436456564819,7.658257113614831,270.0
995,cycle1,33.13000000000005,23.60667638483969,10.670000000000016,4.485769339022146,0.8411000000000001,0.7230521739130435,0.486,0.0635162825380096,131.58015,6.4356966,0.0,15.424390043012222,11.665966023808318,5.18320754644873,85.38763622960383,7.020512295827964,90.0
997,cycle1,34.83000000000004,23.722258064516183,14.170000000000016,4.351891179318179,0.8389000000000001,0.7695057971014492,0.4892,0.0550361195865713,163.38048,6.538177,0.0,16.80938064389652,11.519061715132509,5.19607106268083,84.02170481853621,6.520969103114382,32.0
1000,cycle1,31.650000000000038,20.55048417132219,6.850000000000023,5.053067411817456,0.8160000000000001,0.6933376811594203,0.5736,0.0535346457004733,97.49645,4.789798,0.0,11.059544126360125,13.848667296867676,5.909124914114692,79.69153983881932,7.90981505433061,765.0
1001,cycle1,37.690000000000055,24.851174311926613,8.150000000000034,5.409457984420712,0.8322,0.6858449275362319,0.5832,0.0514938593109305,96.88963,5.562778,0.0,13.175915366145508,14.518048615589128,5.843283973710657,78.61767907277203,10.388588812990392,748.0
1003,cycle1,34.610000000000014,23.15813868613143,8.510000000000048,5.073824070274188,0.8971,0.773226086956522,0.6976,0.0494420775212294,101.06092,5.449415,0.0,12.815733917387895,14.468812761707849,5.820985233220872,78.61426279165937,9.167887398643575,886.0
1010,cycle1,35.43000000000001,22.410279720279743,8.190000000000055,5.385234402707717,0.8550000000000001,0.6919884057971013,0.4263,0.0908087216270858,78.44908,4.4423194,0.0,10.599634204939644,12.593376999150756,5.430074686937643,82.31840262217163,7.513610356354436,796.0
1013,cycle1,32.51000000000005,21.29193333333336,8.250000000000057,5.2276013870820695,0.8649,0.6894391304347826,0.4008,0.094134558667239,84.224945,4.5420437,0.0,11.015152000377302,12.589913886822012,5.437880006675616,82.7563969264532,7.5753159486790835,821.0
1016,cycle1,34.71000000000004,21.603293051359557,8.390000000000043,5.068053342705967,0.8344,0.6846666666666669,0.275,0.1093563032604975,89.848175,4.4091463,0.0,10.925343638159122,12.589692009196428,5.447984340309201,82.61748584839611,7.801519679897319,887.0
1019,cycle1,35.13000000000005,21.937305389221592,9.750000000000057,5.076464590546483,0.8551000000000001,0.6644000000000001,0.3029,0.0930030200538152,79.63065,4.4102054,0.0,10.68975952083533,12.507915892301462,5.448592413605524,83.4686669976924,7.476780345546123,904.0
1024,cycle1,31.03000000000003,20.03849462365596,3.9500000000000455,4.739458579449202,0.8565,0.7514652173913045,0.1615,0.1056709012447609,108.21954,5.5546184,0.0,12.86617809775404,12.194048401890502,5.387378634266826,85.64637671001867,7.804095028219717,997.0
1025,cycle1,31.77000000000004,20.02433333333338,8.230000000000018,4.716005030154637,0.9058,0.789469565217391,0.1551,0.1241261914044143,109.149,5.74196,0.0,13.693388820729286,12.066761620155331,5.381522701834456,86.17106017578851,7.718655942357776,775.0
1026,cycle1,32.55000000000001,20.12685714285716,8.550000000000011,4.42862408263635,0.874,0.7691579710144929,0.3147,0.1110103408237102,116.99288,6.3411245,0.0,15.081117656415584,11.990545295041189,5.371681142997131,85.66650307593058,7.097093976704035,735.0
1027,cycle1,31.71000000000004,22.39818791946313,10.07000000000005,4.239020726106822,0.8738,0.7799768115942031,0.3063,0.0959322105839075,177.56184,6.6311917,0.0,16.57258461273719,11.753736367187294,5.296954956467781,85.07575677819756,6.631580911923421,60.0
1031,cycle1,34.370000000000005,23.27083565459612,8.130000000000052,4.412267827282952,0.8485,0.7611666666666668,0.5492,0.0684749645706117,161.33635,6.7805123,0.0,16.972801193715952,12.473978652118808,5.629840837056431,82.00405263394646,7.037883144937219,20.0
1034,cycle1,35.190000000000055,22.10929328621913,9.630000000000052,5.301808698197787,0.8478,0.6991333333333333,0.392,0.0946469253757984,86.65391,4.5586247,0.0,10.927888946703993,12.601438288648502,5.405178283583068,82.04218594620842,7.412465923982194,811.0
1042,cycle1,35.07000000000005,22.02202453987734,7.390000000000043,5.149511878649688,0.8188000000000001,0.6720797101449276,0.3251,0.0903229753616261,75.10546,4.30714,0.0,10.520876859002708,12.57880776810055,5.428553855856153,82.31380068714918,7.37882555841855,859.0
1047,cycle1,32.150000000000034,20.02416666666669,6.4500000000000455,4.736283631592268,0.88,0.7802507246376811,0.1983,0.1229310182708104,113.575325,5.5050945,0.0,13.195708975989248,12.004254120611956,5.358330721379961,85.90232027686035,7.970062610661667,863.0
1048,cycle1,32.27000000000004,19.96318750000005,8.950000000000045,4.414581502231314,0.8821,0.7606449275362316,0.2525,0.143496651009987,133.38762,6.09354,0.0,14.882486470548486,11.716302358054875,5.306537801012135,85.47753288037761,6.795776329128977,553.0
1052,cycle1,31.170000000000016,21.840028169014136,7.53000000000003,4.100124731774228,0.896,0.809813043478261,0.4004,0.0795671513188588,156.70016,7.1314187,0.0,17.83031897308805,12.35282343385398,5.636451218750139,83.97052705348612,6.14600742096894,244.0
1055,cycle1,34.150000000000034,22.52689045936399,7.710000000000036,5.374383049021709,0.8766,0.6821014492753624,0.4609,0.0865633729364294,95.01429,4.6558313,0.0,11.140617987155212,12.668676440246678,5.398799500747095,81.96970417664193,7.360553210163829,796.0
1059,cycle1,32.35000000000002,20.80828382838288,7.710000000000036,4.927798130452382,0.8612000000000001,0.7142260869565216,0.3972,0.097098556911283,85.825005,4.581722,0.0,10.908330666365153,12.974903421068571,5.547589956163281,81.66108923942723,7.957863294602017,848.0
1061,cycle1,36.05000000000001,22.37031645569624,9.130000000000052,5.2582262159239885,0.8544,0.6578289855072463,0.4491,0.0920360863402289,80.64703,4.49488,0.0,10.875917797666643,12.780731459424752,5.4617300186976285,81.4471813938722,7.724193597309438,884.0
1062,cycle1,32.49000000000001,20.660760667903592,5.7900000000000205,5.216912981259683,0.8565,0.791955072463768,0.6959000000000001,0.0438021623985892,97.92594,4.7817807,0.0,11.020880195696432,13.76680436536081,5.8658467663288185,78.72713887223553,8.08850100761297,877.0
1063,cycle1,33.43000000000001,21.31777479892765,8.57000000000005,4.765962048127315,0.8425,0.707659420289855,0.2318,0.1087970498838657,103.6083,5.0435343,0.0,12.2782577210864,12.10930563294073,5.3178312131501135,85.18602820868139,8.049902930432536,853.0
1065,cycle1,30.63000000000005,19.44247126436784,7.470000000000027,4.579612703443636,0.8605,0.7460681159420293,0.1834,0.1470614004596227,124.947105,5.9799776,0.0,14.281484390717656,11.89946639641104,5.328383188210984,86.21909013170854,7.511173588134919,1127.0
1066,cycle1,32.410000000000025,21.8353703703704,12.150000000000034,4.379198252187437,0.9065,0.778544927536232,0.1854,0.1571671707950459,104.11486,6.0148344,0.0,14.16158343331845,11.773110358054907,5.322729501894571,85.69765460939294,7.045189112153049,742.0
1068,cycle1,31.83000000000004,22.88640000000003,12.510000000000048,3.9667353485850088,0.7766000000000001,0.6479869565217392,0.3307,0.0825010002803524,205.0404,7.346221,0.0,19.444173193023037,11.823366743442998,5.423346194091439,85.46060629637647,6.075518703904001,28.0
1069,cycle1,32.03000000000003,22.23063492063494,11.090000000000032,4.146031750893408,0.8984000000000001,0.7956463768115946,0.4636,0.0910181755693531,218.44295,7.306564,0.0,18.879377641974354,11.581245132484108,5.254931704491175,84.89729749631094,6.236442960662243,28.0
1072,cycle1,32.150000000000034,22.635786163522045,11.190000000000056,4.183806665995075,0.8586,0.7512478260869567,0.2263,0.126343499581808,180.63385,6.488553,0.0,16.35346950686607,11.578726999150769,5.318482271552371,86.1785043158955,6.938905685753648,132.0
1073,cycle1,33.33000000000004,23.83201892744481,11.410000000000023,4.393251890113956,0.8494,0.7611144927536235,0.3497,0.0887235558077852,212.49707,6.949197,0.0,17.40687937129747,11.520959970840268,5.27885172275001,85.74751534131173,6.089031294852609,31.0
1074,cycle1,32.93000000000001,23.741012658227863,10.470000000000027,4.478877881321338,0.8478,0.7532681159420291,0.4009,0.0650367889039959,153.24738,7.091273,0.0,17.907562045715768,11.66047154526951,5.32370921343849,85.52632641753995,5.831669331450337,21.0
1123,cycle1,33.410000000000025,21.85521072796938,4.190000000000055,5.341675700105337,0.8465,0.7608115942028989,0.6721,0.0500687484936347,87.84398,4.8545175,0.0,11.177752367811529,13.91693236353434,5.910651450149649,78.25361723673755,8.176427847653601,721.0
1187,cycle1,36.450000000000045,22.662198019802,5.190000000000055,5.802515818347656,0.811,0.7082492753623186,0.5710000000000001,0.0497624403590661,84.74427,4.910788,0.0,11.16514471563707,13.953764144356246,5.878855981473254,77.78444469948428,8.427385164255192,675.0
1188,cycle1,35.39000000000004,22.53342052313888,5.430000000000007,5.593719995724178,0.7902,0.6929594202898551,0.5968,0.0482775199549145,85.84523,4.9236054,0.0,11.442128028093292,13.953764144356246,5.878855981473254,77.78444469948428,8.427385164255192,681.0
1190,cycle1,33.39000000000004,21.59008368200841,4.3700000000000045,5.386259753786145,0.8255,0.7393028985507245,0.425,0.0613465470273451,75.47014,4.9023614,0.0,10.95978279798196,13.88380817175349,5.860662210914403,78.29504646786978,8.28192841953604,778.0
1191,cycle1,34.55000000000001,21.58935483870969,4.630000000000052,5.656576780535203,0.8306,0.7193724637681159,0.6105,0.0588166886601442,79.15042,4.8585324,0.0,11.076261882644122,13.75708564755261,5.817410652718558,79.15439802762283,7.891673201719536,715.0
1195,cycle1,33.53000000000003,20.968741865509784,5.830000000000041,5.647056951474178,0.8077000000000001,0.6748318840579708,0.3381,0.0826192866081451,98.047386,4.808372,0.0,11.134471809113109,13.674073019242105,5.802151842318034,79.70764188410043,7.752784193323871,917.0
1249,cycle1,33.650000000000034,21.95459203036055,6.610000000000014,5.494734910856228,0.808,0.7138608695652174,0.6168,0.0526580387834482,76.21889,4.9392676,0.0,11.015869378697865,14.257184034767215,5.992982217280888,77.12908899110127,8.154732919687742,629.0
1318,cycle1,31.510000000000048,21.35010928961751,5.2900000000000205,5.035225206902961,0.8494,0.752986956521739,0.6367,0.0518850929781014,68.94111,4.885668,0.0,10.939426526901412,14.257184034767215,5.992982217280888,77.12908899110127,8.154732919687742,654.0
1388,cycle1,33.93000000000001,22.334270833333377,6.890000000000043,5.417587661084776,0.7975,0.6844434782608694,0.5928,0.0463599823631697,61.054516,4.807158,0.0,10.534344950522192,14.417478951662176,6.005529265671232,76.12330658257727,8.277995923396997,609.0
1461,cycle1,35.410000000000025,23.841735241502708,5.53000000000003,5.536335887291799,0.7937000000000001,0.7161304347826084,0.5658000000000001,0.0461887473100559,73.15319,4.9865637,0.0,11.19768194209252,14.769448292301444,6.186737757609669,76.67490824465236,8.103325798266395,514.0
1536,cycle1,34.110000000000014,22.68868284228772,4.310000000000002,5.6618758793414345,0.7357,0.6431086956521739,0.557,0.043623320910774,73.92464,5.1424675,0.0,11.369119278707656,14.950844173580004,6.22894806236757,77.07547247288385,8.02617311278601,440.0
1542,cycle1,34.57000000000005,23.36414814814816,6.690000000000055,5.501845196899445,0.8389000000000001,0.7515304347826087,0.6341,0.0453159258064411,61.693245,4.8205175,0.0,10.565355931291249,14.375897833854,5.927668918818831,76.36138126365321,8.169875392571432,614.0
1616,cycle1,34.85000000000002,23.11651408450708,6.890000000000043,5.758892740351421,0.8141,0.735553623188406,0.6382,0.0394403331397773,79.13049,5.157814,0.0,11.485645679234214,14.643055163534331,6.062546345657608,76.54400090904427,8.142164056694712,623.0
1618,cycle1,34.870000000000005,22.942696629213525,6.230000000000018,5.4630257212977575,0.8242,0.7412637681159421,0.6597000000000001,0.0401151060166736,74.67084,5.0655484,0.0,11.312268647702837,14.550133150748946,5.999294629686364,76.6654486789701,8.089961970870206,641.0
1619,cycle1,35.03000000000003,23.189235181644392,7.870000000000003,5.353147872913514,0.8165,0.750463768115942,0.6615,0.0393822257083484,69.84808,4.9352913,0.0,10.903071305605076,14.550133150748946,5.999294629686364,76.6654486789701,8.089961970870206,554.0
1693,cycle1,34.690000000000055,23.41688524590166,2.150000000000034,5.502322605099072,0.8103,0.746178260869565,0.6575000000000001,0.0372930302753827,79.411896,5.307917,0.0,11.953528712691655,14.711698374493224,6.0470884604885935,77.06469269647484,8.149257512994696,569.0
1694,cycle1,35.110000000000014,23.763570093458,8.130000000000052,5.397990259644488,0.8154,0.7469231884057972,0.6241,0.0420676582197613,77.3668,5.262871,0.0,11.81989521002,14.488944937050332,5.926600264220244,76.55197765080871,8.33841823275545,525.0
1703,cycle1,34.51000000000005,23.51860759493673,3.2100000000000364,5.61661405080922,0.8142,0.7274101449275363,0.6032000000000001,0.0514021009690943,77.01264,4.512144,0.0,10.374422767819476,14.198265483169038,5.780580864890704,77.54277545540275,8.05901711825695,614.0
1770,cycle1,38.05000000000001,24.333523489932915,6.670000000000016,6.199430613694423,0.8173,0.7024637681159419,0.5800000000000001,0.0573578671076139,91.63564,5.0957775,0.0,12.021864100063508,14.447289574493237,6.123606269376067,76.56209203888943,8.847341141127467,481.0
1774,cycle1,33.71000000000004,23.37944543828268,5.810000000000002,5.654520778817443,0.764,0.6677014492753622,0.5634,0.0433049868024192,82.95881,5.312074,0.0,12.043040687824984,15.134875589105103,6.332055662572701,77.85751004752022,7.961065511865755,513.0
1775,cycle1,33.49000000000001,22.719018932874405,4.770000000000039,5.3039937443322085,0.6925,0.6058884057971015,0.4938,0.0464079470213223,80.188095,5.3286724,0.0,12.111264903739183,15.134875589105103,6.332055662572701,77.85751004752022,7.961065511865755,501.0
1787,cycle1,35.670000000000016,23.216353383458685,4.710000000000036,5.508884916022164,0.8331000000000001,0.7348637681159422,0.4868,0.0565431833716582,104.23527,4.616219,0.0,10.491283869637549,14.351418253945276,5.836360176140301,77.25186167098903,8.078137582308031,638.0
1859,cycle1,34.110000000000014,23.43660808435857,7.010000000000048,5.524151026010808,0.7963,0.6905159420289856,0.4535,0.0536205444706576,102.77844,5.184043,0.0,12.230901645026057,14.610726001890486,6.144294466859591,77.71659870008321,8.3523461513736,521.0
1861,cycle1,38.43000000000001,24.12386809269168,4.7900000000000205,5.925306268735927,0.7863,0.679227536231884,0.451,0.0568387979456026,104.28044,5.2317176,0.0,12.210087676052645,14.669829992758087,6.1270811326185,77.90465524740495,8.214556446768395,439.0
1864,cycle1,35.05000000000001,24.65207156308857,4.810000000000002,5.764345328357457,0.8273,0.7329072463768118,0.6095,0.0413768342343619,81.97037,5.2968845,0.0,12.10150800613294,14.668212562621084,6.087989439991837,77.81550772870696,8.171736996938813,547.0
1869,cycle1,34.53000000000003,23.762393320964765,7.050000000000011,5.587458194672204,0.8284,0.7586507246376808,0.6886,0.0339322454618641,87.312164,5.4197574,0.0,12.257024381322038,14.546710955315156,5.954582099171129,77.20171785654473,8.389488027876112,710.0
1959,cycle1,35.51000000000005,24.018007889546386,8.79000000000002,5.254257799687632,0.8546,0.754172463768116,0.6333000000000001,0.0487506577705411,88.9517,5.292727,0.0,12.336424837522785,14.53280558362566,6.130049588619984,76.64983853289196,8.945955119634469,662.0
1961,cycle1,42.71000000000004,24.043831417624556,6.150000000000034,5.388870135340492,0.863,0.7710710144927537,0.5308,0.0457398000079544,101.17885,5.292466,0.0,12.24618064657732,14.610726001890486,6.144294466859591,77.71659870008321,8.3523461513736,587.0
1965,cycle1,34.85000000000002,24.049519038076205,6.470000000000027,5.486985711073465,0.8289000000000001,0.7364565217391303,0.642,0.043308346681093,72.76329,5.419398,0.0,12.173203920002258,14.668212562621084,6.087989439991837,77.81550772870696,8.171736996938813,657.0
1970,cycle1,35.53000000000003,24.21840148698889,6.190000000000055,5.499666435521761,0.8325,0.7516942028985506,0.6538,0.0420465852205921,83.86767,5.4345865,0.0,12.397964427008656,14.546710955315156,5.954582099171129,77.20171785654473,8.389488027876112,581.0
1980,cycle1,35.370000000000005,22.4774115456239,4.510000000000048,5.358295210636956,0.8529,0.7411333333333334,0.6347,0.0560472411159982,73.55011,5.0382767,0.0,11.10179402476792,14.363644445726123,5.786423192413451,77.32071874647708,8.395306170850848,755.0
2001,cycle1,30.31,19.83812500000004,5.230000000000018,4.994834758242985,0.8711000000000001,0.7156826086956523,0.267,0.1149968745089087,86.629395,4.621099,0.0,11.149999815946824,12.9389217388768,5.582096123370524,81.80539676635391,7.798405261821159,806.0
2002,cycle1,30.31,19.83812500000004,5.230000000000018,4.994834758242985,0.8711000000000001,0.7156826086956523,0.267,0.1149968745089087,86.629395,4.621099,0.0,11.149999815946824,12.9389217388768,5.582096123370524,81.80539676635391,7.798405261821159,812.0
2051,cycle1,34.650000000000034,24.05567272727278,6.210000000000036,5.665603891601212,0.7180000000000001,0.6379217391304349,0.4868,0.0434076927315854,100.67717,4.967668,0.0,12.033639163387315,14.70742406764392,6.251466488814942,76.6813799372039,9.959509490256863,306.0
2056,cycle1,36.670000000000016,24.841006944444477,2.730000000000018,5.918857137944418,0.8332,0.7379492753623189,0.6508,0.0379608670476741,99.41852,5.0916924,0.0,12.357106783644095,14.635147620155331,6.220049466573796,76.22254412027313,9.410922139634476,274.0
2077,cycle1,36.43000000000001,23.67831372549021,5.590000000000032,5.398581503924781,0.8504,0.7714202898550722,0.5893,0.0458325957665399,101.17885,5.292466,0.0,12.24618064657732,14.610726001890486,6.144294466859591,77.71659870008321,8.3523461513736,483.0
2079,cycle1,35.31,24.00709803921573,5.130000000000052,5.45935981758289,0.8503000000000001,0.7339086956521741,0.4755,0.0575852203741948,74.950935,5.3756127,0.0,12.174009350027877,14.669829992758087,6.1270811326185,77.90465524740495,8.214556446768395,565.0
2081,cycle1,35.650000000000034,24.13956000000005,6.210000000000036,5.889627272281268,0.7741,0.6983405797101447,0.6183000000000001,0.0387483419704827,72.76329,5.419398,0.0,12.173203920002258,14.668212562621084,6.087989439991837,77.81550772870696,8.171736996938813,734.0
2083,cycle1,35.690000000000055,23.57941176470593,5.630000000000052,5.646855314960365,0.8309000000000001,0.7603144927536235,0.6666000000000001,0.0370782770708056,75.38281,5.4607663,0.0,12.210351096294747,14.698702949835717,6.066468566715489,77.52287046989025,8.250924534909792,517.0
2088,cycle1,34.55000000000001,23.2448094373866,4.270000000000039,5.180174119762237,0.8666,0.7930898550724642,0.7251000000000001,0.0352378220095742,77.99459,5.459554,0.0,12.285022379679036,14.513228874949856,5.911825393967828,76.91768763476982,8.532880882889003,654.0
2099,cycle1,34.450000000000045,23.109924528301896,5.230000000000018,5.40437879714071,0.7956000000000001,0.7154695652173916,0.5624,0.0483819384923168,72.78065,5.124996,0.0,11.378174446395091,14.30436109230146,5.76865007714642,78.08926226202537,8.106480256408739,606.0
2100,cycle1,34.07000000000005,22.891940298507503,5.250000000000057,5.155541212177879,0.8516,0.7596420289855073,0.611,0.0535593654263069,72.78065,5.124996,0.0,11.378174446395091,14.30436109230146,5.76865007714642,78.08926226202537,8.106480256408739,654.0
2101,cycle1,34.75000000000006,22.996082089552274,5.330000000000041,5.164331705401025,0.8501000000000001,0.7432057971014493,0.5748,0.0545944385447523,72.07452,5.207952,0.0,11.63028401910584,14.108736042073144,5.706343373011806,77.80094753362329,8.347313303639053,770.0
2166,cycle1,37.910000000000025,26.08834896810512,4.330000000000041,5.973636788933511,0.8245,0.7296275362318844,0.6045,0.0451838815818107,89.77629,5.116556,0.0,12.03673471824453,14.430903790018364,6.105377241715149,76.32834629672446,9.671286730673089,379.0
2170,cycle1,36.870000000000005,24.558868940754063,3.390000000000043,5.805868353510936,0.8426,0.7518710144927537,0.507,0.0489320679696059,99.166954,5.1980352,0.0,12.36645316765246,14.597658073123364,6.19775699572719,75.62387264857729,9.535369106093151,356.0
2172,cycle1,37.03000000000003,24.55112478031636,3.550000000000012,5.910508243625278,0.8143,0.7302507246376814,0.6365000000000001,0.0397455334221466,99.99847,5.1736145,0.0,12.422627935109745,14.69072670508686,6.258391921316013,75.88093044414337,9.211129091493923,305.0
2179,cycle1,37.09000000000003,25.25485268630852,6.8700000000000045,5.877343275077545,0.8082,0.7255333333333335,0.5889,0.0480551364087686,96.67034,5.039915,0.0,11.956246333613407,14.715249348009223,6.280341202686423,76.10127574796573,8.914477958969924,366.0
2194,cycle1,35.110000000000014,23.800919117647076,6.330000000000041,5.738089509065436,0.8426,0.743014492753623,0.6528,0.0414171751650904,73.30019,5.4488444,0.0,12.075130538843574,14.540542637506933,6.038325253658871,77.1806717002884,8.534951551255395,633.0
2195,cycle1,34.13000000000005,23.214708097928487,6.850000000000023,5.588172172481215,0.8485,0.7636014492753624,0.6754,0.0383955971689134,82.62992,5.486668,0.0,12.265209158934194,14.557347527004652,5.992893495365196,77.3539663896094,8.486166174832755,809.0
2216,cycle1,33.97000000000003,22.58044280442808,4.010000000000048,5.190272567430236,0.8468,0.7608898550724639,0.6659,0.046092340037405,69.55671,5.2377267,0.0,11.578666070010858,14.184052957141644,5.7229096689778,78.27238906752875,8.459256452665572,773.0
2281,cycle1,38.43000000000001,25.874126984127045,4.9500000000000455,6.039284919018097,0.8282,0.7341188405797101,0.6113000000000001,0.0400357277953736,94.10176,5.1275163,0.0,12.039456518984256,14.430903790018364,6.105377241715149,76.32834629672446,9.671286730673089,266.0
2287,cycle1,37.27000000000004,25.404528301886817,5.490000000000009,5.739977603676482,0.8088000000000001,0.730417391304348,0.4759,0.05186355274506,96.95056,5.2143016,0.0,12.38208937112251,14.69072670508686,6.258391921316013,75.88093044414337,9.211129091493923,298.0
2294,cycle1,39.07000000000005,25.258592057761764,7.690000000000055,5.8726962764648585,0.8112,0.719368115942029,0.4779,0.0577846489136476,93.57073,5.078582,0.0,12.058969884605215,14.715249348009223,6.280341202686423,76.10127574796573,8.914477958969924,319.0
2310,cycle1,35.33000000000004,23.65725952813071,4.470000000000027,5.660277702506039,0.8295,0.7326768115942028,0.6289,0.0446252743909969,94.62253,5.5665894,0.0,12.85445779461222,14.540542637506933,6.038325253658871,77.1806717002884,8.534951551255395,826.0
2406,cycle1,38.01000000000005,25.52555977229604,5.8700000000000045,5.905276386654938,0.8386,0.7448115942028983,0.4531,0.0583311002543163,92.67909,5.1825457,0.0,12.070444978310222,14.511401072210136,6.115462743347078,75.7103119145273,9.11862152427959,462.0
2414,cycle1,36.13000000000005,25.14010526315793,5.53000000000003,5.554446202862859,0.8424,0.7595086956521742,0.6584,0.0415671858426585,95.50444,5.129572,0.0,11.852946062080456,14.545140876776346,6.114329376965066,76.10003354440155,8.862607691507064,407.0
2425,cycle1,34.910000000000025,24.1791531531532,3.650000000000034,5.637351352704608,0.807,0.7339333333333337,0.6639,0.0386805672165306,95.8283,5.8098593,0.0,13.25168774670471,14.480034958968137,5.967605758115841,76.72371316544253,8.844133011437119,681.0
2510,cycle1,36.670000000000016,25.22428015564207,5.330000000000041,5.921889418696555,0.8202,0.734549275362319,0.4698,0.0504478454264447,83.1724,5.1938705,0.0,12.07255471629743,14.509057415589114,6.091357499749488,76.6904274397752,9.882937452874613,369.0
2512,cycle1,37.25000000000006,25.56508571428578,6.670000000000016,5.751768278189383,0.8489,0.7511391304347828,0.6683,0.038788576748838,96.16631,5.272903,0.0,12.27407135952651,14.374377492301448,6.036569835171273,76.13878005787429,9.763614147519425,449.0
2515,cycle1,37.75000000000006,25.57015444015448,7.230000000000018,5.730053128589289,0.8027000000000001,0.7208217391304346,0.5921000000000001,0.0444850336974438,89.19486,5.3122644,0.0,12.401103270082228,14.419435373579994,6.064320226410852,75.9375463758872,9.47519326672721,349.0
2530,cycle1,35.29000000000002,24.41148672566371,6.750000000000057,5.631174471745749,0.8449000000000001,0.7694463768115944,0.7036,0.0366602085737256,91.94615,5.144456,0.0,12.064733665031522,14.517910688648495,6.098074624215122,75.6251233132785,9.135596081519518,546.0
2623,cycle1,35.35000000000002,24.60323076923083,3.2700000000000387,5.859780937804056,0.8410000000000001,0.7452202898550727,0.5633,0.0457903843450379,85.22574,5.2362247,0.0,12.069342499827917,14.657481371753532,6.122319586366497,77.14816903751438,10.096897082375,375.0
2645,cycle1,35.25000000000006,24.24855379188716,6.910000000000025,5.5825079566995015,0.8627,0.7713753623188403,0.6756,0.0414904123927599,94.85718,5.202814,0.0,11.866533837047664,14.500410038420176,6.017251313658294,76.40398695972677,8.704934421868108,481.0
2987,cycle1,35.79000000000002,23.883427561837472,4.830000000000041,5.316113173791071,0.8686,0.7831478260869567,0.6857000000000001,0.0428180803226903,101.55748,5.548256,0.0,12.751349769166092,14.262794400064024,5.848248221876112,76.41335741138192,9.193786382928623,562.0
3001,cycle1,31.19000000000005,20.23938356164385,7.410000000000025,4.872991082051938,0.8861,0.7709318840579709,0.3258,0.1095983821058445,84.224945,4.5420437,0.0,11.015152000377302,12.589913886822012,5.437880006675616,82.7563969264532,7.5753159486790835,824.0
3002,cycle1,31.19000000000005,20.23938356164385,7.410000000000025,4.872991082051938,0.8861,0.7709318840579709,0.3258,0.1095983821058445,84.224945,4.5420437,0.0,11.015152000377302,12.589913886822012,5.437880006675616,82.7563969264532,7.5753159486790835,822.0
3082,cycle1,37.450000000000045,25.66052224371374,8.07000000000005,5.6705229801546615,0.8540000000000001,0.7402144927536233,0.6359,0.0471083495948872,90.930984,5.379989,0.0,12.376261982148408,14.48548880919643,5.9628446087696,76.03590515525536,9.598636038031977,420.0
3197,cycle1,39.950000000000045,25.88228682170545,4.050000000000011,5.564369919398239,0.8458,0.7342275362318843,0.5285000000000001,0.0543198628737701,86.8552,5.274689,0.0,12.046997011758716,14.500934443899622,5.959052427507764,76.67651565977842,9.222035172555906,379.0
3309,cycle1,38.31,25.95890130353821,7.53000000000003,5.570541072745518,0.8151,0.71848115942029,0.6379,0.0442270075378947,84.39791,5.3466544,0.0,12.14075338888474,14.500934443899622,5.959052427507764,76.67651565977842,9.222035172555906,540.0
3414,cycle1,39.110000000000014,25.2269080234834,8.29000000000002,5.6755076351967215,0.8478,0.7495362318840577,0.6506000000000001,0.0398848232042414,93.59329,5.4631977,0.0,12.407899179702191,14.450823265817435,5.894343559170325,76.61447601008315,9.599771207843892,444.0
3416,cycle1,37.410000000000025,25.5238549618321,4.03000000000003,5.579083178151629,0.8254,0.7081985507246373,0.5821000000000001,0.0508018586124558,91.16799,5.4232945,0.0,12.45389158890588,14.469882443899644,5.901129836467676,77.17344107793856,9.212650471607512,561.0
3427,cycle1,37.650000000000034,24.999465648854997,5.230000000000018,5.501181179615632,0.8023,0.7151536231884059,0.6005,0.0456017212353452,86.00411,5.299548,0.0,12.01041561331493,14.458331494127933,5.874962837342867,76.977013655278,8.93542153159124,596.0
3520,cycle1,39.73000000000002,25.620039062500027,6.890000000000043,5.5307701767903925,0.8273,0.7300985507246377,0.6181,0.0443278840262816,98.1575,5.414566,0.0,12.54255982402384,14.450823265817435,5.894343559170325,76.61447601008315,9.599771207843892,607.0
4000,cycle1,32.77000000000004,20.58518279569895,1.910000000000025,5.12281668352844,0.8274,0.7395028985507246,0.5447000000000001,0.0599657945276953,63.35773,4.7556186,0.0,10.712555665332774,13.694750958968129,5.643385890977281,81.11173178082808,8.575698541645867,1018.0
5000,cycle1,33.59000000000003,21.91514285714292,4.750000000000057,5.5080279518504645,0.8008000000000001,0.7059942028985507,0.4542,0.0599812697432846,90.383095,4.824987,0.0,11.135928582949973,13.630189095954412,5.8138386363448,79.21778368923334,7.887852642039694,914.0
6001,cycle1,34.610000000000014,23.15813868613143,8.510000000000048,5.073824070274188,0.8971,0.773226086956522,0.6976,0.0494420775212294,101.06092,5.449415,0.0,12.815733917387895,14.468812761707849,5.820985233220872,78.61426279165937,9.167887398643575,889.0
6002,cycle1,34.910000000000025,23.66438848920866,6.930000000000007,5.352766798193145,0.8301000000000001,0.6756521739130433,0.562,0.0603497574138624,92.68869,5.41874,0.0,12.526770395606466,14.468812761707849,5.820985233220872,78.61426279165937,9.167887398643575,850.0
6003,cycle1,35.370000000000005,23.80694545454551,9.250000000000057,5.1997090247896125,0.8673000000000001,0.731773913043478,0.6478,0.0443863722792111,93.60469,5.466327,0.0,12.579703604705244,14.521364449379089,5.868081295411001,77.74042861353917,9.333025551552923,857.0
6004,cycle1,33.33000000000004,22.554751773049706,3.9500000000000455,5.052000808830522,0.8904000000000001,0.7743782608695648,0.6996,0.0408256947705476,96.283165,5.502936,0.0,12.646219033301564,14.521364449379089,5.868081295411001,77.74042861353917,9.333025551552923,822.0
6005,cycle1,35.97000000000003,24.98407942238269,3.790000000000021,5.37935292307071,0.8273,0.7152072463768114,0.492,0.0653891080741789,99.24518,5.526638,0.0,12.86291554512194,14.462150038420193,5.863845031520297,76.74555190617295,9.742059039714814,608.0
7001,cycle1,37.63000000000005,25.233680297397832,10.370000000000005,5.313988188759879,0.8583000000000001,0.6723927536231883,0.5362,0.0870741618256249,86.29529,5.4112735,0.0,12.593822917127952,14.302706940703288,5.777833434106518,77.72281277271202,8.827907472959396,730.0
7002,cycle1,37.63000000000005,25.233680297397832,10.370000000000005,5.313988188759879,0.8583000000000001,0.6723927536231883,0.5362,0.0870741618256249,86.29529,5.4112735,0.0,12.593822917127952,14.302706940703288,5.777833434106518,77.72281277271202,8.827907472959396,724.0
8003,cycle1,32.75000000000006,20.821423220973838,8.310000000000002,4.169596464714645,0.8644000000000001,0.7625521739130434,0.4903,0.0733923713776403,170.65587,5.108843,0.0,13.964878365246465,13.918569981799177,5.900596608205517,81.70676554999454,7.236308958169671,198.0
8009,cycle1,37.89000000000004,22.232175732217623,7.270000000000039,4.660569249184017,0.8540000000000001,0.7984971014492752,0.2626,0.0748455955952288,98.601456,5.1787863,0.0,12.394833860252044,12.255046319698712,5.2569881915432415,82.82073058857715,6.357677489878715,67.0
8010,cycle1,35.77000000000004,22.00431635388741,10.670000000000016,4.098593478311448,0.8377,0.6768550724637682,0.3804,0.1068065426213849,163.34622,6.437847,0.0,15.62493089945737,12.473978652118808,5.629840837056431,82.00405263394646,7.037883144937219,10.0
8011,cycle1,33.33000000000004,23.83201892744481,11.410000000000023,4.393251890113956,0.8494,0.7611144927536235,0.3497,0.0887235558077852,212.49707,6.949197,0.0,17.40687937129747,11.520959970840268,5.27885172275001,85.74751534131173,6.089031294852609,20.0
8012,cycle1,31.610000000000014,22.202671755725213,11.79000000000002,3.9632293662245055,0.8352,0.7144130434782608,0.3974,0.0886748267679812,157.46295,6.209737,0.0,15.388743493834683,12.613502091388233,5.672021691788799,82.70803068590915,7.208047573541547,9.0
8013,cycle1,34.910000000000025,23.25388758782205,10.970000000000027,4.356635453475779,0.7895000000000001,0.7214014492753624,0.4922,0.0477552197397528,111.55812,4.621248,0.0,11.634709010664173,12.464408226548043,5.386080192410001,83.04872912841435,7.987860803702142,6.0
405,cycle1,34.370000000000005,21.021205357142897,5.490000000000009,5.611030779122202,0.8398,0.7291115942028983,0.4326,0.0606147027083003,114.574585,4.826284,0.0,11.470506105369951,13.698330045726102,5.750821762879195,79.49262974059491,8.41080452731312,929.0
491,cycle1,35.13000000000005,22.57600375234527,4.250000000000057,5.240851367325137,0.8348,0.7302144927536234,0.6316,0.0543836139946503,83.268425,5.119596,0.0,11.292166831862389,14.33987398362565,5.7842205360206,76.94705371313593,8.528265433666407,800.0
938,cycle1,31.510000000000048,19.20640117994102,5.810000000000002,5.116016843837563,0.8766,0.756953623188406,0.2742,0.1017377782849145,64.324814,4.192751,0.0,9.792623314959757,12.941955844812885,5.555706986607928,83.12189789492827,8.631475994643715,1114.0
1056,cycle1,34.89000000000004,22.49424460431658,7.090000000000032,5.370855066151707,0.8448,0.6815942028985505,0.4169,0.0921114398850564,113.470474,4.698538,0.0,11.37167481347194,12.755957121525208,5.447244697552964,81.75794244434327,7.489129791540934,805.0
1021,cycle1,33.110000000000014,21.2449326145553,7.150000000000034,5.102148184890289,0.8051,0.6870246376811595,0.1487,0.1182793235459679,84.887955,4.594783,0.0,11.097097574938598,12.497875042986392,5.4941205874374575,84.61920836954214,8.025404090120494,831.0
2531,cycle1,35.23000000000002,24.476809269162256,7.970000000000027,5.436715741560337,0.8460000000000001,0.7563304347826085,0.6465000000000001,0.0418872029309275,91.94615,5.144456,0.0,12.064733665031522,14.517910688648495,6.098074624215122,75.6251233132785,9.135596081519518,525.0
3097,cycle1,36.75000000000006,25.941098265896,6.110000000000014,5.647397831038503,0.8343,0.6976130434782609,0.5870000000000001,0.0612159302773618,84.75024,5.33201,0.0,12.245254779774315,14.483795563534338,5.929590807720152,76.63808561076027,8.849876427206857,517.0
797,cycle1,30.79000000000002,20.138359133126965,6.930000000000007,4.879883084405061,0.8609,0.7401753623188408,0.1609,0.1313276016616527,76.61856,4.533754,0.0,10.360955392987826,12.432103269470428,5.4462584259880895,83.38803321533204,8.159502853372375,579.0
852,cycle1,32.25000000000006,20.78760736196321,5.710000000000036,5.003614930572012,0.8598,0.7220898550724637,0.1993,0.1271887689246141,78.867775,4.5101514,0.0,10.503684808186916,12.432103269470428,5.4462584259880895,83.38803321533204,8.159502853372375,643.0
21,cycle1,34.81,22.355066079295167,7.970000000000027,4.887189211367301,0.8692000000000001,0.7526289855072463,0.6309,0.0636624160538349,95.07035,5.176013,0.0,12.422416271979822,13.505440290474985,5.767387838624395,83.23668778274062,8.084232444478372,308.0
214,cycle1,28.31,17.22848812095036,2.010000000000048,4.886136102070641,0.8697,0.7663710144927536,0.2745,0.0935108132962078,133.89389,4.8349237,0.0,11.9082710834772,13.294479285908777,5.701294643571905,83.83387201491396,9.089885829509374,1407.0
217,cycle1,29.33000000000004,17.857314814814842,5.730000000000018,4.951027410488654,0.8735,0.7641434782608695,0.2538,0.1021375251886891,83.27961,4.7648096,0.0,11.243968630879404,13.0514867215252,5.591151881329838,84.45856010383247,8.403335693399013,1205.0
308,cycle1,30.650000000000038,19.119775561097292,6.810000000000002,4.845511813798067,0.8693000000000001,0.7845579710144931,0.5263,0.0672640253265388,95.35684,4.482798,0.0,10.558299688010823,12.7295659544019,5.55309534791182,83.7026505292228,7.479655707273675,630.0
142,cycle1,32.89000000000004,20.516831460674197,8.750000000000057,4.832340683065793,0.9083,0.8194202898550723,0.4006,0.0845150695416301,103.61957,4.684961,0.0,11.219429317137754,12.943611421068583,5.576733963098233,83.58848896779695,7.667021534127402,564.0
1049,cycle1,32.09000000000003,21.00472312703587,11.27000000000004,4.212659628410399,0.8959,0.7672420289855073,0.2243,0.1524031566162853,160.84038,6.2953,0.0,15.616477029896377,11.716302358054875,5.306537801012135,85.47753288037761,6.795776329128977,128.0
863,cycle1,33.170000000000016,22.015159420289898,9.450000000000044,4.522305945150182,0.8922,0.816272463768116,0.5930000000000001,0.0591876746963302,124.63169,5.1286488,0.0,12.53236367915802,11.835462173579993,5.19115412149541,83.38889338413058,6.870302667145291,349.0
384,cycle1,30.970000000000027,19.66418666666672,7.430000000000007,4.810979810650669,0.8613000000000001,0.7790405797101452,0.287,0.0922063491146615,72.09451,4.5023513,0.0,10.630358195481977,12.3757336365937,5.363190620472407,85.46080986916196,6.972423037763384,809.0
385,cycle1,31.850000000000023,20.122071611253237,7.090000000000032,4.737497969685505,0.8532000000000001,0.7685985507246377,0.257,0.0861712475884102,74.59708,4.423571,0.0,10.47849586169785,12.373332381799177,5.365151123173315,86.32291061180958,7.108802358373719,690.0
397,cycle1,34.55000000000001,23.793003802281387,6.430000000000007,5.46405127871361,0.8381000000000001,0.706685507246377,0.5940000000000001,0.0569856765002539,63.18209,4.6111307,0.0,10.21604087615236,14.375897833854,5.927668918818831,76.36138126365321,8.169875392571432,607.0
403,cycle1,38.31,23.057800829875525,6.2900000000000205,5.780463209353444,0.8332,0.6569579710144926,0.4704,0.0836286259252428,68.69763,5.0089493,0.0,11.551408922847678,13.625006432940737,5.668482429521116,79.50408902465617,7.911980507965021,968.0
857,cycle1,31.57000000000005,19.89078740157482,6.410000000000025,4.790224123047666,0.8993,0.7818710144927535,0.3777,0.1173908584711508,113.28532,4.6932545,0.0,11.26780912876571,12.25795574618274,5.400324223079899,86.46371629902707,7.388179311960138,870.0
860,cycle1,32.85000000000002,21.20702005730662,7.310000000000002,4.826049925365378,0.8735,0.7792072463768116,0.3646,0.0955613564472611,116.28389,5.2960415,0.0,12.683712773370868,11.921412911479525,5.201863266819541,85.56894600869104,7.034926294407464,365.0
930,cycle1,34.89000000000004,23.018524590163977,8.53000000000003,4.9950668751561365,0.8726,0.7521289855072463,0.6337,0.058005899503684,93.24081,5.4633765,0.0,12.55167474229949,14.32453952517816,5.761577986854175,79.4090653591095,9.914270654879248,991.0
951,cycle1,31.03000000000003,19.66357142857146,6.670000000000016,4.724720980523545,0.8681000000000001,0.7704405797101448,0.1867,0.1337471390118952,100.876076,4.906727,0.0,11.45626415403686,12.341960062164476,5.443404122882011,85.8980409879984,7.564082573930721,862.0
1,cycle2,32.33000000000004,19.457807394668983,1.1300000000000523,5.428783096252192,0.9141,0.8552285714285712,0.3161,0.0558704540063758,105.75253,5.7853417,0.0,12.30750505115832,14.111390497609223,6.1470970594458,83.1035756149618,8.660486386531213,455.0
4,cycle2,38.59000000000003,23.737722602739773,5.830000000000041,5.1976145363287145,0.8258000000000001,0.679239130434783,0.2344,0.0813329375448724,110.62209,5.2891154,0.0,11.467917626476584,13.956934346592003,5.948453485744304,83.3029045704312,8.300560954948457,225.0
10,cycle2,36.81,22.716421136909563,6.990000000000009,4.868923899378117,0.8361000000000001,0.6941478260869562,0.2047,0.0865629682036071,129.20377,5.075605,0.0,11.107718692430549,14.05857434893945,5.903615118496181,82.59106443706438,7.747795785011938,45.0
15,cycle2,37.93000000000001,22.989218472468917,9.310000000000002,5.039359691791041,0.8774000000000001,0.7812335403726707,0.3109,0.0760436389457541,104.9731,5.069272,0.0,10.791855549740118,13.970976997609208,5.902763169020152,82.15281710578279,8.024353179407056,266.0
23,cycle2,35.670000000000016,24.81003565062392,9.390000000000043,4.568420548601938,0.9054,0.5460645962732921,0.1886,0.1901453090671467,80.274765,4.618439,0.0,9.852772575082064,13.888884212789185,5.748889490235103,82.0984756470117,7.438825890975974,157.0
28,cycle2,37.03000000000003,22.322643478260925,7.370000000000003,5.030644574814203,0.8916000000000001,0.8288894409937891,0.4827,0.0505995809307732,108.31658,5.1171503,0.0,10.922769117793427,14.072147178360424,5.93597930263049,81.30487359365567,8.476055617264805,283.0
30,cycle2,36.57000000000005,23.942698412698405,8.390000000000043,4.827850747888063,0.884,0.6766819875776398,0.4835,0.1029510411823105,93.25876,4.724603,0.0,10.258418153760916,13.876057556294642,5.800393338322768,81.83851470546097,7.928130382651633,72.0
37,cycle2,34.05000000000001,21.19935540069688,5.610000000000014,5.071317919254475,0.9057,0.8504701863354036,0.4758,0.0602302351227948,82.76637,5.0061445,0.0,10.613704689053616,14.033678042992632,5.920256356213131,81.31067292432732,8.505606223289814,427.0
39,cycle2,36.59000000000003,23.278782978723427,8.890000000000043,4.832394918311083,0.912,0.7708925465838511,0.5915,0.0649278553786725,74.69065,4.645699,0.0,10.083568048599473,13.813875722961305,5.778406217988167,81.62470695561615,7.807593671547908,71.0
40,cycle2,37.33000000000004,25.200436300174538,8.750000000000057,4.921233048094443,0.8643000000000001,0.622852795031056,0.408,0.113304964757823,76.15406,4.366696,0.0,9.417498293103732,13.729709358329114,5.713876665781422,81.0704913764226,7.542179284491655,40.0
41,cycle2,43.670000000000016,26.65706413730804,8.79000000000002,5.998913147456051,0.7110000000000001,0.6166583850931677,0.3721,0.0537415618787608,73.22424,4.242353,0.0,9.06368656365166,13.879531273822057,5.834621660250539,80.01645155616217,7.767939208942546,35.0
47,cycle2,33.97000000000003,20.838589285714296,5.610000000000014,5.128358148140605,0.9179,0.8648,0.4611,0.0606977533940156,100.282616,4.9085317,0.0,10.577990341289071,13.9128714436186,5.881045560749077,81.27604510123172,8.51186176254527,348.0
49,cycle2,41.27000000000004,25.20346020761246,9.950000000000044,5.714963131805708,0.7508,0.6800211180124222,0.3751,0.0455821085773016,104.573135,4.3778415,0.0,9.46478765909458,13.803779219048971,5.873622638283765,80.14438182893286,7.991567402349999,86.0
50,cycle2,41.75000000000006,25.61906764168193,10.590000000000032,5.5397931284339625,0.7962,0.6947484472049692,0.5218,0.0494523612981337,90.200294,4.1614923,0.0,9.109199285676423,13.58833026834476,5.733293209756286,79.4619161818988,7.969621283351801,58.0
51,cycle2,41.57000000000005,25.842365692742703,11.630000000000052,5.5156073441847,0.7952,0.6942043478260874,0.3989,0.0590080711900315,90.200294,4.1614923,0.0,9.109199285676423,13.58833026834476,5.733293209756286,79.4619161818988,7.969621283351801,36.0
58,cycle2,35.450000000000045,21.808091934085017,8.170000000000016,5.051533750950766,0.9046,0.8432472049689447,0.417,0.0593708568344362,97.72454,4.6883154,0.0,10.183698543718226,13.7361184436186,5.868222907638399,80.83334522643369,8.508054041863994,207.0
59,cycle2,37.51000000000005,22.95907301066453,9.110000000000014,5.12227858095906,0.9128,0.8507354037267081,0.5124000000000001,0.0410793466565755,99.574005,4.483288,0.0,9.67337656501932,13.628529573509049,5.848434788912515,80.31138319474239,8.289777224065425,437.0
69,cycle2,32.05000000000001,19.86358837031373,4.490000000000009,5.703927228051671,0.8652000000000001,0.7997925465838511,0.5519000000000001,0.0388568124003022,97.37126,5.181087,0.0,11.300613776273297,14.183375341114688,6.045266990984764,79.64442219405214,9.622160560830954,1101.0
70,cycle2,33.49000000000001,19.94355182926831,-0.3299999999999841,5.81644138913901,0.8584,0.7637776397515528,0.375,0.0523980121181396,106.06176,5.175409,0.0,11.220811853926968,14.158842262867443,6.023879282215817,80.24670208484204,9.385929006528936,1036.0
74,cycle2,32.13000000000005,20.256507515473075,4.490000000000009,5.261680577297622,0.8901,0.8067652173913041,0.3951,0.0954482112257508,95.47597,4.6607614,0.0,9.946275340767624,13.7361184436186,5.868222907638399,80.83334522643369,8.508054041863994,649.0
77,cycle2,37.450000000000045,23.513352793994976,7.970000000000027,5.389524244104473,0.8551000000000001,0.7621714285714288,0.5621,0.050710140150739,91.98782,4.124363,0.0,8.983596886995773,13.68840829729623,5.830510286081414,79.40039527621846,8.23273112494353,171.0
81,cycle2,37.71000000000004,24.41777011494253,5.4500000000000455,5.346336448299716,0.8520000000000001,0.7719571428571429,0.6458,0.0481757905675214,82.62369,4.262148,0.0,9.587957494125112,14.525511758172598,6.0166189831547126,78.87626201807139,7.818853127369407,116.0
85,cycle2,33.89000000000004,21.785934426229524,2.170000000000016,5.673405418695374,0.8575,0.7636409937888199,0.5883,0.0505270414925852,115.52886,5.290439,0.0,11.460336063614776,14.400241450660875,6.236761136152516,78.59664812185294,8.915104557637717,1023.0
87,cycle2,35.07000000000005,22.192410785091173,5.890000000000043,5.841906027646943,0.8171,0.7067496894409938,0.5486,0.0557341829209553,81.22699,5.173229,0.0,11.133828415575564,14.261183495261823,6.114501854908043,78.59472571873395,9.167326610773385,908.0
89,cycle2,35.35000000000002,21.92971984435802,3.910000000000025,5.623492129872807,0.8045,0.6871527950310558,0.4758,0.0676566799593333,89.0118,5.202409,0.0,11.347814731661948,14.144417210441778,6.0309931622211534,79.20650056952957,9.124917712346472,1267.0
95,cycle2,34.13000000000005,20.48191936897461,5.610000000000014,5.23118514954988,0.8984000000000001,0.8273993788819877,0.3653,0.0842775203384438,88.11813,4.6392193,0.0,10.007943281095528,13.604080683837722,5.804975586398756,81.27083889117442,8.474059464043542,500.0
97,cycle2,36.89000000000004,23.347094307561598,7.550000000000011,5.501835336205885,0.8526,0.7874434782608696,0.5612,0.0397863311566698,96.3563,4.329244,0.0,9.521212137156574,13.548089149408884,5.753888715338941,79.98175660474831,8.100045685853324,163.0
98,cycle2,39.57000000000005,24.26573604060916,9.970000000000027,5.775277032026675,0.8391000000000001,0.7510931677018634,0.509,0.045941284596083,91.22772,4.2744403,0.0,9.306996767410688,13.548089149408884,5.753888715338941,79.98175660474831,8.100045685853324,340.0
104,cycle2,31.450000000000045,20.24344857389803,4.770000000000039,5.27030004116776,0.9004000000000001,0.8294024844720496,0.6429,0.0441804978621013,103.54442,5.470274,0.0,11.668154774696353,14.365611101678054,6.25570437427995,79.96605487424414,9.286823691116194,780.0
113,cycle2,33.35000000000002,20.71610639938321,4.8700000000000045,5.454899295148717,0.8306,0.7392447204968947,0.2536,0.0575610137003651,105.17024,5.10962,0.0,11.070530320973123,13.80160053203806,5.876947056761666,80.06001690192826,9.564393658451944,1426.0
114,cycle2,31.730000000000015,19.588839009287938,4.110000000000014,5.315574716379543,0.8424,0.7588248447204969,0.3507,0.054108710485853,78.842255,5.0200286,0.0,10.606786977260157,13.91013101404116,5.935494517963962,81.02349433162959,9.432558912875065,1440.0
117,cycle2,30.83000000000004,19.54911111111115,3.2900000000000205,5.136211397774915,0.8520000000000001,0.7719683229813666,0.3739,0.0695617232707207,88.26787,4.673695,0.0,10.036793299279193,13.542722123587309,5.783921918935779,81.74367852220445,8.544339935789349,805.0
118,cycle2,35.690000000000055,23.155026178010505,9.430000000000009,5.05090739253571,0.8786,0.8108844720496896,0.6135,0.0414520430218332,94.60715,4.605298,0.0,10.091953393316798,13.370402508563853,5.722815457249932,81.66047238874758,8.254273234818413,337.0
119,cycle2,36.170000000000016,23.283372582001697,8.510000000000048,5.259630709721611,0.8629,0.7673080745341614,0.5667,0.0485269598823515,90.85487,4.5293956,0.0,9.656637972757892,13.380641184620194,5.67477038565492,80.62312977427199,8.069883329670036,287.0
122,cycle2,36.03000000000003,23.74826014913011,8.630000000000052,5.307006822464158,0.918,0.8007658385093167,0.5754,0.0490920571500989,87.86774,4.4763412,0.0,9.676685225011502,13.570732170535663,5.700840441364534,77.72814639835636,8.421791903862898,194.0
123,cycle2,38.81,24.9325436408978,8.130000000000052,5.564297290422892,0.8581000000000001,0.7620627329192547,0.6097,0.0461287178573661,128.30304,4.4156938,0.0,9.688935629220444,13.77209772922112,5.76189256004313,78.05331005824557,7.980680838844012,400.0
134,cycle2,36.170000000000016,21.945425361155724,4.57000000000005,5.858908290799564,0.8194,0.7170869565217396,0.436,0.0565436819327604,85.47436,4.9851046,0.0,10.82775594449641,13.981250303556024,5.978313964893982,79.2373008827619,9.718413344985894,1045.0
137,cycle2,32.81,20.09456916996047,4.210000000000036,5.27117495135064,0.8391000000000001,0.7506509316770186,0.5306000000000001,0.0483874658042604,75.15575,4.922205,0.0,10.54426229428895,13.777157508563862,5.87506423176262,80.42178635540827,9.694281042400862,1381.0
139,cycle2,31.77000000000004,20.0137371338084,4.410000000000025,5.285564197338623,0.8517,0.7573043478260868,0.3826,0.0583714262053426,78.271286,4.7528095,0.0,10.124507802977522,13.702037636106862,5.8657950565709855,82.02049698141849,9.450680379609128,1436.0
140,cycle2,31.650000000000038,19.55455335968381,1.910000000000025,5.493558093962276,0.8298000000000001,0.7250273291925464,0.4657,0.058381786902555,74.9865,4.6915803,0.0,9.952297012661656,13.603180680707847,5.8236538559253805,82.21188231894783,9.04719293152205,1612.0
141,cycle2,32.27000000000004,19.983493761140835,6.110000000000014,4.934091606987701,0.9182,0.8570931677018635,0.4632,0.0664982623639082,95.320045,4.5497046,0.0,9.84454827847401,13.558732583681232,5.770562082612867,82.24548374635475,8.54100728820465,941.0
143,cycle2,35.85000000000002,22.61969594594599,8.610000000000014,5.077135342486866,0.8814000000000001,0.8200552795031055,0.5722,0.0418168929290428,95.12921,4.524155,0.0,9.78131892763533,13.265034582898735,5.636735911577955,81.42525522389306,8.088234005214822,334.0
146,cycle2,37.35000000000002,24.097815899581622,9.050000000000011,5.189559602690091,0.8768,0.7843844720496899,0.5867,0.043801807386349,95.56753,4.4644556,0.0,9.825405736444514,13.327430782429264,5.5970441944749805,79.2148527490252,8.422394122580627,261.0
147,cycle2,39.49000000000001,24.757927031509137,7.810000000000002,5.49086576178225,0.8413,0.7640577639751555,0.6759000000000001,0.0421161329053438,108.70497,4.5408025,0.0,10.090209269353029,13.48382674878292,5.633856445664634,78.82953437676763,8.006373221262407,75.0
148,cycle2,36.25000000000006,22.378745819398027,4.350000000000023,5.094866597970048,0.9151,0.8687546583850935,0.5816,0.0456065484432577,102.40289,4.402568,0.0,10.069697674518943,13.858031916232065,5.793987423217784,80.06753716702079,7.625515843652389,625.0
165,cycle2,29.450000000000045,18.267882352941225,2.930000000000007,4.964353898869088,0.8567,0.7693944099378885,0.3492,0.0650645109861631,84.988716,4.6236567,0.0,9.749090737479092,13.619845566466816,5.818918058224838,82.81929938905373,8.887367555523959,1491.0
166,cycle2,28.69000000000005,17.761038251366134,2.9700000000000277,4.998138726097291,0.8802000000000001,0.7958571428571427,0.4055,0.0690081323088556,81.535645,4.5305586,0.0,9.575140422311756,13.568838037515317,5.780651662917324,82.71708455686252,8.328061286994195,1508.0
167,cycle2,29.69000000000005,18.326021220159213,3.230000000000018,4.896944977325655,0.8927,0.8037732919254653,0.4885,0.0588086757424432,97.09662,4.4996395,0.0,9.99969852736787,13.465566300426106,5.766501532626869,82.72854182489357,8.10410606271116,1121.0
170,cycle2,36.150000000000034,23.23284784377544,5.830000000000041,5.278784042783048,0.9012,0.8176608695652177,0.6597000000000001,0.0375463294331373,126.613014,4.5739183,0.0,10.261383842665852,13.284062719831438,5.595543887745199,80.69636070629551,7.975075069399097,301.0
172,cycle2,37.29000000000002,23.632531223980017,9.430000000000009,5.357860334570489,0.8977,0.8014919254658388,0.7108,0.0373921737172101,123.00615,4.5291533,0.0,10.420667678099266,13.42185183485493,5.6325490292566505,80.68037222551754,7.670203015125581,288.0
173,cycle2,35.690000000000055,21.53898701298699,4.57000000000005,5.057916063419378,0.9154,0.8562403726708071,0.4348,0.0556872348173306,111.71598,4.502662,0.0,10.552407426177483,13.63443809776572,5.716504501969569,81.39072805294703,7.446755635353667,585.0
174,cycle2,38.63000000000005,23.347069726390128,10.590000000000032,4.92841528317516,0.8756,0.8135149068322981,0.512,0.043217937113489,111.07463,4.416725,0.0,10.50035123948594,13.664726822335345,5.719477800479171,82.05519112544934,7.043430870829002,194.0
175,cycle2,38.610000000000014,23.89750000000001,10.07000000000005,4.797384121361987,0.8833000000000001,0.8051894409937889,0.6182000000000001,0.0375966639898457,113.74159,4.3933306,0.0,10.754307864898486,13.819668676012972,5.778238623274612,82.2336020442531,6.817494364764738,155.0
177,cycle2,33.29000000000002,21.230000000000004,4.990000000000009,5.49867809327667,0.8604,0.7750906832298137,0.547,0.0494801143333402,91.10593,5.378259,0.0,11.599186096466592,14.293792800426148,6.23485356789549,80.31650143670781,9.45723723488799,856.0
188,cycle2,32.43000000000001,19.86700680272112,2.3100000000000023,5.296929275368311,0.8099000000000001,0.7048000000000001,0.212,0.072525367590237,76.666306,4.748376,0.0,10.214967556245838,13.568766319987931,5.832955979667612,82.78493622980875,9.556780861366198,1286.0
191,cycle2,31.33000000000004,19.784897610921515,3.390000000000043,5.403090782744803,0.8645,0.7875142857142858,0.4089,0.0508913418756642,91.74483,4.4423523,0.0,9.626626478017284,13.513310346592018,5.777044318559744,83.2113822796976,8.388271130412997,1003.0
192,cycle2,30.510000000000048,18.791788194444443,2.4700000000000277,5.15551355989401,0.9014,0.8151844720496898,0.5337000000000001,0.0483436078222077,105.993324,4.4254575,0.0,9.825911554514104,13.51188782155287,5.776905451418945,83.23346693044303,8.164211233094793,1484.0
193,cycle2,31.510000000000048,19.35168888888889,4.850000000000023,5.00982831296979,0.9034,0.8288813664596273,0.389,0.0868912057711792,95.13085,4.3933854,0.0,9.851858780492774,13.40134444596603,5.714200026268936,83.11922460516044,7.955102383378276,1513.0
194,cycle2,33.75000000000006,21.941753635585997,3.510000000000048,4.882860906147303,0.9211,0.8477093167701863,0.5246000000000001,0.0487487038225461,101.182236,4.4134088,0.0,9.808509396625997,13.40134444596603,5.714200026268936,83.11922460516044,7.955102383378276,617.0
196,cycle2,34.450000000000045,22.111584158415877,3.250000000000057,5.1286088282832125,0.8921,0.8107186335403729,0.5636,0.0405721521313252,108.72661,4.500589,0.0,10.518811551416269,13.343075798078695,5.661515663636477,82.42799296773151,7.826950888347092,780.0
197,cycle2,34.690000000000055,22.209263698630163,7.010000000000048,5.109011760623362,0.8903000000000001,0.8331055900621119,0.7376,0.0302610695283496,136.51825,4.501254,0.0,10.786860935113046,13.409174704964444,5.682398578460462,82.30831441398917,7.4561286976906,354.0
198,cycle2,36.63000000000005,22.70975567190228,6.710000000000036,5.211243644683028,0.8782000000000001,0.8124254658385095,0.6724,0.0345614715286261,117.59387,4.478673,0.0,10.901619660558184,13.511496568814254,5.719647019141255,82.45686415212239,7.041650414768298,675.0
199,cycle2,35.99000000000001,21.9429710144928,6.330000000000041,4.993966564028817,0.9201,0.8730720496894414,0.5878,0.048980396904184,113.62714,4.436293,0.0,10.520370395115757,13.611260216701544,5.7665841681210255,82.69025345793733,6.811206310578812,350.0
206,cycle2,33.25000000000006,21.489447619047645,4.07000000000005,5.485758260703388,0.8619,0.7357571428571431,0.3189,0.0687153645916732,94.67816,5.1472387,0.0,10.949333468613082,13.87587623156854,6.05950863528978,80.66665671267988,9.105861617985124,1008.0
208,cycle2,32.73000000000002,21.14950000000005,4.830000000000041,5.438159555400962,0.8479,0.7467708074534161,0.2683,0.0745722673709143,85.57438,4.8356547,0.0,10.361097191828527,13.8258765915059,6.047666385820126,80.91645611717395,9.195310380974444,904.0
211,cycle2,34.47000000000003,22.104074074074127,5.53000000000003,5.432199296315625,0.8323,0.7092310559006215,0.4127,0.0625533255601652,84.01561,4.74197,0.0,10.227879997736348,13.570049117327518,5.914916279984258,82.05736624327474,9.508140466064146,1137.0
218,cycle2,29.07000000000005,17.83214843750003,2.390000000000043,4.902762223019428,0.889,0.7979931677018633,0.2965,0.0868613796234575,80.6751,4.3834243,0.0,9.655182898127276,13.41966772765617,5.78862062247349,83.27569051065204,8.362046510704383,1209.0
221,cycle2,33.190000000000055,20.654534986713944,5.690000000000055,4.810505257596493,0.9107,0.8319149068322985,0.3858,0.0703955410530134,98.18227,4.239023,0.0,9.70513641049406,13.386972788689048,5.74475817930873,83.78520902579383,7.681085087497391,604.0
225,cycle2,35.55000000000001,22.152664298401405,6.430000000000007,5.086129713175044,0.9042,0.8202403726708071,0.6007,0.0387414592934367,117.34111,4.5033545,0.0,10.721909392374542,13.397663068031772,5.730612627172435,83.09330429946748,6.878961155772838,884.0
242,cycle2,30.83000000000004,19.45664615384618,5.010000000000048,4.972231334524141,0.8699,0.7894391304347828,0.4029,0.0683159795734652,82.82792,4.733408,0.0,10.115376044613855,13.54331109854818,5.948981556546359,83.63430790930866,8.866757532361886,1073.0
246,cycle2,35.150000000000034,21.505133004926137,5.670000000000016,5.581188491917254,0.8524,0.7363291925465838,0.4873,0.0543305075866915,73.24317,4.36103,0.0,9.232253572405806,13.24451150230406,5.751233514940447,83.52643069467427,8.172219175002532,988.0
249,cycle2,29.950000000000045,18.304206185567036,3.750000000000057,4.741919555505912,0.8911,0.8004273291925466,0.2462,0.098710898532738,83.036,4.2072787,0.0,9.782676612263094,13.147787853634252,5.707194867796741,84.03210286832848,7.485803000124292,1358.0
251,cycle2,31.850000000000023,19.241341350601303,2.490000000000009,4.849334176622713,0.902,0.8273291925465837,0.2544,0.0869672828035375,132.95518,4.4289846,0.0,10.551719409593568,13.217572510128806,5.727732197669586,84.31534891551155,7.122055725433717,783.0
253,cycle2,34.57000000000005,21.165310472659908,4.610000000000014,4.66460565767408,0.8936000000000001,0.822486956521739,0.2378,0.0886228733499411,107.84026,4.443894,0.0,10.42917435354378,13.207969600895618,5.71265506114064,83.65985989827895,6.938443884688402,543.0
254,cycle2,35.450000000000045,20.923594771241845,8.07000000000005,4.733769702153441,0.8862,0.8297198757763977,0.3952,0.0725639720504304,123.36199,4.552998,0.0,11.06406965670687,13.477875913884672,5.835665359566814,83.03885032673921,6.546646710271237,779.0
255,cycle2,35.13000000000005,20.289813953488395,7.130000000000052,4.754265058287859,0.8874000000000001,0.8288086956521742,0.2945,0.0803158712773715,123.36199,4.552998,0.0,11.06406965670687,13.477875913884672,5.835665359566814,83.03885032673921,6.546646710271237,659.0
256,cycle2,35.27000000000004,21.16487228003787,8.610000000000014,4.941123996221249,0.8922,0.8452385093167702,0.3089,0.0712212099943372,129.30229,4.5516825,0.0,11.393975530088298,13.556726831725038,5.809355902803013,82.36172447821451,6.517837178785898,250.0
260,cycle2,34.870000000000005,21.85395406070552,5.850000000000023,5.419747241822261,0.8763000000000001,0.7755335403726707,0.3332,0.0597355933348663,67.06669,5.1842923,0.0,10.739635545179627,14.046102337984792,6.048962240232468,78.17532324591625,8.867103214777027,970.0
261,cycle2,33.450000000000045,21.646413321947065,6.350000000000023,5.403683733877785,0.8778,0.7807881987577635,0.6089,0.0497234368411015,77.8737,5.1973433,0.0,10.839193837005942,13.97330113141206,6.042716230219665,78.71169378132252,8.66707789892972,845.0
279,cycle2,32.23000000000002,20.33666666666668,3.510000000000048,5.017950495549187,0.8688,0.7616347826086957,0.1478,0.0929437479384896,88.58411,4.281005,0.0,9.773408560528408,13.030335555512208,5.7031935904428135,83.69453420685718,7.429094075458026,694.0
281,cycle2,33.670000000000016,20.849707031250013,4.970000000000027,5.218876075583141,0.8756,0.791304347826087,0.362,0.0762381365155094,104.24306,4.286266,0.0,10.06216368235036,13.041191564119366,5.695343384525375,84.40422968164513,7.2338245132327,739.0
284,cycle2,35.110000000000014,21.776735459662305,7.610000000000014,4.8632800371649765,0.8613000000000001,0.8015428571428569,0.2528,0.0620013761761591,116.511024,4.400911,0.0,10.42619528108129,12.955022854416727,5.654953628810572,84.42320372044405,6.761220456786368,462.0
285,cycle2,36.13000000000005,22.11357933579339,9.150000000000034,4.871235523749499,0.9143,0.8312291925465839,0.2519,0.0900762117898176,129.53912,4.487063,0.0,10.64590970942191,12.869978693227374,5.639033098636224,83.95951650479282,6.880789634121539,216.0
286,cycle2,35.51000000000005,22.014822286263243,10.33000000000004,4.621063435389418,0.8961,0.8402664596273295,0.4544,0.0558770633107693,134.13138,4.475239,0.0,10.675272660862252,12.83595940918979,5.5912447224374455,83.43995945600363,6.515134335799464,377.0
287,cycle2,34.85000000000002,21.666881091617974,9.370000000000005,4.505757851923257,0.9042,0.8423248447204963,0.252,0.0884763350688358,127.39764,4.5019493,0.0,10.764038977577066,13.009803483524705,5.636471034659296,82.78601807394458,6.500845638296508,100.0
297,cycle2,32.870000000000005,21.226838021338494,2.2100000000000364,5.337409043508075,0.8762000000000001,0.7498906832298139,0.3327,0.0679628230499892,94.668304,4.9622636,0.0,10.602436659289182,13.693276428751604,5.950195492013946,79.89559142073344,8.531035019995581,1039.0
301,cycle2,31.970000000000027,20.620391937290076,3.730000000000018,5.331943287328374,0.8932,0.7779422360248448,0.2778,0.0862914069404975,82.36808,4.755002,0.0,10.369841385705143,13.343360705746951,5.927838336941881,83.60429379103196,8.415553132160838,912.0
304,cycle2,32.870000000000005,20.58351831298561,5.490000000000009,5.423298993435136,0.8392000000000001,0.7452049689440992,0.1919,0.0865067231087381,64.022255,4.3839903,0.0,8.925898553536468,13.23155974878291,5.887105514243214,84.31814910418379,8.216173551438587,866.0
309,cycle2,31.69000000000005,20.35931794333688,1.910000000000025,5.040088239440436,0.8754000000000001,0.7901496894409938,0.1242,0.0789561078825004,74.64397,4.2159553,0.0,8.963699837617103,13.009095192444883,5.719407576191196,83.08361380401628,7.549644939089817,553.0
310,cycle2,34.33000000000004,22.358632653061257,8.07000000000005,5.468672428511471,0.8430000000000001,0.7321391304347828,0.1752,0.0707694078675752,93.815315,4.3207107,0.0,9.615930584639171,12.95095271357165,5.668131264982195,83.78487218593155,7.329769916373253,735.0
311,cycle2,34.190000000000055,21.40598759048608,1.3900000000000432,5.376868188056862,0.8514,0.74445900621118,0.2961,0.0752778344320366,103.472984,4.294674,0.0,10.033610920046389,12.949098438923786,5.671121211079321,84.77330353977821,7.04907328045188,887.0
312,cycle2,32.910000000000025,19.14880174291943,4.810000000000002,4.922386091997369,0.8938,0.8176031055900624,0.1843,0.0975349788647948,100.80082,4.2807593,0.0,9.903219359412994,12.949098438923786,5.671121211079321,84.77330353977821,7.04907328045188,871.0
313,cycle2,33.910000000000025,21.24690052356025,6.010000000000048,5.068704722709782,0.8418,0.7410086956521738,0.1573,0.0892323948858074,89.72058,4.3144894,0.0,9.867820659682105,12.882789748782915,5.645752694949332,85.3715003564935,6.858112421195487,892.0
314,cycle2,33.690000000000055,21.23435212660733,5.250000000000057,5.021968991597344,0.8772000000000001,0.7990080745341614,0.1547,0.0803120536385812,102.15119,4.3663883,0.0,10.04340158179438,12.846016528125638,5.605213670040036,85.14837318870242,6.790719100141022,616.0
316,cycle2,34.81,21.505724003887337,6.690000000000055,4.808132039376669,0.8915000000000001,0.8344552795031057,0.3153,0.0706807087991494,121.23502,4.35693,0.0,10.335191228994756,12.70285718149026,5.557617838667533,84.3321680243367,6.762872401168342,447.0
317,cycle2,36.29000000000002,23.98602649006625,6.710000000000036,4.91240009118492,0.8556,0.7832204968944099,0.2294,0.0630218094144028,116.25924,4.3869443,0.0,10.356152388630036,12.701647420926928,5.521583904153001,83.59434243342147,6.765929387828615,322.0
318,cycle2,40.51000000000005,25.100807217473907,6.170000000000016,5.047435068715768,0.7028,0.6166801242236025,0.2119,0.0499923681378882,119.00575,4.3535604,0.0,10.07761797483562,13.002027787124106,5.612301618277235,82.35799084590566,6.726109786072489,71.0
321,cycle2,33.75000000000006,21.587943368107364,4.150000000000034,5.208736207474668,0.8618,0.7772118012422362,0.169,0.0630866577215005,91.86338,4.884468,0.0,10.386380752014524,14.609833600895625,6.159945124345308,76.04004198476724,9.355492322025306,717.0
328,cycle2,36.99000000000001,22.7191085271318,6.53000000000003,5.669944968821347,0.8358,0.6951720496894414,0.4085,0.0682632456704431,88.826675,5.1872587,0.0,10.867542189412386,13.976690560989514,6.008506903488808,78.98468299789374,8.494417713525,790.0
336,cycle2,32.39000000000004,20.9036114421931,3.3700000000000045,5.304902106687561,0.8502000000000001,0.728823602484472,0.1301,0.0869409955659794,70.20169,4.7121143,0.0,10.126365867133634,13.229507934228913,5.890223751511614,84.25802554972087,8.381617092592299,851.0
337,cycle2,33.370000000000005,21.219833333333355,3.790000000000021,5.465022892021365,0.8629,0.7145403726708075,0.0612,0.09739451524527,90.39575,4.6827474,0.0,9.788852802223465,13.229507934228913,5.890223751511614,84.25802554972087,8.381617092592299,876.0
340,cycle2,29.81,18.82794152046786,4.57000000000005,4.9217521219375024,0.8918,0.8012378881987576,0.2028,0.1155841415674157,69.76118,4.4197893,0.0,9.075074828594348,13.310781699487151,5.915717006272828,83.76850983392328,8.136241782781184,860.0
341,cycle2,36.55000000000001,22.91619324796279,5.390000000000043,5.533127900905307,0.8118000000000001,0.6804968944099378,0.1971,0.0786552225069806,58.92963,4.325645,0.0,8.861843654941628,13.229108594635829,5.863577817307427,83.3693065179391,7.854601278252499,492.0
344,cycle2,34.870000000000005,22.011371681415937,6.990000000000009,5.5237794770801125,0.8470000000000001,0.7108757763975153,0.2748,0.0740294534102706,92.7837,4.3833637,0.0,9.625957891249818,12.95095271357165,5.668131264982195,83.78487218593155,7.329769916373253,701.0
345,cycle2,33.79000000000002,20.658839285714343,3.490000000000009,5.181042149981424,0.8775000000000001,0.7765590062111802,0.1462,0.0909188679842284,94.886375,4.2665844,0.0,9.925383715842424,12.949098438923786,5.671121211079321,84.77330353977821,7.04907328045188,912.0
346,cycle2,33.190000000000055,21.215683060109328,4.7900000000000205,5.024248876584972,0.8638,0.7588763975155279,0.0775,0.0891889692616403,94.886375,4.2665844,0.0,9.925383715842424,12.949098438923786,5.671121211079321,84.77330353977821,7.04907328045188,774.0
347,cycle2,33.99000000000001,21.65581443298972,3.1300000000000523,4.993265733687184,0.8621000000000001,0.7641801242236027,0.1294,0.0866147964206472,85.58851,4.300678,0.0,9.696511415403604,12.882789748782915,5.645752694949332,85.3715003564935,6.858112421195487,605.0
348,cycle2,33.27000000000004,20.94827135678393,7.410000000000025,4.873731560452587,0.8887,0.8023826086956525,0.0846,0.087305806203947,86.10769,4.389246,0.0,10.178598318546705,12.846016528125638,5.605213670040036,85.14837318870242,6.790719100141022,822.0
349,cycle2,33.410000000000025,20.835232227488177,6.730000000000018,4.888416865247872,0.8883000000000001,0.8033217391304348,0.2411,0.0931644053371263,96.92277,4.4495196,0.0,10.343909603771952,12.8220176353244,5.596891021346718,84.88069851094585,6.618382013549205,680.0
350,cycle2,34.410000000000025,21.778542713567877,6.830000000000041,4.688025137023179,0.8922,0.8259304347826092,0.5254,0.0517808401740164,109.259995,4.368797,0.0,10.147522907824449,12.70285718149026,5.557617838667533,84.3321680243367,6.762872401168342,299.0
351,cycle2,35.57000000000005,23.540019455252946,4.330000000000041,4.706908863596605,0.8603000000000001,0.7890055900621119,0.2571,0.0609559593063892,115.26787,4.3978696,0.0,10.274178896424072,12.701647420926928,5.521583904153001,83.59434243342147,6.765929387828615,193.0
352,cycle2,36.23000000000002,23.168716981132093,6.390000000000043,4.639928416727324,0.8689,0.7950310559006211,0.392,0.0564693081437987,109.63189,4.353119,0.0,10.115128506755392,13.002027787124106,5.612301618277235,82.35799084590566,6.726109786072489,188.0
365,cycle2,33.07000000000005,21.257464114832576,5.590000000000032,5.490381269815998,0.879,0.7807422360248448,0.4206,0.0661469497517441,78.93535,5.1144733,0.0,10.7926692019563,14.04434769870468,5.963012136560931,78.38213785311575,8.983173610892571,944.0
367,cycle2,35.73000000000002,21.97941402497603,6.810000000000002,5.561590846170407,0.8771,0.7270931677018634,0.5217,0.0582924636619473,81.23613,5.0066433,0.0,10.555679619517452,13.87697606333694,5.933198073454175,78.85612613959762,8.639238063304944,804.0
369,cycle2,34.01000000000005,21.642807570977897,5.090000000000032,5.551705188336246,0.8668,0.7361968944099375,0.4964,0.0645070090297037,91.8048,5.050411,0.0,10.815358713236602,13.57038386928371,5.848633686863783,79.99695664448483,8.57716326308483,840.0
377,cycle2,33.59000000000003,21.86989847715737,5.710000000000036,5.121937192003741,0.8545,0.7362776397515526,0.1838,0.0953395266326024,60.032505,4.4356723,0.0,9.100459161477264,13.104502306685871,5.827719276955486,83.8843300669741,7.773908790210643,517.0
378,cycle2,34.05000000000001,21.791565656565677,4.050000000000011,5.30090106436387,0.8316,0.7027099378881987,0.2511,0.0858519216315063,71.62054,4.445161,0.0,9.011745061671464,12.973925740958194,5.761638656660069,83.2522240156652,7.893183303345679,619.0
383,cycle2,34.370000000000005,21.399124854142396,6.970000000000027,5.143261346051927,0.8492000000000001,0.7291515527950314,0.0931,0.099392193293289,94.11937,4.241832,0.0,9.775447686639334,12.7864121775779,5.584341225633409,84.87995578038675,6.911338464101801,699.0
386,cycle2,32.870000000000005,20.387609649122822,7.770000000000039,4.729129123705474,0.887,0.8041521739130434,0.1249,0.1031691670482803,91.15626,4.2311273,0.0,9.774893009213418,12.837288785559148,5.599091694898682,85.30937881492561,6.753852548253342,835.0
387,cycle2,34.110000000000014,21.70019841269845,5.930000000000007,4.664895578068442,0.9093,0.8397124223602487,0.2623,0.0744080229743519,95.26578,4.3624363,0.0,9.987091970069192,12.879124636106887,5.623290672798528,84.90366167600534,6.816025253938079,409.0
388,cycle2,33.77000000000004,20.456320346320396,7.29000000000002,4.582324582715659,0.8974000000000001,0.8165565217391302,0.08,0.1051642470375903,94.417,4.2641077,0.0,9.671971103277135,12.782470478829868,5.5806778309359695,84.21729298039057,7.014434004454737,685.0
390,cycle2,37.79000000000002,24.60022263450833,9.390000000000043,4.844290764565966,0.8252,0.7133490683229814,0.3489,0.0566430044449263,85.42281,4.313342,0.0,9.808601547980476,12.66803793657636,5.4382680967791455,82.03439624720676,6.7259369119624,38.0
391,cycle2,39.690000000000055,23.76489898989904,7.870000000000003,4.714120836291344,0.7922,0.6857465838509319,0.3668,0.0524651236194502,97.40438,4.134816,0.0,9.717237931716896,13.6915764600505,5.721409988958191,79.44715323542849,8.319290432986222,7.0
395,cycle2,35.85000000000002,23.167127244340374,4.190000000000055,5.518191265134778,0.8841,0.7872322981366461,0.341,0.0514344551874786,88.55465,5.1568103,0.0,10.859124180406358,14.891854201834558,6.15805619643892,75.65482307753398,9.23052191454142,605.0
398,cycle2,38.53000000000003,24.553452098178965,7.370000000000003,5.780095103479463,0.8186,0.6957645962732915,0.4558,0.057134754529517,68.28545,4.2207475,0.0,8.861794750077019,14.53506182703016,5.985293843255358,75.3402475673142,9.438776985633746,705.0
409,cycle2,34.27000000000004,22.01160328879753,4.650000000000034,5.530786776098164,0.8703000000000001,0.7230937888198761,0.3972,0.0696093774376652,92.100586,5.0652075,0.0,11.142212724841402,13.59775657663898,5.824085631448695,80.21972513471916,8.487211864373023,986.0
413,cycle2,32.33000000000004,20.49240780911066,0.2300000000000182,5.151872882986839,0.8954000000000001,0.7662819875776402,0.1681,0.1003027100865531,98.98588,4.9263124,0.0,11.077388672514886,13.223401837984822,5.851773374256482,84.10308506848595,8.536000239986757,1165.0
415,cycle2,31.07000000000005,19.617235142118897,-0.5699999999999932,5.1275839497527365,0.8664000000000001,0.7542397515527952,0.0329,0.1113358682665708,99.22701,4.739443,0.0,10.154921923366029,13.224019053947234,5.906105814690316,84.69210417674623,8.332285417812953,869.0
419,cycle2,34.870000000000005,22.77210810810816,9.650000000000034,5.396675942796168,0.8304,0.674585093167702,0.1172,0.0960585297839069,69.433754,4.3895087,0.0,9.084180351825934,12.680295957703102,5.579262716831494,82.95248806312553,7.535837243640703,534.0
421,cycle2,35.610000000000014,21.769345088161224,7.930000000000007,5.506540793514337,0.8356,0.7002869565217391,0.12,0.0977749082689952,77.34173,4.3220882,0.0,8.825726681977143,12.652815719831445,5.54790642446394,82.61323210023679,7.214728969863182,649.0
422,cycle2,33.83000000000004,20.953425149700635,7.670000000000016,5.181132815358536,0.8708,0.7685521739130439,0.1649,0.1008174890470798,79.45395,4.253526,0.0,9.067610281755542,12.724708680707812,5.563463628829342,83.63387239059006,7.15093735285094,872.0
423,cycle2,35.75000000000006,22.86296728971965,9.77000000000004,5.343468506613754,0.7956000000000001,0.6994291925465838,0.1446,0.0830982682808361,87.85851,4.25992,0.0,9.421627529986647,12.840745370066196,5.624600318357746,84.97300509012804,7.1167655109474905,572.0
424,cycle2,33.75000000000006,21.285460829493086,6.850000000000023,5.044892763023064,0.8716,0.7589813664596272,0.0645,0.1008105542666504,103.37566,4.25945,0.0,9.495010998224156,12.840745370066196,5.624600318357746,84.97300509012804,7.1167655109474905,467.0
425,cycle2,33.170000000000016,20.52057367829025,6.310000000000002,4.785909084764455,0.9006000000000001,0.8152453416149067,0.0626,0.114892165997044,106.53699,4.296319,0.0,9.876162691853745,12.798767939706233,5.61324855015254,85.70977888733451,6.675264248837208,481.0
426,cycle2,32.83000000000004,20.018751381215505,4.330000000000041,4.7598756993218725,0.9124,0.8326838509316767,0.0701,0.1166174426831849,112.77339,4.3107266,0.0,10.02488911714903,12.798767939706233,5.61324855015254,85.70977888733451,6.675264248837208,347.0
427,cycle2,34.39000000000004,21.49795939086299,8.430000000000007,4.726406131746201,0.9165,0.8417316770186334,0.3332,0.088349831484134,109.54085,4.3858557,0.0,9.993965825262958,12.891980179142884,5.634795612547866,85.04657468042481,6.612064028507946,329.0
428,cycle2,33.79000000000002,22.022451282051293,8.950000000000045,4.6525184403042505,0.913,0.839822360248447,0.3228,0.0770206514011376,76.37321,4.405456,0.0,9.879081964957596,12.826403784776648,5.544037485085232,82.92348741547211,6.905744090389306,253.0
429,cycle2,33.870000000000005,20.01838502673797,6.970000000000027,4.518901937203923,0.9195,0.8327925465838507,0.0729,0.1214527787248005,76.37321,4.405456,0.0,9.879081964957596,12.826403784776648,5.544037485085232,82.92348741547211,6.905744090389306,521.0
430,cycle2,35.47000000000003,24.01748502994013,8.930000000000007,4.648751668794421,0.8519,0.7655416149068325,0.4679,0.0497860734836539,86.417305,4.301126,0.0,9.8158056843784,12.703059906842402,5.439767145437911,81.84306868908695,6.92238070671096,61.0
435,cycle2,36.49000000000001,23.18937791601869,5.57000000000005,5.505499039616621,0.8852000000000001,0.7882677018633542,0.4338,0.0516536994910901,94.29312,5.587058,0.0,11.923509804715955,14.936971931881498,6.127000725610485,76.19634817969958,9.13224802661353,638.0
438,cycle2,35.93000000000001,23.19229430379746,5.710000000000036,5.34137446062133,0.8927,0.7811049689440992,0.2381,0.0596316423582405,80.4412,5.1078005,0.0,10.636939397122052,14.710143864588884,5.996946985308823,75.30293282802322,9.590939902232572,732.0
442,cycle2,35.73000000000002,23.498389057750803,6.53000000000003,5.39694826697035,0.8603000000000001,0.7650378881987575,0.5392,0.0484221010369494,83.08781,4.8987412,0.0,10.442462052355578,14.465638726091193,5.89765094738309,76.78922332189236,9.103889479616091,805.0
450,cycle2,34.450000000000045,22.032570850202447,7.170000000000016,5.494385970824854,0.8538,0.7421279503105588,0.5736,0.0499706003145749,96.68395,5.106495,0.0,11.278505113591288,13.653155831725044,5.757117021218598,79.35474381374023,8.532501372900809,940.0
453,cycle2,33.97000000000003,21.38291005291011,6.470000000000027,5.338210478082596,0.8328,0.7210043478260871,0.088,0.0948333447318062,107.4869,5.088257,0.0,11.381123183577827,13.40120437241359,5.839637432837209,82.67408010573857,8.8082682013678,989.0
455,cycle2,30.870000000000005,19.22984180790964,4.490000000000009,5.016582803644585,0.8731,0.7686304347826091,0.0841,0.1167005181525663,100.34296,4.858476,0.0,10.842037726464984,13.25405104299264,5.859588267362241,84.03144440452542,8.450608640630604,1138.0
456,cycle2,30.63000000000005,18.83231046931414,5.03000000000003,4.906910420246114,0.8759,0.7671149068322983,0.035,0.1295209569417352,109.863045,4.756945,0.0,10.232625405581636,13.090326312945669,5.821108479972876,84.37847958813852,8.40343663550044,1053.0
457,cycle2,31.13000000000005,21.0202209944752,8.410000000000025,4.9810735109337365,0.8982,0.7536962732919255,0.0833,0.0903763909204235,93.36811,4.757429,0.0,10.221497762305466,13.090326312945669,5.821108479972876,84.37847958813852,8.40343663550044,429.0
460,cycle2,32.63000000000005,22.39585507246377,8.970000000000027,5.366399103804628,0.8280000000000001,0.720854658385093,0.1914,0.0795347230317703,96.843025,4.4650626,0.0,9.244356655597873,12.63322149526179,5.572663281558375,82.39524181405487,7.758703544703045,456.0
464,cycle2,33.870000000000005,21.68762073027092,8.490000000000009,5.087836483910952,0.8343,0.7434496894409943,0.0951,0.1004805096049093,75.91673,4.2857604,0.0,8.876721499374536,12.712668764432363,5.579547077721236,84.08119041951213,7.267305233760213,583.0
465,cycle2,37.190000000000055,21.89481355932207,5.170000000000016,5.171873857948151,0.8645,0.7781975155279507,0.1937,0.0984894545859316,81.366394,4.3431225,0.0,9.260388138031818,12.766678371631103,5.591218493206867,85.30263415846052,7.091224907029487,395.0
466,cycle2,32.79000000000002,21.192809917355422,5.730000000000018,4.998298661240661,0.8796,0.7948714285714285,0.1862,0.106044139660543,81.438034,4.332233,0.0,9.29592223780135,12.766678371631103,5.591218493206867,85.30263415846052,7.091224907029487,463.0
467,cycle2,33.01000000000005,20.584994096812327,6.130000000000052,4.784279793904553,0.9048,0.8252894409937889,0.0762,0.1050937668294181,77.78973,4.3413706,0.0,9.34832986892036,12.787706700269624,5.597667975863286,86.09204718795952,7.0262935427280855,597.0
468,cycle2,32.93000000000001,20.58054298642536,8.07000000000005,4.663185186678349,0.9129,0.8305596273291924,0.171,0.0988730815654432,87.85837,4.3702826,0.0,9.80382170057112,12.795927546905002,5.592195612033288,85.644326065399,6.910970738637073,780.0
470,cycle2,35.49000000000001,23.603642785065663,9.53000000000003,4.898064399669856,0.8357,0.7627403726708074,0.165,0.0668801425179053,97.13978,4.586444,0.0,10.400326428789922,12.64684405472973,5.49511957771113,84.15438888630885,6.675956821616444,75.0
483,cycle2,31.850000000000023,20.36315696649035,5.110000000000014,5.387949427033531,0.8976000000000001,0.822004347826087,0.5261,0.0484463503587624,113.83864,5.4466705,0.0,11.695062478688389,14.1651176384543,6.17603896472484,80.31355529014157,9.357611864291265,894.0
487,cycle2,37.93000000000001,24.17995207667733,7.390000000000043,5.508113127137586,0.8629,0.7676161490683231,0.4228,0.0515712772153053,91.43871,5.6689744,0.0,11.90857262607578,14.726858722961364,5.983155858214151,75.93633193145575,9.504361570242647,619.0
494,cycle2,35.85000000000002,23.207328185328223,2.1300000000000523,5.4003864837756685,0.8717,0.7756614906832296,0.4323,0.0557893810574367,91.497955,5.086491,0.0,10.850696114645604,14.449788421709378,5.839865776733445,76.64782687878095,9.262762242654215,790.0
495,cycle2,32.690000000000055,20.958022151898763,5.650000000000034,5.056388102695411,0.8918,0.7984503105590055,0.4025,0.0609260004510453,99.07294,5.06271,0.0,10.957896406523489,14.402724741740675,5.882739015201242,77.21667390043295,9.02110108881608,865.0
507,cycle2,31.410000000000025,20.109680426098567,1.8700000000000043,5.0057844467342205,0.8815000000000001,0.7657478260869569,0.0775,0.1171916512230777,105.81772,4.8568673,0.0,10.656860252392168,13.171698654886203,5.797462310762564,83.98057028572967,8.471710657271217,693.0
508,cycle2,31.110000000000014,21.490454545454583,4.050000000000011,4.996733939361518,0.9017,0.7069838509316774,0.1197,0.1052593377635064,92.93615,4.8434978,0.0,10.2460151986055,12.935668093853357,5.719476602127867,84.2922132211692,8.37026877237753,650.0
513,cycle2,33.01000000000005,21.38225899280577,6.390000000000043,5.432062177595952,0.8454,0.7250875776397516,0.1712,0.1004516507151534,85.76247,4.463982,0.0,9.208884609119078,12.604634711224245,5.548925972190809,81.99006065770324,7.497650181497236,576.0
516,cycle2,31.31,20.52490099009904,3.57000000000005,4.8564150429514505,0.8938,0.7938422360248447,0.0591,0.1086154420004959,69.21593,4.387722,0.0,8.920470815648523,12.696658948313445,5.585662212893498,84.74116731519692,7.225426585663405,706.0
517,cycle2,32.21000000000004,21.00668316831688,6.810000000000002,4.9732794814494765,0.8828,0.7918093167701864,0.1529,0.1104175805164688,66.789764,4.3628426,0.0,9.064520314804064,12.789605411537242,5.629667406109897,85.65315193693004,6.965727779794493,592.0
518,cycle2,32.23000000000002,20.26445000000001,7.690000000000055,4.899943591257008,0.9027,0.8063018633540373,0.1585,0.1302005922418582,68.920525,4.3115435,0.0,8.9525694469815,12.789605411537242,5.629667406109897,85.65315193693004,6.965727779794493,654.0
519,cycle2,33.21000000000004,21.26956271576526,3.230000000000018,4.958372843859769,0.9041,0.8130875776397516,0.0596,0.096163460576421,70.32324,4.3510785,0.0,8.987070220904611,12.847066293383865,5.639265987081726,86.10702528210425,7.053428257111863,408.0
520,cycle2,34.21000000000004,22.180076838638865,8.910000000000025,4.893702745193233,0.8648,0.7862360248447205,0.0666,0.0889345677211684,83.11595,4.5398955,0.0,9.767553176228668,12.752977956920647,5.551361578199957,85.5574001885992,6.939755820662866,199.0
522,cycle2,34.07000000000005,22.318813186813195,9.510000000000048,4.623589790143522,0.8863000000000001,0.8087204968944102,0.3992,0.0723068187621641,89.7849,4.672282,0.0,10.41731537840475,12.644223498391666,5.485297891807624,84.03315864888243,6.6675087686096965,349.0
523,cycle2,34.690000000000055,22.87013100436686,9.650000000000034,4.661051381698893,0.8951,0.8284521739130433,0.6381,0.0430702547368916,112.877716,4.5657234,0.0,10.3861700041879,12.68908875973754,5.43316728523475,83.1510958235648,6.804165016648145,154.0
529,cycle2,31.390000000000043,20.34375451263538,6.590000000000032,5.219087985983865,0.8917,0.8041645962732918,0.5542,0.0546823752476568,99.77665,5.476378,0.0,11.721828777451297,14.304828729221152,6.241918503013942,80.59862685898406,9.219943236924346,724.0
537,cycle2,38.01000000000005,24.86516666666669,6.57000000000005,5.7030920881712746,0.8593000000000001,0.7617633540372666,0.5983,0.0479012774754757,95.25573,5.622541,0.0,11.74231785566091,14.693675800426114,6.147046660680728,75.04094576742521,10.103779886625574,455.0
551,cycle2,35.110000000000014,22.671979414093457,7.630000000000052,5.327688936060211,0.8719,0.7685857142857146,0.2989,0.0594017565220528,86.777336,5.118426,0.0,10.900288784462113,14.64871350543395,5.851146546219317,76.62659963618013,9.529879392471532,876.0
555,cycle2,34.410000000000025,22.652055749128923,5.53000000000003,5.382079694375924,0.8662000000000001,0.7511906832298134,0.2563,0.0725734494520689,92.49506,5.212786,0.0,11.34566894199293,14.372581017171049,5.823274635251527,78.05380862944979,8.810057751646621,865.0
561,cycle2,38.51000000000005,23.33401951219515,8.430000000000007,5.789048250653916,0.8472000000000001,0.6735975155279498,0.5,0.0693422683517308,104.16479,5.0495524,0.0,11.230639375936295,13.669018818422956,5.705876250798681,79.30189757846873,8.8567479008407,871.0
562,cycle2,35.97000000000003,23.19843657817111,6.190000000000055,5.676700124283631,0.8430000000000001,0.7072776397515529,0.3416,0.0695329440443355,108.556366,5.0220413,0.0,11.35130004056402,13.484040594635816,5.682228260402029,80.67000319752873,8.615172849720368,977.0
565,cycle2,31.370000000000005,19.96502242152472,5.270000000000039,5.075516221017321,0.8972,0.7329496894409937,0.1119,0.1111292270674062,110.618195,5.0231524,0.0,11.166483393163697,13.342128916232086,5.829623751159072,83.55320740904209,8.865261629622154,942.0
566,cycle2,31.79000000000002,19.616723716381447,2.5300000000000296,5.100920313381921,0.8883000000000001,0.7726037267080746,0.1557,0.1154216815957255,87.85785,4.8582525,0.0,10.522119757706683,13.06540385519919,5.748584699917436,83.90472048640783,8.549927613906462,779.0
568,cycle2,33.43000000000001,22.65201612903227,4.9500000000000455,5.162720558933322,0.8648,0.7119037267080744,0.1025,0.0911260916663561,88.97093,4.545256,0.0,9.393641896408292,12.767409255042706,5.637209123243062,83.71999677510617,8.220610239252009,385.0
570,cycle2,33.09000000000003,22.6696390977444,2.670000000000016,5.283425738942749,0.8859,0.7385409937888201,0.1475,0.0922108537501031,89.70325,4.4662566,0.0,9.298284301371568,12.534728626717174,5.516454066302649,81.43750164019374,7.690223034116415,405.0
571,cycle2,33.47000000000003,22.3653777777778,5.170000000000016,5.441855998566703,0.8689,0.7229453416149068,0.1413,0.0933480663137185,81.12023,4.4641743,0.0,9.13838668660693,12.49398283094254,5.513196509176003,80.65677298750106,7.682666295066853,484.0
573,cycle2,31.110000000000014,20.36241565452097,7.090000000000032,5.078097576978942,0.8926000000000001,0.7861354037267079,0.0639,0.1202833891920283,81.79809,4.4101567,0.0,9.094251801915645,12.59111040997226,5.574159940935417,82.6769515212846,7.719855153236705,792.0
575,cycle2,33.450000000000045,22.06182481751828,5.590000000000032,5.179311956152165,0.8559,0.7769037267080748,0.2218,0.0823908017300091,69.18866,4.500455,0.0,9.005127959904943,12.687270194792315,5.591302483634732,85.20544942053048,7.1603559105478105,333.0
576,cycle2,32.190000000000055,20.91938875305627,4.970000000000027,4.9871038450037695,0.9015,0.8112906832298141,0.1213,0.110993549586645,69.61038,4.4562955,0.0,9.024488577309445,12.75300514471408,5.60403310533933,85.76348032849317,6.919816724019414,357.0
577,cycle2,31.57000000000005,20.2557395701644,5.610000000000014,4.982946079762371,0.9092,0.813451552795031,0.0694,0.1226824943627047,65.17107,4.3986382,0.0,9.010662700305172,12.75300514471408,5.60403310533933,85.76348032849317,6.919816724019414,596.0
578,cycle2,32.63000000000005,20.009048811013795,6.150000000000034,4.977172631688319,0.9136,0.8046285714285714,0.0834,0.1209627530725001,62.005863,4.272744,0.0,8.721778380361865,12.834265972570115,5.638372269456736,85.83978428871026,6.85413843041768,818.0
579,cycle2,33.49000000000001,20.45213664596276,7.250000000000057,4.740013093905568,0.9069,0.7941826086956519,0.0716,0.1296519457113364,80.159996,4.374309,0.0,9.267831186002908,12.79039040605992,5.592847444852569,85.27660175921517,6.841753304906747,414.0
582,cycle2,34.27000000000004,22.469359267734596,9.150000000000034,4.709737374215715,0.8966000000000001,0.8202049689440996,0.465,0.0676530147893793,113.06036,4.710551,0.0,10.644321483068143,12.704954129847094,5.44469857510072,83.05582222271197,6.975789271453967,350.0
597,cycle2,39.51000000000005,25.23289945440374,7.03000000000003,5.864996022417281,0.8358,0.6956118012422358,0.544,0.0576199094073376,121.98724,5.819385,0.0,11.839148790607195,14.62042278868905,6.05821328607907,75.42453622551425,10.023041864288114,698.0
602,cycle2,35.51000000000005,22.987898039215708,4.970000000000027,5.3737434548939484,0.872,0.7866925465838511,0.4743,0.0488644297115034,126.47577,6.2357244,0.0,12.936501751912726,14.736985493696883,5.976463747608924,75.85295613616269,10.141359838739453,938.0
605,cycle2,34.09000000000003,22.112988505747108,2.390000000000043,5.129753576780382,0.8902,0.7965695652173918,0.4705,0.056032164724033,91.25338,5.68818,0.0,11.909315231312169,14.7726379209269,5.90174793147383,76.28748073515402,10.650089284422464,1044.0
615,cycle2,36.31,23.369635369188718,5.650000000000034,5.507743637501101,0.8655,0.7119416149068327,0.3903,0.0715897764648411,101.4836,5.0436687,0.0,10.970099316696247,14.07809646552784,5.746810519315994,78.9698050745613,9.250927597764193,942.0
619,cycle2,33.93000000000001,21.74380632790032,5.850000000000023,5.482125857758539,0.8706,0.7426559006211179,0.3874,0.0638210978227028,83.083725,5.012638,0.0,10.940254727043676,13.73877859698322,5.714175106991196,79.91280024763728,9.284437732564346,948.0
623,cycle2,34.670000000000016,20.034664031620604,2.230000000000018,5.005967228326322,0.8701000000000001,0.7398279503105589,0.3267,0.0885677851863626,89.97886,4.859059,0.0,10.602631933464313,13.297030550817349,5.764308789038156,83.64273577505178,8.994352876829478,1149.0
624,cycle2,31.170000000000016,19.90066666666669,1.5900000000000318,5.005434244284511,0.9093,0.7785875776397517,0.1163,0.1393860654779073,90.318924,4.7458158,0.0,10.101971036168573,13.05316118696762,5.69189528937043,83.73243168003742,8.73274745062443,832.0
625,cycle2,32.450000000000045,21.55192307692311,7.810000000000002,5.133211409897114,0.8861,0.7480173913043477,0.0694,0.1163542153265206,88.28613,4.595256,0.0,9.33938818267826,12.801868822335356,5.610731901971873,83.62392442442894,8.348416859332763,798.0
631,cycle2,33.950000000000045,22.681130653266354,5.470000000000027,5.313323750195127,0.8250000000000001,0.7327285714285715,0.3068,0.0600319453555914,69.986626,4.6474433,0.0,9.32473429408146,12.576398497609246,5.527060362019205,83.43336379962835,7.50213487420584,408.0
633,cycle2,33.910000000000025,20.87050480769235,5.2900000000000205,4.923714322128984,0.925,0.8383596273291923,0.1137,0.1001953752164661,74.268936,4.668899,0.0,9.330731487574717,12.622322519518448,5.532322702590824,85.01979537442652,7.334528327959971,255.0
634,cycle2,33.110000000000014,22.153850509626302,6.270000000000039,4.924878542835782,0.902,0.8271857142857142,0.2492,0.0899980095412388,65.25533,4.7088885,0.0,9.321064409983894,12.55309279260138,5.499798148650697,85.42895647111656,7.083714281548478,177.0
635,cycle2,32.55000000000001,21.796217142857152,6.210000000000036,4.852314791194894,0.9231,0.8207956521739128,0.2412,0.0961326389256569,68.819046,4.507034,0.0,9.040484913507091,12.55309279260138,5.499798148650697,85.42895647111656,7.083714281548478,352.0
636,cycle2,33.23000000000002,21.041449814126427,6.53000000000003,4.689999036114797,0.9122,0.8227571428571429,0.0498,0.1239385771105367,63.149517,4.3867173,0.0,8.857123080757889,12.611852938141302,5.536633959333247,85.43482348337855,6.901441736306363,379.0
637,cycle2,34.27000000000004,22.03730270906952,8.07000000000005,4.749517454034277,0.8996000000000001,0.8061521739130434,0.0523,0.118074798425511,81.9884,4.554709,0.0,9.29270500875844,12.642987167405796,5.526726649828592,84.66514832526947,6.846473888007084,244.0
638,cycle2,33.31,21.91855072463773,8.870000000000005,4.658166204887201,0.8883000000000001,0.7949062111801243,0.0929,0.1112267705886634,94.46029,4.723575,0.0,9.879677810054313,12.58467621591906,5.468173704362585,83.80896880646094,6.957035679246544,96.0
639,cycle2,34.410000000000025,23.453950310559023,3.730000000000018,4.978051383339777,0.7799,0.6857105590062107,0.4098,0.0528422080994991,110.34588,4.729936,0.0,10.523148062265651,12.439632970222654,5.379523051009858,83.11995209347158,7.005954661687405,38.0
640,cycle2,34.71000000000004,24.095727590221205,4.510000000000048,4.737438118904602,0.8303,0.7375310559006208,0.4129,0.0499355052813665,115.99286,4.7428384,0.0,10.745442199091013,12.490711835637391,5.3563952788246665,82.94779140537938,7.189416379043969,60.0
641,cycle2,36.33000000000004,23.62552752293581,7.970000000000027,4.727799563490939,0.8581000000000001,0.7651204968944103,0.4244,0.061333110547583,85.840096,4.436158,0.0,9.75948859703373,12.866143408407307,5.477218326686391,82.09272182724088,7.571262447179043,115.0
642,cycle2,38.150000000000034,25.12773913043482,3.170000000000016,5.384480750833854,0.5949,0.5033540372670812,0.3269,0.0406846270870891,105.32309,4.2272387,0.0,9.654462493313863,13.957569138454252,5.939751366839908,81.73704130342622,7.881071398455936,
660,cycle2,34.690000000000055,22.310682170542616,3.4700000000000277,5.406537773606675,0.8922,0.8073633540372674,0.6875,0.0378055776381113,93.17421,6.0194182,0.0,12.241697537514716,14.709273078986364,5.898321623548948,76.33030144728563,10.672658178741006,941.0
668,cycle2,34.99000000000001,22.473800163800217,2.6100000000000136,5.279515896145718,0.8924000000000001,0.7777086956521739,0.4204,0.0564196459234262,98.671455,5.2193456,0.0,11.141530378792512,14.374260535950375,5.698762304026388,79.50720848448763,9.519738676001571,975.0
669,cycle2,33.59000000000003,21.65483627204028,4.550000000000011,5.045496262001385,0.8919,0.794752173913044,0.4736,0.0529333931481875,91.88357,5.172565,0.0,11.195396289153775,14.361734152538792,5.728940693245602,79.44113102411293,9.406577615197,963.0
672,cycle2,35.09000000000003,22.37281562216172,4.270000000000039,5.42330287299985,0.8649,0.732664596273292,0.2527,0.0751167459143585,107.77324,5.0521317,0.0,10.811212358270629,14.187126312945672,5.791081472078681,79.94615764977345,9.295415188971798,955.0
673,cycle2,34.01000000000005,22.16068673565384,4.250000000000057,5.277538498636795,0.8685,0.7179304347826085,0.2885,0.0834201251046887,102.78051,5.087805,0.0,10.804906004617102,14.187126312945672,5.791081472078681,79.94615764977345,9.295415188971798,1013.0
677,cycle2,31.610000000000014,20.7319746376812,6.590000000000032,5.328272901728871,0.8527,0.7484080745341615,0.3637,0.0699622604345573,93.36805,5.400143,0.0,11.270505471687963,14.339859755825216,6.253934101060604,80.26185638286279,9.445543637899313,872.0
681,cycle2,30.79000000000002,19.83344485749692,6.750000000000057,4.976287218141926,0.9142,0.7978714285714289,0.1571,0.1288631897329325,61.05034,4.298977,0.0,8.734950154722336,13.018723309815796,5.651067536343339,83.58408123711645,8.779121840730197,786.0
682,cycle2,33.690000000000055,22.38431055900622,6.090000000000032,5.234672359470741,0.8686,0.6787683229813666,0.2014,0.0898661616460224,91.50602,4.564405,0.0,9.39077159215756,12.692866154886186,5.552580480323508,83.3710587535328,8.513857450594518,696.0
685,cycle2,32.49000000000001,21.34045143638856,8.050000000000011,5.160357275490168,0.8915000000000001,0.7616366459627327,0.1565,0.0985473135346662,68.70766,4.529362,0.0,9.173667177914185,12.728461697922166,5.5568551118536975,81.80821681096957,8.080509507595133,568.0
686,cycle2,33.410000000000025,22.06371742112484,4.470000000000027,5.418916775545346,0.8494,0.7365416149068318,0.2571,0.0998987609016803,84.39642,4.5425353,0.0,9.25461718553474,12.559269888063064,5.49962484022388,81.46983928269694,8.170056258251908,503.0
687,cycle2,32.370000000000005,21.124411384217375,7.170000000000016,5.232060566474178,0.8965000000000001,0.7773490683229818,0.1224,0.1282780298177133,83.397026,4.5785794,0.0,9.142482237521511,12.6826092433056,5.548271937429366,82.38158157544649,8.024454383531996,629.0
688,cycle2,30.450000000000045,19.60627851140461,5.4500000000000455,4.94979540040439,0.9213,0.8267490683229815,0.1747,0.1202830848937376,103.355484,4.6144543,0.0,9.33604550939326,12.863619948313463,5.645864728744254,83.88645893049144,7.71224135524758,726.0
689,cycle2,30.650000000000038,19.340525059665907,3.2700000000000387,4.920570572617734,0.9119,0.8297677018633542,0.0615,0.1245905465853838,100.0448,4.650165,0.0,9.427726443001864,12.807020661145986,5.635074879499476,85.547910906771,7.474718458186146,886.0
690,cycle2,31.250000000000057,19.760656565656603,2.1900000000000546,4.798642966130762,0.9202,0.7988049689440997,0.0474,0.1417141431205884,66.79895,4.622606,0.0,9.262469927953688,12.543241907624871,5.47050198950224,85.45144858760433,7.281897042306376,640.0
712,cycle2,40.97000000000003,26.179224806201542,7.29000000000002,5.975001373604922,0.8923000000000001,0.6714981366459628,0.4484,0.100379218526824,120.49582,6.3383017,0.0,13.132349532307671,14.452815882585728,5.893948686252911,74.95816895084475,10.655698283883304,691.0
714,cycle2,36.07000000000005,23.885875968992245,4.050000000000011,5.367573821458332,0.882,0.7528788819875774,0.6326,0.0486725405130347,124.554565,6.7247024,0.0,13.63188870063632,14.300649511693727,5.759458065875672,75.7083190575388,10.915651707277272,844.0
717,cycle2,33.870000000000005,22.087229832572326,1.650000000000034,5.40070463837944,0.8517,0.7472527950310557,0.5363,0.0460496276475077,76.288284,5.6462007,0.0,11.345817787384105,14.8552355156061,5.935525255277052,77.68791051688252,11.169143277368514,1047.0
718,cycle2,33.33000000000004,22.01876421531466,0.4500000000000455,5.270032712973274,0.87,0.8035440993788825,0.6188,0.0402502495570634,68.87022,5.3659077,0.0,10.70149664650071,14.8552355156061,5.935525255277052,77.68791051688252,11.169143277368514,924.0
723,cycle2,30.930000000000007,20.283681672025764,4.210000000000036,4.795311243074765,0.8913000000000001,0.8219956521739128,0.5623,0.0426722804812376,100.43359,5.2025623,0.0,11.14177442286394,14.271507733133504,5.664974899077801,80.57073183626333,9.99030524330982,1247.0
725,cycle2,32.29000000000002,21.006374570446752,3.8100000000000014,5.054924404916672,0.8907,0.8049639751552795,0.4741,0.0555701566013221,100.4849,5.120376,0.0,11.033880137857311,14.41146420731189,5.76854398116957,80.21858034056609,9.672358437963078,998.0
727,cycle2,31.510000000000048,20.78954337899547,4.990000000000009,5.202456336925392,0.863,0.7665875776397517,0.4926,0.056276587099991,87.994255,5.434362,0.0,11.456765837974666,14.339859755825216,6.253934101060604,80.26185638286279,9.445543637899313,868.0
728,cycle2,34.85000000000002,22.00429101019461,4.510000000000048,5.426339704456381,0.8614,0.7283652173913043,0.3831,0.0727456585636511,88.56328,5.06577,0.0,10.867893676824258,14.130950783211754,5.759687456775656,81.03427620491061,9.212572435686347,894.0
732,cycle2,30.170000000000016,19.63296713615028,1.3900000000000432,4.774014582472622,0.8916000000000001,0.7971409937888193,0.4339,0.0617611975635125,100.75524,4.8191147,0.0,10.504762955532469,13.600869563336902,5.654208540803673,81.71525284805902,9.585609079223744,1236.0
736,cycle2,30.49000000000001,19.239104477611964,1.8100000000000025,4.965949927890235,0.8748,0.778808695652174,0.2909,0.0828366081578283,62.16154,4.2255645,0.0,8.527200598535007,13.276910578203898,5.741282987876153,83.35828374971989,9.25350792269496,1267.0
737,cycle2,29.63000000000005,18.81293181818186,2.8500000000000227,4.887892094933638,0.9113,0.781693167701863,0.1725,0.1367068178720402,62.814346,4.1963058,0.0,8.396647089519679,13.23342919870469,5.776952883905297,83.12740258885667,8.973469171158245,1015.0
739,cycle2,35.150000000000034,22.17926261319537,9.03000000000003,5.238579555221993,0.8746,0.6969639751552794,0.1799,0.0928066256153681,89.32987,4.492346,0.0,9.320571347960891,12.92888718462014,5.643435535264582,82.88216122898818,8.64487168691525,551.0
742,cycle2,32.950000000000045,21.475473684210566,5.910000000000025,5.260227885481947,0.8741,0.7712801242236026,0.2121,0.0977714407994955,80.298004,4.641201,0.0,9.44203017748134,12.79107317992535,5.581139385652014,81.59813980167763,8.38690504220948,638.0
743,cycle2,32.47000000000003,21.180729295426488,7.210000000000036,5.171495382060143,0.8786,0.7793459627329187,0.2093,0.1147230188546746,88.26922,4.636844,0.0,9.44778400307198,12.920937265997324,5.644016392744021,82.82436139479474,8.08544548775055,459.0
745,cycle2,31.430000000000007,19.995476190476246,5.2900000000000205,4.852781775818642,0.9156,0.8116807453416149,0.0645,0.1249084964540092,95.20831,4.628468,0.0,9.435986113838842,12.701780164275863,5.570179384599064,85.61258177430308,7.542735953027888,694.0
747,cycle2,32.39000000000004,22.39593037214888,6.390000000000043,4.756019791217891,0.8668,0.7673776397515525,0.0714,0.0899307331622557,76.91311,4.765893,0.0,9.658912783830711,12.34385678321171,5.384442593878221,85.1356069000605,6.958904127397082,180.0
748,cycle2,37.27000000000004,25.33801488833748,7.890000000000043,5.327243597506457,0.687,0.6079049689440996,0.1235,0.0603138343073096,84.31964,4.8939724,0.0,9.99367712561682,12.34385678321171,5.384442593878221,85.1356069000605,6.958904127397082,278.0
750,cycle2,37.59000000000003,25.65733249051832,9.370000000000005,5.517419635397151,0.7262000000000001,0.6420080745341614,0.3526,0.0452358882633677,75.16372,5.0287046,0.0,10.237992069176585,12.346999638454292,5.372424498133311,83.90510872651876,6.803225748527466,154.0
752,cycle2,34.97000000000003,22.944871194379424,6.890000000000043,4.496290682489448,0.8657,0.7712372670807454,0.296,0.0771863606043108,74.163246,4.8348117,0.0,9.984811309252656,12.406783236263342,5.400501727009544,82.43654755988548,7.43284592026252,109.0
753,cycle2,35.81,24.054922440537776,7.870000000000003,4.554021345229487,0.8201,0.6981701863354038,0.1845,0.0850890434916597,74.463486,4.847042,0.0,10.07011063069736,12.28842965566871,5.31203895523978,82.46390182909694,7.778855292272918,160.0
784,cycle2,33.43000000000001,21.093855421686776,1.1100000000000136,5.094590123626576,0.8318000000000001,0.7446484472049688,0.4147,0.0676707888626326,95.29324,5.0552998,0.0,10.694257234706606,14.160155506998867,5.770014087158597,81.40600858488492,9.419379213739363,1282.0
789,cycle2,30.150000000000038,19.99147465437791,5.690000000000055,4.802922271026689,0.9018,0.7678354037267079,0.3497,0.0879042579187223,78.48232,4.6910796,0.0,9.978083047420329,13.548739384933164,5.639361639822239,81.90622776527088,9.511874114797138,1056.0
793,cycle2,30.27000000000004,19.421560693641634,5.430000000000007,4.950114752341134,0.8855000000000001,0.7830130434782607,0.2926,0.0845731930646326,75.65663,4.2923055,0.0,8.605761237858836,13.293360213571647,5.713669193300227,82.85359744385183,9.042294065740167,875.0
794,cycle2,30.910000000000025,20.07227941176472,8.03000000000003,4.9477958253926335,0.9033,0.8113316770186337,0.339,0.0877436281223277,77.43497,4.354082,0.0,9.063773024204004,13.082332379455847,5.647135360882952,82.69244532616959,8.755861360262902,772.0
795,cycle2,31.29000000000002,20.182578616352227,3.550000000000012,5.138748766512049,0.8959,0.7965819875776401,0.4612,0.0909193013886139,80.83409,4.4126554,0.0,9.172023208213654,12.87584766897073,5.558531576803796,82.69616636327403,8.415919552695266,714.0
796,cycle2,36.53000000000003,22.30188067444878,6.8700000000000045,5.532639148205599,0.8784000000000001,0.7271782608695655,0.368,0.0808194557903121,78.721596,4.5071816,0.0,9.268114153297706,12.87584766897073,5.558531576803796,82.69616636327403,8.415919552695266,726.0
798,cycle2,32.57000000000005,20.960460358056277,4.090000000000032,5.260302865147972,0.8962,0.8118422360248446,0.4265,0.0910269864017581,95.76807,4.6236258,0.0,9.479258404385789,13.1394435242133,5.68454987278711,81.88853556146384,8.413375849460936,500.0
801,cycle2,31.83000000000004,19.97393770856512,3.770000000000039,5.0176642878952205,0.9123,0.814103105590062,0.1487,0.1141425481347919,65.96185,4.4270964,0.0,8.89585502183078,12.946457876325972,5.648138127306848,84.40765210267857,7.752641464766981,856.0
802,cycle2,33.59000000000003,21.034677595628427,4.970000000000027,4.91880450843818,0.9021,0.7873260869565216,0.1435,0.0929138434294774,85.44366,4.4802566,0.0,8.975434857926,12.773197331725012,5.562444301067708,85.69822763224164,7.425219121282375,583.0
803,cycle2,34.29000000000002,22.12501118568234,8.090000000000032,4.804222200383646,0.8593000000000001,0.7491602484472051,0.1157,0.0814463366211554,76.896935,4.526345,0.0,9.168202198753647,12.646297143931594,5.483775154055868,85.48674167553541,7.209778686409272,545.0
804,cycle2,33.73000000000002,21.22899766899771,8.510000000000048,4.682015128339358,0.9109,0.8110944099378878,0.0648,0.1238876114844046,88.86879,4.7191725,0.0,9.618590989315782,12.411314298861209,5.384678225688995,84.98621690045613,7.012841411508531,466.0
807,cycle2,34.13000000000005,23.037284105131416,6.9500000000000455,4.884266227271051,0.8885000000000001,0.7895279503105589,0.2685,0.0775574010718259,96.63892,5.0112433,0.0,10.611044554466508,12.267579024995785,5.371769046607381,83.39524633749608,6.92152042584559,240.0
811,cycle2,35.09000000000003,24.384248927038644,6.550000000000011,4.625527550732345,0.6933,0.6066801242236027,0.2604,0.0566790559320697,81.29403,4.684361,0.0,9.7259780352923,12.72733862515224,5.5419805322489,82.5119079748298,8.3176156667967,14.0
830,cycle2,31.07000000000005,20.579472789115663,6.07000000000005,4.90799275868741,0.8527,0.7568037267080744,0.5107,0.0483102806442438,94.67943,5.2840977,0.0,11.021596388932393,14.135961285559148,6.138148405560788,79.7303665827478,9.213838980822503,677.0
832,cycle2,34.370000000000005,23.102424477149537,7.770000000000039,5.080745499878546,0.8333,0.7191012422360252,0.5023,0.0562309987093209,79.95824,4.7862134,0.0,9.387152118836644,14.646680956138166,5.824726621983519,79.31388819188038,10.84308287183007,1096.0
836,cycle2,32.29000000000002,21.205707070707096,4.670000000000016,5.1535918063798425,0.8513000000000001,0.6991024844720497,0.5407000000000001,0.062148814543053,83.95972,5.1242275,0.0,10.605686868105984,14.042885467875266,5.58779884198684,81.6152753293408,9.83916597084212,1268.0
837,cycle2,33.07000000000005,21.599667565139303,4.630000000000052,5.138485621336471,0.8480000000000001,0.7239453416149069,0.3491,0.0661988383962124,83.228386,5.0990148,0.0,10.572877769527494,14.088363380238324,5.615311822820995,81.42802864099438,9.80849138668309,1278.0
843,cycle2,29.090000000000032,19.16700824499416,4.230000000000018,4.8619954025477465,0.9003,0.7870888198757762,0.2059,0.109171891926477,75.31466,4.636427,0.0,9.583764200728668,13.548739384933164,5.639361639822239,81.90622776527088,9.511874114797138,1233.0
845,cycle2,34.73000000000002,21.06918854415278,4.330000000000041,5.394622028981416,0.8948,0.7294385093167702,0.2407,0.0857858992178221,68.224014,4.5409126,0.0,9.327437569380924,13.577284647061484,5.71250394537152,82.36644915228472,9.48618231603312,1056.0
847,cycle2,30.930000000000007,19.87959905660378,4.550000000000011,4.915844600995067,0.9094,0.8001881987577641,0.3628,0.0975064415001522,74.74924,4.209428,0.0,8.598330722896701,13.532422525778218,5.792149994572743,83.12445705624457,9.428868210989988,962.0
850,cycle2,36.170000000000016,22.76880794701992,7.890000000000043,5.40900854255613,0.8799,0.746777639751553,0.3152,0.0823830373416383,73.92461,4.4719152,0.0,9.084426416610988,12.87584766897073,5.558531576803796,82.69616636327403,8.415919552695266,553.0
853,cycle2,32.77000000000004,20.7637470167065,7.03000000000003,5.236607880442855,0.895,0.8012496894409941,0.2424,0.1046005873433504,88.603355,4.6228104,0.0,9.615771816767714,13.1394435242133,5.68454987278711,81.88853556146384,8.413375849460936,598.0
856,cycle2,34.910000000000025,20.5541953385128,2.390000000000043,5.218780367639513,0.8902,0.7715478260869563,0.2289,0.1097772239255037,86.11046,4.321592,0.0,8.738300924844705,12.946457876325972,5.648138127306848,84.40765210267857,7.752641464766981,937.0
858,cycle2,32.97000000000003,20.266403508771926,4.110000000000014,4.90188974071882,0.9129,0.823211801242236,0.1614,0.1094404136799797,82.77242,4.515699,0.0,9.130928626269023,12.646297143931594,5.483775154055868,85.48674167553541,7.209778686409272,728.0
865,cycle2,33.950000000000045,23.346402515723305,8.53000000000003,4.502389318331873,0.8955000000000001,0.8087372670807452,0.3469,0.085793132548772,93.084854,5.02488,0.0,10.41358727269509,12.21239013219452,5.329682154916797,82.39349872483152,7.828842553162102,65.0
884,cycle2,39.99000000000001,24.215936507936515,3.2700000000000387,5.725884280145791,0.8539,0.6811621118012421,0.49,0.0783633208533682,65.16355,4.9279146,0.0,9.69297735108677,14.530114237045808,5.794728192256096,78.32771659658611,10.980891207169446,1065.0
886,cycle2,30.83000000000004,20.993233532934152,6.730000000000018,4.740742812045625,0.7541,0.6724627329192548,0.5199,0.0454304844980077,75.83251,5.267828,0.0,10.97280312827549,14.135961285559148,6.138148405560788,79.7303665827478,9.213838980822503,784.0
887,cycle2,31.590000000000032,20.485883575883584,4.03000000000003,5.1583693070043175,0.8565,0.7422838509316771,0.3161,0.0885629157704644,70.757614,4.6600556,0.0,9.49045963568983,13.653188403712493,5.638468605217287,82.13649864917156,9.35550414290258,1076.0
894,cycle2,31.250000000000057,19.80482843137259,4.390000000000043,5.0922283365289305,0.8963000000000001,0.800840372670807,0.251,0.1062954095167511,62.8244,4.205449,0.0,8.385738896045005,13.43664740293002,5.748850946674363,82.36003799019598,9.216007681478636,925.0
895,cycle2,32.49000000000001,20.562313253012096,3.430000000000007,5.183422249356533,0.9115,0.7730987577639752,0.2371,0.0936581394177905,63.383396,4.3339586,0.0,8.628143419113165,13.25614207898638,5.670031827752671,82.24393964697535,8.95720235770043,888.0
899,cycle2,33.370000000000005,21.218058608058666,1.990000000000009,5.189714493499294,0.8946000000000001,0.7865813664596275,0.1888,0.0962654754550788,92.996895,4.488267,0.0,9.184284747180223,13.02831578242925,5.59840913435831,81.82909173430562,8.443592699301416,584.0
901,cycle2,32.05000000000001,20.360782608695697,0.6900000000000546,5.082642354186063,0.8973000000000001,0.7293515527950312,0.1851,0.102219677643732,91.632835,4.2415576,0.0,8.602054389401308,13.014828938141283,5.613280821883639,82.37788980719432,8.177801779263552,932.0
902,cycle2,32.43000000000001,20.41667388949082,1.830000000000041,5.092267595287641,0.8687,0.7277937888198757,0.1602,0.1003077015611318,81.834946,4.0541177,0.0,8.155563576502754,12.940487353634238,5.609120844556573,83.14859469376935,7.949785200037393,986.0
905,cycle2,31.870000000000005,20.368369565217428,-0.1099999999999568,4.959340019462186,0.9054,0.8189658385093169,0.3642,0.1052839709893099,96.92212,4.3629847,0.0,8.734563612540512,12.783405715136617,5.569017754743106,85.24660091372668,7.432566226842578,904.0
906,cycle2,34.910000000000025,20.50721074380166,3.410000000000025,5.024774661800175,0.8428,0.7341701863354038,0.2401,0.0949263610277861,104.652054,4.6097374,0.0,9.345446016856648,12.59691778712408,5.499633091559316,84.44168461786784,7.322564961561351,908.0
907,cycle2,33.49000000000001,22.57328963051255,8.770000000000039,4.540090850983457,0.8868,0.8033534161490686,0.1317,0.1062322873981591,69.002754,4.7428417,0.0,9.57109138187333,12.289714469440227,5.395273262453136,83.94023910182929,7.249011555112126,148.0
909,cycle2,33.73000000000002,23.21057213930351,6.110000000000014,4.45039907328128,0.8644000000000001,0.720894409937888,0.1656,0.0953899054833901,92.3552,4.950845,0.0,10.225499695998332,12.172864157233604,5.322319815152877,83.46650604993613,6.970202641793162,474.0
912,cycle2,34.75000000000006,24.44301047120424,7.730000000000018,4.377832407883204,0.8478,0.7404838509316771,0.2942,0.0744458850529654,102.71274,5.224457,0.0,10.894097462709896,12.066141747218,5.305863068166421,82.58466661695225,7.644275943589753,13.0
918,cycle2,39.370000000000005,25.32353078721749,5.4500000000000455,5.457779813033516,0.8624,0.7417459627329193,0.5762,0.0565078854430125,115.33161,5.751551,0.0,11.805406883202783,14.619345985872146,5.918727791595169,75.9514400220034,10.85573146231886,681.0
926,cycle2,40.05000000000001,25.46561832061068,6.330000000000041,5.695505396092467,0.8822000000000001,0.6998055900621118,0.4868,0.0858478230738274,63.67187,5.350592,0.0,10.271662110937596,14.520554778516892,5.836584626978612,76.35289857392618,10.197452402992395,733.0
933,cycle2,30.090000000000032,19.13657687991026,1.9300000000000068,5.0476500582480295,0.9072,0.7843366459627332,0.1306,0.1202582519679621,63.544,4.43118,0.0,8.74894545435896,13.768814408407325,5.729543171830923,82.21032112998262,9.240007410037167,1111.0
934,cycle2,29.79000000000002,18.974906976744247,-0.0899999999999749,4.9510508741869605,0.911,0.7929049689440995,0.188,0.1244223381719653,65.71481,4.499605,0.0,9.059110870608354,13.768814408407325,5.729543171830923,82.21032112998262,9.240007410037167,1154.0
939,cycle2,29.850000000000023,19.12487684729069,5.110000000000014,4.955587318823911,0.9171,0.796268944099379,0.1947,0.1111051498132908,54.494926,4.319067,0.0,8.536128794942998,13.488959748782914,5.733305851831052,81.77221404777046,9.086160825397736,943.0
941,cycle2,31.63000000000005,21.33147487844408,8.050000000000011,4.698071754849409,0.6823,0.5775546583850932,0.4063,0.0561394702330794,76.654175,5.271723,0.0,10.81866826358118,14.100762420144417,6.098586863583401,78.60532976538082,9.020211688762464,634.0
945,cycle2,32.99000000000001,20.88271245634464,4.130000000000052,5.177161134789154,0.9106,0.7892689440993792,0.4187,0.0915923897921016,76.750725,4.478034,0.0,9.069056992649047,13.160503553947258,5.616272207239946,81.78641529532936,8.32168731249428,877.0
946,cycle2,33.53000000000003,21.034094117647093,7.430000000000007,5.160285736784274,0.8989,0.7395428571428568,0.2829,0.0956148047960386,81.00195,4.443049,0.0,8.901301213125317,13.12730135128687,5.612221502115211,81.89333371455464,8.251880271883765,932.0
949,cycle2,32.81,21.18011337868484,2.7900000000000205,4.99582467261217,0.8581000000000001,0.7161652173913041,0.3369,0.095119971491302,86.08823,4.088261,0.0,8.195309327899057,12.995644848939424,5.620181070667123,84.14785742927792,7.832764518592198,888.0
953,cycle2,34.25000000000006,22.84325581395352,8.950000000000045,4.576113421981382,0.8799,0.7998124223602481,0.1036,0.0929314866562717,68.23003,4.6449146,0.0,9.312351113196328,12.61540606490188,5.556674658621062,84.81493127881937,7.462170800870815,191.0
955,cycle2,39.07000000000005,26.57504830917878,11.190000000000056,5.58759047069466,0.6313000000000001,0.5673515527950308,0.3294,0.0505429060772329,78.46466,4.9062934,0.0,10.11231775283739,12.20512336145899,5.393622990580021,83.85937435547169,6.958416666523382,212.0
959,cycle2,36.21000000000004,24.89524005486973,8.79000000000002,4.898701989690656,0.7644000000000001,0.6759155279503105,0.3579,0.0628498334136631,113.84003,5.0729375,0.0,10.912761009952506,12.364261064901862,5.471230635271144,82.52908531275294,7.660968015463422,22.0
974,cycle2,32.410000000000025,20.312177215189912,4.670000000000016,5.153220678468885,0.9075,0.7583242236024847,0.2049,0.130052235457059,63.26687,4.4804444,0.0,8.85259726897947,13.518448394322846,5.659225955144655,81.82441570686876,9.085892441735895,992.0
976,cycle2,33.950000000000045,21.36343629343632,4.970000000000027,5.495630992575699,0.8931,0.7413962732919256,0.2822,0.0999141661989404,58.11995,4.3000965,0.0,8.454407958085564,13.339914192444915,5.606613469018695,81.77196801118183,8.80712548971193,883.0
978,cycle2,32.21000000000004,20.79289855072464,6.110000000000014,5.198786625333137,0.8841,0.7561254658385093,0.1662,0.1091922450090878,65.33968,4.254699,0.0,8.51547570595129,13.38074505472973,5.663462575839587,80.97755951759319,8.91611386254655,1067.0
979,cycle2,38.190000000000055,21.55820027063604,3.690000000000055,5.399182555574148,0.8685,0.7101366459627332,0.1251,0.1071560542452978,65.56921,4.2193794,0.0,8.494976535161877,13.315716521865903,5.642394473246055,81.00280474918999,8.794595998572609,805.0
982,cycle2,37.190000000000055,23.195909090909108,8.710000000000036,5.640423416073714,0.8936000000000001,0.6797981366459629,0.1798,0.1027426450629917,62.46847,4.2736487,0.0,8.606204232342323,13.091092858329082,5.52851752266937,81.89721918015677,8.02029077878036,833.0
984,cycle2,35.33000000000004,22.740998766954423,7.710000000000036,5.354305767122322,0.8738,0.7167385093167702,0.2054,0.1036588390565337,68.01413,4.3181467,0.0,8.855174520808665,13.063661654886234,5.540937520632348,81.99582358702858,7.939260685624623,842.0
991,cycle2,32.21000000000004,20.188239436619757,3.890000000000043,4.931153737423606,0.8926000000000001,0.7986099378881986,0.2628,0.1098087231399971,64.9792,4.269379,0.0,8.545199918430297,12.9998779381413,5.659498957065069,84.97480260191125,7.61154559592247,858.0
992,cycle2,36.85000000000002,21.76256556442424,4.590000000000032,4.669919306103393,0.9032,0.8185372670807453,0.3911,0.0861604770397161,65.55234,4.5202856,0.0,9.045326080673064,12.475318007781349,5.474359514130249,85.32068869656506,7.432993097407223,479.0
993,cycle2,35.09000000000003,22.981663019693706,9.350000000000025,4.637757332678711,0.8864000000000001,0.8183993788819878,0.4678,0.0704952705315457,66.26586,4.621182,0.0,9.308558492481254,12.475318007781349,5.474359514130249,85.32068869656506,7.432993097407223,346.0
994,cycle2,32.89000000000004,21.41204326923083,6.930000000000007,4.597915514126996,0.9092,0.8188981366459628,0.3343,0.1065831885593813,70.019875,4.5812464,0.0,9.161134093980143,12.466271267562297,5.473327054043452,85.14198661408199,7.706779339172986,270.0
995,cycle2,34.55000000000001,24.273640776699036,10.450000000000044,4.662511339124507,0.8308000000000001,0.723928571428571,0.1715,0.0790507529624007,75.0189,4.8294125,0.0,9.818126983633547,12.169899582116262,5.390798602791847,84.65970281907806,7.131972041693157,90.0
997,cycle2,37.13000000000005,24.40942857142862,11.370000000000005,4.5416236796430445,0.8535,0.7836198757763974,0.0979,0.089485005385288,111.4493,5.2176495,0.0,11.147199835796568,12.000481233133474,5.421568465043828,83.28801322507664,6.788511882149388,32.0
1000,cycle2,32.43000000000001,21.131722488038303,6.650000000000034,5.043170147348576,0.8061,0.720808695652174,0.2344,0.0566332479123889,83.13474,5.2484517,0.0,10.90143595325247,14.265569528908127,6.138406193023223,78.54562522813767,9.023767293555837,765.0
1001,cycle2,38.09000000000003,24.843593004769456,5.970000000000027,5.525645252167398,0.8245,0.6987714285714288,0.4287,0.0619634097884963,105.0357,6.027693,0.0,13.047013861865413,14.643858097765673,5.91469036195541,77.25095774091778,11.863698603442556,748.0
1003,cycle2,35.47000000000003,23.533984126984134,4.9500000000000455,5.278072188924176,0.92,0.7707186335403732,0.5806,0.060412618694363,80.38308,5.414768,0.0,10.504789272191744,14.635778063336913,5.906855581668967,77.33249686932987,10.603518557389066,886.0
1010,cycle2,36.47000000000003,22.90966573816159,8.210000000000036,5.377454213272802,0.9043,0.7057565217391302,0.2909,0.1048360380776943,77.99985,4.4736156,0.0,9.13996926323822,13.245305722961334,5.611613758067367,80.97040176367067,8.166390061084362,796.0
1013,cycle2,34.23000000000002,21.80089005235606,2.910000000000025,5.303132112494593,0.8988,0.7103192546583852,0.1993,0.1091485371850244,57.264652,4.2594137,0.0,8.557128964905836,13.220009898235196,5.585842787773331,81.44863065497697,8.093748642751171,821.0
1016,cycle2,34.81,22.15397619047617,7.430000000000007,5.128436306693865,0.9084,0.7253826086956522,0.2481,0.0996089812142268,81.230736,4.1884418,0.0,8.578836667637667,13.202117791818914,5.581522814003504,81.33181630237807,8.195695276045644,887.0
1019,cycle2,36.09000000000003,22.555592417061614,8.150000000000034,5.4524179604894165,0.9149,0.6931192546583849,0.2238,0.1212606978135431,78.59052,4.1141734,0.0,8.277361199078578,13.085956048469914,5.574972665165975,82.30652520032979,7.638842653576276,904.0
1024,cycle2,32.59000000000003,20.61933182332957,4.730000000000018,4.844629430759103,0.873,0.7792534161490683,0.4197,0.0836271301568338,83.22049,4.488836,0.0,9.257655096935096,12.734116036732845,5.565407712233461,84.75781827941975,7.900719652452622,997.0
1025,cycle2,34.71000000000004,20.90260969976905,7.390000000000043,4.677074535954343,0.9004000000000001,0.8243242236024843,0.3315,0.0849265782834335,76.3886,4.326138,0.0,8.844455638730263,12.602807800426126,5.5830243841742,85.35636206488594,7.842463572371757,775.0
1026,cycle2,33.85000000000002,20.805638921453667,3.9500000000000455,4.736112118950614,0.888,0.789905590062112,0.1643,0.1247822865517134,83.71269,4.6048937,0.0,9.584495206888052,12.52234165410374,5.588184581431499,84.84250568246098,7.290416869381183,735.0
1027,cycle2,33.35000000000002,23.09108401084016,9.390000000000043,4.342695192498188,0.8835000000000001,0.7895757763975154,0.1551,0.1203705509559589,94.170685,4.794713,0.0,9.986267333706786,12.2704706384543,5.521373549728903,84.2320443343665,6.906893896795349,60.0
1031,cycle2,36.110000000000014,24.303704545454572,8.890000000000043,4.514712706451791,0.8570000000000001,0.7573726708074534,0.215,0.0928561694084719,167.68095,5.559769,0.0,13.785527552020516,12.976974527343186,5.832350643388387,81.05407688939395,7.486515262284288,20.0
1034,cycle2,36.910000000000025,22.73794943820228,5.930000000000007,5.447138848780349,0.8938,0.6913496894409937,0.235,0.1112654316880289,88.08365,4.636773,0.0,9.59261941795028,13.267801888845554,5.590187169100903,80.68981830618435,8.07629808379421,811.0
1042,cycle2,35.33000000000004,22.32959183673473,6.550000000000011,5.406338223850309,0.896,0.7171695652173916,0.197,0.1019340257002677,55.509163,4.1633654,0.0,8.154429627366502,13.190164248782938,5.54949578035065,81.03115482263425,7.702076083169975,859.0
1047,cycle2,32.33000000000004,20.633505154639213,5.230000000000018,4.766863004418496,0.8951,0.8141931677018636,0.207,0.1030907560869842,67.226295,4.078414,0.0,8.277706644427148,12.558706514823625,5.557961727148283,84.92545032067515,8.147670446449858,863.0
1048,cycle2,33.39000000000004,20.940284301606937,6.350000000000023,4.485074166347793,0.8923000000000001,0.7962633540372673,0.216,0.1236509381104008,73.43486,4.2505574,0.0,8.898379006933789,12.250066805120952,5.5366822307462265,84.57644216204179,7.114506792461889,553.0
1052,cycle2,34.51000000000005,22.57339794754848,7.750000000000057,4.253289541086405,0.9043,0.8026801242236022,0.1237,0.1112317154043135,173.7844,5.349074,0.0,12.494336393516758,12.887501717484026,5.869262237393132,82.98901354874066,6.633377168448706,244.0
1055,cycle2,38.07000000000005,23.08213986013987,6.670000000000016,5.682763563153531,0.9221,0.6851726708074537,0.251,0.111552922564218,99.68399,4.770633,0.0,10.38410279868167,13.35108025191284,5.590474790345136,80.5779858799749,8.094638513647327,796.0
1059,cycle2,33.13000000000005,21.35899497487441,4.490000000000009,5.106803865784606,0.9072,0.7416018633540374,0.3022,0.104388456604666,67.0872,4.5164795,0.0,9.296547870708707,13.66091006177196,5.699987555797605,80.20323754683139,8.478945552187119,848.0
1061,cycle2,37.49000000000001,22.311248470012256,4.590000000000032,5.498294820409581,0.8918,0.6783807453416152,0.2405,0.1094640163318256,68.39767,4.155601,0.0,8.507400468494232,13.444804466310313,5.599540788495005,80.04656347788949,8.186252705790865,884.0
1062,cycle2,33.27000000000004,21.356588050314457,5.750000000000057,5.317160156717664,0.8825000000000001,0.8062962732919252,0.2759,0.058287201633906,77.18406,5.1601577,0.0,10.651606696390273,14.17323305785962,6.087407449908579,77.62252084262676,9.18830534066241,877.0
1063,cycle2,35.01000000000005,21.75263810597521,5.930000000000007,5.003697553534961,0.868,0.7424490683229811,0.2535,0.0828461232580249,73.00484,4.222994,0.0,8.968898585880096,12.694510158016088,5.489199221577372,83.89556384252069,8.284323139190468,853.0
1065,cycle2,31.650000000000038,20.17344665885116,2.930000000000007,4.680867128766334,0.8733000000000001,0.7726763975155281,0.167,0.1233084520613035,76.83484,4.278971,0.0,9.173163006807354,12.46763004690496,5.543759978671366,85.18946430179844,7.805663807777407,1127.0
1066,cycle2,33.53000000000003,22.406981595092063,6.630000000000052,4.459043801694247,0.9106,0.8148751552795027,0.1092,0.1268607144604817,76.65049,4.1400743,0.0,8.919682245974084,12.33042033328996,5.55366934914452,84.72363027259249,7.397771056469348,742.0
1068,cycle2,36.85000000000002,23.547350993377528,8.470000000000027,4.204584069690976,0.7934,0.6617062111801244,0.0892,0.104855532492761,148.18013,5.275604,0.0,11.939645807137572,12.370571836419874,5.66504392478679,84.44862674904911,6.547828797046432,28.0
1069,cycle2,37.370000000000005,23.06041614123588,8.810000000000002,4.245564046921155,0.8857,0.8031770186335407,0.0455,0.1149800464722606,168.68541,5.3580995,0.0,12.578344599084398,12.100865231568518,5.472488200791488,83.8677526282241,6.705994748662371,28.0
1072,cycle2,33.690000000000055,23.555620253164623,8.53000000000003,4.434131006165765,0.8612000000000001,0.7719627329192549,0.051,0.1045469188378765,101.044426,4.79435,0.0,10.696086238753104,12.148332259737511,5.561942305432402,85.13978495479518,7.337340546701026,132.0
1073,cycle2,34.33000000000004,24.656259351620964,7.350000000000023,4.398471194681478,0.8612000000000001,0.7743975155279501,0.1077,0.085147103947216,138.98936,5.3438964,0.0,12.1264317561167,12.072100611850226,5.510996393560994,84.80129665284741,6.531285348922475,31.0
1074,cycle2,34.83000000000004,24.57091984231276,8.690000000000055,4.488079664516597,0.8510000000000001,0.7640981366459627,0.0787,0.1043276631621542,149.18298,5.337626,0.0,12.212635438142687,12.20208542953408,5.548451485246798,84.65179968621439,6.312400858194096,21.0
1123,cycle2,34.77000000000004,22.31432389937106,6.190000000000055,5.499047760517204,0.8634000000000001,0.7789732919254653,0.213,0.0645901053493471,78.61503,5.029321,0.0,10.549680815116206,14.312138290253982,6.116768221684384,77.11292151949561,9.326651204562577,721.0
1187,cycle2,37.690000000000055,23.126172248803822,6.230000000000018,5.884180290645458,0.8407,0.7337590062111798,0.1682,0.0661934492940763,91.93355,4.9786224,0.0,10.451434141401508,14.341071349721895,6.079169446603724,76.62207096169357,9.55899852943064,675.0
1188,cycle2,35.51000000000005,22.846148267526235,6.250000000000057,5.539440564143017,0.8227,0.734610559006211,0.3985,0.0544304862996708,88.58145,5.0458345,0.0,10.592232495353995,14.341071349721895,6.079169446603724,76.62207096169357,9.55899852943064,681.0
1190,cycle2,34.57000000000005,22.101895973154363,4.270000000000039,5.409315333611242,0.8522000000000001,0.7677645962732921,0.2914,0.0628195131392168,70.62549,5.14768,0.0,10.480060301536364,14.286439013258704,6.075836953532264,77.17974160261558,9.316952544721731,778.0
1191,cycle2,36.39000000000004,22.26293233082708,3.230000000000018,5.6251967909525895,0.8426,0.7460881987577641,0.3667,0.0638510897477311,91.6054,5.138948,0.0,10.569053998283406,14.171261752695296,6.043896970854863,78.11259890200846,8.82497719704759,715.0
1195,cycle2,35.79000000000002,22.115662337662386,5.690000000000055,5.58270019295548,0.8257,0.7035503105590059,0.2782,0.0761034969725899,82.44836,5.2103004,0.0,10.83900457022327,14.097265666623317,6.038668198246992,78.70881400852979,8.600761842562685,917.0
1249,cycle2,35.55000000000001,22.51444444444448,5.190000000000055,5.413669156564832,0.8451000000000001,0.7345863354037263,0.1827,0.0655695718864991,86.152855,4.951231,0.0,10.608911784670449,14.609833600895625,6.159945124345308,76.04004198476724,9.355492322025306,629.0
1318,cycle2,33.21000000000004,21.735003756574,2.6300000000000523,5.146271339179091,0.875,0.7751571428571431,0.1603,0.0677063853923131,89.57052,4.866681,0.0,10.567512515936338,14.609833600895625,6.159945124345308,76.04004198476724,9.355492322025306,654.0
1388,cycle2,35.73000000000002,22.9850110701107,7.810000000000002,5.359651739721192,0.8169000000000001,0.6957571428571421,0.2353,0.0645414188495838,81.62255,4.815676,0.0,10.363691870079206,14.737545542210164,6.146473136255127,75.03463622788492,9.510534920790189,609.0
1461,cycle2,38.01000000000005,23.90179216867469,7.170000000000016,5.497228911351239,0.8358,0.7390422360248442,0.4894,0.0527529277274824,87.26526,5.057687,0.0,10.97669654741702,15.056626730786023,6.306980267811025,75.74338547592286,9.261154404344945,514.0
1536,cycle2,36.35000000000002,22.84747399702825,0.4500000000000455,5.581981107491419,0.76,0.6665577639751556,0.2703,0.0568237054020669,82.88286,5.2508397,0.0,11.183005993127631,15.18967519244488,6.319907119259473,76.27662533731338,9.073678376412264,440.0
1542,cycle2,37.85000000000002,23.983977455716595,5.990000000000009,5.493618765696263,0.8617,0.763132298136646,0.3139,0.0576540826181853,95.86899,4.732852,0.0,10.262643413062554,14.660288945183549,6.046155149918155,75.31259455872296,9.352547517272695,614.0
1616,cycle2,36.83000000000004,23.352427921092588,2.8500000000000227,5.750326732859457,0.8666,0.7578192546583852,0.3746,0.0512654697337505,93.020584,5.219246,0.0,11.212915534198489,14.891854201834558,6.15805619643892,75.65482307753398,9.23052191454142,623.0
1618,cycle2,36.81,23.42391513210572,5.190000000000055,5.449011644906638,0.8738,0.7626832298136645,0.3722,0.0540056486992961,86.41204,5.091627,0.0,10.921593355252918,14.81778171904897,6.107290916045385,75.69081527651788,9.248851190849043,641.0
1619,cycle2,37.05000000000001,23.54849514563106,6.690000000000055,5.518634862456859,0.8692000000000001,0.764842857142857,0.3518,0.0568342427118736,82.78859,4.9560466,0.0,10.56432519138368,14.81778171904897,6.107290916045385,75.69081527651788,9.248851190849043,554.0
1693,cycle2,36.77000000000004,23.504815384615387,5.470000000000027,5.520385595206634,0.8555,0.7588521739130438,0.4629,0.0487268939820393,88.19071,5.309181,0.0,11.3561528746639,14.936971931881498,6.127000725610485,76.19634817969958,9.13224802661353,569.0
1694,cycle2,37.63000000000005,23.67791798107257,6.110000000000014,5.594217983329655,0.8636,0.7639118012422359,0.3452,0.0551127487803138,91.82805,5.2667327,0.0,11.180652380133893,14.725345105590437,6.0132952163084346,75.54777965791118,9.409302713992744,525.0
1703,cycle2,36.53000000000003,23.76343054489642,4.53000000000003,5.49109814496648,0.8518,0.757317391304348,0.4034,0.0554312136714966,72.81196,4.403413,0.0,9.24062181941216,14.517262906059925,5.913634533688255,76.39025555280325,9.156829935860229,614.0
1770,cycle2,38.690000000000055,23.74401746724893,6.330000000000041,5.991067248092422,0.8312,0.7111583850931672,0.5047,0.0558012317135289,95.1905,5.5944257,0.0,11.93296746018371,14.602746649408882,6.1465182085791525,75.98262911881177,9.859989648169874,481.0
1774,cycle2,35.910000000000025,23.316120556414244,3.330000000000041,5.32105080826789,0.7976000000000001,0.6860583850931676,0.1563,0.0789823713006542,95.75374,5.5812645,0.0,11.908273602087894,15.339653873978552,6.398749155463798,77.19776352397957,8.840760088907478,513.0
1775,cycle2,34.690000000000055,22.689801071155355,6.850000000000023,5.106439365180641,0.7231000000000001,0.6266708074534161,0.2446,0.0635252858539523,111.59036,5.544292,0.0,12.051981783830987,15.339653873978552,6.398749155463798,77.19776352397957,8.840760088907478,501.0
1787,cycle2,36.75000000000006,23.71868316041504,3.990000000000009,5.622151145368417,0.8581000000000001,0.7508186335403728,0.2675,0.0614688551193644,77.5227,4.495503,0.0,9.524791070634471,14.647944959268028,5.9564563131008095,76.09122282014964,9.246728110738104,638.0
1859,cycle2,34.39000000000004,22.686883720930236,1.0500000000000114,5.422310434108812,0.79,0.691346583850932,0.1094,0.0846883105377947,83.97201,5.717872,0.0,11.965689818951304,14.77998975113035,6.181743503261052,77.01929706835175,9.366569990910996,521.0
1861,cycle2,36.650000000000034,23.763160377358517,5.990000000000009,5.646757243808614,0.8041,0.6990757763975157,0.2541,0.0842285029996646,90.53587,5.7179837,0.0,12.000135064684196,14.84643753908025,6.173580369299363,77.1836752551777,9.229944953001034,439.0
1864,cycle2,37.39000000000004,24.27950204081636,3.710000000000037,5.570270165011754,0.8460000000000001,0.7460304347826089,0.2693,0.0814652889108361,105.32898,5.7611656,0.0,12.253672553160198,14.852479130629582,6.140491475937543,77.07175169736408,9.160683871092354,547.0
1869,cycle2,38.110000000000014,23.74180064308687,6.310000000000002,5.608418881693808,0.8641000000000001,0.775464596273292,0.4662,0.0507493186441925,91.10804,5.641544,0.0,12.081704141660232,14.7487134530083,6.018354670602846,76.33657768349248,9.334354953645448,710.0
1959,cycle2,35.21000000000004,23.497295703454053,5.130000000000052,5.567661321029526,0.8616,0.7688596273291928,0.1572,0.0905403862248743,93.63739,5.825907,0.0,12.034793078578234,14.695515985872138,6.157114423135918,75.93597462225773,9.977823536174476,662.0
1961,cycle2,35.25000000000006,23.29556122448984,6.190000000000055,5.43000921041242,0.8754000000000001,0.8011385093167704,0.2156,0.0804161467223955,87.0041,5.7477508,0.0,11.819316098751369,14.77998975113035,6.181743503261052,77.01929706835175,9.366569990910996,587.0
1965,cycle2,37.71000000000004,23.81151642796968,3.4700000000000277,5.547022522312501,0.8688,0.7610142857142856,0.2848,0.0690168706147918,96.9645,5.878955,0.0,12.189527034267716,14.852479130629582,6.140491475937543,77.07175169736408,9.160683871092354,657.0
1970,cycle2,37.81,24.386726973684244,7.270000000000039,5.596675423897403,0.8605,0.7691546583850928,0.4195,0.0502703324957316,92.97915,5.6682396,0.0,12.022227152247158,14.7487134530083,6.018354670602846,76.33657768349248,9.334354953645448,581.0
1980,cycle2,34.43000000000001,23.01285248573759,7.730000000000018,5.396325896720665,0.8811,0.766929192546584,0.3742,0.0579454344310037,78.846634,5.0039253,0.0,10.539475531371744,14.651780211224237,5.894304976829086,76.13648769929245,9.41683865703552,755.0
2001,cycle2,31.450000000000045,20.43845033112584,4.770000000000039,5.019170255018089,0.902,0.7436552795031056,0.1067,0.1258993144499183,72.6486,4.600912,0.0,9.43573393028299,13.61986799760922,5.756473425016623,80.36937916785455,8.42741971551588,806.0
2002,cycle2,31.450000000000045,20.43845033112584,4.770000000000039,5.019170255018089,0.902,0.7436552795031056,0.1067,0.1258993144499183,72.6486,4.600912,0.0,9.43573393028299,13.61986799760922,5.756473425016623,80.36937916785455,8.42741971551588,812.0
2051,cycle2,36.35000000000002,23.630650793650798,5.03000000000003,5.3808316364924575,0.7347,0.6542850931677014,0.4452,0.0438099668333126,130.1771,6.02164,0.0,13.033182048433307,14.812778248782925,6.2798638674854255,76.3340930637647,10.7073499957703,306.0
2056,cycle2,38.190000000000055,24.438045283018877,1.8700000000000043,5.772172896983207,0.8441000000000001,0.7662018633540371,0.434,0.0473539618024855,102.47365,5.4301014,0.0,11.420190409510129,14.747676424839272,6.220224612620181,76.02560111893102,9.948345458023793,274.0
2077,cycle2,33.97000000000003,23.277015706806267,5.110000000000014,5.422549421478439,0.8918,0.8015173913043477,0.2076,0.0809620979993082,87.0041,5.7477508,0.0,11.819316098751369,14.77998975113035,6.181743503261052,77.01929706835175,9.366569990910996,483.0
2079,cycle2,35.43000000000001,23.644517766497508,0.410000000000025,5.608665919529535,0.8561000000000001,0.7667167701863356,0.277,0.0681146934067155,94.09917,5.865642,0.0,12.142865318646122,14.84643753908025,6.173580369299363,77.1836752551777,9.229944953001034,565.0
2081,cycle2,36.73000000000002,24.183099415204723,4.910000000000025,5.851943432668813,0.803,0.7175857142857142,0.3183,0.0584204548721716,96.9645,5.878955,0.0,12.189527034267716,14.852479130629582,6.140491475937543,77.07175169736408,9.160683871092354,734.0
2083,cycle2,36.190000000000055,23.63054145516076,5.170000000000016,5.693256471473455,0.8771,0.7757968944099382,0.3875,0.0578077907689298,97.352516,5.786424,0.0,12.085455501667916,14.891395270692172,6.124162178533329,76.75028201534239,9.190931310060082,517.0
2088,cycle2,35.870000000000005,23.26545667447307,7.270000000000039,5.335561894694888,0.8932,0.8094037267080747,0.4154,0.0504698063456898,86.34427,5.515573,0.0,11.564635476633772,14.726858722961364,5.983155858214151,75.93633193145575,9.504361570242647,654.0
2099,cycle2,36.150000000000034,23.689376000000063,8.010000000000048,5.601898643372844,0.8150000000000001,0.7284422360248447,0.2952,0.0520144863239731,87.66134,5.0297422,0.0,10.722454237283497,14.619898021083367,5.889839930303926,76.93008491902191,9.105100884855272,606.0
2100,cycle2,35.170000000000016,23.166433121019097,6.090000000000032,5.349465954979986,0.8778,0.7836602484472052,0.3218,0.059529358360144,87.66134,5.0297422,0.0,10.722454237283497,14.619898021083367,5.889839930303926,76.93008491902191,9.105100884855272,654.0
2101,cycle2,35.71000000000004,23.136405023547937,5.670000000000016,5.506511782017609,0.8701000000000001,0.7536770186335403,0.2617,0.0681948024908318,91.497955,5.086491,0.0,10.850696114645604,14.449788421709378,5.839865776733445,76.64782687878095,9.262762242654215,770.0
2166,cycle2,39.53000000000003,25.35901385493078,8.610000000000014,5.864181377898817,0.8450000000000001,0.7529267080745344,0.6727000000000001,0.0359904365450544,107.91855,5.479015,0.0,11.38481987843658,14.540524100113096,6.111460410651705,75.85634546276665,10.4559423427945,379.0
2170,cycle2,37.450000000000045,24.29103737604884,-0.169999999999959,5.684528401691139,0.8588,0.7742515527950314,0.446,0.047458078402555,108.68513,5.493814,0.0,11.5581906095966,14.719643791818909,6.178819225464077,75.1515119835661,10.267684855057206,356.0
2172,cycle2,37.55000000000001,24.01844410876134,4.510000000000048,5.753104218873604,0.8234,0.751687577639752,0.6073000000000001,0.0408162642009779,108.44172,5.4531555,0.0,11.48429854736531,14.819066106372906,6.230533351370246,75.43056642085286,9.93310074600378,305.0
2179,cycle2,39.190000000000055,24.885085374907185,1.7300000000000182,5.861181438783469,0.8428,0.7554726708074534,0.531,0.0489049540702983,91.08002,5.410357,0.0,11.212719436069714,14.85686511028528,6.2494917836741335,75.53374330263651,9.782412592902148,366.0
2194,cycle2,36.23000000000002,23.610536149472026,7.870000000000003,5.7382198932748,0.8592000000000001,0.7639124223602485,0.2652,0.0669231577126444,103.01808,5.9969287,0.0,12.376341491144002,14.714793458485612,6.079067654033838,76.3217357124376,9.584884944224596,633.0
2195,cycle2,35.650000000000034,23.464497959183703,8.130000000000052,5.515890108289912,0.8641000000000001,0.7793583850931678,0.2687,0.0552047657036825,102.43396,6.078964,0.0,12.542769304621077,14.739124354416722,6.041580930225612,76.46921163455757,9.50734382695973,809.0
2216,cycle2,34.49000000000001,22.83835463258789,5.990000000000009,5.340409532056705,0.8736,0.7770540372670806,0.42,0.055348913586932,95.16981,5.195519,0.0,11.14130884899662,14.529486066466797,5.843288789880427,77.15737878329122,9.276712058886764,773.0
2281,cycle2,39.610000000000014,25.659783174327817,8.010000000000048,5.874465836896193,0.8436,0.7523478260869564,0.5888,0.0448015445704224,112.708305,5.8572907,0.0,12.309358425794906,14.540524100113096,6.111460410651705,75.85634546276665,10.4559423427945,266.0
2287,cycle2,38.83000000000004,24.92581014729954,2.510000000000048,5.640325070140225,0.8547,0.7628260869565217,0.5109,0.0528371087855191,97.999435,5.5067105,0.0,11.611913761811945,14.819066106372906,6.230533351370246,75.43056642085286,9.93310074600378,298.0
2294,cycle2,39.910000000000025,24.88528037383181,4.07000000000005,5.792587633743593,0.8243,0.7493465838509314,0.6093000000000001,0.0484489589028004,96.85347,5.4905267,0.0,11.357300413987168,14.85686511028528,6.2494917836741335,75.53374330263651,9.782412592902148,319.0
2310,cycle2,36.650000000000034,23.711505546751244,8.210000000000036,5.631595153895954,0.8535,0.7574863354037268,0.3061,0.0545063418692026,130.42531,6.287559,0.0,12.955155917513322,14.714793458485612,6.079067654033838,76.3217357124376,9.584884944224596,826.0
2406,cycle2,40.170000000000016,25.16485294117644,5.170000000000016,5.742254286610877,0.8645,0.7850080745341613,0.6433,0.0463975100734249,102.886604,5.5346828,0.0,11.540644418482009,14.65181711185022,6.089982684714676,74.89397498347326,10.21187224828874,462.0
2414,cycle2,38.57000000000005,24.94868480725624,5.230000000000018,5.616703554086428,0.8502000000000001,0.7796118012422361,0.6521,0.0452134638591939,91.90167,5.639004,0.0,11.863425221454651,14.698744507781388,6.1060838376914575,75.21315529847028,10.076760915864924,407.0
2425,cycle2,36.110000000000014,23.8668131868132,6.53000000000003,5.435555618652839,0.8559,0.7663447204968945,0.4237,0.0481411884452567,128.53299,6.435937,0.0,13.280211339513698,14.66104097882986,6.009592038233603,75.70668869779375,9.937083763530744,681.0
2510,cycle2,38.83000000000004,25.047547169811324,8.050000000000011,5.79635744914924,0.8362,0.7504732919254655,0.6014,0.0432029584876185,89.90626,5.4825387,0.0,11.226920750900376,14.619292167405783,6.09723846308418,76.01658919032684,10.83280962791277,369.0
2512,cycle2,39.89000000000004,25.43928213689481,5.730000000000018,5.868255961719347,0.8514,0.7640136645962731,0.5148,0.0494280372782466,86.515884,5.514793,0.0,11.222135587651056,14.491442919361962,6.03270126130205,75.41795717499559,10.728441651695013,449.0
2515,cycle2,39.51000000000005,25.367255546425664,6.990000000000009,5.735997536176754,0.8684000000000001,0.7443142857142859,0.425,0.0588743581227468,119.61868,5.5647173,0.0,11.707581954947283,14.543157498391686,6.050140214598117,75.20612627237993,10.466198183973257,349.0
2530,cycle2,35.450000000000045,24.074006092917028,7.050000000000011,5.36543807753493,0.8756,0.8025937888198758,0.6947,0.0385967537807922,107.77839,5.6578226,0.0,11.85463365821136,14.675777249565389,6.100703667049203,74.6972603887999,10.38008303677409,546.0
2623,cycle2,38.63000000000005,24.41966273187186,7.03000000000003,5.74780903085876,0.8441000000000001,0.7731583850931681,0.6201,0.0422355220649563,91.44712,5.51895,0.0,11.347059534938817,14.768761615762632,6.127970103173349,76.23309618809564,11.245923586433188,375.0
2645,cycle2,38.110000000000014,24.49217160212609,6.770000000000039,5.433249179900205,0.8618,0.7909987577639752,0.4849,0.0503220374376212,119.16137,5.750452,0.0,11.955683376494472,14.668396093070902,6.032908270041719,75.211927432134,10.129603194486547,481.0
2987,cycle2,37.01000000000005,24.39491174213357,6.930000000000007,5.431972526572039,0.8875000000000001,0.7973708074534168,0.489,0.0454492340364724,104.881355,6.0262074,0.0,12.295088523976302,14.452815882585728,5.893948686252911,74.95816895084475,10.655698283883304,562.0
3001,cycle2,31.350000000000023,20.51765625000004,4.470000000000027,5.077034252248314,0.9068,0.7743018633540372,0.0938,0.1305249056322853,57.264652,4.2594137,0.0,8.557128964905836,13.220009898235196,5.585842787773331,81.44863065497697,8.093748642751171,824.0
3002,cycle2,31.350000000000023,20.51765625000004,4.470000000000027,5.077034252248314,0.9068,0.7743018633540372,0.0938,0.1305249056322853,57.264652,4.2594137,0.0,8.557128964905836,13.220009898235196,5.585842787773331,81.44863065497697,8.093748642751171,822.0
3082,cycle2,39.55000000000001,25.346170555108625,8.930000000000007,5.621968529464933,0.8537,0.7678006211180127,0.4248,0.0589551629787402,106.97215,5.7555118,0.0,12.218169787604737,14.62328905238231,5.972573882977744,74.77889693880198,11.00749548799868,420.0
3197,cycle2,39.21000000000004,25.72597738287561,7.390000000000043,5.724195590598191,0.8499,0.750926086956522,0.6039,0.0551860900668058,103.66443,5.5795994,0.0,11.514515737091548,14.646938342679642,5.968752603715239,75.4546975177361,10.59131785570982,379.0
3309,cycle2,40.97000000000003,26.319704236610708,10.170000000000016,5.65000044499401,0.8472000000000001,0.740394409937888,0.605,0.0506465394309345,105.30181,5.628851,0.0,11.71908633899704,14.646938342679642,5.968752603715239,75.4546975177361,10.59131785570982,540.0
3414,cycle2,38.93000000000001,25.184412489728874,7.050000000000011,5.562301889037524,0.8459,0.7651608695652177,0.5196000000000001,0.0539507472348066,103.138,5.8056965,0.0,12.070119802838688,14.591291021865889,5.923912543415951,75.2792909021377,11.05317546633163,444.0
3416,cycle2,40.97000000000003,25.66943999999997,3.050000000000012,5.571459155948535,0.8139000000000001,0.731996894409938,0.5672,0.0538469298447881,115.601524,5.73593,0.0,11.86657743770748,14.619274698704675,5.930763552665455,75.8352042343948,10.655654407495774,561.0
3427,cycle2,38.13000000000005,25.22175115207375,7.690000000000055,5.489216954233142,0.8664000000000001,0.7486167701863352,0.5650000000000001,0.0505020019725217,107.239555,5.572423,0.0,11.66712813849832,14.646077098548156,5.916105745123719,75.70789080441564,10.240539684658431,596.0
3520,cycle2,40.51000000000005,25.68557390586295,8.410000000000025,5.610346131278012,0.8346,0.7420055900621115,0.5284,0.0543339835645619,108.35484,5.787237,0.0,12.005766796424895,14.591291021865889,5.923912543415951,75.2792909021377,11.05317546633163,607.0
4000,cycle2,31.71000000000004,20.53528650646953,2.150000000000034,5.0252490913315935,0.8911,0.8058267080745345,0.3718,0.0724567129354553,109.73569,5.128515,0.0,11.053951025720242,14.187126312945672,5.791081472078681,79.94615764977345,9.295415188971798,1018.0
5000,cycle2,35.53000000000003,22.380502512562828,4.57000000000005,5.672781046903572,0.8066,0.7280900621118017,0.4013,0.0531476020446945,70.09362,5.1878514,0.0,10.67034523007295,14.046102337984792,6.048962240232468,78.17532324591625,8.867103214777027,914.0
6001,cycle2,35.47000000000003,23.533984126984134,4.9500000000000455,5.278072188924176,0.92,0.7707186335403732,0.5806,0.060412618694363,80.38308,5.414768,0.0,10.504789272191744,14.635778063336913,5.906855581668967,77.33249686932987,10.603518557389066,889.0
6002,cycle2,37.51000000000005,24.315223529411757,8.090000000000032,5.355219584029495,0.8345,0.6824093167701865,0.5488000000000001,0.0579998734216243,96.74171,5.591621,0.0,11.071409559656011,14.635778063336913,5.906855581668967,77.33249686932987,10.603518557389066,850.0
6003,cycle2,37.59000000000003,24.127501927525078,5.470000000000027,5.247413807056483,0.874,0.7584596273291927,0.5915,0.0532765565294664,89.102875,5.610945,0.0,11.203227316104842,14.68255051873595,5.93712030588642,76.43129467230888,10.72813589896697,857.0
6004,cycle2,35.150000000000034,23.02648318042818,6.190000000000055,5.033688452443252,0.8827,0.7949677018633541,0.6492,0.0449153248930314,103.23919,5.669315,0.0,11.60051663311162,14.68255051873595,5.93712030588642,76.43129467230888,10.72813589896697,822.0
6005,cycle2,40.670000000000016,25.640917874396152,7.850000000000023,5.559037668664397,0.8552000000000001,0.7364608695652176,0.5402,0.0582888184560957,110.00207,5.7171245,0.0,11.699216008873492,14.60691165488619,5.911497020542574,75.40754938014813,11.187968486040534,608.0
7001,cycle2,40.05000000000001,25.46561832061068,6.330000000000041,5.695505396092467,0.8822000000000001,0.6998055900621118,0.4868,0.0858478230738274,63.67187,5.350592,0.0,10.271662110937596,14.520554778516892,5.836584626978612,76.35289857392618,10.197452402992395,730.0
7002,cycle2,40.05000000000001,25.46561832061068,6.330000000000041,5.695505396092467,0.8822000000000001,0.6998055900621118,0.4868,0.0858478230738274,63.67187,5.350592,0.0,10.271662110937596,14.520554778516892,5.836584626978612,76.35289857392618,10.197452402992395,724.0
8003,cycle2,33.450000000000045,21.44022292993634,6.550000000000011,4.340434531798007,0.8663000000000001,0.7060894409937886,0.1857,0.1091432505616631,118.28176,4.2413287,0.0,10.277134250490947,14.351173660363514,6.073986775297126,81.41977203578,7.53439677283448,198.0
8009,cycle2,36.57000000000005,22.987387387387404,8.79000000000002,4.733803227223948,0.8811,0.799793167701863,0.1703,0.0696262713003063,93.80574,4.320084,0.0,9.877786113296958,12.66803793657636,5.4382680967791455,82.03439624720676,6.7259369119624,67.0
8010,cycle2,34.33000000000004,22.789865470852057,7.830000000000041,4.16893680242552,0.8681000000000001,0.6625074534161488,0.2009,0.1214916491533977,191.96785,5.5302215,0.0,13.45809681166646,12.976974527343186,5.832350643388387,81.05407688939395,7.486515262284288,10.0
8011,cycle2,34.33000000000004,24.656259351620964,7.350000000000023,4.398471194681478,0.8612000000000001,0.7743975155279501,0.1077,0.085147103947216,138.98936,5.3438964,0.0,12.1264317561167,12.072100611850226,5.510996393560994,84.80129665284741,6.531285348922475,20.0
8012,cycle2,36.05000000000001,23.44452789699581,9.890000000000043,4.472306930830291,0.8411000000000001,0.6778614906832298,0.2695,0.1004435851437809,193.39967,5.428652,0.0,12.943632322882852,13.106912108720318,5.875988151110482,82.0591216209509,7.505060787695019,9.0
8013,cycle2,42.09000000000003,24.141871768355752,8.630000000000052,4.70867874728021,0.7655000000000001,0.6914931677018632,0.3206,0.0539426151546013,73.52421,4.7268696,0.0,10.070932724708586,12.8824649960443,5.553920403584989,82.58744935951162,8.23968277480082,6.0
405,cycle2,34.01000000000005,21.768666666666693,5.770000000000039,5.526977364310627,0.8748,0.7559913043478258,0.3816,0.0707347124947524,90.43869,5.1224732,0.0,11.133842806331591,14.119941269909685,5.954938299934483,78.35257884139877,9.178209704855794,929.0
491,cycle2,34.47000000000003,22.81952762209772,7.190000000000055,5.412582131783701,0.8842000000000001,0.7593739130434782,0.3666,0.0599019027495062,76.07107,5.071393,0.0,10.659460855057327,14.605284366153802,5.882821564959632,75.75071246280336,9.59559722892815,800.0
938,cycle2,30.99000000000001,19.80885783718108,2.590000000000032,5.195503257867489,0.8976000000000001,0.7726832298136644,0.3397,0.0992127335020425,54.601944,4.3023515,0.0,8.455762066265876,13.555080801991105,5.737850331450688,81.84757741167165,9.220333393257627,1114.0
1056,cycle2,37.690000000000055,22.856220362622032,3.730000000000018,5.602682045668688,0.9041,0.6912521739130437,0.234,0.1100456845206077,94.65427,4.726332,0.0,10.358591175803644,13.446387165058333,5.633613301487152,80.2986476546804,8.25150045409299,805.0
1021,cycle2,33.73000000000002,21.72566938300348,3.07000000000005,5.279149653068694,0.8777,0.7475453416149068,0.2652,0.0864198015829042,59.403137,4.2275534,0.0,8.391630481650862,13.056467280864316,5.636548258896054,83.4863066785201,8.119343409003092,831.0
2531,cycle2,35.57000000000005,24.340544061302676,7.710000000000036,5.361847662451847,0.8499,0.7761521739130436,0.655,0.0419686027082927,107.77839,5.6578226,0.0,11.85463365821136,14.675777249565389,6.100703667049203,74.6972603887999,10.38008303677409,525.0
3097,cycle2,40.110000000000014,26.17302008032129,6.650000000000034,5.7052559044569495,0.8487,0.7159981366459627,0.5584,0.0631261376229102,118.33809,5.6216354,0.0,11.8265358785336,14.662628370848616,5.958477216308392,75.35591856148797,10.273588867088293,517.0
797,cycle2,33.27000000000004,21.13311345646443,5.310000000000002,5.327194414771616,0.8613000000000001,0.7645962732919253,0.3896,0.0828879374363206,78.441414,4.4165463,0.0,9.014032774565717,12.93438457585648,5.576755279642938,82.18330410463837,8.40612216337237,579.0
852,cycle2,33.85000000000002,21.311080402010084,5.050000000000011,5.317661984696345,0.9136,0.7695708074534164,0.2958,0.0944980749350375,76.48657,4.427864,0.0,9.013650055049748,12.93438457585648,5.576755279642938,82.18330410463837,8.40612216337237,643.0
21,cycle2,37.71000000000004,23.039286956521764,9.910000000000023,4.86771725941991,0.8798,0.7597478260869566,0.4766,0.0698605701770379,99.77006,5.013128,0.0,10.589649031343235,14.008717974917529,5.902244610722937,81.9720943760565,8.304986650811847,308.0
214,cycle2,30.090000000000032,18.25797833935021,1.9500000000000453,5.034380343555146,0.8705,0.7899807453416149,0.2948,0.0723650609867685,73.59741,4.7225018,0.0,10.198425739161497,13.698365061771987,5.952238722049938,83.18767008457006,9.326459802557585,1407.0
217,cycle2,30.19000000000005,18.937102983638127,5.110000000000014,5.073323310501629,0.8722000000000001,0.7855515527950305,0.4665,0.0669367051593519,73.79311,4.4793677,0.0,9.52991118501368,13.468286413884629,5.806163382318135,83.6574544491931,8.604496108778523,1205.0
308,cycle2,32.23000000000002,19.95032608695657,5.470000000000027,5.0510866138508765,0.8877,0.7950950310559006,0.1615,0.0895164607516188,78.2177,4.282671,0.0,8.92155487649861,13.103669199487127,5.786100098043101,82.99471737639223,7.603556194836996,630.0
142,cycle2,33.690000000000055,21.35593115622244,4.090000000000032,4.960558020192416,0.9109,0.8430950310559007,0.4972,0.0601533762224698,96.558136,4.534954,0.0,9.780774217973551,13.422336922491883,5.731486370333746,82.14380492291029,8.247516218799726,564.0
1049,cycle2,33.110000000000014,21.836000000000038,7.650000000000034,4.327147386711987,0.9018,0.8020658385093168,0.1177,0.1335933623828074,87.21034,4.3338842,0.0,9.161057835560356,12.250066805120952,5.5366822307462265,84.57644216204179,7.114506792461889,128.0
863,cycle2,36.27000000000004,23.09372148859542,6.330000000000041,4.711134885866596,0.8828,0.8018173913043477,0.0998,0.0991638205195159,74.07441,4.838679,0.0,9.848871565023492,12.27775706803176,5.390756539998785,82.78389043572552,7.061367201880649,349.0
384,cycle2,33.01000000000005,20.65767630057807,6.57000000000005,5.072153996194723,0.8806,0.7820863354037267,0.0955,0.1094981530783262,103.57597,4.256142,0.0,9.90865094059846,12.7864121775779,5.584341225633409,84.87995578038675,6.911338464101801,809.0
385,cycle2,33.690000000000055,20.89067611777537,7.090000000000032,4.951450398395632,0.8751,0.7780869565217392,0.0551,0.0984259277122502,87.383766,4.170625,0.0,9.535216020853598,12.793786420144444,5.585013307612967,85.7742294473596,6.99845174215462,690.0
397,cycle2,38.150000000000034,24.182091917591155,6.690000000000055,5.609085670420049,0.8491000000000001,0.732464596273292,0.3267,0.0620855634892758,73.51013,4.4832897,0.0,9.520100229098084,14.660288945183549,6.046155149918155,75.31259455872296,9.352547517272695,607.0
403,cycle2,38.97000000000003,23.653084832904906,7.250000000000057,5.830957015890885,0.8721,0.6855571428571431,0.5229,0.0833342604858192,96.60826,5.1349463,0.0,11.12882916654624,14.027464068814227,5.863138349027219,78.40989164816862,8.785266273262428,968.0
857,cycle2,32.33000000000004,20.63316939890712,8.210000000000036,4.897126179536159,0.9015,0.8122627329192548,0.3492,0.0982170089505369,91.110054,4.452093,0.0,9.042181728354318,12.773197331725012,5.562444301067708,85.69822763224164,7.425219121282375,870.0
860,cycle2,34.01000000000005,21.84877652933836,5.9500000000000455,4.846218289719174,0.8909,0.7978211180124223,0.1049,0.0977546176316765,89.62392,4.8452725,0.0,9.803189435213447,12.411314298861209,5.384678225688995,84.98621690045613,7.012841411508531,365.0
930,cycle2,35.51000000000005,23.41106728538282,3.8100000000000014,5.342130505238022,0.907,0.771573291925466,0.6371,0.0605624894236331,62.464066,5.0620894,0.0,9.750757482373007,14.621752818422989,5.835572218449379,78.0349353976039,11.007002325949257,991.0
951,cycle2,31.19000000000005,20.121072664359897,2.650000000000034,4.883625643524694,0.8941,0.8050863354037271,0.4004,0.1090423169875977,96.63566,4.285723,0.0,8.794716914147338,12.866170405277458,5.615791842677221,85.13408406198232,7.621106547478248,862.0
