UA,altitude,ciclo,lst_max,lst_mean,lst_min,lst_sd,ndvi_max,ndvi_mean,ndvi_min,ndvi_sd,prec_max,prec_mean,prec_min,prec_sd
1,455,ciclo1,24.528181818181853,19.906603535353558,13.29000000000003,3.9358122717184263,0.8943,0.8732565277777778,0.835875,0.019657388023739845,829.4426951408386,478.5572742621104,285.25267720222473,151.51072897893388
4,225,ciclo1,26.40500000000003,21.998238215488247,15.325000000000031,3.8026804065823816,0.8616333333333334,0.8043095833333335,0.759175,0.036667763002073646,782.5346732139587,455.9318475325902,242.35604548454285,153.91115472757315
10,45,ciclo1,26.610000000000028,22.504281986532018,15.998333333333354,3.6137171256212115,0.86725,0.799966388888889,0.74105,0.04182842247532837,736.4825882911682,459.08819548288983,237.77966570854187,151.75375701269851
15,266,ciclo1,28.021111111111136,23.060729557479586,15.916666666666694,4.059117803019349,0.8489833333333333,0.7904409722222222,0.7316000000000001,0.03741833259381245,786.833084821701,478.2278201878071,242.15426921844482,159.7089850077943
23,157,ciclo1,27.69000000000003,23.500553030303063,17.1366666666667,3.4858375285576924,0.8891833333333334,0.8624236111111112,0.8197833333333334,0.02283202597466938,688.3188412189484,453.6184056003888,196.20647478103638,164.00759705114288
27,3,ciclo1,28.940909090909113,23.730861111111142,17.245000000000037,3.9361628557136523,0.6468833333333334,0.5912950208019921,0.5216318116975749,0.04075365889609966,691.1193609237671,404.29825966556865,182.27538859844208,156.07220399969427
28,283,ciclo1,26.647777777777815,22.262119528619554,16.12454545454548,3.6503969940556167,0.9001333333333333,0.8693001388888889,0.8359333333333333,0.021636751147342047,776.9989993572235,479.18085084358853,230.65758168697357,156.6536681640082
30,72,ciclo1,28.11000000000003,24.01072474747478,17.399090909090933,3.662521586804285,0.8200833333333334,0.7218031944444445,0.6048833333333333,0.06791028600722111,693.2476677894592,457.2645281205575,203.09253579378128,164.71551424527024
35,9,ciclo1,30.68090909090913,24.544669191919226,17.420000000000034,4.44902303711338,0.49695000000000006,0.43840669812035765,0.38926371077762617,0.030171032821160012,684.1714191436768,408.3013174037139,188.56254482269287,155.1978865394349
37,427,ciclo1,25.70000000000003,21.3819267676768,15.730000000000034,3.488258622229479,0.9020833333333335,0.8621650000000001,0.7482800000000001,0.03940588122349395,799.9656472206116,490.2509149114291,234.62978291511536,169.03171900120964
39,71,ciclo1,27.342727272727302,23.02483922558926,16.186666666666696,3.950427530577358,0.8699833333333333,0.7915190277777779,0.6942499999999999,0.053340452617100506,742.7101449966431,451.56342775623006,202.5110285282135,166.68413554625786
40,40,ciclo1,30.19181818181821,25.338365319865346,18.696666666666687,4.00216327627839,0.7759833333333335,0.7068430555555555,0.6289333333333335,0.049090313339924335,746.4106044769287,440.1213933626811,199.58164286613464,164.80001034830903
41,35,ciclo1,33.35181818181821,27.140955387205413,18.69666666666671,5.007411926270732,0.5816333333333333,0.5511558333333334,0.5026166666666666,0.025531953187423174,759.8976697921753,434.8565242389838,193.70485281944275,168.233227562081
47,348,ciclo1,25.92818181818184,21.695057960557993,15.056666666666695,3.6868850173891023,0.8988333333333335,0.8545140277777777,0.7775,0.03730072705240818,707.0401139259338,464.075418005387,213.04502153396606,161.7068682723205
49,86,ciclo1,30.457272727272755,24.850751683501713,17.3666666666667,4.260710134038596,0.7781166666666667,0.7366494444444444,0.6912500000000001,0.03253444177396332,775.9478492736816,444.49291002750397,188.0506076812744,173.1481510286586
50,58,ciclo1,30.55400000000003,25.448458333333367,18.131666666666703,4.263078140689967,0.7491000000000002,0.7001334722222222,0.6438833333333335,0.03930312458398459,785.6405620574951,435.31923318902653,182.67290270328522,180.57304349988743
51,36,ciclo1,30.131666666666685,25.623240319865346,18.656666666666695,4.024964794257671,0.7513666666666667,0.6944102777777778,0.62505,0.04328528816144488,777.5131740570068,419.5938641031583,172.99191331863403,173.37474289370172
58,207,ciclo1,26.950000000000028,22.441968855218885,16.368333333333357,3.6895514241525103,0.8926,0.8571406944444445,0.8062666666666667,0.02621047869207196,735.8189759254456,460.86828310290974,217.01383447647095,162.84567371488077
59,437,ciclo1,26.28000000000003,22.03989478114481,15.398333333333369,3.7396702031327607,0.8575499999999999,0.8116443055555557,0.7635000000000001,0.03391018311260923,789.2961845397949,445.85862986246747,184.15273141860962,174.62238173811767
69,1101,ciclo1,25.141666666666694,19.71686363636367,10.835000000000022,4.7940721567248925,0.8398333333333334,0.7972052777777779,0.7428,0.03330278073303174,832.2860922813416,463.7573573390643,279.98419713974,144.44540112811111
70,1036,ciclo1,24.93166666666669,19.233414983165012,10.44833333333336,4.706710738709593,0.8271666666666667,0.7550469444444445,0.6719833333333334,0.052218666228662405,813.9178318977356,468.40307102600735,268.5293183326721,145.69519977074336
74,649,ciclo1,24.675714285714314,19.95773965848969,13.613333333333363,3.85431936511087,0.87285,0.8096995833333333,0.677925,0.05380370888584742,694.8930320739746,452.8951870103677,237.05409145355225,149.1242948642084
77,171,ciclo1,29.519090909090927,24.219431818181846,16.386666666666695,4.3831179728860885,0.7832166666666667,0.7123615277777778,0.5973,0.0622987638002999,756.0234031677246,408.4580302834511,167.52231085300446,167.58230888015188
81,116,ciclo1,28.240000000000027,24.042799663299693,18.118333333333357,3.6541320387520524,0.8350500000000002,0.7801477777777778,0.71505,0.039692919634813535,602.908429145813,412.9228977262974,186.9367356300354,143.36082119449424
85,1023,ciclo1,27.68833333333336,22.29448484848488,14.066666666666691,4.369287649723989,0.8086333333333334,0.7298604166666668,0.6565833333333333,0.054781342830202084,791.0000567436218,441.519866168499,286.4805018901825,136.95642633441807
87,908,ciclo1,27.598333333333358,22.014319865319894,13.221666666666692,4.709733908999288,0.7673333333333333,0.6891290277777777,0.6030166666666666,0.05579185105130367,776.8848805427551,440.8548679848512,291.9250605106354,130.90907358578824
89,1267,ciclo1,26.518333333333363,21.418122895622925,13.891666666666694,4.161010078532559,0.8023666666666666,0.743383888888889,0.6777666666666667,0.04530036631838829,796.4836645126343,451.70787545045215,282.750426530838,134.80584674883752
95,500,ciclo1,25.746666666666698,21.280260461760488,15.550000000000026,3.651679168257179,0.8760833333333333,0.808973888888889,0.6111,0.07574815527436322,699.3984546661377,437.4863306383292,241.39971208572388,143.98017349719592
97,163,ciclo1,28.178000000000033,22.893415824915852,15.521666666666698,4.544359010458411,0.8438833333333333,0.804946527777778,0.7578333333333332,0.028292794417531648,697.8212242126465,417.5074952840805,181.70850157737732,148.3423836173656
98,340,ciclo1,28.57800000000003,23.07003282828286,16.151666666666685,4.447180865994456,0.8456833333333335,0.8010251388888889,0.7503500000000001,0.03488177815094085,740.0183706283569,412.0479084948699,172.99188649654388,161.72064474258573
104,780,ciclo1,25.531666666666695,20.022030303030334,11.305000000000035,4.63235029444011,0.8782000000000001,0.825196388888889,0.7241500000000001,0.04575861682581506,773.6516532897949,430.49855756759644,299.6613438129425,129.02557326279342
113,1426,ciclo1,25.455000000000027,19.84658164983168,12.193333333333365,4.16515183184754,0.7657000000000002,0.6904669444444443,0.6169199999999999,0.05460248748672333,761.0939106941223,457.38757822910947,260.74512910842896,131.84129185368084
114,1440,ciclo1,24.62666666666669,19.302558080808108,12.631818181818206,3.9320537997064773,0.7883,0.7397144444444446,0.6684400000000001,0.03624096322439506,748.5518560409546,453.5629429916541,266.2954318523407,133.49551932569798
117,805,ciclo1,26.10714285714289,19.904056517556548,14.29333333333336,3.6807834993510857,0.8861166666666668,0.8015409722222223,0.5614250000000001,0.0992031291193184,692.7172470092773,433.5221407810847,241.23682689666748,139.57465380274158
118,337,ciclo1,27.781111111111144,23.1126001683502,16.54666666666669,3.8823346595979866,0.8218666666666666,0.7534744444444444,0.64415,0.04997031580577001,676.8412556648254,428.9072547356288,201.84838199615479,139.38219475473568
119,287,ciclo1,28.266000000000037,23.288114478114505,16.718333333333366,4.149795904562618,0.7879,0.7173031944444445,0.6060500000000001,0.057064937800176276,691.6121883392334,424.65343205134076,182.94909620285034,148.1232968098355
122,194,ciclo1,29.21444444444448,23.846425084175113,16.971666666666696,4.302374680905827,0.8405666666666667,0.8025022222222221,0.7615333333333334,0.027468774505603356,700.2066421508789,428.66961485147476,180.3095555305481,152.15218814924336
123,400,ciclo1,28.3566666666667,23.18604208754212,16.56833333333336,3.8135892799768896,0.8762833333333333,0.8232004166666668,0.623075,0.0661503828063623,666.6626243591309,424.0914132992427,179.12926244735718,150.8161741265194
134,1045,ciclo1,26.783333333333363,21.791430555555582,12.93500000000003,4.452051893045078,0.7711833333333334,0.68132,0.5850166666666666,0.060024377624922486,731.529748916626,442.87508487701416,282.488347530365,118.81042080971477
137,1381,ciclo1,25.000000000000025,19.83249494949498,12.033333333333369,4.065307686009785,0.7660666666666667,0.7069555555555556,0.6460333333333333,0.04603103991658626,688.7496404647827,443.2004660964012,259.79590225219727,120.28759794958798
139,1436,ciclo1,23.7566666666667,18.841842592592624,12.033333333333365,3.854798445104931,0.78835,0.7268665277777778,0.6557250000000001,0.0421456841759214,687.2232284545898,439.1340650518735,251.16298818588257,128.12386442202103
140,1612,ciclo1,25.90500000000003,20.439710437710463,13.27333333333336,4.326589439364981,0.7780833333333333,0.6616291666666668,0.5468333333333334,0.0758255799226201,680.5339765548706,430.0490040381749,245.8366813659668,128.63759332382529
141,941,ciclo1,23.898571428571454,18.838501322751352,12.805000000000035,3.7955837182077916,0.8883666666666667,0.8079122222222223,0.6453166666666666,0.08090619445145865,650.4914042949677,429.5746447443962,232.74056386947632,131.23865261356156
143,334,ciclo1,27.98555555555558,22.98897306397309,15.985000000000033,4.157043729005392,0.8649166666666668,0.8230427777777778,0.7436999999999999,0.034763579676346495,678.6864094734192,434.3556187748909,195.29576921463013,141.13703928293427
146,261,ciclo1,29.166000000000036,23.573158249158272,16.65500000000003,4.160387060068065,0.8251333333333334,0.7529280555555555,0.6,0.05663492363306409,729.0908327102661,444.30259187022847,183.61848664283752,158.13646232484018
147,75,ciclo1,29.959090909090943,24.485466329966357,17.261666666666695,4.415194139677093,0.8169666666666666,0.7675047222222223,0.68645,0.03914755567929168,723.5626621246338,442.39721821745235,173.0298581123352,159.35707628698617
148,625,ciclo1,26.376000000000033,21.33611111111114,15.233333333333363,3.7945879298896594,0.8961666666666668,0.8548712500000001,0.618375,0.07304960782439895,692.9831485748291,442.678107013305,181.10211181640625,152.53764408653151
165,1491,ciclo1,22.370000000000033,17.86691835016838,11.771666666666704,3.690918597114529,0.8173166666666668,0.7555330555555555,0.5503800000000001,0.06926906637456977,656.0988893508911,426.28007976214093,241.88726139068604,124.12550849570476
166,1508,ciclo1,23.37857142857145,17.67333676046179,11.508333333333363,3.853690431856792,0.8232499999999999,0.758523888888889,0.64922,0.05917910033413847,636.1921458244324,423.4340617656708,239.556218624115,123.62195987844827
167,1121,ciclo1,23.804545454545487,18.988314393939422,12.493333333333359,3.794657349226424,0.8194833333333333,0.7556920833333333,0.6792333333333334,0.0475170720252671,638.1709592342377,428.4375942150752,234.58590936660767,128.72625705072568
170,301,ciclo1,28.88166666666669,23.684905723905757,16.861666666666697,4.014116182178871,0.7966000000000001,0.7367336111111111,0.5847,0.056176053542319165,783.60706615448,461.0826692183812,186.54088759422302,164.54592755279464
172,288,ciclo1,29.01666666666669,23.82229924242427,17.1466666666667,4.134927954661428,0.8409333333333334,0.7812298611111111,0.662075,0.04954516428387088,751.3873910903931,453.79715448617935,177.01136302947998,162.225277123669
173,585,ciclo1,26.408181818181856,21.548093073593105,15.465000000000032,3.6856261951768885,0.8643333333333333,0.82304875,0.665325,0.05443897333816457,739.468770980835,463.26926028728485,181.7549023628235,161.68661341160288
174,194,ciclo1,28.107777777777798,23.298417087542116,17.038333333333366,3.8831806754942324,0.8921999999999999,0.8591061111111111,0.69915,0.050624562034382266,713.3285274505615,453.27247373263043,178.8572015762329,156.51493189184654
175,155,ciclo1,29.296666666666695,24.595872294372317,18.541666666666696,3.6782350488996256,0.8519166666666668,0.8045130555555556,0.6121500000000001,0.06314810607491471,727.9641132354736,454.5459297001362,176.99178624153137,160.20610341441608
177,856,ciclo1,25.423333333333357,20.229097763347795,12.565000000000035,4.409602983274897,0.8558333333333333,0.7985280555555555,0.7367,0.0425522913701342,738.4308910369873,434.3265977501869,291.4890580177307,117.91509194028914
188,1286,ciclo1,22.19666666666669,17.885944023569053,11.601666666666702,3.575796786179724,0.8414166666666668,0.7764519444444443,0.6116400000000001,0.058168338442362626,688.2546644210815,438.4895449876785,270.43043661117554,123.63686307144226
191,1003,ciclo1,25.73727272727276,19.794150673400708,11.931666666666695,4.502355121120219,0.8330500000000001,0.7891669444444444,0.7342000000000001,0.032367587967732016,615.7801821231842,431.9088036417961,237.40637969970703,121.01074185592488
192,1484,ciclo1,22.696000000000033,17.76609511784515,11.108333333333368,3.850732832267098,0.8391500000000001,0.7699545833333333,0.659375,0.052098431807658274,633.7237913608551,427.70730996131897,243.51903104782104,123.55447421766203
193,1513,ciclo1,24.52400000000004,19.098828703703735,12.326666666666696,3.995092701831027,0.7979166666666667,0.7136533333333333,0.548,0.06573650257178723,631.9362268447876,430.4683807293574,235.50126934051514,130.3353490698088
194,617,ciclo1,25.77800000000003,21.211627104377133,14.883333333333363,3.606915436149283,0.8833833333333333,0.8427048611111111,0.7656666666666666,0.03067998172184964,702.4249610900879,449.9636384546757,202.87702131271362,144.59869739763585
196,780,ciclo1,26.06800000000003,20.83473106060609,14.740000000000032,3.771655278352654,0.8511333333333334,0.7898240277777777,0.636575,0.055289829440541324,761.3635959625244,462.9655800263087,195.15897631645203,159.56121479642184
197,354,ciclo1,26.77200000000003,22.268526515151546,16.110000000000024,3.7137732067394533,0.8640333333333333,0.8086605555555556,0.6529,0.05510963444762195,766.4690523147583,460.84516627093154,192.7592692375183,161.2821349887976
198,675,ciclo1,25.960909090909123,21.142015151515178,14.876666666666688,3.8458045118887547,0.8818333333333334,0.8457734722222222,0.6613249999999999,0.05764205194985686,767.8454570770264,462.74884182214737,194.21855425834656,165.81736906942862
199,350,ciclo1,27.14818181818185,21.800310606060638,16.195000000000025,3.84352768034222,0.8975666666666667,0.8595268055555555,0.703525,0.052847196404396786,744.2952919006348,461.6173926591873,198.84356474876404,160.34076351655554
206,1008,ciclo1,25.58555555555559,20.517372895622923,13.193333333333362,4.278616609318894,0.7847833333333334,0.7030022222222222,0.6280666666666667,0.05100606380678515,679.3443489074707,426.179954012235,271.7269253730774,110.73910669193907
208,904,ciclo1,26.16666666666671,21.075541666666698,13.56636363636366,4.314947959338755,0.7552,0.6930727777777778,0.6141400000000001,0.04858918626519341,601.788255572319,393.3971633215745,223.96462190151215,104.06424710961194
211,1137,ciclo1,27.93500000000003,22.323101851851884,14.510000000000034,4.438711026773483,0.7378833333333334,0.6523115277777777,0.5766166666666667,0.057039168590127816,607.1168057918549,424.8539488911629,264.7894957065582,106.33403010941197
218,1209,ciclo1,22.342500000000022,17.887607323232352,12.30833333333337,3.5800927801906046,0.8610333333333333,0.8086036111111112,0.6924600000000001,0.04379033775250374,583.5006008148193,423.92870440085727,236.71608209609985,107.13507954533463
221,604,ciclo1,26.02250000000003,21.616970959595992,15.190000000000026,3.682588380894368,0.8425166666666667,0.7734834722222222,0.698525,0.04079575357156066,639.6599569320679,434.2174083888531,214.20356440544128,131.5744157924708
225,884,ciclo1,24.628000000000032,20.126297138047168,14.353333333333358,3.6288405543893827,0.8688833333333333,0.8163754166666668,0.6784250000000001,0.052613850006987206,776.8335800170898,474.13093144694966,207.42211437225342,167.15753718366597
228,5,ciclo1,29.088000000000022,24.090472222222257,18.735000000000042,3.5041784415346076,0.7837166666666667,0.7272694444444444,0.5824,0.05605402686220931,768.033878326416,470.31568866968155,184.2508246898651,172.15040180435554
242,1073,ciclo1,23.983333333333363,19.318719276094306,12.851818181818208,3.7838347664188428,0.8495500000000001,0.7996884722222223,0.6772750000000001,0.04606151320596581,612.0233488082886,445.0606660445531,277.5969920158386,103.60495817676122
246,988,ciclo1,24.302500000000023,19.67711153198656,12.818333333333362,3.960756575060253,0.8770833333333335,0.7971234722222222,0.73204,0.040109028322687625,583.3643608093262,428.0867395401001,242.7857711315155,105.7285421946093
249,1358,ciclo1,23.04428571428574,18.512667688792718,12.16000000000003,3.797648593621357,0.8274499999999999,0.73648625,0.65106,0.05628681039223914,611.1580038070679,415.8504541218281,230.60524702072144,117.79594002560447
251,783,ciclo1,24.19222222222225,19.84729924242427,14.220000000000036,3.4804813912550037,0.8455166666666667,0.7660911111111112,0.6652,0.06310093552064167,696.0937185287476,451.999083618323,205.34036493301392,143.65981103724303
253,543,ciclo1,26.538888888888923,21.778228114478143,15.830000000000021,3.6760538470272617,0.85675,0.8176780555555557,0.7608,0.02530650079188973,721.8579082489014,462.83646965026855,221.24979090690613,146.47776133402294
254,779,ciclo1,26.742500000000028,21.257519360269388,15.101666666666697,4.0067561772217255,0.8479500000000001,0.7949706944444445,0.664525,0.05537376900838262,770.3039121627808,469.94310680031776,219.7176572084427,162.34768085417386
255,659,ciclo1,24.748000000000037,20.734929292929326,15.53000000000003,3.4012380343200728,0.86465,0.8235020833333334,0.721375,0.04102253306463644,863.8752450942993,475.14154252409935,208.19226324558258,184.8322857343972
256,250,ciclo1,26.30600000000003,21.81386135161138,16.725000000000037,3.547319309202765,0.8838,0.8377133333333333,0.6457,0.06192341560347062,877.2689456939697,479.659378071626,203.7958676815033,190.2406297063838
260,970,ciclo1,27.603333333333367,21.91597979797983,13.615000000000029,4.625497114430685,0.8095500000000001,0.7362183333333333,0.6737000000000001,0.038156744379818947,720.4835209846497,434.04684250553447,292.0490126609802,115.994147191441
261,845,ciclo1,26.8816666666667,21.49226094276098,12.970000000000033,4.6716015178783215,0.8021333333333334,0.710098888888889,0.6317333333333334,0.05564579677536565,706.9666209220886,430.5283197959264,292.7943687438965,116.36167506042267
279,694,ciclo1,26.06250000000002,20.97882786195289,14.258333333333368,3.8702052288127766,0.8363499999999999,0.788833611111111,0.66542,0.04418309024742034,585.2329378128052,407.7963076035182,237.91706228256226,109.00808114120103
281,739,ciclo1,26.80250000000003,21.29081355218858,14.826666666666702,4.131165975835031,0.8145666666666668,0.7492598611111111,0.6841833333333334,0.04236947571583283,652.2892723083496,425.2580348054568,219.37284564971924,124.73611686649825
284,462,ciclo1,27.03400000000003,22.208498737373763,16.09000000000003,3.6964738952161222,0.8559333333333333,0.8234079166666669,0.78832,0.023000808954419485,739.0462627410889,469.3029402891795,216.58041763305664,151.69433895116302
285,216,ciclo1,28.514444444444475,23.487620370370397,17.02500000000003,3.77758606269034,0.8049333333333334,0.758953888888889,0.63948,0.04144496227334963,787.5942182540894,480.86435213685036,214.3090362548828,168.23785065515585
286,377,ciclo1,28.181111111111136,23.295936868686898,17.710000000000033,3.598294766517577,0.8809166666666668,0.8373554166666667,0.7044400000000002,0.04681468493454472,890.728907585144,494.5772602260113,205.36814641952515,193.25290990433493
287,100,ciclo1,28.134444444444473,23.7607070707071,18.11333333333337,3.4990499362831424,0.87865,0.8395805555555557,0.7157000000000001,0.04100560532670641,837.7826700210571,484.3939588864644,203.26724195480347,184.1914876520738
297,1039,ciclo1,25.702000000000034,20.588946127946155,13.52818181818185,4.164712928477427,0.8177166666666668,0.7235454166666666,0.5917166666666667,0.06388387895498975,603.7263780832291,421.13416733344394,274.5465741157532,98.10843295541252
301,912,ciclo1,24.380000000000038,19.43038888888892,12.872000000000025,3.9287078377872913,0.8168666666666667,0.7471570833333335,0.6113833333333334,0.06635222097138405,583.8485612869263,421.71568781137466,276.0273642539978,94.3854302845366
304,866,ciclo1,25.042500000000025,20.04242803030306,12.938000000000034,4.224533627521576,0.8154166666666667,0.7381677777777779,0.59988,0.07034506053276164,585.1754775047302,432.83480536937714,271.68982005119324,96.76240846264378
309,553,ciclo1,26.33250000000003,21.06919402356905,14.298333333333355,4.22812465135517,0.8407000000000001,0.7863295833333334,0.7232749999999999,0.036393900932132815,562.839307308197,400.5467450817426,238.70059609413147,109.14153729318188
310,735,ciclo1,25.752000000000027,20.74135984848488,14.411666666666695,4.346003403943417,0.8512666666666667,0.7903773611111112,0.6948200000000001,0.04816729866683579,583.7390508651733,405.12343831857044,231.91411352157593,111.65390587210022
311,887,ciclo1,26.035000000000025,20.71558249158252,14.45333333333337,3.9056417744956264,0.8007333333333334,0.7369527777777778,0.6535,0.05095458346034572,623.7037115097046,413.3667730887731,228.17023611068726,117.99580926664936
312,871,ciclo1,25.39500000000003,19.896920033670064,13.6716666666667,4.005099866470885,0.8569333333333334,0.8071256944444444,0.7189,0.03826175011037396,652.3193688392639,422.99777058760327,228.53882384300232,121.31471551369161
313,892,ciclo1,26.4077777777778,21.380500721500752,15.238333333333363,3.9074731070847752,0.8419333333333334,0.7752983333333333,0.66628,0.05400818167614001,660.33278465271,437.7013386686643,218.70204496383667,122.7957901807632
314,616,ciclo1,26.807777777777808,21.617914562289588,15.881666666666698,3.740716490961504,0.8304666666666667,0.7867606944444444,0.6773200000000001,0.041883084611823426,691.5701560974121,446.17462609211606,218.0137755870819,130.8856570774038
316,447,ciclo1,27.97222222222226,22.59528409090912,16.53833333333336,3.7820596733124763,0.8711666666666668,0.8219381944444445,0.687975,0.06105234969641036,739.6952056884766,463.7058755457401,211.61167001724243,150.99470299148263
317,322,ciclo1,27.880000000000035,23.05264646464649,16.941666666666695,3.7589651100561507,0.8619833333333333,0.8253631944444445,0.7639000000000001,0.02939628808182956,768.6315612792969,476.9725475907326,202.73319101333618,167.31088995790554
318,71,ciclo1,29.212222222222263,24.569549663299686,18.26833333333336,3.8401519474849035,0.6502,0.6137858333333334,0.56118,0.028606149045169137,720.3726592063904,476.1021595795949,184.08966732025146,166.05009517488884
321,717,ciclo1,28.062000000000033,22.327174242424277,14.500000000000037,4.313119932296221,0.7171833333333334,0.6632216666666667,0.6328333333333332,0.02316856600927043,692.6185035705566,449.2178027133147,316.43384981155396,112.07089567475181
328,790,ciclo1,27.95666666666669,22.219526094276123,14.148333333333364,4.758323127695305,0.7696666666666667,0.6893279166666667,0.6451166666666667,0.03576064770938596,607.742333650589,429.0524899860223,298.4251561164856,102.43127264281057
336,851,ciclo1,24.61500000000003,19.673336279461314,12.982000000000033,3.9117832203961362,0.8391000000000001,0.7728918055555556,0.6258333333333334,0.06079734005762431,610.6714854240417,423.40335263808566,270.67757272720337,99.24286049938989
337,876,ciclo1,26.445555555555586,21.284196127946164,14.352000000000027,4.217397796899156,0.7973833333333334,0.7139448611111111,0.6542166666666666,0.049206873096493374,605.5254487991333,418.40495218833286,267.77899527549744,101.88795840166748
340,860,ciclo1,24.17500000000002,19.367174122174152,13.480000000000029,3.6650210958283056,0.8699333333333334,0.7920598611111113,0.6058600000000001,0.07405366907176114,603.1350274085999,412.79572852452594,243.59485030174255,109.62812325351753
341,492,ciclo1,28.482500000000023,23.1622916666667,15.252000000000033,4.521455344813554,0.7636500000000002,0.6672190277777778,0.5704000000000001,0.060931295638408926,573.1458830833435,405.47422111034393,242.17702174186707,108.74852470730667
344,701,ciclo1,27.470000000000027,21.655102272727305,14.795000000000035,4.372750119373112,0.7683,0.6761727777777776,0.61545,0.047085351221919945,569.1405620574951,400.53938170274097,214.4752435684204,110.53108207693401
345,912,ciclo1,26.65500000000003,21.118896885521917,14.828333333333367,4.089045396534053,0.8145333333333333,0.7703756944444445,0.708725,0.0365293532811375,598.185779094696,405.00292704502743,222.50099229812622,115.29792002979292
346,774,ciclo1,26.12750000000002,20.975505050505078,14.580000000000027,4.002836708515834,0.8037166666666667,0.7383813888888889,0.6551600000000001,0.03890795387736124,606.5516529083252,411.9218245546023,235.34522676467896,118.41723088170366
347,605,ciclo1,26.596666666666707,21.400314814814845,15.18500000000003,3.972982440722022,0.8451166666666666,0.7818388888888889,0.6535,0.060167884080224235,631.9327869415283,421.26692524552345,242.93950843811035,116.49444642719466
348,822,ciclo1,25.721111111111142,20.579039081289107,14.9166666666667,3.761378508433137,0.8512833333333333,0.7935090277777778,0.7025,0.04923502539059148,661.7874898910522,439.1959753036499,232.77948474884033,123.3065979670721
349,680,ciclo1,26.223333333333372,20.895300505050532,14.840000000000023,3.8980736946550674,0.8809,0.811018888888889,0.6645,0.06888506321366487,695.7319135665894,456.7635138829549,220.24081087112427,138.95661537007103
350,299,ciclo1,27.94555555555558,22.89986195286198,17.323333333333366,3.8370816463644406,0.8820666666666667,0.8216275000000001,0.6508800000000001,0.06167959109493921,691.6167516708374,451.08725025256473,221.79080772399902,141.22921014843152
351,193,ciclo1,28.29800000000003,23.375214646464674,17.525000000000023,3.7179542695478984,0.8860500000000001,0.8477820833333332,0.70656,0.04835647189021622,740.5033507347107,471.30964388449985,199.30266571044922,160.6087826774152
352,188,ciclo1,27.728000000000037,23.48412121212124,17.466666666666697,3.7863662239230442,0.8758833333333333,0.8307416666666666,0.6832,0.0529152294205531,680.8450746536255,470.24302446842194,190.6378321647644,158.46577078821528
365,944,ciclo1,25.914444444444477,20.267804292929323,12.828181818181845,4.2846037141989095,0.8596833333333335,0.7617912499999999,0.6676666666666667,0.06149793375453092,634.5306720733643,434.6955724855264,312.02111744880676,108.21969066800811
367,804,ciclo1,27.5216666666667,21.838902777777808,14.265000000000029,4.236278363143178,0.7872833333333334,0.7128851388888888,0.6345500000000001,0.052114362079321665,598.2667198181152,428.172256787618,298.40996193885803,101.33517033479353
369,840,ciclo1,27.436666666666692,21.20329208754212,13.082727272727311,4.675836585592661,0.8254333333333334,0.7053365277777778,0.593575,0.05617772027919807,575.4791803359985,427.9164905150731,309.6759252548218,93.71533518186588
377,517,ciclo1,27.995714285714314,22.64796729196732,16.054000000000023,4.126225961521168,0.7721166666666668,0.68049625,0.5309250000000001,0.06364749145548837,629.4699362516403,417.6824945112069,243.77198934555054,111.11332413689445
378,619,ciclo1,27.64000000000003,22.660587121212156,15.456000000000023,4.211125848157863,0.7593500000000001,0.6695001388888889,0.5536333333333333,0.05676778196879587,619.615918636322,414.80170953273773,231.9845073223114,111.00733503904628
383,699,ciclo1,27.141428571428598,21.75349098124101,15.30500000000003,4.052820503778629,0.8283000000000001,0.760452361111111,0.668625,0.051305526706027844,587.7664341926575,401.398967842261,217.10110664367676,114.05397500267662
386,835,ciclo1,24.682500000000033,19.788144841269872,14.291666666666691,3.572056679620442,0.8782333333333333,0.8207440277777778,0.7162200000000001,0.05149693198097322,657.2909755706787,422.83252960443497,227.69227600097656,123.44572717068495
387,409,ciclo1,26.51000000000003,21.979298400673425,16.17666666666669,3.6768834462926714,0.8742833333333334,0.8206768055555557,0.7617500000000001,0.04564131495441091,701.1048374176025,438.8675987323125,222.09808826446533,133.61288547076268
388,685,ciclo1,25.21600000000003,20.40000000000003,14.821666666666701,3.6411884437981414,0.8637166666666666,0.7929701388888889,0.6716,0.059982421948475355,686.5534462928772,441.35093426704407,211.91726303100586,135.18119676805279
390,38,ciclo1,29.734000000000037,24.997367845117868,18.73000000000003,3.8489714900139598,0.7797666666666667,0.7353622222222223,0.6949833333333335,0.028948306012403672,685.206995010376,463.9008219440778,195.1785454750061,152.35071595951453
391,7,ciclo1,27.78090909090912,23.208846801346834,17.908333333333363,3.3780854418145365,0.6806833333333334,0.6235059722222221,0.553175,0.03766325855684633,649.9455738067627,464.5319414138794,178.13644695281982,154.04922479184103
392,60,ciclo1,29.22400000000003,24.772495791245817,19.125000000000032,3.5687699987088926,0.6848333333333333,0.6420230555555555,0.6051833333333333,0.028002708118323085,638.2543082237244,469.0665474832058,176.21437323093414,156.8003314920941
395,605,ciclo1,27.833333333333368,22.708720959595983,14.400000000000034,4.353015739038133,0.8294333333333332,0.7805097222222224,0.7368166666666668,0.029787120832924303,693.8095870018005,462.2312855521838,339.4819345474243,109.65191982322733
398,705,ciclo1,28.718333333333366,23.605860269360296,15.528333333333356,4.323082348036712,0.8316666666666667,0.7398244444444444,0.6655333333333333,0.05346858690673007,749.2432615756989,398.90767172972363,274.427814245224,140.5982463514305
409,986,ciclo1,28.878888888888923,22.957501563251594,15.771818181818203,4.5345381867873344,0.7819666666666668,0.6340876388888889,0.535525,0.06883817574592727,605.2626032829285,432.70645303527516,324.17020654678345,99.86096075940698
413,1165,ciclo1,23.5766666666667,18.80625234487737,12.668333333333365,3.8291460112161415,0.8417499999999999,0.7451240277777779,0.5671666666666667,0.09318534998875576,615.5162279605865,424.304198294878,281.2612428665161,100.76019824320811
415,869,ciclo1,23.410000000000025,18.46217003367006,11.940909090909118,3.8381162999461553,0.8556666666666667,0.7625243055555555,0.5352666666666667,0.09046421122327514,639.9506878852844,417.8957669834296,247.71032679080963,111.2224533851259
419,534,ciclo1,28.35857142857145,22.540241642616675,15.138888888888914,4.523203974155834,0.7265166666666668,0.6489570833333335,0.55505,0.04836507320928343,583.3309376239777,399.8608672618866,231.18012595176697,103.66898521325076
421,649,ciclo1,27.258571428571468,21.221780784030813,15.08090909090911,4.264796559408328,0.8446833333333332,0.7653676388888888,0.62632,0.0647765638076832,565.9279227256775,398.17680231730145,212.78487253189087,102.33645937231606
422,872,ciclo1,27.55571428571431,21.93271903559406,15.939090909090943,4.011889341500046,0.8293500000000001,0.7654236111111111,0.6788000000000001,0.04394218921994505,566.1485681533813,392.3849727511406,215.905170917511,107.12763080164721
423,572,ciclo1,27.350000000000023,21.732159932659965,15.841666666666702,3.9744872690805657,0.8338833333333334,0.7844679166666668,0.66774,0.049899585313003154,573.4710488319397,392.8059191604455,214.400874376297,111.02362215806333
424,467,ciclo1,25.904000000000032,21.200698653198682,15.011666666666699,3.8475887033654437,0.89995,0.841724027777778,0.6714800000000001,0.058167769718360345,592.4518356323242,405.9304515918096,215.83191299438477,114.89128180367523
425,481,ciclo1,26.37285714285718,21.38528607503611,15.19833333333336,3.773521849193714,0.8601000000000001,0.8073059722222222,0.6712800000000001,0.05477604512187401,613.7166361808777,412.204416791598,222.92908477783203,117.80962474871896
426,347,ciclo1,26.78777777777782,22.27611195286198,16.426666666666694,3.721264084359309,0.8781000000000002,0.8218783333333334,0.7364166666666666,0.04910650978004585,649.4228811264038,419.76636838912964,225.32328271865845,121.21947208424731
427,329,ciclo1,25.56000000000003,21.424680615680646,15.970000000000027,3.4546682538239413,0.8876833333333333,0.8175456944444445,0.646025,0.06988832129845504,688.6369009017944,433.77457921703655,224.0389804840088,129.04878281934486
428,253,ciclo1,26.105555555555593,22.000749579124605,16.32833333333336,3.5604953923899636,0.8987166666666667,0.85721625,0.7620199999999999,0.038253611086653774,720.4205961227417,450.4597257177035,211.35871648788452,139.67142138100724
429,521,ciclo1,25.33888888888892,20.763098484848513,15.54000000000003,3.4781771977818146,0.8910833333333333,0.8351994444444446,0.7054600000000001,0.052889105102846536,647.7873034477234,426.3949185907841,204.35235977172852,131.11637612743058
430,61,ciclo1,27.41909090909094,23.555219276094306,17.706666666666695,3.5327892831511924,0.8211333333333334,0.7645481944444444,0.7121833333333334,0.04172963007985192,664.9859247207642,448.806954284509,195.8100848197937,140.79909289721294
435,638,ciclo1,28.143333333333363,22.992929292929322,15.340000000000032,4.304462787604882,0.8565333333333335,0.8180705555555555,0.7663500000000001,0.02913816177993564,709.7583980560303,491.64045528570813,358.78705072402954,115.49647463451744
438,732,ciclo1,28.766000000000012,23.712474747474776,16.480000000000032,3.8549002379115547,0.8507166666666667,0.7860204166666668,0.7320333333333333,0.03779045798707009,713.3784010410309,452.6592669089635,317.9514317512512,125.63808253358718
442,805,ciclo1,27.845000000000024,23.400911616161647,15.973333333333358,3.980179273307591,0.8275000000000001,0.7442718055555555,0.6855166666666667,0.049419130430705366,669.7375843524933,464.247413367033,318.6325387954712,121.44280429319637
450,940,ciclo1,27.774444444444473,22.379944324194355,15.13333333333336,4.318484945700892,0.81305,0.6865930555555556,0.61665,0.05336769225640792,595.6140394210815,431.2204455335935,316.3593933582306,99.2426326602378
453,989,ciclo1,23.725555555555584,19.552754629629657,13.18666666666669,3.72254220649616,0.8530333333333333,0.7876930555555557,0.6941166666666668,0.0605475178629738,608.5318727493286,429.85870843132335,295.4659991264343,106.28018935470342
455,1138,ciclo1,23.650000000000034,18.979560606060634,13.108333333333363,3.559875300524144,0.8507833333333333,0.7672843055555556,0.5879500000000001,0.08455174361514033,630.379102230072,422.6560713648796,270.9499177932739,111.03375791377285
456,1053,ciclo1,23.36428571428574,18.663579365079396,12.63833333333337,3.7006233722302158,0.8412333333333333,0.7584120833333333,0.5864833333333334,0.08559624388480776,642.3728952407837,426.8549853364627,259.3160197734833,109.96327999897161
457,429,ciclo1,27.10000000000003,22.040271885521918,14.963333333333367,4.169594450242964,0.81045,0.7059613888888889,0.5337999999999999,0.06980811027458063,671.2048230171204,424.7268146077792,229.59540832042694,119.05153371319577
460,456,ciclo1,26.781111111111144,21.65189345839349,13.887500000000031,4.5243072557274395,0.8026666666666666,0.7640290277777778,0.7075833333333333,0.03190491414356769,622.3044066429138,414.5216340124607,212.4029017686844,114.2076417745867
464,583,ciclo1,26.29571428571432,21.070567520442555,15.050000000000031,3.8230079304322584,0.8467333333333334,0.7848118055555555,0.671,0.05101216408793604,569.059455871582,396.20743550856906,205.89674425125122,108.81168377168227
465,395,ciclo1,26.62111111111114,21.879763047138074,16.013333333333364,3.901029294764923,0.85805,0.8030813888888889,0.74736,0.03739301386668218,569.3713254928589,402.64450744787854,219.3223934173584,108.31082991133792
466,463,ciclo1,25.70250000000003,20.95011574074077,15.135000000000025,3.774744485813645,0.8639666666666667,0.8121066666666666,0.7085833333333333,0.04785381044466756,580.8477649688721,407.13063083092374,223.01496505737305,111.01338374757572
467,597,ciclo1,25.023333333333362,20.731329004329034,14.955000000000036,3.7024364260784934,0.8742000000000001,0.8153490277777778,0.67608,0.0552946915042076,620.0009784698486,413.8118902345498,231.34965658187866,117.3721660966056
468,780,ciclo1,24.410000000000025,20.076029641654674,14.811666666666696,3.6108159315851562,0.8773333333333334,0.8262633333333335,0.71296,0.04231537241467343,628.0955657958984,416.3780388732751,228.75003147125244,119.69240691575418
470,75,ciclo1,29.530000000000037,23.888571548821584,17.65833333333337,4.050439167401792,0.8306,0.7837415277777778,0.66784,0.0425290081583671,694.1514286994934,451.534480591615,220.87346935272217,130.41095708882915
483,894,ciclo1,25.721666666666692,20.22010185185188,11.588333333333367,4.624698928267166,0.8714999999999998,0.8104447222222223,0.7447,0.04427577498868432,743.78959608078,429.80633267760277,303.0767471790314,118.91086115270254
487,619,ciclo1,28.341666666666697,23.668583333333363,16.15000000000003,4.085053440462713,0.8295833333333335,0.7911533333333334,0.74165,0.028193838012088145,693.691764831543,500.7081953684489,359.5803732872009,116.81226722417045
494,790,ciclo1,28.393636363636393,22.944723063973097,15.817272727272764,4.2064461051968705,0.8370666666666667,0.763305,0.6835833333333333,0.04797498400015264,677.5041960477829,475.7005951901277,330.8666687011719,115.58000819141495
495,865,ciclo1,26.235454545454573,21.188055555555582,14.880000000000019,3.802471163891223,0.8366333333333333,0.7677425000000001,0.7102,0.0440139959668746,669.2338352203369,475.6327553987503,330.1117584705353,115.71857520825358
507,693,ciclo1,24.747777777777806,20.172496392496424,13.602000000000022,3.8255800171724235,0.8149333333333334,0.7262227777777778,0.6061000000000001,0.06821798729391014,643.8003463745117,429.89113545417786,257.64504647254944,112.73053219554274
508,650,ciclo1,25.48250000000003,20.07765410052913,13.49200000000003,4.080561348676714,0.8629000000000001,0.7724304166666668,0.62804,0.07589137565713162,673.002005815506,436.8039987881978,246.20487308502197,115.80389997470013
513,576,ciclo1,26.94250000000003,21.81605808080811,15.202000000000037,4.276746111669019,0.82675,0.7634691666666668,0.6700833333333334,0.045645881363127166,600.9261722564697,408.65519199768704,211.83996415138245,108.256318708325
516,706,ciclo1,25.28555555555558,20.558401274651306,14.983333333333363,3.663707225910482,0.86265,0.8060330555555556,0.7092333333333335,0.04167708959542409,586.9489450454712,407.63941981395084,223.06850481033325,110.74597259275741
517,592,ciclo1,26.107142857142897,20.82500138287641,14.930000000000028,3.8437492124517854,0.86985,0.8261451388888889,0.7299,0.039957789426598646,602.3067240715027,413.79933220148087,222.51460695266724,118.12561610506232
518,654,ciclo1,26.34200000000004,20.23207828282831,13.893333333333368,4.014123992411689,0.8812833333333333,0.7902669444444445,0.66162,0.06310890470211483,582.7571816444397,405.5765173435211,229.87937712669373,118.3821136722151
519,408,ciclo1,27.06333333333336,21.346141414141442,15.39666666666669,3.946099321809151,0.8551333333333333,0.7881322222222223,0.7171000000000001,0.05093457727053789,619.4242496490479,417.6422051837047,228.09229016304016,117.54304760535696
520,199,ciclo1,27.158888888888914,22.066932659932686,15.2916666666667,4.214369621833647,0.8678166666666667,0.8014873611111112,0.6727400000000001,0.05771943890516267,650.9130597114563,431.2173670530319,234.35701084136963,120.35587845454158
522,349,ciclo1,27.347777777777807,22.214832491582516,16.40833333333336,3.8588230351121604,0.8871166666666667,0.8254016666666666,0.6705000000000001,0.05958682237647981,664.247154712677,455.034228404363,231.3197145462036,129.02123229579985
523,154,ciclo1,27.432000000000023,22.812400673400703,16.79500000000003,3.823018995806048,0.8733166666666667,0.8295008333333334,0.7645833333333334,0.03325316704841763,651.3696756362915,437.6235307753086,213.55650281906128,128.15993889073687
526,21,ciclo1,28.523333333333355,23.4737777777778,18.024545454545486,3.5851037646867576,0.7452670046082951,0.660316255730316,0.5755363398692811,0.06293835624455792,694.3227486610413,439.86260231335956,185.78601741790771,144.46137201364652
529,724,ciclo1,25.593333333333366,19.954732323232353,11.556666666666695,4.6036182275647635,0.8730500000000001,0.8206647222222223,0.7465166666666666,0.03788924069057219,719.4405183792114,428.14353464047116,304.3575053215027,112.64621103030593
537,455,ciclo1,29.810000000000034,24.27210942760946,16.135000000000023,4.674362231355057,0.80425,0.7520740277777778,0.6833333333333335,0.034556344137070386,698.6814923286438,465.0357325176398,283.1067419052124,126.49847015004124
551,876,ciclo1,26.30000000000003,21.80074621212124,14.786363636363665,3.669665960763678,0.8217,0.7579722222222222,0.6773166666666667,0.040235654410020256,662.5178232192993,476.6830487847328,317.00989055633545,120.63478027244804
555,865,ciclo1,27.00400000000003,21.696945286195316,14.94818181818185,4.1165479084243755,0.8301,0.7480466666666666,0.6488333333333334,0.05537650910910904,681.9085083007812,474.787009169658,337.0318238735199,108.58576933768462
561,871,ciclo1,29.7766666666667,23.681913299663332,16.305000000000035,4.548442391494817,0.7448666666666667,0.6546244444444446,0.53895,0.060850156872090694,611.7918174266815,420.11760064959526,285.7471342086792,99.00288437360567
562,977,ciclo1,29.620909090909127,23.740394781144815,16.580000000000027,4.197121763356815,0.78125,0.6647075000000001,0.5732333333333334,0.06080383324485876,609.1684737205505,419.37257210413617,271.35782957077026,103.93184924745233
565,942,ciclo1,23.693333333333356,18.99593121693125,12.700000000000028,3.7961346764247033,0.8596166666666667,0.7832777777777777,0.5045666666666667,0.09181883640700293,627.9359517097473,424.8108771244685,248.461275100708,115.8082190154127
566,779,ciclo1,23.870000000000033,19.526920695045728,13.30600000000003,3.7760541804777255,0.8602000000000002,0.7732744444444447,0.65095,0.06670619584101524,650.8565332889557,431.58319967985153,240.29034948349,117.64281200253723
568,385,ciclo1,27.79000000000003,22.502494227994262,15.206000000000035,4.451591096306558,0.7995833333333334,0.7005390277777778,0.6258833333333333,0.059324061777391794,671.6209621429443,426.05097969373065,211.328754901886,120.69993385496771
570,405,ciclo1,27.28714285714289,22.437322210197237,15.74636363636367,4.223972318267718,0.8177666666666669,0.7454277777777777,0.6440333333333333,0.048092747168852236,647.9215021133423,418.8137301802635,205.02982211112976,116.05751825549193
571,484,ciclo1,26.747777777777806,22.01037433862437,15.315000000000035,4.082077083180615,0.8216833333333335,0.7280969444444446,0.5808666666666666,0.06666356764266722,606.1680830717087,410.309991111358,205.36883354187012,107.09922382044323
573,792,ciclo1,25.56600000000003,20.621482804232834,14.916666666666694,3.778454072265277,0.8436166666666668,0.7547915277777778,0.6444833333333334,0.061614489771069494,597.0885682106018,407.2184288899104,215.1662724018097,108.67679391072788
575,333,ciclo1,25.618888888888907,21.587262626262653,16.175000000000026,3.6051444309590095,0.884,0.8275059722222223,0.7325499999999999,0.03411525900490023,613.5414524078369,423.55108682314557,220.1888554096222,117.9269798991134
576,357,ciclo1,26.66333333333337,21.627023569023603,15.399090909090939,3.99461566887637,0.8796333333333334,0.8246775000000001,0.75905,0.03649405017779582,644.726646900177,425.67583098014194,219.8437418937683,124.94872998611437
577,596,ciclo1,25.53000000000003,20.417387866762898,14.92833333333337,3.5920210220073256,0.8726833333333334,0.8064422222222222,0.7038,0.05338407905840118,631.8934450149536,415.72227867444354,225.03780508041382,128.8928305284752
578,818,ciclo1,24.892500000000034,20.008394179894214,14.586666666666702,3.7484751335256417,0.8681166666666668,0.8054399999999999,0.6849333333333334,0.05531025922851941,626.1569285392761,411.9355306824048,233.07855701446533,125.25843151488941
579,414,ciclo1,26.650000000000034,21.492666245791273,15.92166666666669,3.700434855485517,0.8835000000000002,0.8084854166666666,0.6188,0.06734800411930683,639.2164731025696,420.11013046900433,230.00923204421997,122.90041083670005
582,350,ciclo1,26.792222222222254,21.818212962962992,16.008333333333365,3.681790266038581,0.8898666666666667,0.8467245833333333,0.7136199999999999,0.04929995966269312,664.6348490715027,432.1919957796733,201.84949564933777,132.5580728028642
584,30,ciclo1,28.81888888888892,23.980717171717203,17.948333333333363,3.7986064387047502,0.7698585294117647,0.6322596894439817,0.5193548780487806,0.08241110802204765,627.7332444190979,398.091062972943,178.911926984787,130.6811970804853
597,698,ciclo1,30.668333333333365,24.919588383838416,16.991666666666692,4.538675562846238,0.7254166666666667,0.6781625000000001,0.61375,0.0345824184115883,722.2536525726318,479.95543519655865,287.87310886383057,133.1256124105593
602,938,ciclo1,27.006363636363666,22.219530303030336,15.510000000000034,3.60173296965227,0.8350666666666667,0.7790347222222223,0.7304666666666666,0.034260619101517634,769.9012217521667,534.1395064592361,371.08189868927,123.04863849921355
605,1044,ciclo1,26.390000000000033,21.66365404040407,14.545000000000035,3.8141231479508786,0.8120666666666666,0.7308224999999999,0.6832166666666667,0.041185301385708764,667.982816696167,499.7243595123291,322.10723209381104,121.89533214351285
615,942,ciclo1,28.07200000000003,22.751213383838415,15.604545454545484,3.9936792042558067,0.8081666666666667,0.7314247222222222,0.6710833333333334,0.04756824922342791,637.6264705657959,441.80333324273425,310.84773802757263,104.11816864115693
619,948,ciclo1,25.030000000000022,20.480967171717197,14.178333333333361,3.6096801347424603,0.8521666666666668,0.8059613888888889,0.71725,0.04096059003522828,600.8226556777954,414.1829196413358,282.8440148830414,100.7968175001932
623,1149,ciclo1,24.352500000000028,19.186889550264578,13.488333333333363,3.336804901117777,0.7874333333333333,0.6967873611111113,0.5808666666666668,0.0712299182728469,634.9918367862701,414.3905239701271,257.4999315738678,112.68944493481364
624,832,ciclo1,24.653333333333375,19.831470117845146,13.406363636363665,3.8632338660153773,0.8668166666666667,0.7799279166666668,0.690775,0.05285023186257652,661.070170879364,418.91995120048523,248.4038758277893,116.78494181280357
625,798,ciclo1,26.372857142857168,21.353801587301614,14.973636363636398,3.834601261569326,0.8300833333333335,0.7267041666666666,0.6028000000000001,0.06487812117839907,688.8602645397186,434.76832782228786,233.28344357013702,121.80293205415596
631,408,ciclo1,27.11000000000002,22.040389971139998,15.179090909090947,4.169076452555959,0.8758333333333334,0.8113544444444446,0.7546,0.035921400238040725,602.483386516571,425.15050172805786,217.91955161094666,110.89124920059372
633,255,ciclo1,26.955000000000027,22.37292400192403,16.386666666666688,3.803276820125931,0.8811333333333332,0.8327772222222222,0.77626,0.027337095501025012,695.219229221344,439.20456725358963,223.75467443466187,128.94660653480068
634,177,ciclo1,26.563333333333365,21.946736111111147,15.80833333333337,3.80302269489187,0.8831166666666667,0.8271140277777778,0.676475,0.05685061441188284,728.0603847503662,446.2424772977829,224.28370904922485,138.69637602482453
635,352,ciclo1,25.625000000000036,21.40967255892259,15.131666666666689,3.6478775857176613,0.89905,0.851392638888889,0.768225,0.03730441692308198,671.2100462913513,427.3206375340621,224.64573192596436,136.72711271507848
636,379,ciclo1,26.747142857142883,21.8454303751804,16.250000000000025,3.595214324129665,0.88605,0.833986111111111,0.7166,0.04870010163943718,748.2707614898682,454.5311467746894,229.20837998390198,145.22816944530314
637,244,ciclo1,27.31250000000003,22.759863636363665,16.248333333333367,4.041089287725327,0.855,0.7928981944444443,0.7007500000000001,0.04223474690400994,813.9278388023376,471.13012550274533,242.08613967895508,148.7560555101037
638,96,ciclo1,27.39222222222225,23.017845538720568,16.66500000000003,3.8783355774088415,0.8243666666666666,0.7506791666666667,0.5828,0.06749444700238187,809.3537139892578,468.52304606636363,233.23314380645752,148.16568493505366
639,38,ciclo1,29.927777777777806,24.70995226070229,17.818333333333367,4.065542988226397,0.7374666666666667,0.6564480555555556,0.57975,0.047077003064292355,750.3535027503967,451.79843894640607,221.92526769638062,141.28762751434925
640,60,ciclo1,30.412222222222244,25.05933796296299,18.901666666666703,3.745653632639679,0.7938166666666667,0.7126688888888889,0.6535666666666667,0.043005693191873993,706.1574983596802,432.5843540926774,195.18221855163574,140.3463234473107
641,115,ciclo1,28.14111111111114,23.29734511784515,17.57500000000003,3.690286386922034,0.8822666666666668,0.8278543055555554,0.75556,0.03873290130794455,659.9878664016724,409.3962581555049,180.78645372390747,135.64887374521282
660,941,ciclo1,26.688333333333365,22.24739983164986,14.733333333333368,3.9543815604767434,0.8459666666666666,0.8030579166666668,0.7587,0.03130966244719902,713.0589437484741,506.91902285814285,357.1109838485718,110.93763445084385
668,975,ciclo1,27.55600000000003,22.70662163299666,15.933636363636394,3.8783201030361782,0.8795833333333335,0.7953295833333334,0.7204166666666666,0.0441125511981121,699.8819880485535,476.4193679889043,318.0877101421356,117.86735363970061
669,963,ciclo1,25.572222222222237,20.77163930976434,14.820909090909119,3.552653083796617,0.8808833333333334,0.7996816666666667,0.70575,0.049487069888114715,687.7447276115417,467.28382457296055,304.9130663871765,117.26440071355131
672,955,ciclo1,26.57727272727276,21.9089187710438,15.06000000000003,3.881503940202515,0.83235,0.7230055555555556,0.6310166666666667,0.06342171549961063,644.4525713920593,442.26470571756363,296.6215543746948,109.48586676716175
673,1013,ciclo1,27.23909090909093,22.337166245791277,15.331666666666692,3.98472888225337,0.8147333333333333,0.700290138888889,0.6127666666666668,0.06995887118600125,629.8867545127869,428.8419188261032,293.8362259864807,105.82816876168671
677,872,ciclo1,24.536666666666687,19.361116161616188,11.366666666666688,4.392562706186967,0.8620833333333334,0.8159172222222223,0.75214,0.03726199239800319,727.2779974937439,434.666273077329,294.7097952365875,114.87971808560629
681,786,ciclo1,24.57888888888892,19.781863095238123,12.96111111111114,4.062839091311927,0.8704999999999999,0.7710324999999999,0.6289,0.07727722808086028,658.8169255256653,418.2447182734807,251.7083191871643,119.81771289560638
682,696,ciclo1,27.947777777777812,22.84621284271287,16.36333333333337,3.901922996688131,0.7883666666666668,0.6960122222222224,0.5811666666666667,0.05215588852684464,673.2258503437042,435.4707247515519,236.93874788284302,120.67059399242478
685,568,ciclo1,27.02000000000004,21.39838888888892,15.42833333333337,4.010152061079908,0.7897833333333333,0.723657638888889,0.5667333333333334,0.05787571968378313,638.7567496299744,416.1931955416997,228.74103665351868,110.27418928001126
686,503,ciclo1,25.885000000000034,21.130551587301618,14.355000000000027,3.935647143518751,0.8099333333333334,0.7460894444444445,0.6351833333333334,0.05444206760968225,628.0455577373505,416.53613088528317,223.98122477531433,109.58536419758303
687,629,ciclo1,26.398571428571447,20.57611832611835,14.431666666666686,3.938649223837816,0.8539500000000001,0.7865319444444445,0.6980999999999999,0.04332721348790454,617.165278673172,422.6147608558337,222.43840837478638,111.04129065508428
688,726,ciclo1,24.587500000000027,20.05867291967295,13.360000000000037,3.661366070629321,0.8514666666666667,0.7730844444444444,0.6425799999999999,0.0626765197976949,627.1340489387512,429.939584116141,221.8092815876007,117.50299800176725
689,886,ciclo1,24.784285714285755,19.368177910052935,14.471666666666698,3.5667047889911894,0.8863500000000001,0.8100169444444445,0.6991333333333333,0.06828938099298013,671.2878060340881,434.075193186601,223.16353368759155,124.42938381466612
690,640,ciclo1,25.138888888888914,20.5576595719096,14.985000000000028,3.6090424226044906,0.8858833333333335,0.7701174999999999,0.6645000000000001,0.06624158995012648,710.9689259529114,445.81981300314266,227.05407404899597,131.83446819599996
712,691,ciclo1,33.162000000000035,25.902049663299696,18.456666666666695,4.364598874993991,0.8485833333333334,0.7327202777777778,0.6699333333333334,0.05675609899447619,838.6856634616852,538.8876315355301,356.23057413101196,133.56133091986948
714,844,ciclo1,30.908000000000033,25.474555555555582,17.888333333333364,4.221858984121598,0.8024333333333334,0.6622709722222223,0.5411166666666668,0.0754504595574768,846.4613587856293,556.288995663325,389.4616765975952,126.59438694516545
717,1047,ciclo1,25.290000000000028,21.24712710437713,14.480000000000038,3.600484567956612,0.8306333333333334,0.7829480555555556,0.7313166666666667,0.03286860830579566,711.0285391807556,495.3717633485794,320.28137946128845,113.97961169274807
718,924,ciclo1,25.758888888888933,21.201980639730674,13.813333333333356,3.9049353868681904,0.8631333333333333,0.8245247222222223,0.7597166666666667,0.030879701035371607,716.8245725631714,489.79220326741535,318.0845422744751,108.30644600714072
723,1247,ciclo1,24.49000000000003,20.355430976431006,14.35545454545458,3.56836789166322,0.8387333333333333,0.7882518055555557,0.7329166666666667,0.03883341665142409,654.4606308937073,474.6614440083504,318.869197845459,111.41480920845994
725,998,ciclo1,25.32800000000004,20.7105820707071,14.65727272727276,3.43590023773369,0.8183666666666668,0.7380861111111111,0.63475,0.043176088007336993,670.011116027832,464.8053582708041,308.1249041557312,111.27433629278792
727,868,ciclo1,25.838333333333363,20.212509259259285,12.480000000000027,4.467069386548126,0.8829833333333333,0.8339108333333334,0.7830333333333334,0.03188766297851616,734.8371210098267,429.4744313756625,290.49338459968567,118.82146183124239
728,894,ciclo1,24.440000000000033,20.507255892255923,14.710000000000031,3.3012431340895416,0.83675,0.7583170833333331,0.6738666666666667,0.053098896655055114,636.3294537067413,435.59630155563354,291.80846071243286,108.84791498421406
732,1236,ciclo1,23.51600000000002,19.22556523569027,12.9566666666667,3.471495975820823,0.8530333333333333,0.8006222222222222,0.6862500000000001,0.05063866383201022,576.4968385696411,382.42208140095073,261.4470191001892,102.4823014565606
736,1267,ciclo1,23.818571428571456,19.134101010101038,13.235000000000033,3.400656420853885,0.8297333333333334,0.7377736111111112,0.6471,0.05468480875212277,627.0694098472595,400.82525812586147,249.55851221084595,115.25364520310882
737,1015,ciclo1,23.186666666666696,19.202434523809554,14.1816666666667,3.1639847654078124,0.8771833333333334,0.7710261111111111,0.6426166666666667,0.08675801014180504,640.5255408287048,403.8504939178626,248.5173692703247,116.55681158302058
739,551,ciclo1,27.917500000000025,23.275662457912485,16.311666666666692,4.139607010120663,0.7494666666666667,0.6735131944444445,0.5302166666666667,0.05540266505012694,646.9943518638611,421.89208018779755,232.09021019935608,117.13966501967505
742,638,ciclo1,26.595714285714312,20.878939814814842,14.496666666666698,3.7658731624105353,0.8313666666666667,0.7609098611111113,0.590325,0.05850075771295286,625.881142616272,416.64870950579643,216.24455881118774,113.01774700072765
743,459,ciclo1,25.438571428571453,20.188500180375215,14.051666666666696,4.027339412314106,0.8847999999999999,0.8252401388888888,0.781725,0.03171026290273321,629.593948841095,430.6548538506031,222.77746486663818,117.94502747672381
745,694,ciclo1,25.344285714285725,21.04361820586823,16.130000000000024,3.313606746745917,0.8597000000000001,0.7809083333333332,0.6422,0.06872256506471712,696.3230633735657,431.70393448074657,227.26001930236816,129.96604126426993
747,180,ciclo1,27.84250000000003,22.977160774410805,16.298333333333364,3.9965132515012356,0.8192,0.7534405555555556,0.6410833333333334,0.051340807172977516,849.6729097366333,458.61277123292285,226.54770517349243,163.6544852785484
748,278,ciclo1,28.580000000000027,23.429315235690265,16.43000000000003,4.023671499108225,0.8851666666666667,0.8379405555555556,0.73345,0.042740269627594155,879.4980554580688,469.91612911224365,225.66214966773987,174.31633619182725
750,154,ciclo1,28.737500000000033,23.922313131313157,17.535000000000036,3.9364111012426823,0.8042666666666666,0.7668834722222222,0.7199166666666668,0.030859024810407205,952.7994847297668,487.75076097249985,232.18221473693848,185.09350138779226
752,109,ciclo1,28.535000000000032,24.022427609427638,17.7716666666667,3.7155196088617153,0.8395333333333334,0.7854137500000001,0.73214,0.035523687468419315,806.4370679855347,451.3787082036336,207.80527210235596,159.48002838260425
753,160,ciclo1,28.792222222222247,23.495205387205417,17.84666666666669,3.5647990276229597,0.8484333333333335,0.7841820833333334,0.6229750000000001,0.06695763052637098,731.8860731124878,433.0089667240779,199.7587776184082,147.89469773863078
784,1282,ciclo1,23.252222222222244,19.520865319865347,13.680000000000026,3.249187376291686,0.84095,0.7948879166666667,0.74105,0.033570360253621624,635.993670463562,433.94342084725696,316.5745277404785,101.54445153361065
789,1056,ciclo1,24.693636363636404,20.66790572390575,14.698333333333366,3.524046265969131,0.8145333333333334,0.7440031944444446,0.6810833333333334,0.043906209499563566,579.6036548614502,378.9361979365349,266.67584133148193,101.43327058033
793,875,ciclo1,24.13285714285717,19.836478174603204,14.086666666666693,3.441855559986558,0.8417166666666667,0.7696620833333333,0.6013200000000001,0.07199268448922708,634.1318235397339,402.873831987381,262.3454135656357,112.25210017969202
794,772,ciclo1,24.997500000000016,20.316528198653234,13.917272727272751,3.7011400089428927,0.8489333333333334,0.7606518055555554,0.6370800000000001,0.07004991040606394,631.1757395267487,407.41717143853504,262.76319122314453,113.33850628640418
795,714,ciclo1,26.120000000000026,21.771902296777323,15.126666666666699,3.9251214139877386,0.8173833333333335,0.7277144444444444,0.6388333333333334,0.05479948878400075,657.579493522644,421.04154883821803,245.7687327861786,118.18091760897659
796,726,ciclo1,26.670000000000027,21.382543771043796,14.748333333333358,3.9322571332354768,0.8168833333333333,0.75693125,0.6093,0.06658077471486776,634.7412557601929,414.66517061988515,237.1561198234558,117.48152783853246
798,500,ciclo1,26.65571428571432,21.308174001924034,14.911818181818216,3.973185277664771,0.8546,0.8027255555555556,0.6979666666666667,0.048430121946247774,625.1157779693604,421.68301260471344,238.88383388519287,115.56076540891377
801,856,ciclo1,24.5066666666667,19.82873069985573,15.161666666666695,3.4758451685854976,0.8828166666666667,0.7940833333333334,0.64875,0.07463605740401136,698.8353996276855,425.4520588020484,232.52325582504272,133.17942284608236
802,583,ciclo1,26.9414285714286,21.93489514189517,16.775000000000034,3.417597652863205,0.7850666666666668,0.7083890277777778,0.568125,0.06596438240128151,730.0119857788086,432.37270826101303,230.68596625328064,139.8209573010486
803,545,ciclo1,26.597500000000032,22.276559764309795,16.756666666666693,3.3462993998439226,0.7494,0.6583061111111111,0.52374,0.06244757159281356,832.4225339889526,448.80569074551266,227.83875226974487,161.27728890107085
804,466,ciclo1,25.91888888888891,21.45139772727276,15.950000000000022,3.4490587197726374,0.8991500000000001,0.8076480555555556,0.6659,0.06920984090883593,920.4094772338867,471.1858066519101,233.23249578475952,177.95624206046318
807,240,ciclo1,27.51666666666669,23.14493771043774,16.56333333333336,3.839257495739312,0.8495166666666667,0.8161275,0.7882833333333333,0.020629036400769952,1009.7380032539368,495.2064440250397,219.95794010162354,204.1801624810861
811,14,ciclo1,28.100909090909127,23.99677020202023,18.59000000000003,3.4634900317771633,0.6762666666666667,0.6234529166666666,0.5765600000000001,0.033189654039219946,820.2959547042847,435.87113150954247,181.08687543869019,169.5622574936926
830,677,ciclo1,25.40000000000003,20.545459595959628,13.90818181818185,3.9997834338937466,0.82145,0.7365978403419932,0.6488666666666668,0.05960876756417548,729.9228191375732,426.69567759831745,292.71176862716675,118.9623874055256
832,1096,ciclo1,27.020000000000028,22.763941077441107,16.293333333333354,3.622293824410991,0.8154166666666667,0.7731079166666666,0.6963666666666667,0.03678170255865819,704.0502190589905,460.2001801331838,306.57771587371826,103.78488211689356
836,1268,ciclo1,27.744000000000028,22.22343855218858,14.880000000000024,3.8958245810003134,0.74365,0.6507808333333335,0.5798500000000001,0.04947223149525587,705.5127682685852,466.38971950610477,316.46789264678955,110.5999644710176
837,1278,ciclo1,26.596000000000043,21.343414983165008,14.853636363636399,3.7147420511532077,0.8106833333333334,0.7578398611111111,0.6797333333333334,0.042576563075951514,695.4047372341156,462.79607311884564,305.6320767402649,110.77960869543728
843,1233,ciclo1,23.294444444444473,19.063031325156356,12.962727272727307,3.3956535905681973,0.87945,0.8138630555555557,0.7346499999999999,0.046225925515207544,581.710330247879,380.9196340441704,265.57632780075073,100.60985906357094
845,1056,ciclo1,25.4518181818182,21.077777356902384,15.435454545454574,3.4661827337318605,0.8291833333333333,0.7306104166666666,0.6019833333333334,0.05835713930159193,609.2778894901276,386.0137947003047,262.81428933143616,101.85380361097178
847,962,ciclo1,24.482000000000028,19.80508790283793,13.901666666666694,3.6052603164367594,0.8661833333333333,0.7965725,0.7068333333333333,0.05633049347090721,619.0804529190063,397.65521921714145,267.86038994789124,108.37507485238778
850,553,ciclo1,26.92555555555558,22.320901094276124,15.728333333333362,3.984493012638239,0.8074666666666667,0.7308719444444445,0.5466666666666666,0.06710107826669101,649.1741321086884,424.875151048104,252.77073407173157,116.31362197141382
853,598,ciclo1,26.172000000000043,21.03269191919195,14.797272727272746,3.9141753241253947,0.8734333333333334,0.8025824999999999,0.6567500000000001,0.05917223438787708,661.6123971939087,434.4051211476326,239.43545961380005,124.69978890104773
856,937,ciclo1,24.86428571428574,19.96551208513711,14.408333333333355,3.574514996869509,0.8584333333333335,0.7584783333333333,0.61,0.07203242947013909,690.9115715026855,416.2445158958435,225.73770093917847,139.99054356436272
858,728,ciclo1,26.7766666666667,20.93020713083216,15.236666666666698,3.623545087564108,0.8555333333333334,0.7546708333333334,0.6859000000000002,0.06278924887515056,829.471755027771,446.59102090199787,230.1336534023285,164.59138019468492
865,65,ciclo1,26.934000000000033,23.167864478114506,17.525000000000038,3.3561543461299097,0.8367833333333333,0.7888093055555556,0.72032,0.03419002451887065,911.0699820518494,467.07306232055026,195.62126064300537,189.7045181024062
884,1065,ciclo1,25.1227272727273,21.349118686868717,15.5816666666667,3.3504623442415205,0.8793666666666667,0.8501097222222221,0.8039333333333335,0.023378748915398092,823.0535645484924,488.8182274500529,352.79413390159607,126.68797248037993
886,784,ciclo1,25.883333333333358,20.61650505050508,13.18500000000003,4.457730086258747,0.8497166666666667,0.7961762499999999,0.7089166666666668,0.044197309140299464,715.4340577125549,429.5214663942655,290.37139987945557,116.14702558797164
887,1076,ciclo1,23.040000000000028,19.421071548821576,13.82000000000003,3.141795348251666,0.8674833333333334,0.8056938888888888,0.7028500000000001,0.04691389959934545,634.096302986145,412.1617330312729,299.2609136104584,102.50332611888264
894,925,ciclo1,25.240000000000038,20.619890993266022,14.5566666666667,3.723555284125559,0.8150666666666666,0.7138265277777779,0.56096,0.08320649875699267,636.5977427959442,401.4931992491086,255.20599126815796,108.96994218594126
895,888,ciclo1,26.614444444444466,21.58674494949498,15.335000000000022,3.721780734242343,0.7927166666666666,0.690754027777778,0.572825,0.06635856424624509,633.0829248428345,403.9936918417613,257.352276802063,107.39284200052155
899,584,ciclo1,26.000909090909126,21.020411195286222,14.932000000000034,4.005584896731358,0.8526166666666667,0.7843254166666668,0.6359666666666667,0.06321514882733069,634.5496273040771,416.20211258530617,247.41277194023132,117.34577107366798
901,932,ciclo1,24.663333333333355,20.589528198653227,15.091666666666697,3.6525398199433856,0.8353833333333333,0.7556027777777778,0.6548333333333334,0.05735833952141778,634.9119439125061,387.12957712014514,226.2328748703003,117.4200993931451
902,986,ciclo1,24.250000000000025,19.425346380471407,14.541666666666705,3.2549090082379015,0.8592000000000001,0.77330875,0.6973250000000001,0.05438770779187289,642.1705565452576,382.09189796447754,225.4528522491455,122.84596641207904
905,904,ciclo1,24.52777777777781,20.456288480038506,15.41166666666669,3.177460154559655,0.8842166666666668,0.7927218055555555,0.6447166666666666,0.07757358581641002,830.5630130767822,443.141437848409,220.43517446517944,168.84854137459354
906,908,ciclo1,25.644285714285736,20.781986531986558,15.676666666666696,3.429729508069887,0.8819333333333335,0.7643387500000002,0.6394500000000001,0.08236970228882859,947.4920592308044,476.18407424290973,227.5801191329956,188.49064585395962
907,148,ciclo1,28.337500000000034,23.755463383838418,17.80666666666669,3.535547262495847,0.8448166666666667,0.7913019444444443,0.7063,0.0389462903539023,1143.3433933258057,513.1840428511301,220.80751276016235,231.87572130642388
909,474,ciclo1,27.278888888888908,22.263441137566172,16.830000000000027,3.701569089031387,0.8921333333333333,0.8125022222222222,0.5924,0.08127412336282096,1187.4097895622253,537.0274686813354,224.99262261390686,244.97180613119087
912,13,ciclo1,29.210000000000043,24.60569895382399,19.028333333333368,3.5989248613752296,0.8249333333333334,0.7667218055555556,0.66062,0.040920659102903385,1033.5073056221008,506.2850599884987,203.16393733024597,221.2118295780402
913,13,ciclo1,28.79000000000002,24.35157744107747,18.348181818181846,3.5316950944063095,0.8423333333333334,0.7856706944444444,0.70844,0.04057832290230947,1027.583079814911,506.84852180878323,198.66713666915894,220.99162478437296
918,681,ciclo1,30.696000000000033,24.989492424242446,17.597272727272756,4.258997976810016,0.7735333333333334,0.7176281944444446,0.6643333333333334,0.040135340928111475,847.6664500236511,507.18131356438,322.4890398979187,150.77553268303487
926,733,ciclo1,28.268181818181848,23.366151515151543,16.501666666666694,3.9704602170298764,0.8744833333333334,0.8337311111111111,0.7839166666666668,0.028150104247337927,783.6455731391907,493.7787190377712,346.12646102905273,130.3568789834518
933,1111,ciclo1,23.167500000000025,19.081511784511815,14.075454545454575,3.087486089685284,0.8458666666666668,0.7731797222222223,0.67974,0.049521497622493756,657.360533952713,411.8659564753373,290.5545539855957,106.41026993395072
934,1154,ciclo1,23.196000000000033,19.440209175084206,14.597272727272752,3.028971293680126,0.85,0.7710250000000002,0.6639333333333334,0.05566177477673609,620.4140391349792,399.23706418275833,287.17510986328125,100.43763179869549
939,943,ciclo1,23.623333333333374,19.531816919191954,14.426363636363668,3.4142811802188033,0.87195,0.7941765277777777,0.6988166666666666,0.052906051605734646,611.2599520683289,394.7859212756157,268.64295387268066,102.04733684925185
941,634,ciclo1,25.67666666666669,20.874131313131343,14.703333333333367,3.947985025577508,0.5159833333333333,0.4310503845688585,0.34176474519632416,0.05904729996187657,708.0325684547424,433.2633805672328,290.59599447250366,112.36979832066264
945,877,ciclo1,26.798571428571456,21.22902645502648,15.697272727272754,3.963469716955183,0.8046666666666668,0.7397401388888888,0.5987166666666667,0.055392740116550675,645.4070062637329,417.3228015899658,244.51284170150757,118.18686609379866
946,932,ciclo1,26.25000000000003,21.50686814574318,15.810000000000032,3.6972571122345257,0.8180000000000001,0.7439418055555557,0.6159666666666667,0.05377229694920537,638.7049241065979,403.838405529658,236.40914726257324,113.49436413618426
949,888,ciclo1,26.04500000000003,21.086460437710464,15.380000000000024,3.855451330929835,0.7807666666666667,0.7220223611111112,0.64815,0.04399225400282538,676.7518339157104,407.0618475675583,221.315767288208,140.02894615262986
953,191,ciclo1,27.594000000000023,23.529253367003403,17.563333333333365,3.5793785864975236,0.8374666666666668,0.7938733333333334,0.74438,0.031100955951723862,1133.095911026001,520.2149220307668,227.6191921234131,230.43844234891716
955,212,ciclo1,27.354444444444475,22.85231691919195,17.04000000000003,3.598571091115597,0.8805,0.836319861111111,0.7617750000000001,0.03220924385990803,1248.942611694336,565.4433780411879,243.70119428634644,256.91527498822046
959,22,ciclo1,28.54555555555559,23.63149206349209,17.73000000000002,3.7683385781458645,0.8816,0.8195694444444444,0.6937,0.05556290347240901,1084.1741943359375,525.408150156339,200.44412970542908,241.21842201514661
974,992,ciclo1,24.730000000000025,20.4920636724387,13.845555555555595,3.6849126159240337,0.8232666666666667,0.7573362499999999,0.6665166666666666,0.05116380851646746,650.6500265598297,407.15937854846317,292.2244691848755,100.38718210581678
976,883,ciclo1,26.53500000000004,21.217871753246786,14.398888888888912,4.108416608707106,0.8565,0.7503561111111113,0.6439400000000001,0.05315334789346526,607.5754585266113,384.12544180949527,260.0708827972412,100.19235728192548
978,1067,ciclo1,25.263333333333364,20.643693181818207,14.25181818181821,3.6497924250239477,0.85915,0.7945872222222223,0.6905500000000001,0.044236076274186825,624.3085882663727,394.75718943277997,253.17339324951172,103.14141003526102
979,805,ciclo1,28.552222222222245,23.080374037999068,15.120000000000022,4.319498611129631,0.7569333333333333,0.6481961111111111,0.5689833333333333,0.05394780072806604,635.2866086959839,407.0887636442979,273.1509442329407,103.75686592691815
982,833,ciclo1,28.226666666666688,22.6895930735931,15.500000000000023,4.053802415276435,0.7934500000000001,0.6985530555555556,0.6543833333333334,0.03804824448323789,642.0233025550842,412.69557750225067,257.7387833595276,111.74892295179072
984,842,ciclo1,26.737500000000033,22.313757515632545,16.20500000000003,3.5988149440801442,0.8090666666666667,0.7306272222222222,0.6069333333333334,0.063342033493556,626.221438407898,405.79399809241295,241.02734804153442,112.17868564981724
991,858,ciclo1,26.743333333333357,20.436157768157795,14.65500000000003,3.7684132959787444,0.8202166666666666,0.7402475000000001,0.6391666666666667,0.05386647306629426,810.8104972839355,441.2425407767296,222.38153266906738,161.40783569462025
992,479,ciclo1,25.764000000000028,22.01416233766237,16.71909090909094,3.1982209800306154,0.864,0.7971895833333335,0.6849999999999999,0.05056299278991123,953.6313714981079,482.0773630142212,234.28382682800293,191.27386244107717
993,346,ciclo1,25.83750000000002,21.496721801346833,15.861666666666702,3.658995434621866,0.9042833333333334,0.8553450412813738,0.8093666666666667,0.027886567729310145,1089.5508632659912,525.059572060903,230.19347190856934,223.5830917830073
994,270,ciclo1,26.247142857142894,21.547804232804264,15.996666666666698,3.5011181142398877,0.8792666666666668,0.8108497222222223,0.64385,0.06099230644346134,1185.321660041809,561.3164378404617,249.59112548828125,242.43390263807206
995,90,ciclo1,28.463333333333352,24.087648148148173,18.02833333333336,3.6643983839258003,0.8537666666666667,0.7893022222222222,0.7229599999999999,0.03832195481688865,1251.9781866073608,587.2573129534721,261.4268727302551,258.27583620930653
997,32,ciclo1,29.01857142857147,24.469444444444477,18.596666666666696,3.5825938310452057,0.8506333333333332,0.8106327777777779,0.7654600000000001,0.02741797199976774,1229.4172325134277,596.6086594164371,242.49090099334717,274.5413828708121
1000,765,ciclo1,27.060000000000027,21.8194570707071,13.830000000000032,4.507573947617996,0.8468333333333332,0.7736566666666667,0.67755,0.05107252611800324,699.1192882061005,437.0690589944522,292.1801357269287,110.14509490282008
1001,748,ciclo1,29.33727272727276,24.17716414141417,16.948333333333366,4.1775793958622165,0.7902333333333335,0.69918,0.65306,0.04162634918289546,791.8690762519836,512.7033314804236,330.0133593082428,144.81813942395485
1003,886,ciclo1,27.90636363636367,23.043530303030334,16.050000000000033,3.944670494786938,0.8701500000000001,0.7485477777777777,0.6213,0.06726146238998673,873.4737787246704,497.25912976264954,335.44505977630615,150.23936093861505
1010,796,ciclo1,28.138888888888914,22.698901094276124,15.000000000000034,4.2544948186420415,0.8229333333333333,0.7218540277777779,0.6656000000000001,0.04618724960067549,625.0050420761108,412.2126046816508,275.7251491546631,103.90726496753061
1013,821,ciclo1,27.02636363636367,22.074522486772512,16.170000000000027,3.647004267065733,0.8432833333333334,0.7443386111111111,0.6585333333333334,0.06332580701564065,647.6578810214996,414.46147753794986,239.07002878189087,117.63562753923864
1016,887,ciclo1,28.472222222222253,22.912655122655153,17.103333333333353,3.4825698684809896,0.7968833333333335,0.7376733333333334,0.6056833333333332,0.054220033095608605,634.4343843460083,402.3346121112506,243.1397190093994,113.87756305087784
1019,904,ciclo1,27.60000000000003,22.244837962962993,15.958333333333362,3.7802210213088725,0.7874833333333333,0.6596077777777778,0.5814600000000001,0.0529715533256142,636.6269783973694,402.43123052517575,220.37268495559692,123.9034481215869
1024,997,ciclo1,26.832857142857165,21.034116041366065,15.496666666666693,3.5442321885740355,0.7495666666666668,0.6770920833333335,0.6297250000000001,0.0315530224613552,1059.68461561203,515.2352223694324,239.80996942520142,211.4308186406046
1025,775,ciclo1,25.590000000000032,21.016822691197717,15.883333333333363,3.45374431035668,0.8763000000000001,0.7956761111111113,0.7076,0.04819293718103928,1146.1875195503235,560.7284551163515,266.71207904815674,232.590241158577
1026,735,ciclo1,24.932500000000033,20.782356661856692,16.11833333333337,3.032709249415153,0.8601,0.7758493055555556,0.7181333333333333,0.04625468550569219,1202.0544834136963,578.6276080409685,273.669310092926,246.64954417533528
1027,60,ciclo1,27.722000000000026,24.057818121693156,18.713333333333363,3.3603606879235666,0.8348333333333335,0.7816494444444445,0.68865,0.05083539753246667,1260.7081651687622,605.096223851045,260.63532423973083,266.49396372450093
1031,20,ciclo1,28.382000000000026,23.82081523569026,18.91181818181821,3.2466696583063794,0.8715666666666667,0.8065772222222223,0.6857,0.04618378657368907,1283.9560241699219,618.7217444578806,207.93442630767822,320.44977897512115
1034,811,ciclo1,28.201111111111135,23.04101184463687,16.03200000000003,3.9993496431864832,0.7232,0.6811198611111111,0.6186166666666667,0.02696572217527904,636.3448419570923,424.8367012341817,270.4060969352722,109.7286971970761
1042,859,ciclo1,28.807500000000033,23.08823418710922,16.92636363636366,3.984035544984407,0.76295,0.6966080555555556,0.6233333333333333,0.03882555132942564,608.4964952468872,388.1522972186406,206.00700044631958,119.70647209523388
1047,863,ciclo1,25.647500000000036,20.99607233044736,15.41500000000004,3.3756771477706757,0.8526833333333333,0.7754434722222222,0.6945833333333334,0.043346829855777876,1105.6785364151,526.5222380757332,277.54506278038025,220.5360243719991
1048,553,ciclo1,27.355000000000025,21.890877104377136,16.683333333333366,3.414194523230232,0.8730500000000001,0.7849222222222223,0.5936,0.08006313664081201,1212.2623882293701,561.8565802176794,283.5584011077881,250.7391300960751
1052,244,ciclo1,27.074444444444485,23.123164923039955,18.2716666666667,3.1484486326095533,0.8854333333333333,0.8215426388888888,0.7088000000000001,0.05648140331223782,1388.4890804290771,654.4547709027926,245.21424627304077,328.825287409652
1055,796,ciclo1,28.887777777777803,23.348597643097676,16.496000000000027,3.9338038667228474,0.8533166666666667,0.6829460784529576,0.5739062747688244,0.07110541714723828,641.4229135513306,428.04292120536167,263.4740900993347,114.67486237052465
1059,848,ciclo1,26.850000000000037,21.96401154401157,15.980909090909124,3.682869035595677,0.7736166666666667,0.6847434722222222,0.5774800000000001,0.06607859970596479,646.308703660965,418.0821190079053,237.43724870681763,118.94905262188531
1061,884,ciclo1,28.707777777777803,23.085785233285264,16.956666666666692,3.735320339905174,0.7581666666666668,0.6159493055555557,0.4807833333333334,0.09453755441685309,607.4379093647003,410.1578232347965,239.14725077152252,115.01438240183833
1062,877,ciclo1,28.964000000000027,22.78864814814818,14.52833333333337,4.750471369893784,0.7825500000000001,0.6762641666666668,0.6187833333333334,0.04455949813794517,690.5750980377197,436.33747504154843,302.6144018173218,108.62583583750511
1063,853,ciclo1,28.065555555555584,22.269392015392043,16.32500000000003,3.597321950403419,0.7747833333333335,0.6710016666666667,0.5858000000000001,0.05094342980026796,981.0551509857178,478.0859453479449,251.66436910629272,191.79786289175559
1065,1127,ciclo1,25.046000000000028,20.078896103896135,14.713333333333367,3.355183490123353,0.8407666666666668,0.7465994444444445,0.5918333333333333,0.07270558784161747,1158.7346687316895,545.6729416251183,275.8652698993683,235.24305945703085
1066,742,ciclo1,25.910000000000018,21.128407046657077,15.715000000000032,3.517020601178503,0.8937166666666666,0.7792937499999999,0.5532750000000001,0.09188272310226579,1175.657886505127,548.8536559740702,273.49219822883606,248.51904110033888
1068,28,ciclo1,27.77400000000003,23.533187590187623,18.30333333333336,3.3150439534745435,0.8245,0.7725850000000002,0.6921200000000001,0.03913367337302303,1509.2528324127197,676.1710631648699,289.35978603363037,338.8873554739632
1069,28,ciclo1,29.470000000000034,24.70008477633481,19.356666666666694,3.413111251391397,0.8453833333333334,0.7885181944444445,0.65765,0.050522693770822205,1450.6419076919556,659.8241040905317,267.27414989471436,330.6128314866898
1072,132,ciclo1,27.73666666666669,23.345361111111135,18.085000000000033,3.2321522884751532,0.8813500000000002,0.7965081944444444,0.6503400000000001,0.0631851441585903,1307.2168798446655,592.0804500579834,280.3793487548828,278.45816843183513
1073,31,ciclo1,29.272222222222258,25.104111772486803,19.36333333333337,3.5869919097129777,0.74145,0.6867975000000001,0.62995,0.033488939084004896,1421.028082370758,653.1159200867017,291.44031143188477,315.3247072239144
1074,21,ciclo1,28.660000000000032,24.28182491582494,18.6716666666667,3.4376254797944212,0.8640333333333334,0.8164433333333335,0.7172000000000001,0.04205651739689505,1400.1220388412476,641.894691089789,270.9942512512207,315.82318248414924
1123,721,ciclo1,27.73500000000003,21.93109595959599,13.971666666666692,4.70909496369303,0.8260000000000001,0.7650436111111111,0.7005166666666667,0.04248690696922736,704.7796666622162,442.1307274401188,297.8314824104309,112.84527827729912
1187,675,ciclo1,27.88777777777781,22.553802188552215,15.475000000000023,4.501875863083205,0.6237352660300136,0.5628184975231316,0.5258937234042553,0.03258796233389626,709.1280779838562,449.27898239096004,310.53452157974243,115.05706835150805
1188,681,ciclo1,26.90500000000004,21.631811447811476,14.843333333333362,4.190823300390679,0.6983642068965518,0.6278145931105147,0.558945634920635,0.03454496912562191,709.1280779838562,449.27898239096004,310.53452157974243,115.05706835150805
1190,778,ciclo1,27.948333333333366,22.27202609427613,14.468181818181852,4.572994924240107,0.7995000000000001,0.7344351388888889,0.6713666666666667,0.04450744094810715,693.6076030731201,447.3404634197553,310.6895098686218,109.95082236040047
1191,715,ciclo1,26.173333333333364,20.966790404040434,13.506363636363666,4.187523420208148,0.7409624174372523,0.6697237299446192,0.5953048877146632,0.0425932456307151,713.7320673465729,443.34106809894246,305.18410634994507,115.37831938043357
1195,917,ciclo1,27.92166666666669,21.353744949494978,12.476666666666693,4.972148121785372,0.8740833333333334,0.7981033333333333,0.7126,0.04853736601835867,657.7269201278687,434.4567400366068,302.74024510383606,103.58730378089717
1249,629,ciclo1,27.882000000000023,22.958796296296327,15.197272727272754,4.426929596099919,0.77185,0.6838623611111112,0.59025,0.0566872454074006,699.5296492576599,454.87117862701416,318.2602620124817,111.50747557026004
1318,654,ciclo1,27.196000000000044,22.06578114478118,14.41181818181821,4.292426756520674,0.8866333333333333,0.839479722222222,0.7790166666666667,0.03457197330043946,692.4536664485931,441.1933245956898,314.7012641429901,112.08175076276598
1388,609,ciclo1,27.580000000000023,22.610250841750872,15.356666666666703,4.048902289987464,0.6647000000000001,0.5722529624394914,0.47199399727148705,0.06281824861267793,701.3867888450623,431.8505135675271,302.7124447822571,115.927654240213
1461,514,ciclo1,29.38200000000004,23.69577020202023,15.723333333333366,4.66507103077105,0.7710666666666666,0.7326088888888888,0.6747833333333334,0.030642059702958878,682.0300149917603,448.687346269687,323.4417052268982,110.44067590314006
1536,440,ciclo1,27.628333333333373,21.88756649831653,14.078333333333362,4.616500700073424,0.7684833333333335,0.6967143055555556,0.6384833333333334,0.034750355729983744,686.2999949455261,469.25016723076504,337.1421446800232,108.98500846633313
1542,614,ciclo1,28.954000000000036,23.527217171717197,15.051666666666705,4.482369000508995,0.8598166666666668,0.8077288888888888,0.7379000000000001,0.040384146305692724,699.0378503799438,439.8722143570582,319.7159905433655,116.90888781972671
1616,623,ciclo1,28.593333333333362,22.975361952861984,14.388181818181842,4.639032593456673,0.8160833333333334,0.7696225000000001,0.72995,0.025701169346685915,677.8013234138489,468.4870054324468,339.2829542160034,106.02491162004665
1618,641,ciclo1,28.461666666666698,22.94335774410777,14.850000000000032,4.443821053454044,0.8076666666666666,0.7659502777777778,0.7154333333333334,0.028954895813826514,705.3937406539917,450.3453505039215,324.36216163635254,116.12904618580336
1619,554,ciclo1,28.34000000000004,22.991750000000028,15.265000000000029,4.468354641411884,0.8096666666666666,0.7678375000000001,0.7220333333333332,0.02901754029334461,718.8316488265991,439.2916216949622,317.18280601501465,124.02113981804766
1693,569,ciclo1,28.842000000000024,23.14569444444447,15.255454545454581,4.572484020600457,0.7972333333333333,0.7483668055555556,0.6954666666666668,0.033344145680135114,679.1891114711761,484.3474507133166,350.61778259277344,111.3097076756451
1694,525,ciclo1,28.916000000000032,23.292952020202048,15.377272727272752,4.600362259248763,0.8165166666666667,0.7666369444444444,0.7259000000000001,0.029926319936186725,675.2118861675262,480.2369392514229,356.91897916793823,108.07543325964465
1703,614,ciclo1,29.200000000000035,23.95125757575761,15.218333333333348,4.586819767297436,0.7986666666666667,0.7410876388888891,0.6798166666666668,0.04001312412276588,729.792581319809,411.73315691947937,282.86859226226807,135.97943383350454
1770,481,ciclo1,28.03833333333337,22.412123737373772,14.0466666666667,4.728342408138145,0.8617666666666667,0.8257634722222224,0.7692333333333333,0.033019514028732544,663.573625087738,463.43915806214017,279.1855721473694,120.73835838216037
1774,513,ciclo1,28.96333333333337,23.71592171717175,15.710000000000031,4.700319075608366,0.77025,0.7076697222222222,0.6485,0.04028614251360626,669.1663107872009,484.7267865737279,354.7046146392822,106.88417110849423
1775,501,ciclo1,27.295000000000034,22.084652356902385,14.772000000000038,4.334242423301714,0.7876,0.7390368055555556,0.6866166666666667,0.03034273348286447,678.8257143497467,486.2413739860058,356.67179012298584,108.38732055736526
1787,638,ciclo1,28.23600000000003,23.27138720538723,15.693333333333362,4.14349725863701,0.8298500000000001,0.7521627777777778,0.6510833333333333,0.04791300758653714,746.1123068332672,421.2299972176552,282.83984327316284,140.74099261072945
1859,521,ciclo1,28.185000000000027,23.09834764309767,15.320000000000032,4.57167443618885,0.8513833333333335,0.8290911111111113,0.7892333333333333,0.02005385246692483,661.7800669670105,473.0439152320226,266.6471858024597,122.53398624227567
1861,439,ciclo1,27.5427272727273,22.19853030303034,13.767777777777813,4.7413033829903535,0.8423333333333334,0.7972898611111111,0.7453833333333333,0.03695571036952052,676.2847604751587,477.39422378937405,306.9046859741211,112.896034743558
1864,547,ciclo1,29.02833333333336,23.968494107744135,15.640000000000025,4.6393164573825,0.8033666666666667,0.733347638888889,0.6628166666666667,0.043906310672599445,679.1465468406677,486.22072408596676,338.932825088501,108.9142761524305
1869,710,ciclo1,29.266666666666694,23.91352946127949,15.273333333333364,4.546809272990245,0.7964666666666668,0.7490291666666667,0.70775,0.025878161038800442,700.4693694114685,494.5528500676155,351.4578652381897,119.75174612058373
1959,662,ciclo1,29.034000000000027,23.676008417508445,15.718333333333367,4.613309110132542,0.7921666666666667,0.7456830555555557,0.66905,0.041647323631458066,675.0129232406616,482.9613462984562,263.43468856811523,134.64838040051723
1961,587,ciclo1,28.696666666666697,23.380580387205423,15.530000000000024,4.504086005753625,0.8079999999999999,0.7737629166666666,0.7162166666666666,0.027643539146416773,679.1008729934692,482.93754995862645,288.80419397354126,118.96832523921529
1965,657,ciclo1,29.144000000000023,23.723924242424264,15.7027272727273,4.541621666005673,0.7832833333333334,0.7117287499999999,0.6323833333333334,0.04642330991321893,691.2164635658264,495.41718782981235,361.77217149734497,111.2274688456872
1970,581,ciclo1,29.2766666666667,24.101020202020234,15.396666666666695,4.610859737231956,0.8035999999999999,0.7589804166666667,0.6772666666666667,0.04361635254485542,686.1733031272888,495.9060131907463,357.1649749279022,118.19556680927701
1980,755,ciclo1,29.236000000000026,22.980451178451208,15.498333333333363,4.260774401219116,0.8507833333333336,0.7800304166666666,0.7226333333333333,0.04407327858513739,681.1663930416107,459.74274524052936,296.64790749549866,128.89804608723333
2001,806,ciclo1,24.484000000000027,20.381169312169344,14.370000000000033,3.6136640580828927,0.8305166666666666,0.7266718055555558,0.5255500000000001,0.08684082692515765,671.6585059165955,423.2694837152958,260.3616557121277,119.93963256381333
2002,812,ciclo1,24.658888888888914,20.219462121212153,14.092000000000024,3.683535998690715,0.8427333333333334,0.7408990277777777,0.45228333333333337,0.10235834220390022,663.4809975624084,421.6752844949563,251.79522943496704,121.17882390093096
2051,306,ciclo1,30.420909090909117,24.27923989898993,15.74818181818185,4.942017224436443,0.8148,0.7639930555555557,0.6917166666666668,0.03826963696994762,699.0220928192139,449.3866638143857,248.7586007118225,138.0580300349884
2056,274,ciclo1,30.29333333333336,24.759022727272754,16.251818181818205,4.983914942506155,0.7813166666666667,0.73793,0.69535,0.0310166571437094,729.5707969665527,473.47197811802226,305.9430887699127,136.83516834445305
2077,483,ciclo1,28.916666666666703,23.40229882154885,15.881666666666694,4.475659951717613,0.7963000000000001,0.7244231944444445,0.6573166666666667,0.04471231173382177,676.308500289917,479.1748990913232,299.64682030677795,124.74819580842617
2079,565,ciclo1,29.132000000000033,24.14247534872538,16.89333333333336,4.385879609144654,0.7696333333333335,0.6972743055555556,0.6128166666666667,0.04520286160670038,706.3670268058777,497.2070346872012,355.4984407424927,114.78615987004409
2081,734,ciclo1,28.414000000000023,23.473700757575784,15.39833333333336,4.363255904535665,0.7862,0.7290629166666668,0.6592333333333334,0.04070281598073544,702.8085517883301,504.7233294248581,374.7255029678345,112.91697023351661
2083,517,ciclo1,28.79500000000003,23.36765993265996,15.343333333333362,4.523064252563984,0.8232666666666667,0.7738954166666668,0.7046333333333333,0.037634978676295366,691.044442653656,505.5783831477165,370.1078987121582,114.38329528142906
2088,654,ciclo1,28.270000000000028,23.44921464646468,15.425000000000034,4.1590182692679285,0.8662333333333333,0.82420625,0.7651666666666669,0.03408170790830319,676.4189133644104,506.1124289234479,353.10446405410767,115.70287980128987
2099,606,ciclo1,27.35833333333336,22.77358585858589,15.46090909090911,4.170887839220848,0.7939833333333334,0.7529620833333334,0.6797666666666667,0.03959705983710119,659.3870327472687,475.3814337849617,322.3728919029236,117.43018286113006
2100,654,ciclo1,27.217272727272753,22.609180134680162,15.186363636363664,4.070422894469683,0.8321500000000001,0.7534219444444444,0.68115,0.05073243247226067,677.5052943229675,477.94254064559937,324.4764413833618,116.76508276321428
2101,770,ciclo1,28.393636363636393,23.043622474747504,15.482727272727304,4.2059511733348725,0.8280166666666666,0.722861388888889,0.6049666666666667,0.07516791623078489,675.3144688606262,483.78392710288364,334.88299465179443,114.18065029926886
2166,379,ciclo1,31.713333333333367,25.198717171717202,15.400000000000025,5.33745437268638,0.7878833333333334,0.7435581944444446,0.6970000000000001,0.026455889873682543,720.1891479492188,467.88585944970447,289.0267632007599,137.71553139004436
2170,356,ciclo1,29.69800000000003,24.603253246753273,16.441666666666702,4.608774013780151,0.8136833333333334,0.7677726388888889,0.7261000000000001,0.029052594448580896,745.63103723526,480.4209108153979,310.77529215812683,139.56029125868943
2172,305,ciclo1,29.67909090909094,24.36966750841754,15.926363636363662,4.655541590920024,0.8116749999999999,0.7638731944444447,0.6857000000000001,0.04146948879764162,732.8221306800842,475.80500256021816,310.9337229728699,134.41599261127234
2179,366,ciclo1,30.104545454545477,24.595223063973094,16.016666666666705,4.890793262362528,0.7915333333333333,0.746910138888889,0.7031833333333334,0.026293652350249174,679.5382046699524,463.42060511310893,297.1251335144043,125.19062195171591
2194,633,ciclo1,28.876000000000026,23.812444444444477,15.801666666666696,4.556388256423196,0.8125666666666665,0.7740480555555554,0.7294666666666667,0.025198592239427213,739.425968170166,507.95126660664874,361.0269513130188,119.2350315023272
2195,809,ciclo1,28.98090909090912,24.033578282828312,16.30000000000004,4.259252550150023,0.7842000000000001,0.7298622222222222,0.6942333333333334,0.0304717767819161,731.3474416732788,513.6098503271738,370.0571708679199,116.32461556388014
2216,773,ciclo1,27.553636363636397,22.37782070707074,14.526363636363664,4.518643296986627,0.8276166666666667,0.7477145833333333,0.7013666666666666,0.03846796017181327,693.129789352417,485.64554382363957,328.72751808166504,119.05698569914591
2281,266,ciclo1,31.680909090909118,25.578379629629662,16.368333333333364,5.075899518906543,0.7627166666666666,0.7159726388888887,0.6717999999999998,0.03017702367833412,729.8415393829346,470.4981636206309,290.910439491272,137.66802648020587
2287,298,ciclo1,30.70500000000003,24.935267255892285,16.997272727272755,4.7391805535825595,0.77235,0.7301565277777778,0.6666166666666667,0.03567171850553319,737.1317176818848,480.5987661083539,315.27364206314087,137.26831702916067
2294,319,ciclo1,30.151666666666696,24.470905723905755,15.268333333333365,4.87835552394142,0.8073,0.7554220833333333,0.6967,0.03213231972471605,697.2072710990906,471.2093431055546,289.46818125247955,126.88970245731805
2310,826,ciclo1,28.63363636363639,23.52096464646468,15.761666666666699,4.421783795138644,0.7952333333333333,0.7511586111111112,0.7044,0.029834821826874205,768.5165762901306,530.1496381560961,374.88903427124023,124.52244150263957
2406,462,ciclo1,29.72454545454549,24.272020202020233,15.971666666666698,4.630274075884095,0.8362833333333334,0.7761554166666668,0.72415,0.04316621121126381,729.8904242515564,476.2119153936704,288.7164921760559,132.8025893530048
2414,407,ciclo1,30.246666666666698,24.56205808080811,16.28000000000003,4.476829534123781,0.8187166666666666,0.78604375,0.7262000000000001,0.027279025300664228,725.7177295684814,469.6397806207339,269.3702893257141,131.60489069486545
2425,681,ciclo1,29.655454545454578,24.64911111111114,16.950000000000028,4.225960213193899,0.7662333333333334,0.7203091666666667,0.6833166666666667,0.026882001900106187,816.2331018447876,554.6134606599808,383.645544052124,130.6037738621791
2510,369,ciclo1,29.10500000000003,23.986162878787905,15.486666666666688,4.774839581819099,0.7928666666666668,0.726417361111111,0.6528333333333334,0.04145501221459616,731.0899615287781,473.94067974885303,279.7738718986511,142.2097990383131
2512,449,ciclo1,30.52333333333336,25.356223063973093,16.543333333333365,4.7351426069230635,0.7860833333333334,0.7351887500000002,0.6913333333333335,0.028499576646667663,747.6020426750183,484.8169729709625,295.16163301467896,140.0973507803796
2515,349,ciclo1,30.201666666666696,25.060402356902387,16.871666666666698,4.634253687063471,0.7950666666666666,0.7394623611111112,0.6642166666666666,0.04845173228402916,756.0707502365112,484.74413642287254,302.7985496520996,142.72249015549548
2530,546,ciclo1,29.910000000000025,24.533472222222255,16.073333333333363,4.5428200310125275,0.79895,0.7662947222222222,0.7202500000000001,0.02987905978795057,713.0992093086243,469.43159534533817,275.4993441104889,130.97517436654002
2623,375,ciclo1,30.618333333333368,24.66102861952865,15.439090909090938,5.196507541478271,0.8127166666666668,0.7632438888888889,0.7068333333333334,0.03372466763511201,749.7466316223145,479.4440405170123,272.70528984069824,144.27987920512555
2645,481,ciclo1,29.775000000000023,24.33871464646468,16.650000000000023,4.518669101833034,0.8358333333333334,0.8043422222222224,0.7555666666666667,0.027367546485155356,717.565346956253,474.7568061153094,287.25058460235596,128.05259778588956
2987,562,ciclo1,30.61727272727276,24.63248484848488,17.21909090909094,4.310276197547308,0.8469166666666667,0.7069058333333333,0.6321666666666667,0.06999926741845526,800.4814615249634,506.2783397734165,314.11352014541626,128.4729434226597
3001,824,ciclo1,24.398571428571465,20.437958754208783,14.310000000000029,3.517043578914076,0.8355000000000001,0.7721251388888889,0.6926666666666667,0.048230984045231885,647.6578810214996,414.46147753794986,239.07002878189087,117.63562753923864
3002,822,ciclo1,25.396666666666704,20.537684343434375,14.2827272727273,3.5758445224130084,0.8464333333333333,0.7761302777777779,0.6267333333333335,0.06703580608260779,659.0259387493134,419.5499019622803,249.89060640335083,121.34461503227215
3082,420,ciclo1,30.700000000000035,24.86080471380474,17.01000000000003,4.607288048021185,0.8122333333333334,0.7735711111111111,0.7230166666666666,0.032798746372081314,809.6400513648987,490.9240268667539,298.5302982330322,148.64157577244043
3197,379,ciclo1,31.39000000000004,25.669364478114503,16.91833333333337,4.862805235242318,0.7944,0.7478213888888888,0.6956000000000001,0.03358634925686766,807.9754354953766,487.8822261194388,271.81968116760254,147.8599079629112
3309,540,ciclo1,30.39727272727276,25.73260521885525,18.310000000000034,4.178000877247414,0.7807499999999999,0.7347645833333334,0.6761166666666667,0.03336349366868198,809.7554697990417,495.8612384200096,285.6094834804535,149.94244300361234
3414,444,ciclo1,30.8936363636364,25.55867803030306,17.568333333333356,4.553762846661365,0.7927500000000001,0.749652777777778,0.6741,0.04074250773735291,835.4366488456726,494.0791718363762,276.889687538147,155.71843994361916
3416,561,ciclo1,30.66454545454548,25.58893265993269,17.996666666666695,4.3822607789507515,0.7798166666666666,0.7312766666666666,0.67175,0.0361362530595707,830.399377822876,499.13980197906494,282.2926378250122,153.0890810935559
3427,596,ciclo1,29.74000000000003,24.66811195286198,17.1316666666667,4.200669042638653,0.7953166666666668,0.7523998611111112,0.6735333333333334,0.04258940525561197,792.005291223526,485.25849610567093,289.0631079673767,138.91887971464473
3520,607,ciclo1,30.180000000000035,24.860840067340103,16.4516666666667,4.538628649512474,0.7436666666666666,0.6966127777777777,0.6518333333333334,0.03566303615565628,835.790901184082,499.0419388612111,294.8546144962311,151.11836738224147
4000,1018,ciclo1,25.482000000000028,21.21824242424245,14.283333333333355,3.7071936541851174,0.8721833333333334,0.8191427777777777,0.73565,0.03892187140626067,634.4819903373718,433.95019535223645,297.58729219436646,103.50374224227188
5000,914,ciclo1,27.995000000000044,22.26592171717175,14.325000000000031,4.498782074436228,0.7061000000000001,0.6455768055555555,0.5953833333333334,0.03804567943091953,737.062851190567,440.2800387640794,299.75025177001953,120.36711251504455
6001,889,ciclo1,27.702727272727294,22.336497474747503,15.542727272727312,3.930160371496033,0.8163,0.6321609722222222,0.50884,0.10063328709942077,843.9890551567078,494.46002645293873,324.8933572769165,147.51310537177588
6002,850,ciclo1,26.30400000000003,21.788553030303063,15.268333333333374,3.7878080534632774,0.8798166666666667,0.8509337499999999,0.8169666666666666,0.021286400024050762,843.9890551567078,494.46002645293873,324.8933572769165,147.51310537177588
6003,857,ciclo1,28.186363636363662,23.485362794612826,16.23727272727276,4.088013201791821,0.8602833333333334,0.81586625,0.7617200000000001,0.02571620475682523,834.63205909729,498.13474820057553,323.46109104156494,145.55646836509874
6004,822,ciclo1,27.760909090909127,22.957815656565685,15.760909090909117,4.038963419972455,0.8863,0.8570298611111111,0.8255166666666667,0.017847666701664554,844.9991297721863,502.54177031914395,318.1839017868042,149.45851120557566
6005,608,ciclo1,29.451666666666696,24.520464646464674,17.318333333333367,3.948479245333774,0.8596166666666667,0.8220538888888891,0.7681166666666667,0.02832379021747667,840.3275165557861,504.305722763141,317.2342653274536,147.99122452176172
7001,730,ciclo1,29.317272727272755,24.12813383838387,16.901666666666703,4.119294334354893,0.8603500000000001,0.7671668055555557,0.709825,0.04795579286860459,783.6455731391907,493.7787190377712,346.12646102905273,130.3568789834518
7002,724,ciclo1,28.764545454545488,24.105643939393968,16.963333333333367,3.99790114008388,0.8030000000000003,0.7210265277777778,0.65885,0.047010006374030334,783.6455731391907,493.7787190377712,346.12646102905273,130.3568789834518
8003,198,ciclo1,24.962000000000028,21.04938131313134,16.395000000000028,3.0097161311580303,0.9087833333333334,0.8310161111111111,0.6595,0.07292586833157008,644.9818153381348,466.18191971381503,181.6524977684021,156.590954038439
8009,67,ciclo1,29.03600000000003,24.410596801346827,18.225000000000026,3.7910803557055397,0.8174000000000001,0.7802048611111112,0.6531,0.043130753300918284,685.206995010376,463.9008219440778,195.1785454750061,152.35071595951453
8010,10,ciclo1,27.25400000000003,22.247413299663325,17.78833333333336,3.0966121230504204,0.8740996436208127,0.7741973271565491,0.6930700545702592,0.0502072329068241,1227.1721138954163,572.9830358028412,214.8129186630249,287.0279825016604
8011,20,ciclo1,28.88714285714288,24.727837301587325,18.853333333333367,3.5608025533189473,0.8645166666666667,0.7983433333333334,0.7236833333333333,0.045397008161330216,1386.2995595932007,634.1141898433367,290.2914671897888,300.8801248298355
8012,9,ciclo1,27.174000000000024,22.573267255892286,18.085000000000022,2.908696699436045,0.8209530528052806,0.6726465077741527,0.5445278282411231,0.07467741678877092,1195.7349338531494,566.6384755770365,211.10100078582764,277.9328724589736
8013,6,ciclo1,28.52272727272731,23.722085437710472,18.126666666666697,3.4406319187622687,0.8336166666666668,0.7685880555555556,0.6891333333333334,0.04898895978154882,698.1430983543396,418.15479894479114,182.1073179244995,148.92502243543058
405,929,ciclo1,28.44333333333336,22.26341035353538,14.800909090909123,4.491831951925426,0.8373166666666667,0.7282402777777778,0.6607166666666667,0.05479283816167701,628.1805725097656,433.75868081549805,314.444495677948,101.86394159729218
491,800,ciclo1,28.43727272727276,22.493330808080838,15.225000000000032,4.023066734663335,0.8289333333333334,0.7213058333333334,0.6372500000000001,0.06012384852404684,683.7733237743378,467.16314492623013,313.48296070098877,126.8259136661147
938,1114,ciclo1,24.95000000000003,20.284107744107775,14.49909090909094,3.596043700659709,0.8252,0.7459391666666666,0.6491833333333333,0.05993105362932168,601.5530512332916,382.58852058649063,261.8180410861969,98.7650244265195
1056,805,ciclo1,28.204000000000025,22.867487193362223,16.26800000000003,4.079373326556524,0.7748833333333334,0.6519425000000001,0.59806,0.04912016330209028,650.3679780960083,431.48846094806987,267.1443843841553,118.11887676820068
1021,831,ciclo1,27.315000000000026,21.86668855218858,16.540909090909132,3.670467985402604,0.7908166666666666,0.7097634722222222,0.5629833333333334,0.06367449378319152,682.7734804153442,419.2739268044631,229.35357439517975,132.6959763188466
2531,525,ciclo1,29.323333333333363,24.2664671717172,16.7416666666667,4.388142572754609,0.8165833333333334,0.7758697222222223,0.7265666666666667,0.030702314138209362,723.23717212677,477.4311885635058,293.95638847351074,131.5475207758691
3097,517,ciclo1,31.18166666666669,25.67119444444447,17.65333333333336,4.5313870905845794,0.7892833333333334,0.7170473611111111,0.6518,0.037645720549288955,767.4998669624329,486.5905989209811,275.63043689727783,134.695001884894
797,579,ciclo1,25.730000000000036,20.712898569023604,14.690000000000024,3.63505571780554,0.8229000000000001,0.7463161111111112,0.5985600000000001,0.06279703198095582,611.9427471160889,413.7050472299258,245.34298706054688,110.58820264842666
852,643,ciclo1,26.400000000000027,21.457889249639276,15.18666666666669,3.729313639899511,0.8502333333333333,0.7351522222222222,0.6015166666666667,0.08311256472659234,622.8027291297913,418.559845606486,248.54064226150513,113.7900337926965
21,308,ciclo1,26.971666666666696,22.31900126262629,15.5266666666667,3.850557153383674,0.8905166666666667,0.8489247222222223,0.7593,0.03888075753382744,786.1226437091827,479.10977577666443,243.51736754179,157.8089761139587
214,1407,ciclo1,22.41250000000003,17.72842929292932,11.511666666666704,3.735429474871129,0.8487833333333334,0.7883634722222223,0.7091666666666666,0.042769069942315344,636.6833667755127,442.36726346611977,266.7081708908081,113.88156736749588
217,1205,ciclo1,22.365000000000034,18.285540404040436,12.41166666666669,3.546710835611701,0.83535,0.7738211111111113,0.669,0.051549786746212266,578.6310739517212,429.9293218056361,240.1230914592743,105.27046109521925
308,630,ciclo1,24.60000000000003,20.09674410774414,13.620909090909125,3.949900708148208,0.8496499999999999,0.7884141666666667,0.6746000000000001,0.04743343039197047,568.5149898529053,405.90367309252423,242.32967066764832,107.72940572992182
142,564,ciclo1,25.94250000000003,20.67340782828286,14.863333333333363,3.6377953767191973,0.8901666666666667,0.839123888888889,0.67425,0.061433667627854766,647.500636100769,427.5026840567589,204.87392139434814,131.8698733620674
1049,128,ciclo1,28.242500000000028,24.12452146464649,18.505000000000024,3.3125557954937555,0.8396833333333334,0.7706255555555557,0.6398,0.05835458183371358,1200.7791585922241,570.6958540876707,268.60654067993164,255.4346563338521
863,349,ciclo1,26.272500000000022,22.19745683020686,16.9116666666667,3.34075521849021,0.9126500000000001,0.8524795833333334,0.760175,0.047588085110689904,976.8586845397949,481.7410798370838,204.92937755584717,199.38865834711925
384,809,ciclo1,26.061428571428603,20.80674699374702,14.610000000000023,3.740877601296387,0.8294666666666667,0.7714347222222223,0.6409,0.053424551098796465,598.2158489227295,406.35460791985196,225.867356300354,116.89515332968338
385,690,ciclo1,27.265555555555594,21.651057659932693,15.696666666666701,3.8976933186171285,0.7892166666666668,0.7394684722222222,0.62048,0.048523484136162115,626.525857925415,413.6221324503422,226.28101444244385,120.6092210044143
397,607,ciclo1,28.67666666666669,23.533518518518548,15.491666666666694,4.348675392518398,0.80605,0.7631583333333335,0.7066500000000001,0.0344069662816051,723.8853549957275,420.7656859954198,298.50839281082153,130.21163092070412
403,968,ciclo1,29.092000000000024,23.07593771043774,15.353333333333353,4.31566180594166,0.8717666666666668,0.7233319444444444,0.63655,0.06986121210231366,653.8906157016754,457.0666177670161,312.2726266384125,111.29751886193222
857,870,ciclo1,26.3266666666667,20.837451779701812,15.851818181818208,3.5422239666271884,0.8813166666666667,0.785326388888889,0.5827,0.07658282174243783,746.8154773712158,431.7628714243571,226.60021781921387,147.6568519983764
860,365,ciclo1,27.107500000000037,22.259976851851885,15.51333333333337,3.8852320678987984,0.8972333333333334,0.7926413888888888,0.58855,0.08081664278382834,1072.7141828536987,499.6127504309018,209.59367609024048,218.84454435362048
930,991,ciclo1,28.74200000000003,22.653455387205415,15.708333333333362,3.969488872336367,0.8252,0.7325477777777779,0.6606166666666667,0.055249538448437045,828.4735207557678,495.0574940641721,353.0351405143738,130.5407882778653
951,862,ciclo1,24.518000000000036,20.582155062530095,15.693333333333351,3.27684214650436,0.8557166666666668,0.7817141666666667,0.6372500000000001,0.05742492977349412,845.4451208114624,447.7388038635254,222.91984462738037,171.95822091443443
1,455,ciclo2,26.59880000000003,20.592925396543905,14.38629629629633,3.7571994964068303,0.8983285714285715,0.8784486441798941,0.841007142857143,0.014961636401431992,1691.7226445525885,1232.2778364811093,774.8537392981816,247.4552884704116
4,225,ciclo2,27.950800000000026,22.989149838206007,16.722857142857173,3.790997696953824,0.8689,0.8189935185185185,0.763388888888889,0.03351963383797946,1509.3405794203281,1126.5816221759499,688.7037619688781,236.8089820041987
10,45,ciclo2,27.226153846153867,23.18403921050772,17.48481481481484,3.3881315075359577,0.8652285714285716,0.8030843584656085,0.755,0.03384106013554197,1466.8933683037758,1081.1038033353761,661.7159843697445,242.9216703633863
15,266,ciclo2,28.490000000000027,23.590057570483477,17.41222222222226,3.8040004112103056,0.856157142857143,0.7871366732804234,0.7253071428571429,0.0413585663176156,1442.8882083892822,1079.7548950709606,672.2772964416654,230.7896062569662
23,157,ciclo2,28.113076923076953,24.103570433163213,18.61428571428574,3.279956259462104,0.9000428571428571,0.8664624669312171,0.8002555555555556,0.02745778816992857,1472.825941324234,990.4473203418942,553.1215074904612,264.29178156446545
27,3,ciclo2,29.31814814814818,24.214038345672076,17.978571428571456,3.976221324279195,0.6910150028522533,0.6293940486205497,0.5073374215630347,0.05351792808789547,1430.4007420539856,848.5212074610366,504.0288732734043,234.82412373627872
28,283,ciclo2,27.38000000000003,22.68508674033967,17.353703703703736,3.4903371572405044,0.9068500000000002,0.8778043650793651,0.8285214285714285,0.022843319105023307,1474.9886169433594,1089.9529759588336,679.157717165981,246.70252897724913
30,72,ciclo2,28.23428571428574,24.531892279942312,18.896428571428604,3.340178587824298,0.82405,0.731751521164021,0.6240857142857144,0.062200200558782004,1614.8804168701172,1018.5117655176524,523.3600332222995,290.13767574291546
35,9,ciclo2,31.166296296296323,25.59290572082242,18.682142857142885,4.419324655982263,0.5351428571428571,0.47367238756613755,0.41898571428571435,0.03230610608393713,1456.3540172576904,853.2435231502944,474.5116939675063,241.4098156445546
37,427,ciclo2,26.54680000000003,21.83227584681403,16.457142857142887,3.3527224572684777,0.9060142857142858,0.8823676587301588,0.8504285714285716,0.015440861888278437,1588.437563419342,1066.3088312864775,596.0317004421231,270.97424329412695
39,71,ciclo2,28.098888888888922,23.63029118535788,17.417142857142885,3.7119711691662043,0.8665214285714287,0.8106883597883598,0.7342642857142857,0.04304302411974444,1581.8695182800293,960.0192396152567,507.02209914579,275.73236854636303
40,40,ciclo2,30.59666666666669,26.143482874814424,19.51000000000003,3.961829355560414,0.7527214285714287,0.6900239417989419,0.6212,0.04360262248442453,1545.911512374878,930.1061789282006,499.86677633359795,270.46618988447085
41,35,ciclo2,35.04120000000003,28.211932010890376,19.797857142857172,5.153646499909222,0.5759785714285715,0.5449362433862435,0.48107142857142865,0.027807765688210907,1521.0333404541016,903.6212158676195,525.2558858129632,256.02855726185874
47,348,ciclo2,26.765000000000033,22.199925044091746,16.95928571428575,3.3375785045098474,0.8992714285714286,0.8743025462962963,0.8346642857142857,0.01683895875873353,1615.3028726577759,1012.6490181514528,582.0627716230229,270.4066958603154
49,86,ciclo2,31.218148148148178,25.630976355340877,18.9614285714286,4.178461988807709,0.7780285714285714,0.7320658352312698,0.6634500000000001,0.03626323546497428,1575.1400299072266,932.480200216863,515.3513604365289,270.66200661625834
50,58,ciclo2,32.45320000000003,26.58030352186803,19.18857142857146,4.507447710481402,0.741657142857143,0.6777153769841271,0.5916142857142858,0.0433992090563435,1639.3214478492737,900.0411933258196,505.43087240331806,287.38956987859484
51,36,ciclo2,32.09720000000002,26.759839285405985,19.902592592592626,4.200059770068858,0.7460785714285716,0.6909867724867724,0.6192000000000001,0.0402180113700145,1650.0147233009338,884.0700576127583,480.7369741754592,293.3504459357325
58,207,ciclo2,28.024814814814842,23.117584913758478,17.590000000000032,3.566419928601139,0.8970357142857145,0.8654196097883599,0.8228142857142859,0.021032272290800243,1657.5098581314087,998.6111941998146,574.7003894024529,276.64721998042694
59,437,ciclo2,28.041200000000032,22.98966625627462,16.997142857142887,3.7061356932891307,0.874207142857143,0.8296650132275133,0.7601777777777778,0.03354792913461021,1700.775179862976,954.9403269478838,522.93299366883,297.3924501420535
69,1101,ciclo2,26.037500000000026,20.708590895215924,13.356666666666694,4.413374028491534,0.8488,0.8158692791005291,0.7797642857142856,0.02278474265696215,1540.9458961188793,1115.4466154997838,726.9097329378128,232.80901344448964
70,1036,ciclo2,25.623333333333356,20.282389806409405,12.672222222222254,4.55240292440688,0.8163785714285715,0.7708123015873015,0.7140857142857143,0.03364208725393241,1539.324607372284,1102.8762989503155,699.0176062583923,237.6198967695326
74,649,ciclo2,26.41181818181821,21.031504744223938,14.840000000000028,3.786244831059992,0.8857785714285714,0.843146164021164,0.79595,0.02449874207454672,1619.4229879379272,982.0848747872515,601.6908251144923,269.15949355960737
77,171,ciclo2,31.11333333333336,25.123757012297276,18.112222222222254,4.410426312152998,0.7913142857142859,0.7138002314814815,0.6369571428571429,0.05023752371497013,1678.1865620613098,907.8156200652738,492.84513699723175,307.1760495118995
81,116,ciclo2,29.92785714285716,24.666501349589783,18.813571428571457,3.784345277792081,0.8310214285714287,0.7768634920634923,0.7043666666666667,0.04509361445859641,1447.8041515350342,915.0106218225943,566.630578143755,230.9604573188893
85,1023,ciclo2,28.163076923076957,22.709515776467256,15.372222222222247,4.459596840736175,0.8440142857142858,0.7773008597883598,0.729057142857143,0.037968439219981484,1592.7371091842651,1115.3816721390758,743.5829468369484,254.91523320402788
87,908,ciclo2,28.01800000000002,22.735904529206735,14.501111111111136,4.658918421253646,0.7726071428571427,0.7108853505291005,0.6306857142857142,0.04518106392216038,1539.1640195399523,1096.3623252931866,758.0892676832154,247.567700194634
89,1267,ciclo2,26.854000000000028,22.177598608450083,14.576666666666698,4.273988082978102,0.8084214285714285,0.7569198082010581,0.6990500000000001,0.034452057853568106,1607.272469997406,1098.4827632288604,710.8635289669037,257.0797319291061
95,500,ciclo2,27.185833333333363,22.09328652358253,16.376428571428594,3.5787526632600315,0.8864071428571431,0.8537040674603175,0.8104000000000001,0.022132776200165884,1605.9991989135742,991.861566007774,635.6282480955124,264.83863276302117
97,163,ciclo2,29.239629629629658,23.708078332327503,16.689230769230804,4.408277739026226,0.8526642857142857,0.8108673280423281,0.7444142857142858,0.032215232075077344,1635.7029678821564,942.5322458842226,551.0650527081452,286.8304695683994
98,340,ciclo2,29.242800000000024,23.72164768894555,16.833076923076963,4.366768219886368,0.8155714285714287,0.7764387896825399,0.7169642857142856,0.03173272635281004,1659.3834156990051,926.0403306593167,530.0929142291425,295.9734053154256
104,780,ciclo2,25.43148148148152,20.39087739297742,13.432400000000028,4.165271817834495,0.8797857142857142,0.8399376984126986,0.7921714285714286,0.02931576579235147,1592.7466991506517,1165.1683270102174,774.1755244731903,254.11754662861097
113,1426,ciclo2,25.42833333333336,20.518025327718476,13.25222222222225,4.14780478187687,0.7712214285714286,0.7234370039682539,0.6615428571428572,0.03705890952642569,1551.4699063301086,1088.349075531393,655.4588807821274,254.0477435815889
114,1440,ciclo2,24.91560000000003,19.93127900816309,12.952222222222254,4.0546258532026025,0.7952285714285715,0.7653039682539684,0.7271142857142859,0.02317457770709236,1568.524600982666,1069.2661124506267,638.9407624006271,255.48960427794108
117,805,ciclo2,25.593636363636392,20.586902867502896,15.278888888888922,3.3318540675744486,0.8897142857142857,0.8552970238095239,0.8045285714285715,0.028622706896453343,1572.6556572914124,995.4970738667568,628.9489889144897,257.835818332111
118,337,ciclo2,29.030769230769256,24.01341024870194,18.05285714285718,3.7402815553822917,0.8170714285714287,0.7680272817460319,0.7151928571428571,0.03095480988431402,1640.7975001335144,980.928471464882,620.6856189378304,270.0953979186991
119,287,ciclo2,29.193846153846177,24.170846663213357,17.54928571428574,4.030352551116557,0.8001928571428573,0.7358490740740741,0.6400785714285713,0.05175413060752763,1668.1023106575012,964.7612094785496,579.7338260221295,290.68117391146944
122,194,ciclo2,30.341666666666693,24.670513641913672,18.072142857142886,4.284810620799129,0.8458857142857144,0.8056091269841271,0.7667714285714285,0.02849647913953118,1629.6456718444824,953.4606822775046,556.0552995400503,294.0422060433317
123,400,ciclo2,28.665000000000028,23.959940121606817,18.102857142857175,3.648917959001882,0.8837214285714285,0.8593710978835979,0.8196555555555557,0.019436963484942886,1614.7828378677368,940.542756313389,516.6532156117028,299.70943850100616
134,1045,ciclo2,27.8592307692308,22.57625194250197,14.399230769230797,4.585562544243379,0.7647071428571428,0.7060282407407409,0.6274142857142857,0.0436357563847216,1571.8137969970703,1061.8272771880438,675.9034040570259,272.77485831582885
137,1381,ciclo2,25.545200000000033,20.651087276920638,13.644615384615417,4.067908578810489,0.7747214285714286,0.7280195105820106,0.6801928571428572,0.030080518711835993,1571.6599192619324,1048.4297044056584,640.234067440033,266.48285525323314
139,1436,ciclo2,23.986923076923105,19.485780532738893,12.872142857142888,3.756870445677512,0.77555,0.7325376653439154,0.6706785714285716,0.033498965405660136,1482.2797889709473,1012.3484240719894,624.556866645813,236.29695759242992
140,1612,ciclo2,25.88230769230772,20.916566938925303,13.433703703703738,4.3424365583457565,0.7687928571428573,0.6865387566137566,0.5777428571428571,0.06408630255076105,1479.6294651031494,981.0971444643122,619.5235379934311,237.40440921416376
141,941,ciclo2,25.11260869565221,19.676651085039524,13.73666666666669,3.5909778460206394,0.8704357142857144,0.8449919642857142,0.8126642857142857,0.01797911203740585,1474.7057008743286,969.087045914348,635.9934985637665,235.95653615899684
143,334,ciclo2,28.596400000000028,23.68152259900596,17.3614285714286,3.896608100408508,0.8598142857142858,0.8263268187830688,0.7718357142857144,0.029087708296861758,1648.3176717758179,963.6450944498987,595.0805098572746,289.62786167412
146,261,ciclo2,28.935384615384667,24.209817534317565,17.919285714285746,3.8045191456421477,0.8299714285714287,0.7714105158730158,0.7013333333333334,0.03556130374619694,1663.1023001670837,950.9290891634106,533.6042406756897,313.9421333447359
147,75,ciclo2,31.62846153846156,25.648162746821114,18.33962962962966,4.471581098275549,0.8248071428571428,0.7777776455026455,0.7344428571428571,0.02851469375267001,1698.0254406929016,967.1909649707765,545.9992651862558,324.7509024237105
148,625,ciclo2,27.40481481481484,22.220395155818867,16.79928571428574,3.530405465737195,0.9017285714285715,0.8691145171957673,0.798011111111111,0.028772769614906702,1630.7068915367126,937.7469917859999,568.5898339140695,303.03983642822385
165,1491,ciclo2,23.44000000000003,18.52020033326848,12.419629629629664,3.5536458844436063,0.8204428571428573,0.7749218584656083,0.6848777777777778,0.04131767294724074,1429.8611330986023,974.1058477535407,622.0401592254639,232.2206335133447
166,1508,ciclo2,22.8016666666667,17.945295404876955,11.956923076923111,3.526590440792329,0.8547785714285716,0.805775925925926,0.6929777777777778,0.042929757422146185,1428.9868524074554,965.0090144978846,625.3633645772934,238.6129235018505
167,1121,ciclo2,24.265833333333365,19.54536219275896,13.33000000000003,3.659576200462844,0.8284357142857142,0.7865843915343915,0.7533,0.02707845402940382,1446.5929822921753,958.4232274622094,607.2442965507507,246.52831590979451
170,301,ciclo2,29.020000000000028,24.20963719151222,17.585555555555583,3.930996918880078,0.8167214285714286,0.7696001653439154,0.7170428571428573,0.03453622807778802,1756.2382225990295,974.2445925654416,595.7722574817017,329.4931111433237
172,288,ciclo2,30.11518518518522,24.511422189847224,17.933571428571458,4.0259113850710495,0.8350999999999998,0.7946813492063493,0.750857142857143,0.029056398016880737,1736.2631406784058,964.7096837661617,586.9280244382098,335.1193516093647
173,585,ciclo2,27.306923076923113,22.065861278536314,16.289285714285747,3.5145277813243716,0.8656071428571429,0.8383029431216932,0.7776222222222222,0.024185686940230232,1783.266182422638,959.0669982322239,582.5393714498496,347.46139156841593
174,194,ciclo2,28.67080000000003,23.905065824799433,18.016428571428605,3.7299372835037534,0.8984142857142857,0.8733653769841269,0.8380083333333336,0.020923257342314823,1751.077672958374,941.7716726501627,549.3484870141838,338.48091812860764
175,155,ciclo2,29.54833333333336,25.09789161455831,19.283571428571456,3.5169126776432225,0.874692857142857,0.8328854166666667,0.7948571428571428,0.02379313155024878,1757.3051075935364,939.3086220713545,542.0467995309155,344.9168623184626
177,856,ciclo2,26.744400000000038,21.653636411642598,14.446000000000025,4.27165761305192,0.8551642857142859,0.8150786044973547,0.7442444444444445,0.029882431797087314,1628.0952925682068,1132.7294283667954,744.8610348701477,260.298938611497
188,1286,ciclo2,23.4430434782609,18.57554921401736,12.755185185185214,3.403741853475015,0.8315785714285714,0.7852833002645504,0.6771555555555557,0.040660748463213554,1487.6208262443542,994.7055952184019,593.2063478827477,261.1968008452982
191,1003,ciclo2,26.36925925925929,21.011570828862528,13.87222222222225,4.3217578314744465,0.8224928571428572,0.7900250661375662,0.7527357142857144,0.023000653699292044,1376.6606633663177,946.2209917783088,636.9519647359848,225.55006516028436
192,1484,ciclo2,23.357826086956553,18.253003101153478,12.310000000000027,3.6028366676439743,0.8340571428571428,0.7822333333333332,0.6918333333333333,0.03946014498615351,1413.6149501800537,924.2121716704945,571.8303763866425,247.29662176675268
193,1513,ciclo2,24.4261904761905,19.890661835748826,13.36000000000003,3.8146521250139838,0.8023142857142858,0.7492051587301587,0.6953857142857143,0.03351156478489945,1464.4667990207672,913.6963107118681,581.2838532924652,271.3317656634559
194,617,ciclo2,26.97800000000003,21.900766214146504,16.235714285714316,3.5352153913852757,0.8909142857142858,0.8609253637566137,0.8286888888888888,0.02091669685483147,1615.6592235565186,945.8655900688367,640.7340530012734,293.0710599559929
196,780,ciclo2,26.033076923076944,21.33728988048991,15.797857142857174,3.3424311354671747,0.8549857142857143,0.8315028769841271,0.7870357142857143,0.017886437779192875,1802.0435299873352,950.5663124361696,556.0980142098852,358.852052223886
197,354,ciclo2,27.99846153846156,22.851194255261674,17.137407407407434,3.6050021877862752,0.8578,0.8314160052910052,0.7915777777777778,0.020475933862964334,1805.5817110538483,951.4400000988195,583.0729902134044,353.2897600437607
198,675,ciclo2,26.640400000000017,21.628100081091777,15.971481481481502,3.571723299081889,0.8880928571428572,0.8666894510582012,0.8352214285714286,0.014279095625099573,1863.1662957668304,952.4465097396169,543.7119471691549,375.135197728719
199,350,ciclo2,27.802500000000023,22.863099903799935,17.585555555555587,3.511288544376804,0.9047642857142856,0.8817745370370371,0.8581785714285713,0.01304894205151364,1928.960948228836,953.5973385163088,505.99808395985747,384.6788930989405
206,1008,ciclo2,26.278695652173937,21.063641060884933,14.728400000000024,3.9315318444839455,0.7799071428571429,0.7196083002645502,0.6620142857142856,0.03639404532708011,1613.1657247543335,1090.4652731788035,700.0974229574203,271.6055071372576
208,904,ciclo2,25.74913043478263,20.600155378076057,13.631739130434816,4.085007399230987,0.7999285714285715,0.7430116071428571,0.6411666666666668,0.04308424574281896,1491.631809417624,969.6474185832388,620.2566568255424,259.47027215984883
211,1137,ciclo2,28.250800000000027,23.07059815729094,15.700370370370406,4.310790735751516,0.7513785714285713,0.6804556216931217,0.5982214285714286,0.05144487123450811,1498.1072870288044,999.467271511443,630.4039304852486,266.89064556072105
218,1209,ciclo2,23.449200000000022,18.851078237194933,13.411538461538495,3.4122720590720217,0.8743785714285714,0.8209963293650796,0.7146333333333335,0.04208389837482697,1424.9098291397095,917.2699959350479,598.1996370651759,238.62964772369733
221,604,ciclo2,27.034800000000033,22.213657170607195,16.29000000000003,3.531045198548294,0.8410071428571431,0.7992195436507937,0.7169666666666666,0.03715388550743674,1576.789039850235,931.913111332257,570.2314636436786,290.2308558650458
225,884,ciclo2,25.58360000000003,20.929042771734473,15.267692307692336,3.4042951093312728,0.8672142857142858,0.8329877976190475,0.7530285714285715,0.02799793239132823,1975.9047667980194,974.8642235247147,494.83353317226283,404.6683544075389
228,5,ciclo2,29.372962962962994,24.32401896714399,18.498888888888914,3.5009464801325616,0.79855,0.7495224086562114,0.6849285714285714,0.03273499239041736,2065.47797870636,972.7364307399499,530.036889714771,423.62414017693584
242,1073,ciclo2,24.66727272727275,20.073348178683084,14.250800000000028,3.532454354638722,0.8580642857142857,0.8103442129629631,0.7306222222222222,0.03407256235752508,1534.4814153909683,1008.2159285047092,634.0894612669945,266.6190749267517
246,988,ciclo2,25.576400000000024,20.485489139336977,14.151428571428596,3.9328162997935165,0.8626999999999999,0.8269699404761904,0.7742666666666668,0.025085110872625334,1381.2556035518646,909.7577944288302,574.8856393708847,225.4759808471733
249,1358,ciclo2,24.10100000000003,19.338421535146075,13.616400000000029,3.593740130652808,0.8153379853685986,0.7642376231193411,0.6715444444444445,0.04651862079776601,1442.9197843074799,896.1503207320299,516.2168078611721,261.52720226301176
251,783,ciclo2,25.23500000000003,20.48957902663788,14.5514285714286,3.456630873705293,0.8523928571428571,0.7990883597883597,0.7166888888888889,0.03971446387471233,1730.3867733478546,947.3904787169498,561.4228028354701,326.92766256668835
253,543,ciclo2,27.422800000000034,22.488861095077795,17.175384615384647,3.34263086656728,0.8501142857142857,0.806120205026455,0.7375888888888888,0.03650439623875092,1804.5347242355347,946.5494072584734,507.69995646829193,348.1829292879034
254,779,ciclo2,27.22750000000003,21.688473166304377,15.660000000000027,3.7384415554077366,0.8599000000000002,0.8152627645502647,0.7506555555555556,0.034274364995924546,1940.1342453956604,955.8405857320989,468.8411436952156,391.02889865371895
255,659,ciclo2,26.434545454545482,21.314641450042203,16.410740740740767,3.1698245991784124,0.8733642857142858,0.8422418650793652,0.7991857142857144,0.02367144328889395,2232.1021676063538,976.2940186322927,449.7728663811795,459.9641154063983
256,250,ciclo2,27.307391304347853,22.74366668202029,17.64111111111114,3.2128968526082047,0.890942857142857,0.8558539682539683,0.8020785714285713,0.026026940958237838,2259.3690705299377,973.2112179900492,444.56940625027346,471.42084739463326
260,970,ciclo2,27.766153846153877,22.188855528422224,14.880769230769253,4.336291791871667,0.8243642857142859,0.7653998677248679,0.7156571428571429,0.030821741230707658,1664.6439356803894,1104.2543125373777,691.0908428691328,250.09735867666063
261,845,ciclo2,27.615833333333356,22.161084426925758,14.810833333333365,4.38113191696089,0.7888428571428571,0.7238409391534392,0.656157142857143,0.04393748155104427,1633.9771089553833,1107.0341344951885,703.9452813132666,247.94515942355238
279,694,ciclo2,27.090869565217417,21.828314450578972,15.361538461538489,3.9372883528285243,0.8425428571428571,0.7952436838624338,0.6838111111111111,0.042895833613235124,1467.9315400123596,911.8540851592164,515.9014864885248,257.06481299158287
281,739,ciclo2,27.33521739130438,22.129206398349258,14.939285714285742,4.222074405956228,0.79965,0.7381108465608465,0.691611111111111,0.03792939159241547,1562.5791580677032,911.654713896598,488.0875909285387,287.6639664056768
284,462,ciclo2,28.448333333333355,22.854146704153134,16.689285714285738,3.8321428972573193,0.8631857142857141,0.8287979166666667,0.7538333333333332,0.027423384134419894,1795.4661870002747,937.3939873839603,494.62151996366447,347.3788040080631
285,216,ciclo2,29.53333333333336,24.134051773784325,17.692307692307725,3.890970887895216,0.8030571428571428,0.7600158068783069,0.6493444444444444,0.04407043096845661,1924.8473596572876,955.7443690604656,465.2017064425745,393.72561900518997
286,377,ciclo2,28.595000000000017,23.872342219810545,18.03153846153848,3.419490976673377,0.8824357142857143,0.8429916335978835,0.7835555555555556,0.03206026056219319,2051.4553265571594,961.9152771889106,448.69561403564876,430.53917096553783
287,100,ciclo2,29.052500000000027,24.263513300507896,18.732962962962997,3.3921399737146904,0.8912785714285715,0.8614878637566138,0.8198642857142858,0.022759519089956097,2081.3853707313538,944.24272507076,467.07356576481834,429.3708537975099
297,1039,ciclo2,26.774545454545486,21.3500580137212,14.754000000000033,4.0007205849053715,0.8072785714285714,0.7496450727513229,0.6408777777777779,0.044680073566507175,1510.4960370063782,1056.9621031195857,645.1737045943737,258.1891793080226
301,912,ciclo2,24.785000000000014,20.00860237690701,13.795925925925953,3.918885814712479,0.8075928571428571,0.7439371693121694,0.6440555555555556,0.042823123104597925,1458.1768153905869,1012.8153822137974,610.5595985651016,253.79462458412314
304,866,ciclo2,26.115833333333367,20.872261336234917,13.708333333333364,4.2780619405786515,0.8335142857142858,0.7818199735449736,0.6453777777777778,0.04743079550423337,1396.289204120636,933.7898870191615,543.7542429766618,237.44727680881894
309,553,ciclo2,26.234545454545472,20.720717196027582,14.058888888888916,4.034413385909613,0.83955,0.7957677579365079,0.6635333333333333,0.04576142622931545,1414.66459274292,897.9984537295144,491.38395218225196,244.78951260291794
310,735,ciclo2,26.479166666666696,21.332612489308897,14.563846153846184,4.14238730632485,0.85735,0.8107224206349205,0.6925333333333334,0.04175463631362839,1473.2298340797424,920.3113469683643,508.89674079651013,255.2446311736887
311,887,ciclo2,26.91000000000003,21.51926291887128,15.25962962962966,3.788784335445788,0.8154071428571429,0.7467110449735449,0.6753444444444445,0.04677978858639207,1521.7576789855957,914.7655953031887,485.61994587490335,277.93842904693753
312,871,ciclo2,25.92909090909093,20.654380674585774,14.718888888888912,3.789829022834692,0.8626785714285715,0.8192916335978836,0.7459222222222223,0.03329322018937793,1537.9790592193604,915.3980929442138,509.04969978285953,276.6937589374771
313,892,ciclo2,26.8919047619048,21.98468584417543,15.940370370370399,3.700592250381413,0.8515642857142858,0.8126188161375661,0.7382888888888889,0.030920255944820015,1625.6253230571747,927.3740174013656,481.5032734591514,302.23870281765176
314,616,ciclo2,27.366000000000028,22.051151122091607,16.38307692307695,3.611409079937754,0.8354357142857143,0.792608630952381,0.7239,0.03371875485721042,1666.7782723903656,930.0407507698983,482.14141797367483,318.6810170716164
316,447,ciclo2,28.04500000000004,22.76428093225216,17.332222222222253,3.4967825893563655,0.8739357142857144,0.8311404431216932,0.7362222222222223,0.0401604572513428,1738.6192791461945,928.02607202949,457.75131861213595,338.09957294302967
317,322,ciclo2,29.036086956521775,23.624874736295737,17.89230769230772,3.701178190975437,0.8554071428571431,0.8166704365079367,0.7636785714285714,0.029075243133678107,1819.567862033844,941.7868811761861,459.89217852265574,370.3849175073459
318,71,ciclo2,31.358333333333363,25.48848118272738,18.79214285714289,4.120561412742376,0.6135571428571428,0.576260648148148,0.5362714285714286,0.024847087046153054,1717.3238458633423,918.1195788120267,498.17860374355223,346.1467624873945
321,717,ciclo2,27.227857142857175,22.65404392065264,15.171538461538487,4.050005053931387,0.7437071428571429,0.7052924603174605,0.6677571428571429,0.023779414550042382,1603.267900943756,1028.262609401679,622.5319108022377,250.97708089713075
328,790,ciclo2,28.075185185185205,22.709971735738794,14.904814814814845,4.470544927642332,0.8054357142857144,0.702119212962963,0.6345555555555555,0.054187113702724686,1634.4596228599548,1096.2115667376977,678.0352742671967,265.7741505553824
336,851,ciclo2,26.178571428571452,20.977160305422636,14.448518518518549,4.074209808274252,0.8020428571428572,0.7533428240740742,0.6142555555555557,0.04824721980548353,1555.14901304245,1004.6468917886377,573.5055151581764,271.83929926280223
337,876,ciclo2,27.357500000000027,21.896955542310646,14.860370370370402,4.27590633404514,0.8362071428571429,0.7449015542328042,0.6336222222222223,0.05746840731076196,1597.330334663391,993.0216290287208,552.3813469288871,282.3703306637561
340,860,ciclo2,24.60250000000003,19.8861981308949,13.805000000000028,3.577602216357325,0.8492785714285717,0.7853658399470899,0.6896888888888888,0.04807248563030891,1519.1883926391602,937.5136156058483,470.59499329701066,277.36270857206483
341,492,ciclo2,29.80043478260873,24.1561890115789,16.402592592592626,4.615820324997273,0.7493857142857142,0.6555936838624338,0.5862,0.055098552576191236,1439.1170287132263,922.993443347436,466.151527649723,250.3345231924964
344,701,ciclo2,28.021666666666693,22.35104865055774,15.227777777777808,4.4371880408547995,0.7377642857142858,0.6628289351851852,0.5581222222222223,0.05763145483332971,1486.1299588680267,928.4096801362466,486.4990725899115,260.6915803555969
345,912,ciclo2,27.161304347826118,21.651640167742915,15.401428571428601,3.899614503527865,0.8260214285714287,0.7740852843915347,0.6904888888888889,0.04412966390334899,1504.5431184768677,911.306003307264,477.17587082413957,273.5949928116653
346,774,ciclo2,26.434545454545482,21.313316971300335,15.556666666666699,3.6911430133295107,0.7978857142857142,0.7375069775132276,0.6259777777777777,0.04848555304493779,1477.800702571869,907.3299308142547,498.91445313347504,259.5638829379043
347,605,ciclo2,27.130800000000036,22.057452380952412,15.865000000000029,3.8468180809145114,0.8446142857142857,0.7856020502645502,0.6569555555555556,0.04820128512039473,1523.6198344230652,905.82766321771,467.2608796195127,276.59412333119417
348,822,ciclo2,26.284074074074102,21.19556520873118,15.51148148148151,3.5776826947682125,0.8446214285714287,0.80619126984127,0.7250333333333334,0.03257733835990356,1639.4281470775604,929.5875588404984,490.4140016848687,307.50090547770907
349,680,ciclo2,26.54440000000003,21.1719337263176,15.684074074074106,3.5641329129821786,0.8756642857142858,0.8283076388888887,0.7339000000000001,0.041171708821696636,1682.3784596920013,956.5650454250048,496.72206846554764,318.87923475769946
350,299,ciclo2,27.97480000000002,23.258655086057285,17.73222222222225,3.4491885222070477,0.8832642857142857,0.8490208333333333,0.7785333333333333,0.031935660398198715,1656.5844855308533,929.2783321372393,458.20492243929766,324.04209066493075
351,193,ciclo2,28.790000000000028,23.861961997113156,18.499285714285747,3.5384614164168333,0.8861714285714285,0.8494700727513228,0.7738777777777779,0.03336890256064557,1704.5205328464508,950.8314962374722,486.0191088721622,340.5907748479515
352,188,ciclo2,28.62000000000002,23.84225185633083,18.19000000000003,3.524232886157366,0.8810142857142857,0.8428231812169312,0.7899428571428572,0.030293264802802946,1623.2833268642426,918.1482083301313,483.8583958307281,326.4305276242584
365,944,ciclo2,25.770000000000035,20.72648613115283,14.036666666666699,3.881952130923447,0.8521357142857144,0.8023693452380951,0.7101000000000001,0.04014429316769391,1653.8743233680725,1091.1977533763954,638.171453550458,272.56144652248474
367,804,ciclo2,27.68750000000003,22.192421265462958,15.155833333333357,4.30553640609281,0.8228357142857144,0.7494933531746032,0.7052928571428573,0.03130914466341298,1645.318463563919,1075.2314299541686,618.6194687187672,281.54232545622705
369,840,ciclo2,27.012400000000028,21.659029648396384,14.530000000000031,4.319097893879289,0.8460785714285715,0.7337014880952379,0.6419333333333334,0.05385984671297799,1556.491057395935,1065.5353222935362,567.8548740744591,277.3734901594757
377,517,ciclo2,28.476315789473716,23.070856790306934,15.998571428571458,4.221217967544013,0.7489642857142856,0.687649933862434,0.6391777777777778,0.03023084399449431,1539.4117679595947,947.8597324779342,488.4969105813652,282.2432405467398
378,619,ciclo2,28.61095238095241,22.979062842712867,15.841428571428597,4.229324563914803,0.7693857142857145,0.6834551256613758,0.5809222222222223,0.04809392597390804,1502.1628098487854,940.7152813323773,467.2322609126568,284.3197431605352
383,699,ciclo2,27.415263157894767,22.089479436279646,15.981111111111138,3.9923329606423064,0.8460928571428571,0.7987078703703703,0.6737777777777778,0.04992895642999606,1455.0901226997375,906.9145167791479,468.0340796536766,263.5211692177844
386,835,ciclo2,25.738695652173934,20.661005216093653,15.430000000000033,3.499066398788445,0.8777500000000001,0.8292165343915344,0.7166555555555556,0.0502983929673752,1557.3199152946472,912.8822782706944,478.8321681972593,284.9642805220185
387,409,ciclo2,27.283600000000032,22.60594163629548,16.99357142857146,3.5028942783785673,0.8859142857142857,0.8397471560846562,0.7128777777777779,0.047751020590131525,1604.3156871795654,924.3689280590693,486.07191666867584,299.5892726366757
388,685,ciclo2,26.41476190476194,20.933391764916305,16.260714285714318,3.3009678707154855,0.8689285714285714,0.8118288690476193,0.6922083333333334,0.05248533035727663,1617.8737378120422,932.733864364793,455.43872596882284,317.07671720321207
390,38,ciclo2,30.48727272727275,25.17373023584041,19.0403703703704,3.727769193959371,0.7763714285714286,0.7220290674603175,0.6562857142857144,0.03628616807204654,1646.6053450107574,926.1076214733688,474.98859617020935,332.4112222489752
391,7,ciclo2,28.44481481481485,23.290277195295346,18.07000000000003,3.476783531993793,0.6657714285714286,0.6281578703703704,0.5837785714285715,0.025690906690852944,1591.9886920452118,908.4662376500237,477.44288292131387,319.9127709492692
392,60,ciclo2,29.946428571428594,25.207624971686958,19.70285714285717,3.4773053271655723,0.6468571428571428,0.6059346891534391,0.5536857142857142,0.029302135974228524,1559.500167608261,875.3768489190794,475.0049395277165,302.6097625425668
395,605,ciclo2,27.87222222222225,23.0654396063813,15.73444444444447,4.233889531463858,0.8449214285714286,0.7884267526455028,0.7488285714285715,0.028896336091152556,1706.19256067276,1084.5165506682872,656.3599645174108,264.0464343030794
398,705,ciclo2,28.966923076923106,23.986165769415795,17.055384615384643,4.211259486051862,0.8491,0.7597597883597884,0.7082642857142857,0.045195383489792906,1457.5773754119873,899.0192285687687,543.4116344968788,243.9859656507697
409,986,ciclo2,29.016956521739164,23.63283528586638,15.870800000000026,4.459618646815302,0.7840428571428572,0.6649855158730159,0.6136333333333333,0.05154220922213796,1604.1739020347595,1078.8892057726553,576.471585392952,294.7521439115703
413,1165,ciclo2,23.550800000000034,19.010549365831462,13.656666666666695,3.467190052934518,0.84575,0.786896593915344,0.6155222222222222,0.06253266565413015,1585.268666267395,1049.3045944041976,543.7701031565666,290.8384110613531
415,869,ciclo2,25.184285714285743,19.994955488549813,14.062592592592623,3.713359777610753,0.8373571428571428,0.7858811177248678,0.7136555555555556,0.0412107817871861,1541.7681441307068,950.4404921019959,492.54673097189516,281.65535744146877
419,534,ciclo2,28.840909090909122,23.089126621285345,15.69071428571432,4.477949595088476,0.7789142857142856,0.6600995701058201,0.5109555555555556,0.07589065983530266,1451.1659150123596,934.9653396420714,467.76180624961853,276.7412895075234
421,649,ciclo2,27.124000000000024,21.58209938467968,14.65000000000003,4.188288817361822,0.8355285714285714,0.7683180143731038,0.6751142857142859,0.04368893414242055,1487.3028044700623,920.6048298176696,448.41578065464273,265.75654010022646
422,872,ciclo2,27.308947368421084,22.168795024573743,15.847857142857174,3.9309138635461927,0.8337928571428571,0.7676012566137566,0.6552888888888889,0.04830636406188329,1412.3403296470642,906.0010803815312,458.54692852310836,251.318136496597
423,572,ciclo2,27.20304347826089,22.190326135840834,15.9864285714286,3.943952044943251,0.8388785714285715,0.7915081679894179,0.6679444444444445,0.046499548979589876,1447.835772037506,907.362972154852,476.55421462096274,265.2623211884808
424,467,ciclo2,27.33545454545458,21.576301727707374,15.759285714285744,3.8406213978104358,0.8858357142857143,0.8326113095238096,0.7110666666666666,0.05012293279558197,1501.424837589264,910.6133615951694,515.0338822929189,264.3316767669867
425,481,ciclo2,26.728260869565247,21.822635042367597,16.092962962962993,3.5814474424563434,0.8654285714285714,0.8185356812169312,0.6713555555555556,0.05421777637877843,1510.0936889648438,915.1159731165772,486.53272996935993,276.84697128041165
426,347,ciclo2,27.19640000000003,22.55909978027249,16.74703703703707,3.4720579433806393,0.8903714285714284,0.8320190145502645,0.6619222222222223,0.06183643337582327,1556.800143957138,918.1847445070089,471.7362653375603,290.6880883892551
427,329,ciclo2,27.098695652173948,21.97510618203314,16.37962962962966,3.4627389769713464,0.8830785714285715,0.83430625,0.7331916666666668,0.0497064360600426,1608.615206003189,934.1872544417739,472.47794703161344,303.0358808577446
428,253,ciclo2,27.749090909090942,22.624972236687125,16.655714285714314,3.6997517358116285,0.8965642857142857,0.8471025793650795,0.6752,0.061888870414915254,1663.2862911224365,964.9405175002445,502.09108908334747,326.0919891514708
429,521,ciclo2,25.430869565217424,21.03574706694275,16.405000000000033,3.084806892201805,0.8910642857142859,0.8386815145502645,0.6902222222222222,0.053729953441608636,1566.24955701828,907.9468703483348,460.04869027691893,300.4405649039016
430,61,ciclo2,28.973200000000023,24.062861033720978,18.427777777777802,3.5062140981975842,0.8221857142857143,0.7679017195767196,0.6983444444444444,0.03773236259213673,1704.9838416576385,935.0294199825142,478.7989677716978,341.52062061790355
435,638,ciclo2,27.912307692307724,22.883096301015172,15.582592592592617,4.3505255351625,0.8714214285714286,0.8413486441798943,0.8058428571428573,0.02075614428487383,1834.1444163322449,1190.0433640251497,730.4543048988562,290.5700657492616
438,732,ciclo2,28.634800000000023,24.009685723133583,16.861851851851885,4.154630749654133,0.8670357142857144,0.7952980820105822,0.755388888888889,0.03456016343331546,1597.9173171520233,1033.1341121678997,659.3940872224048,256.5026809653039
442,805,ciclo2,28.289200000000033,23.74303459996796,16.665555555555585,3.974042989230677,0.8542928571428572,0.7785921296296295,0.7354785714285715,0.03849351467763051,1647.741116285324,1063.0386807325365,627.3207386285067,277.73247049472207
450,940,ciclo2,27.884166666666705,22.589788047312354,15.560000000000032,4.127422714509332,0.8204071428571427,0.7621925264550264,0.733988888888889,0.02646839285570724,1597.3515663146973,1087.683458477084,564.4137967824936,302.5194158292857
453,989,ciclo2,26.123913043478296,21.34338619400786,14.682500000000031,3.8284877313310575,0.803757142857143,0.7486570767195769,0.5937777777777778,0.054045743901906154,1581.156489610672,1075.3995730994855,514.7402106821537,308.4495197133049
455,1138,ciclo2,24.66333333333337,19.37260188025643,13.951481481481515,3.51452685689298,0.8329500000000002,0.7835806547619047,0.6959333333333334,0.04148681950204753,1510.3422775268555,1034.8553900203817,497.0880788564682,287.82462168508624
456,1053,ciclo2,24.46047619047622,19.129578765581424,13.26920000000003,3.6423478656103216,0.8158214285714285,0.7607570105820106,0.6345222222222222,0.053248598721596097,1555.020936012268,1013.2292950835375,500.8105626106262,295.8278392002934
457,429,ciclo2,27.175555555555587,22.28079871371322,15.45400000000003,4.027307328899037,0.8155142857142857,0.7183786706349206,0.6250000000000001,0.04785029400584821,1640.3642196655273,968.4670965885767,478.65588907618076,319.3604502165727
460,456,ciclo2,27.158571428571456,21.962084923781433,14.820909090909112,4.29180089810234,0.8117214285714286,0.768271130952381,0.7244214285714284,0.026872801937413347,1554.5676050186157,951.0582888322448,464.09513424895704,306.70255129630925
464,583,ciclo2,27.418695652173948,21.713989591407014,15.8203703703704,3.9408431672707427,0.8349714285714285,0.776526421957672,0.6879111111111111,0.04075935816343074,1491.3250756263733,912.8669746916227,450.67727474775165,262.65121715804685
465,395,ciclo2,28.057272727272746,22.25717596568286,15.617142857142886,4.116139436211913,0.8456785714285714,0.7954876984126984,0.7188357142857144,0.04318437950085036,1514.0363545417786,925.085051861628,491.2706031985581,278.9905486027128
466,463,ciclo2,27.265454545454574,21.671406452620914,15.871481481481513,3.8385466232455085,0.8809857142857143,0.8285458333333334,0.7486333333333333,0.04218351515011961,1544.3753325939178,931.7872007296834,487.55502665415406,277.63583648121227
467,597,ciclo2,26.024615384615405,21.3336685117352,16.09428571428574,3.4795456984216933,0.86665,0.8194624338624338,0.6997642857142857,0.050174038281426754,1521.3542783260345,933.1834572967383,470.84523914474994,284.7821229364413
468,780,ciclo2,25.061538461538483,20.519375567631098,15.727857142857175,3.1595310362092768,0.8729428571428571,0.8172415674603175,0.6757666666666667,0.05741417338698522,1520.3865811824799,930.8702292612637,481.01944193802774,282.11788525361834
470,75,ciclo2,29.596666666666703,24.539786706503403,18.17714285714289,3.8372987979943955,0.7804714285714286,0.7236902116402116,0.5634777777777779,0.0578092379175954,1643.200692653656,976.9125571136641,494.7724803239107,312.274223150244
483,894,ciclo2,26.003846153846187,20.802515243599693,13.859166666666695,4.118154320866945,0.8755500000000002,0.8298040343915344,0.7637357142857143,0.03741579412665123,1570.3266403656453,1160.1408731964864,762.7256489683641,250.67083150804328
487,619,ciclo2,29.074800000000035,24.142212782279483,16.87370370370374,4.18691576095924,0.8534285714285714,0.8044165343915345,0.762307142857143,0.026770731774579136,1894.927131652832,1207.491524395363,755.8022247523768,305.57482162388703
494,790,ciclo2,28.684400000000032,23.613561823361852,16.31846153846157,4.241571808381048,0.8449500000000001,0.781657242063492,0.7307214285714284,0.036709991161428555,1629.1418392658234,1090.0977016080021,634.7878398448229,280.0690801199701
495,865,ciclo2,26.170000000000027,21.572280200033486,15.301200000000026,3.728134130184944,0.8650928571428571,0.803559490740741,0.7141642857142857,0.04012868719087299,1616.076108455658,1088.629504269121,586.908605620265,287.5829027571841
507,693,ciclo2,25.85000000000003,20.578762703698146,14.490833333333363,3.9749791032789257,0.8082642857142858,0.7415142857142859,0.5949666666666666,0.05136955885452431,1563.016589641571,1034.5127554526287,497.00071665644646,298.42975805815746
508,650,ciclo2,26.123333333333356,20.71060685843032,14.259523809523838,4.195238316430043,0.8380857142857143,0.7721055555555556,0.6642,0.061959650584710334,1667.5413184165955,1031.6650517365233,527.8835066258907,321.58272063167254
513,576,ciclo2,27.591111111111143,22.075966843462524,15.16840000000003,4.27045884003136,0.8152285714285715,0.7579867394179894,0.6338777777777778,0.044132034293008576,1552.995593070984,950.8282355930387,466.8338154256344,317.69331329266487
516,706,ciclo2,26.161304347826107,21.098809663170716,15.624074074074109,3.576836980092463,0.8331285714285714,0.7900516865079367,0.6832333333333335,0.04296256606042884,1581.5739850997925,934.5847970870564,467.3777744011022,292.10383937758354
517,592,ciclo2,26.73181818181821,21.341009860355715,15.4640740740741,3.8277353915545578,0.8752214285714286,0.8179843253968254,0.6937666666666666,0.0586219670212447,1553.387342453003,929.2854418987032,453.00203774496913,281.2619610111533
518,654,ciclo2,26.04047619047623,20.816141051724824,15.271481481481507,3.798285276532159,0.8801357142857145,0.8232043650793651,0.6896,0.056167270807233736,1512.9876117706299,913.6522589471879,475.50519565399736,274.1605661958838
519,408,ciclo2,27.19083333333337,21.987658423829288,16.26307692307695,3.6923590559652695,0.8651500000000001,0.8031983465608467,0.6571111111111111,0.06246205171823838,1565.3884167671204,939.8823810449154,501.7510313568637,290.6272689231376
520,199,ciclo2,27.9616666666667,22.68930919901358,16.61071428571432,3.9273410977164662,0.8773000000000001,0.8197001653439154,0.6525222222222222,0.06086100599240742,1633.090665102005,966.99776463399,505.7039361326024,307.5065433849891
522,349,ciclo2,27.803333333333367,22.614014254966325,16.900000000000027,3.6068586931941957,0.8891642857142859,0.840397982804233,0.750288888888889,0.04236323778952418,1646.5136892795563,995.1961277312785,509.492087229155,297.13076806985
523,154,ciclo2,28.218800000000023,23.169929794494312,17.484285714285747,3.6016063911902054,0.8751214285714287,0.8312282738095239,0.7670916666666666,0.03198881840663728,1646.775411605835,961.2168775658987,470.30016590328887,311.9938720881231
526,21,ciclo2,28.801304347826118,23.92534372969463,18.32857142857146,3.4131674260226132,0.707446829105474,0.6304041560780927,0.5463099750623441,0.04953082775487428,1658.6810274124146,930.5702448275612,444.03596044844016,332.5827909468001
529,724,ciclo2,25.734800000000035,20.46563396356733,13.620714285714314,4.135692264832074,0.8818666666666668,0.8379103835978837,0.7946857142857143,0.02838359970108664,1594.6474118232727,1166.4684958211776,756.5540120601654,256.1250757189622
537,455,ciclo2,29.42846153846157,24.48739509623498,16.51962962962966,4.397940758475562,0.8439785714285714,0.7755569113756615,0.7174000000000001,0.0358013240414569,1718.0661675930023,1209.139433601063,821.1623310558498,251.8000952487808
551,876,ciclo2,26.352307692307722,22.154526284906748,15.364074074074106,3.816275001290991,0.8359285714285717,0.778278802910053,0.7416214285714287,0.0285985598714864,1713.042388677597,1110.9124444268648,670.5403369814157,290.7372316350449
555,865,ciclo2,27.203846153846186,22.457372266970847,15.359600000000027,4.073761574415036,0.8403785714285715,0.7621011243386243,0.688757142857143,0.04640743908284053,1606.3172619342804,1112.6587998980497,628.0142311453819,293.5170357589234
561,871,ciclo2,29.009130434782644,24.154196619202082,17.043913043478295,4.163422296894235,0.7616785714285715,0.6824949404761904,0.5983571428571429,0.05307219292686765,1601.508080482483,1072.7404876598805,529.4841914176941,303.5525966889
562,977,ciclo2,29.346666666666696,24.139063552188585,16.67500000000003,4.253394994680765,0.7876071428571428,0.6704681547619047,0.6184416666666667,0.05447805056158554,1637.0573749542236,1065.727683020871,480.53905737400055,320.00031725353927
565,942,ciclo2,24.49000000000003,19.679752396328876,14.167037037037064,3.513895763636267,0.8675285714285713,0.8067954365079365,0.6915666666666667,0.045924920422521005,1664.3664708137512,1059.3912444727985,487.36355632543564,323.3335535199826
566,779,ciclo2,25.17636363636367,19.96415935088306,14.819090909090942,3.5742940695011165,0.8514428571428571,0.7844713293650792,0.6744333333333333,0.04771549964609517,1627.7832441329956,1023.8365441853181,481.4987610578537,315.215981969465
568,385,ciclo2,28.48555555555558,22.759400873557507,15.300400000000026,4.348901708622774,0.7967285714285717,0.7011979166666668,0.6096333333333335,0.0513333502069791,1618.3240146636963,969.6893107614837,494.10945106111467,329.9024216590977
570,405,ciclo2,28.072105263157926,22.62404561478294,15.211666666666696,4.475383816019372,0.8387357142857143,0.760174007936508,0.6820333333333335,0.03818879822366625,1568.0044374465942,955.3692797245725,486.5789826773107,318.17858799476727
571,484,ciclo2,27.28789473684213,22.07820467726721,15.196363636363664,4.266212162909421,0.7971000000000001,0.7336294642857143,0.6634666666666668,0.03880653431836534,1614.8881525993347,963.2025389913797,485.4341458119452,331.1380099826969
573,792,ciclo2,25.82529411764709,20.764187556378953,14.35750000000003,3.8862271810008684,0.8498357142857144,0.7793965277777778,0.6702,0.05236019811480631,1663.055419921875,957.8882653245649,473.7657466456294,332.548333728046
575,333,ciclo2,27.514000000000024,22.04826930415267,16.172962962963,3.7558578175973985,0.8567642857142858,0.7960631283068785,0.6252111111111112,0.060305151898636104,1707.8118023872375,993.3954313480086,504.33189307898283,347.671162932995
576,357,ciclo2,26.73080000000003,22.022405233494393,15.758888888888917,3.8796959117659067,0.8650428571428572,0.8275102843915345,0.6927555555555557,0.04786063279841385,1656.4535675048828,964.1299414474264,496.9090563291684,314.08846021519327
577,596,ciclo2,26.347500000000025,20.91698404838589,15.33074074074077,3.6231138948615706,0.8663285714285714,0.8065496693121692,0.6319222222222222,0.0653028861293984,1558.0915513038635,929.6656915196482,495.936535814777,278.71068335024
578,818,ciclo2,25.929166666666706,20.80842993858904,15.807692307692339,3.3552590308574572,0.8769357142857144,0.8005915013227513,0.6032777777777779,0.07239353360095571,1582.3482241630554,936.2700774738979,524.6163384728134,290.20990082083495
579,414,ciclo2,27.57000000000003,22.11947407916161,16.691481481481517,3.5519722937453433,0.8562214285714287,0.7898013558201059,0.5846888888888889,0.07460871030459364,1594.2482833862305,937.1405881213044,518.2006309092976,288.9375819214232
582,350,ciclo2,27.596666666666692,22.379049957994727,16.81538461538465,3.547555795878406,0.8837642857142857,0.8422310185185187,0.7495333333333334,0.03850654384869083,1684.9653434753418,969.1757811117681,479.6891424721107,315.0882104849698
584,30,ciclo2,30.060000000000016,24.641879966918435,18.58714285714289,3.7912880564080584,0.767248752672844,0.6753127171712405,0.5517712513681137,0.06851638075798826,1626.4567160606384,891.6466017063527,390.62678753212094,322.7467250376767
597,698,ciclo2,30.072307692307714,25.1876151833942,17.050000000000033,4.510709074532596,0.6990857142857142,0.6613868716931216,0.6084571428571428,0.028177170648097334,1667.2355287075043,1226.5448675128089,872.0469945874065,246.8589823080622
602,938,ciclo2,26.936666666666696,22.638749169965866,16.007777777777804,3.801336654419078,0.8501642857142858,0.8163950066137566,0.7842714285714285,0.019910617120566076,1923.5970854759216,1344.897088557459,929.1534846931609,306.587050667199
605,1044,ciclo2,26.882173913043506,22.726972640429917,15.49285714285717,3.941977418228962,0.8230999999999999,0.7419402777777778,0.700192857142857,0.04016038963639019,1804.4568147659302,1201.0486989393503,770.4934832453728,303.8142827958187
615,942,ciclo2,28.812727272727308,23.340775044935608,16.074000000000026,4.0813124565708065,0.8100142857142859,0.7319731481481483,0.6901071428571429,0.04088044306181037,1576.3262915611267,1086.6927927388654,542.9895006120205,298.45521505831033
619,948,ciclo2,26.662800000000026,21.5138761389845,15.375384615384649,3.6911601762359236,0.8542071428571428,0.8228573082010583,0.7822642857142857,0.022882857834004365,1566.0326466560364,1057.1674858519498,532.7917917370796,288.60999938126685
623,1149,ciclo2,23.760370370370406,19.357155101071797,13.849230769230793,3.1057236412415947,0.8480285714285716,0.7772103174603174,0.6738666666666668,0.05326379086723495,1567.024363040924,1016.3235543811073,482.2089531123638,301.4920456427475
624,832,ciclo2,25.76100000000003,20.226817058199828,14.500714285714311,3.7424039086453216,0.8473785714285714,0.7965583994708995,0.7211222222222222,0.04107113057615034,1535.4017453193665,983.1664129630663,478.41300761699677,294.2711822314517
625,798,ciclo2,26.990800000000025,21.87948643875832,15.270000000000024,4.170336180622345,0.8442928571428572,0.7247085978835979,0.6255222222222223,0.055140443696971526,1592.4424748420715,969.0292174029164,537.9939092695713,318.9882720132183
631,408,ciclo2,27.495833333333362,22.412082868301315,15.591538461538489,4.202093371211085,0.8898642857142857,0.8357679894179894,0.7243777777777779,0.04103629671854188,1783.3058490753174,986.025170347731,512.2768772691488,359.3003357508245
633,255,ciclo2,27.80000000000003,22.783276454695947,16.623076923076944,3.8577137704176065,0.8826999999999999,0.8251022010829253,0.6776954606141523,0.05231345695990997,1724.2813334465027,986.3089342655925,528.3159282002598,341.051762288817
634,177,ciclo2,27.50520000000003,22.246953386951244,16.184615384615412,3.924313924993035,0.8847928571428572,0.8302281746031747,0.7130333333333334,0.0446080952685237,1761.1304712295532,1008.1763968082765,542.2178725786507,357.3171342932014
635,352,ciclo2,26.58600000000003,21.793865745237863,15.510000000000026,3.770869369907351,0.8788928571428573,0.8233608796296298,0.6699888888888889,0.05658330776246689,1469.1097106933594,938.2398483503226,525.876754457131,279.5501635405299
636,379,ciclo2,27.06833333333336,22.24564988628983,16.80000000000003,3.5127547081905472,0.8885642857142857,0.829117829896961,0.6137666666666667,0.07309515845689084,1630.6998538970947,980.7411808804009,575.2811059691012,297.7443088949804
637,244,ciclo2,28.535217391304386,23.23612134273381,16.81076923076926,3.8931576546207975,0.8575357142857145,0.7957244708994712,0.5505222222222224,0.08098837318898297,1773.5968751907349,1007.9712922613036,614.0811523720622,316.19371158142724
638,96,ciclo2,28.894166666666703,23.646284516409548,17.691538461538492,3.794159358527461,0.81645,0.7778602513227514,0.6531444444444445,0.04314828503662605,1798.3174724578857,1021.7246125261213,633.9473960967734,325.87556864692044
639,38,ciclo2,30.989200000000025,25.550649236499613,18.79307692307696,4.126097504409762,0.7170428571428572,0.6762731812169314,0.6067555555555555,0.03211467055723867,1756.4686784744263,1010.1195808816534,540.4011008050293,327.0744744430486
640,60,ciclo2,30.73083333333336,25.544052689594384,19.170740740740772,3.92430025560248,0.7864785714285715,0.7272390542328041,0.6549416666666666,0.03868357544126284,1716.4884424209595,979.4213687187465,485.52349138539284,334.3033821677287
641,115,ciclo2,28.590000000000035,23.522326370851392,17.80571428571432,3.4677112080902233,0.8928142857142858,0.8362804894179895,0.6948111111111112,0.053628891769295736,1614.4075622558594,916.021654832875,449.72855130489916,322.382387677915
660,941,ciclo2,27.239600000000028,22.793561003757407,15.555185185185216,4.18635130539182,0.8738142857142858,0.8397743386243386,0.8049571428571429,0.021526521869429143,1878.7653839588165,1282.1361171738054,853.934526771307,304.78782500865765
668,975,ciclo2,27.654166666666697,23.06999830324,15.915185185185218,4.010482359088409,0.873907142857143,0.8142975859788361,0.7841071428571429,0.024819843490668278,1631.2825589179993,1111.0743807927356,639.2033611238003,287.32110382873327
669,963,ciclo2,25.48833333333336,21.312097240413934,15.197407407407434,3.591894040416525,0.8857642857142858,0.8247854828042329,0.7922857142857145,0.027731958357686288,1583.8543329238892,1088.371442315227,584.9353408664465,284.85135492922177
672,955,ciclo2,27.764545454545495,22.733706202439564,15.03583333333336,4.091794314788459,0.8454285714285715,0.7531805555555556,0.7037142857142857,0.045663934084469796,1547.1441373825073,1076.1040387870744,524.909966558218,298.6265247780384
673,1013,ciclo2,27.64619047619051,22.952638958263986,15.73461538461541,3.9490010741773163,0.7984714285714285,0.716455720899471,0.66115,0.04537127936815642,1553.5491750240326,1080.8724607021757,550.1486456990242,289.82295035619984
677,872,ciclo2,25.303571428571455,19.99567233825307,13.419629629629656,4.1044493163085045,0.8630285714285713,0.8344947751322751,0.7920000000000001,0.02035172280399067,1616.2507681846619,1151.9380416282838,757.064962388482,257.5072527578197
681,786,ciclo2,25.396666666666693,20.31893563413875,14.335000000000022,3.7647349961588024,0.8487785714285716,0.7909423611111112,0.6830666666666667,0.0457984678805772,1407.194248199463,915.6821202059897,485.0064762234688,268.20426665604845
682,696,ciclo2,28.530000000000026,23.331848988942017,16.262173913043505,4.209229361288393,0.7681785714285715,0.7021810846560846,0.6379444444444444,0.041755767029843106,1592.3610286712646,972.2182679437101,532.3130009770393,322.0237328865246
685,568,ciclo2,27.135833333333363,22.11819372642549,15.512400000000028,4.165762768013919,0.8195357142857143,0.7445025462962963,0.6079555555555557,0.05867100300343187,1637.0969190597534,964.7541044157309,519.1783238034695,331.4451344111798
686,503,ciclo2,27.17190476190479,21.738473938313458,15.11148148148151,4.352399526048282,0.8378071428571429,0.7785260912698413,0.6491000000000001,0.0457951313852566,1688.9501757621765,967.5599897240172,512.5890595223755,349.2688599270493
687,629,ciclo2,26.444736842105296,21.219481835438653,15.110000000000028,3.9434237691140748,0.8419785714285715,0.7780207671957671,0.6426111111111112,0.052411693625654315,1695.1829299926758,975.237372899428,517.6063308939338,347.4254512375996
688,726,ciclo2,24.912857142857174,20.335089701361472,14.58565217391307,3.6335701836092156,0.8707785714285715,0.8252020502645504,0.6463555555555556,0.0584792790588677,1779.421694278717,987.3065506560573,498.94611554034054,362.3503224116625
689,886,ciclo2,25.07909090909094,19.977506369581054,15.03500000000003,3.4057225404806495,0.8830785714285713,0.8229525132275133,0.6669444444444445,0.06428940893657607,1781.7093305587769,990.4851722335443,509.45198113285005,364.0737345416792
690,640,ciclo2,25.567272727272748,20.669079986738474,15.608333333333364,3.462962015687783,0.8804071428571428,0.7891089947089949,0.657888888888889,0.07011529083004212,1737.008090019226,984.6150556675469,526.7456535771489,345.6202362272507
712,691,ciclo2,32.384166666666694,26.418156405470565,18.636666666666695,4.6010239259596775,0.8528642857142857,0.743883201058201,0.6428222222222222,0.05765013244600214,1941.7548186779022,1350.0582154680353,861.293089770712,306.5980873349852
714,844,ciclo2,31.95800000000002,26.085737302257623,18.16925925925929,4.653336424982062,0.8400357142857143,0.6551097883597884,0.5070222222222223,0.1034546005851169,2037.1271142959595,1358.6882740090077,821.4912022138014,321.6579945301507
717,1047,ciclo2,25.972400000000036,21.85178780738856,15.045555555555586,3.8147534947842643,0.8358285714285715,0.7980656084656085,0.7578785714285716,0.022279975541409695,1818.9177150726318,1202.6406986951868,737.1325156595558,309.1984590082131
718,924,ciclo2,25.947037037037067,21.647060319524844,14.983333333333364,3.7800706893893627,0.8735571428571428,0.8543751984126985,0.8206571428571428,0.016757246135687215,1689.0759625434875,1142.938306565741,725.674430297222,276.1274958776978
723,1247,ciclo2,24.84750000000003,20.845324774608134,14.21666666666669,3.603112434425542,0.8598214285714285,0.8243019841269842,0.7841714285714287,0.026459816326629085,1626.0616626739502,1108.1457525630394,657.7703288793564,277.38093763977906
725,998,ciclo2,25.92913043478264,21.54257741118251,15.042307692307723,3.564851205125684,0.8006500000000001,0.765917261904762,0.7319357142857142,0.023265504935070413,1576.8959259986877,1090.6400778517902,578.6585482060909,282.01914914098444
727,868,ciclo2,25.37461538461541,20.490827113188985,14.319230769230803,3.875406838450952,0.8760142857142857,0.8427909060846561,0.8129071428571429,0.020970491608813074,1618.6396527290344,1140.203697842764,754.9086739309132,255.8883933735707
728,894,ciclo2,25.537500000000033,21.172393389326754,14.913846153846178,3.5806236569613286,0.8450285714285714,0.7753613095238098,0.7311142857142858,0.03662897124557602,1540.7590780258179,1079.0090304070327,516.4008215665817,294.95274550156705
732,1236,ciclo2,23.324000000000037,19.766422547092315,13.985384615384646,3.19318956991,0.8624642857142858,0.8247462962962963,0.7816285714285716,0.021357873573403366,1503.7377076148987,1026.4714081391382,508.5009800195694,274.8850524028236
736,1267,ciclo2,23.753157894736873,19.57630370022281,14.185200000000036,3.3246616477479702,0.8392142857142858,0.7850603174603173,0.6883333333333335,0.041296896340155154,1405.434603214264,900.0452570112733,467.5024410840124,261.0093101972222
737,1015,ciclo2,24.34809523809527,19.800198640297356,14.540833333333365,3.320627891433619,0.8529214285714286,0.7899187169312171,0.7015555555555557,0.050708382899820825,1383.1265559196472,893.8131700148806,481.39966997504234,262.2182345806483
739,551,ciclo2,29.41444444444447,24.302845261024498,16.710833333333365,4.427847521199453,0.7980928571428573,0.6792837301587302,0.6063285714285714,0.04814942472270377,1617.2834830284119,965.8746960495288,497.4284448996186,342.94523930287954
742,638,ciclo2,26.578571428571454,21.38085681494482,14.950000000000031,4.2068024890825075,0.8516142857142858,0.7909180555555556,0.6547666666666667,0.0488082736237334,1744.0547890663147,988.5758081887616,513.7867020890117,370.618105155661
743,459,ciclo2,26.006190476190508,20.856384984319607,14.472962962962994,4.09602745137146,0.90055,0.8333680886243386,0.7046777777777778,0.04451429418708506,1709.3330807685852,987.6478441312598,518.0323487501591,363.289339870159
745,694,ciclo2,26.14818181818185,21.105074116087206,15.925384615384647,3.2847200744219647,0.8554,0.8200143187830687,0.7171111111111113,0.03669976000291397,1757.7386379241943,985.8636972211922,493.33474560827017,368.9899719882063
747,180,ciclo2,28.74250000000002,23.48734638780544,17.02846153846157,4.053358195264211,0.8137857142857143,0.7710958994708995,0.6795888888888889,0.03900754329064862,1763.8242783546448,1015.135220422099,530.3930583372712,368.6917464671171
748,278,ciclo2,28.870000000000022,24.090292661042685,17.71480000000002,3.9376827520643047,0.8997500000000002,0.8470044312169313,0.6961555555555555,0.05143982973056495,1760.1425652503967,1046.8039210041163,602.2108603566885,366.12822197034984
750,154,ciclo2,29.385652173913073,24.25172380751967,17.86333333333336,4.031682429088136,0.8291500000000003,0.7848185185185185,0.7069888888888889,0.0311556937849409,1974.2659349441528,1071.114103876772,600.4146113917232,407.176794636057
752,109,ciclo2,29.17307692307696,24.366750232986664,18.552222222222248,3.6045255194161236,0.8361285714285716,0.7826709986772485,0.7228222222222221,0.04204193373481664,1823.0393805503845,1029.814934977463,505.2369810724631,358.85533388183615
753,160,ciclo2,27.702500000000025,23.40142874052385,18.04538461538465,3.3323614887138606,0.8980285714285715,0.8380526455026457,0.7103555555555555,0.054607802410489084,1819.5186548233032,1027.4214509271378,485.019639339298,364.9669207045674
784,1282,ciclo2,24.31857142857146,20.28232063461233,14.265384615384646,3.4758567564674827,0.8372357142857144,0.7930890873015873,0.7426000000000001,0.030053455170191354,1555.790762424469,1076.7788106884498,547.7671791911125,282.9892997507188
789,1056,ciclo2,25.457777777777803,21.142455436847133,14.868461538461567,3.5266230981346114,0.8041785714285714,0.7636599867724868,0.7023785714285715,0.028662568956492933,1471.9188680648804,999.1999719357118,514.9671846628189,263.68639669994377
793,875,ciclo2,25.49444444444448,20.86190046644803,15.132857142857171,3.672670588839442,0.79545,0.7630791997354498,0.7213777777777778,0.024925964321128063,1451.42560338974,914.2611033937428,496.9571181423962,274.9691277446281
794,772,ciclo2,26.19636363636367,21.033872910033466,15.006666666666694,3.689991454625672,0.8562785714285714,0.8022612764550264,0.7298555555555555,0.030809253969570696,1461.4459409713745,919.0004868184138,504.35563147068024,286.43563106033076
795,714,ciclo2,27.496315789473712,22.110589806246413,15.170000000000025,4.15752536119562,0.8264857142857146,0.7754362103174604,0.7438,0.02243016448409757,1531.0708146095276,939.8956175472898,522.4828783869743,305.37277370770386
796,726,ciclo2,27.645000000000028,21.947753796887522,14.998000000000026,4.318971937562027,0.831392857142857,0.8000822089947092,0.7374555555555555,0.027299692839587605,1559.1708879470825,951.9948882413252,487.34954713098705,335.69463297197956
798,500,ciclo2,26.500526315789504,21.467263720605427,14.995217391304378,4.059564833085913,0.8645642857142857,0.8268247023809523,0.7198666666666667,0.03708391375480616,1663.0855598449707,984.8322463831864,525.0222338177264,357.89141419156937
801,856,ciclo2,25.963000000000033,20.329811229511257,14.89384615384618,3.4701677302672893,0.8764857142857144,0.8281378306878308,0.7389111111111111,0.041059819490531425,1625.1151204109192,947.8285075478876,481.89621686935425,341.97353743374106
802,583,ciclo2,26.73909090909094,22.35408731995848,16.558461538461565,3.47610762591355,0.8209357142857144,0.729979794973545,0.6275777777777778,0.055673861115465094,1686.463493347168,954.2946212249808,482.4100372232497,348.70741304046436
803,545,ciclo2,27.78680000000004,22.773390085814714,17.107777777777805,3.6276174018833465,0.7736857142857143,0.7075440476190477,0.5826666666666668,0.05227655957980046,1670.97793674469,964.1113945601197,509.5258213505149,346.85616986614065
804,466,ciclo2,27.1141666666667,22.159269993513806,16.935185185185215,3.4875723957293676,0.8936571428571429,0.8225604166666668,0.6021,0.07650905535666616,1745.9248299598694,1005.1837467396011,526.0138810500503,370.89277923613173
807,240,ciclo2,28.55608695652177,23.562107875738718,17.36153846153849,3.794313645100073,0.8573928571428572,0.8024772486772487,0.7155888888888889,0.04256539754158603,1960.1010704040527,1067.3948302968486,539.9995949715376,421.22800951384943
811,14,ciclo2,29.96000000000003,24.987876376697045,19.20851851851855,3.595457562825925,0.5291857142857144,0.49011345899470893,0.4300555555555556,0.02777306520893376,1825.046266078949,1012.0631918914574,463.1493869731203,379.6882247689
830,677,ciclo2,25.918461538461568,20.981318650793682,14.914444444444477,3.8085195687783613,0.8200214285714287,0.7516624323775867,0.6537551391254968,0.054232036717377995,1621.8354105949402,1125.512824746819,714.4824087135494,246.00113637499538
832,1096,ciclo2,26.186000000000032,22.697679649094894,16.479285714285744,3.5041866600306197,0.8309714285714286,0.7895502976190477,0.7314071428571429,0.032802260006838405,1530.6749663352966,983.8124422159162,528.6934899778571,267.18929259224217
836,1268,ciclo2,27.211739130434808,22.448767141741808,15.299285714285743,3.9933159346997464,0.7470357142857142,0.6863108465608466,0.63485,0.03630841190556379,1560.346791267395,1071.10987295482,599.7236007344909,273.34863277914434
837,1278,ciclo2,25.65000000000003,21.086820928481103,14.5914285714286,3.731434637117121,0.8280642857142856,0.801640939153439,0.7419214285714286,0.02438240200669657,1525.5493330955505,1066.1436599052784,619.3422584128566,266.20165638671267
843,1233,ciclo2,23.460476190476225,19.082048255732925,13.558695652173947,3.3963719778513335,0.8538071428571428,0.8135062169312168,0.7375888888888888,0.03904524640707714,1415.9922518730164,979.675820492208,505.41114288568497,251.95672838309255
845,1056,ciclo2,26.09333333333336,21.77196712867114,15.667500000000034,3.7392403451157774,0.7924785714285714,0.7384790674603176,0.6940571428571429,0.02909546152566154,1423.5194005966187,916.2361856910866,521.3964549899101,254.76797764607713
847,962,ciclo2,25.737368421052665,20.452775761786977,14.358000000000027,3.671485660010157,0.8258857142857144,0.7916053571428571,0.7106714285714286,0.037361902019697926,1436.2027893066406,908.2625546712273,508.068152975291,265.52721434488683
850,553,ciclo2,28.803600000000024,23.44403806683121,16.463043478260897,4.412011523807513,0.7932571428571429,0.7228521825396825,0.6394666666666667,0.04756165982904636,1545.2767372131348,946.396796407896,538.7537267804146,316.66770214623796
853,598,ciclo2,26.547272727272755,21.370781874026516,15.233200000000032,3.9557178027335804,0.8668285714285716,0.8166307870370372,0.7198777777777777,0.03903134229312096,1647.41224527359,984.1406807014719,541.9451164007187,354.5430391203952
856,937,ciclo2,25.57000000000003,20.62486864151121,14.570740740740769,3.597156187982657,0.8561357142857142,0.8038855489417989,0.6860777777777778,0.04214936428163453,1547.5081524848938,920.120278456714,468.3784899301827,323.6142419991016
858,728,ciclo2,26.677826086956564,21.237739961611293,15.865555555555586,3.391103132113989,0.8405642857142857,0.7914358796296298,0.6489222222222223,0.049882039364329354,1655.6399402618408,951.451741125357,481.6421358063817,344.00637743208404
865,65,ciclo2,29.080000000000023,24.301578718332294,18.72076923076926,3.468100974147807,0.8202857142857145,0.7686882275132275,0.640611111111111,0.052092819963282355,1853.984797000885,1090.3802825018709,501.5768612008542,456.34671874869025
884,1065,ciclo2,25.51000000000003,22.056549073149103,15.5264285714286,3.551477751457056,0.8816,0.8610208994708994,0.8304642857142858,0.017919977587675703,1519.305010318756,1033.7670792999659,590.3428441593423,257.9357028748886
886,784,ciclo2,26.011481481481503,21.008828462895156,14.045555555555586,4.040160056490977,0.8569500000000001,0.8161125330687832,0.7416285714285716,0.03467171455453354,1660.0423369407654,1122.0473935234575,693.5404282966629,253.7446183290104
887,1076,ciclo2,24.39900000000003,19.836656715863764,14.236428571428602,3.443038511234365,0.8479666666666668,0.8035015873015873,0.7529357142857143,0.03027037962727312,1378.6295375823975,937.5119393894371,519.6396820545197,247.14880601023452
894,925,ciclo2,25.695263157894775,20.86027578957616,14.926521739130463,3.7119635964946736,0.8064142857142856,0.7592606812169312,0.715875,0.028501909061763267,1427.4663786888123,916.4177721077576,511.2565186023712,279.9464575097455
895,888,ciclo2,27.372000000000032,22.371636778909245,15.914166666666693,4.054883346800376,0.8634785714285715,0.7017756613756614,0.5643222222222222,0.08372365502420892,1471.0493507385254,927.1054167464221,508.9121038913727,295.92470189033827
899,584,ciclo2,26.507142857142885,21.601858611473588,14.996666666666693,4.077811354448688,0.8590285714285715,0.8087285052910053,0.736311111111111,0.03219992710458903,1520.309027671814,954.2935747274508,537.4886944890022,318.44210255960445
901,932,ciclo2,25.130833333333374,20.760488685831106,15.07846153846156,3.398513165978509,0.8441285714285715,0.7857191137566137,0.6886555555555556,0.0442022563797151,1485.607511997223,899.0958829077232,473.43448182195425,312.3993840396279
902,986,ciclo2,24.395454545454573,20.354797616207733,14.721538461538497,3.292620674997678,0.8431071428571429,0.7888596354096883,0.7143666666666667,0.04277289038951866,1399.0842623710632,867.5169032594034,438.3886920809746,285.68403647995973
905,904,ciclo2,26.293333333333365,21.25551503363577,15.91888888888892,3.5264047808490484,0.8461500000000001,0.7857621031746033,0.6932666666666667,0.04675831484395704,1542.768874168396,913.8219383551428,458.3623170237988,326.8448634058683
906,908,ciclo2,26.251904761904793,20.836124231876017,15.71814814814818,3.331980250725113,0.8665142857142857,0.8189002645502645,0.7234166666666667,0.04197589999676191,1688.7209429740906,974.2662842687374,485.12925533391535,372.7547374538783
907,148,ciclo2,29.371818181818206,24.63032353140689,18.986153846153872,3.4851280417265054,0.8390357142857143,0.7908306216931217,0.6788888888888889,0.052309572179389655,1730.8346581459045,1015.845161519515,511.41728998348117,387.22241507560744
909,474,ciclo2,27.63500000000003,22.595391714749102,17.418571428571457,3.413056661051215,0.8963357142857145,0.8318238756613757,0.7083222222222223,0.05101166809892614,1795.3137884140015,1059.97457347887,497.0796216838062,418.0810174250805
912,13,ciclo2,30.705000000000027,25.520087722543895,19.800769230769262,3.6648178777983467,0.7979785714285715,0.7534054894179895,0.6643777777777777,0.036679615268813116,1952.379033088684,1129.3513782574416,489.55153252370656,505.16416971660243
913,13,ciclo2,30.149166666666698,24.811030300101162,19.27160000000003,3.4423676241897123,0.8188714285714288,0.7652673941798943,0.6960571428571429,0.037857466948486525,1948.0194025039673,1095.409981628185,492.10247462801635,478.813585604649
918,681,ciclo2,30.18840000000003,25.469815002469385,17.592222222222254,4.243148784189272,0.8100071428571428,0.7415397817460319,0.6666071428571427,0.04368308134095791,1802.121614933014,1225.0804444525882,779.1370957764626,320.8795175063604
926,733,ciclo2,27.77869565217394,23.866244950245704,17.150000000000034,3.7927104093495654,0.8807857142857144,0.852684556878307,0.8073,0.022479147949980415,1566.003526687622,1139.6760756635733,839.4120711975265,262.5160218139718
933,1111,ciclo2,24.250000000000032,19.804600989085667,14.426428571428602,3.3985182379809356,0.8066642857142857,0.7726769510582011,0.7293785714285714,0.026277193210104112,1379.1641864776611,943.8413908048338,511.97107899188995,252.09884752855643
934,1154,ciclo2,24.390000000000033,19.96270330955174,14.550000000000027,3.462047968302811,0.7977857142857143,0.7659544642857145,0.7200285714285714,0.024733869336548774,1361.4280138015747,935.0271510433716,516.0934364199638,245.21252076617623
939,943,ciclo2,24.22000000000003,19.90537661661658,14.710869565217424,3.3470282846554045,0.8676714285714285,0.807620138888889,0.7317642857142858,0.04775052093426894,1358.1195740699768,922.0764136921498,527.3535494767129,261.80451204849163
941,634,ciclo2,26.220370370370397,21.393135897435926,15.701111111111144,3.6741398478886538,0.4747642857142858,0.42876446630641274,0.3383993437841779,0.03888980893527622,1668.8732504844666,1122.8769856960473,715.0634814584628,245.8175655727767
945,877,ciclo2,26.66333333333337,21.849129613979304,15.542307692307723,3.91049318053843,0.8387928571428572,0.7730736441798943,0.7091444444444446,0.04435912504039676,1502.250322818756,953.8212087842403,545.7814521789551,316.23716679822815
946,932,ciclo2,26.84600000000002,22.232449811570945,15.821200000000024,3.9191781486472244,0.8318857142857145,0.7550743386243385,0.6770111111111111,0.04877983399111599,1555.8349046707153,946.3694126274592,521.3653979711235,329.01693494454094
949,888,ciclo2,25.707391304347865,21.108805107339013,15.179230769230799,3.5154930981798698,0.8360000000000001,0.7743988425925927,0.6949083333333334,0.04227686951978873,1475.985680103302,882.4720994736999,447.6016144026071,311.24531348131563
953,191,ciclo2,28.795384615384645,24.29943222573189,18.733200000000025,3.5321256634560254,0.8458928571428572,0.7837357142857143,0.6897333333333333,0.0485402039379428,1714.4472289085388,998.3130998599876,504.29559225589037,379.9255033703557
955,212,ciclo2,28.70833333333336,23.6839569027718,18.313333333333365,3.4502288318668564,0.8770214285714284,0.8248601851851852,0.6582888888888889,0.0606579958800495,1809.0900392532349,1045.0405190810236,494.43518826924264,420.4576836564493
959,22,ciclo2,29.49727272727275,24.215419425397286,18.73153846153849,3.54399097681579,0.8701142857142858,0.8248605489417989,0.7152714285714284,0.04790698178014533,1940.6003289222717,1091.226779059193,474.0162542629987,484.03260168373964
974,992,ciclo2,25.217368421052655,20.693503453915383,14.85380952380956,3.719181476627947,0.8492071428571429,0.7877554232804234,0.7295555555555555,0.034367345311296746,1375.7905550003052,951.8031852309263,515.0381221175194,263.2479427687762
976,883,ciclo2,25.792727272727312,21.33374315724536,14.724285714285738,3.9031751538293453,0.8086071428571427,0.7448110780423282,0.6770214285714286,0.03766215587255045,1408.4316935539246,915.9205953708637,483.0084513425827,269.0234643648734
978,1067,ciclo2,25.698421052631613,21.034626134308905,14.938461538461565,3.9457609377299265,0.8326428571428571,0.7890864417989417,0.7313444444444447,0.03350692537032395,1389.2423129081726,906.250958905303,516.0936393737793,269.4160851341535
979,805,ciclo2,27.86882352941179,23.585670269687487,16.57583333333336,4.254423156590954,0.8035071428571429,0.6753166997354497,0.5046111111111111,0.08882034817884066,1374.755793094635,905.1578582126725,526.3343297485262,264.4189534807275
982,833,ciclo2,29.066666666666695,23.404094928731496,16.3791666666667,4.219134407946236,0.8207142857142857,0.6782323412698413,0.5583666666666667,0.08782020873480179,1413.0429377555847,910.2871857960126,524.0506811961532,281.22199828121074
984,842,ciclo2,27.59526315789476,23.129894842553796,16.466923076923106,3.9821582194650222,0.8011071428571429,0.7540754960317461,0.6883333333333334,0.030806355032798296,1522.9273490905762,926.7766216237409,515.4317209720612,309.1859339815405
991,858,ciclo2,26.15315789473687,21.062195228474877,15.781111111111143,3.491246310958767,0.8415071428571428,0.7862198412698412,0.6778666666666666,0.04963329983305606,1506.1398134231567,909.3777595386686,479.1528793871403,312.65894386218906
992,479,ciclo2,27.128333333333362,22.759549421620523,17.907777777777806,3.2174582553538107,0.8654285714285715,0.829098611111111,0.7490666666666667,0.034530165595232545,1654.1411895751953,962.8208441347815,494.894329123199,360.5279645037146
993,346,ciclo2,27.11384615384619,22.321196130841813,17.22071428571432,3.4584343512436386,0.8998857142857144,0.8552604445620555,0.7668555555555555,0.03425985426528169,1699.8283796310425,970.6330534762237,500.66900112852454,367.14240928230726
994,270,ciclo2,27.086842105263187,22.45843713732805,17.203600000000026,3.3674169600908743,0.8629857142857144,0.8190550925925927,0.7538444444444443,0.03678348914872147,1710.5019326210022,992.2075943600697,489.3034646362066,381.56010784324565
995,90,ciclo2,29.06250000000003,24.723083596581144,19.022592592592623,3.5530931104174504,0.8491500000000002,0.7824203373015873,0.5899666666666666,0.06616065048918761,1764.6647033691406,1028.6648524710133,488.381892491132,406.82828837725253
997,32,ciclo2,29.780000000000022,24.8450457351291,19.118333333333364,3.562826218868508,0.8696857142857144,0.8097930886243389,0.6569444444444446,0.060422196183666614,1932.5137939453125,1111.3592898908926,502.3247952926904,470.61883411570716
1000,765,ciclo2,27.23720000000003,22.153216056782753,15.03384615384618,4.197384483166773,0.8486285714285714,0.8030954695767196,0.7216714285714286,0.037051616613493446,1722.039713859558,1117.9202133053138,671.1015885500237,260.6610813233434
1001,748,ciclo2,29.542727272727305,24.64507127299703,17.233703703703735,4.12108698126061,0.8120928571428571,0.7294701719576718,0.660557142857143,0.042794697040432844,1683.652672290802,1282.7389524907483,938.9870353488698,255.08488475753208
1003,886,ciclo2,28.450869565217427,23.820602059883246,16.523333333333365,4.0973947068601495,0.8512142857142858,0.7536455687830689,0.6683444444444446,0.048722453212384435,1717.4555349349976,1153.345673540696,773.4500997596632,302.4707535071928
1010,796,ciclo2,28.577000000000034,23.479374401013246,16.931000000000036,4.131733639918896,0.8161571428571427,0.7090532738095238,0.6088333333333334,0.06367423000243853,1485.5334734916687,959.7331129951248,579.4035779237747,258.5464402468198
1013,821,ciclo2,27.794210526315823,22.73386260055832,16.340833333333364,3.936869634084437,0.8420071428571428,0.7699323082010582,0.6814222222222223,0.04847892688040302,1437.749285697937,907.2551285137724,524.8815224207938,283.5090985882364
1016,887,ciclo2,27.80200000000003,23.34734043649669,17.218148148148174,3.6703011676345296,0.841107142857143,0.7551123346560847,0.6547111111111111,0.05086049080317583,1434.4647150039673,892.1380566808151,498.861359000206,288.4909439909669
1019,904,ciclo2,28.01200000000003,23.12007526853182,16.658461538461562,3.913033762965504,0.8444714285714285,0.675047552910053,0.5206111111111111,0.10279626121129158,1383.934763431549,876.3189782942773,470.1162797808647,291.95184220654124
1024,997,ciclo2,26.311818181818207,21.841250261413336,16.35296296296299,3.336008562803851,0.7531428571428572,0.6940105158730159,0.6282500000000001,0.03957556587422611,1584.1330008506775,932.0295128249563,522.3077887222171,329.14377882937623
1025,775,ciclo2,26.332857142857176,21.797139238726952,16.671481481481514,3.1787752075005984,0.8824142857142857,0.822027380952381,0.6412,0.06331585228000301,1650.3443174362183,941.9163090195156,472.572342986241,352.5040428837518
1026,735,ciclo2,26.102173913043508,21.62898414641154,16.804285714285747,3.0093639206680876,0.8575714285714285,0.7845807208994708,0.5748555555555556,0.07354206594456657,1699.1091494560242,980.842313611321,484.68634406104684,369.3226694089773
1027,60,ciclo2,29.124782608695682,24.68619987930926,19.47250000000002,3.36508161281156,0.843257142857143,0.7802559854497355,0.6183777777777778,0.06500566861992677,1806.4910173416138,1021.2738909962936,493.33341320976615,397.56879842740034
1031,20,ciclo2,29.39083333333336,24.836625011632332,19.59880000000003,3.2940866594212332,0.86255,0.7839478505291005,0.653511111111111,0.06314112766763405,2807.4646310806274,1184.2308568725239,370.90898336842656,652.5083481336056
1034,811,ciclo2,27.996000000000027,23.457930406736764,16.37200000000003,4.086764245371739,0.8214214285714286,0.6959618716931217,0.6130222222222224,0.053692566262707186,1551.8721807003021,995.3400097740317,580.6861483454704,264.99553925961766
1042,859,ciclo2,29.63526315789477,24.114713203909975,16.790800000000026,4.227105776474665,0.8055285714285716,0.6963171957671958,0.5779777777777778,0.06539297991510624,1431.6092104911804,875.283554210923,382.33853763341904,329.57135154475736
1047,863,ciclo2,26.322380952380975,21.909945781963355,16.750000000000032,3.198875371258778,0.8641642857142856,0.8107794642857143,0.6825333333333333,0.05015704836737423,1522.6164631843567,906.925949062701,402.2378005553037,325.4476263849097
1048,553,ciclo2,26.98000000000003,22.326213708951897,17.718800000000037,3.0604318972344706,0.8656357142857142,0.8202459986772488,0.655988888888889,0.054640676803754604,1543.1552648544312,919.0215853382493,372.9213337292895,342.0658193802644
1052,244,ciclo2,27.69956521739133,23.592567839967682,19.075384615384646,2.9385812951549206,0.8852285714285715,0.8100165674603175,0.6207333333333334,0.07141344953762307,2476.2235622406006,1159.7699795546894,382.003231048584,577.5233335346119
1055,796,ciclo2,30.14888888888892,24.18524989029358,16.540000000000024,4.466801583925004,0.8290571428571429,0.666538392857143,0.48373333333333335,0.09028819099126187,1571.4013137817383,1012.7185459651628,583.1664111614227,267.3518143652095
1059,848,ciclo2,26.41000000000003,22.47116295378707,15.913703703703735,3.742701365377792,0.8294357142857143,0.7079565806878306,0.5536777777777778,0.07528781873198354,1568.5378952026367,962.0101028541345,555.618168592453,286.72893909884226
1061,884,ciclo2,28.968823529411797,23.463078486338063,16.29296296296299,4.262403197233037,0.8213214285714286,0.6425989748677249,0.4562222222222222,0.11395018706376547,1411.5648822784424,885.1430422581712,455.74526101350784,287.43081337723964
1062,877,ciclo2,28.936400000000038,23.18992372812376,15.351538461538494,4.507391247327492,0.8046357142857142,0.6850062169312169,0.62435,0.05754504415617901,1646.5565328598022,1099.1135912345878,668.610715941526,247.42498406477833
1063,853,ciclo2,26.481304347826125,22.671515413933918,17.21285714285717,3.4041973114470427,0.7937428571428572,0.6775822089947088,0.5164888888888889,0.07155200507767301,1399.270673751831,870.7326220541994,415.59192196279764,290.0289771256716
1065,1127,ciclo2,24.992000000000033,20.883667093710557,16.184400000000032,2.983924422877149,0.8232714285714285,0.7581724537037036,0.6439444444444445,0.05474748776955667,1484.954035282135,911.4208562791731,392.85693426337093,324.88007627738
1066,742,ciclo2,26.83000000000003,21.924812738731887,17.199629629629662,3.2872096696118334,0.8958642857142857,0.8177996693121693,0.6443555555555557,0.0667634060060264,1346.1053194999695,881.8357857824909,349.2584608569741,312.95452680413877
1068,28,ciclo2,27.827692307692338,23.98020091229436,18.86538461538465,3.0399600992974296,0.8343642857142858,0.7811525132275133,0.6118111111111111,0.06219020459695748,2369.3930616378784,1181.3980138610204,424.9709179587662,555.1585555221055
1069,28,ciclo2,29.58578947368424,25.243343196473585,20.13461538461541,3.283841574539641,0.8541357142857144,0.7962657407407407,0.6488222222222222,0.05777539172844619,2377.7450790405273,1153.538867792294,398.3598041534424,553.2432159689542
1072,132,ciclo2,28.207142857142884,23.884190477698656,19.140000000000025,3.0745852989740508,0.8779642857142856,0.8132851521164022,0.6424111111111112,0.06049158812371898,1703.718731880188,1021.1966317107872,384.3093329574913,386.9712551347373
1073,31,ciclo2,29.800909090909123,25.57850684478568,20.02920000000003,3.373675563918713,0.7600071428571429,0.7017990079365081,0.5852999999999999,0.04902724527205717,2195.78933095932,1168.9171729101508,433.59746610186994,517.7241919258887
1074,21,ciclo2,29.620434782608726,24.751089827690773,19.64461538461541,3.2984605056817307,0.8727214285714286,0.8066827711640211,0.6403777777777778,0.0641565687346485,2163.802275657654,1144.333614509058,418.36949154920876,509.25241991748425
1123,721,ciclo2,27.476428571428603,22.12023502813614,13.912857142857167,4.497113209992037,0.8533785714285713,0.8026040343915343,0.7452857142857143,0.029475110979619783,1630.096864938736,1081.4337561711825,655.4247358636931,253.7192336567942
1187,675,ciclo2,28.358148148148175,22.89503799035106,15.520000000000028,4.295800354876844,0.6586200000000001,0.594774409268941,0.5418677691528857,0.03957033450276703,1641.5570554733276,1074.7627153456367,672.7862252146006,258.5942706118294
1188,681,ciclo2,27.09800000000002,22.068415597057296,15.280000000000031,4.020397374032852,0.6985250435793146,0.6456439511794786,0.6016272789581905,0.025497640478473065,1641.5570554733276,1074.7627153456367,672.7862252146006,258.5942706118294
1190,778,ciclo2,28.044285714285742,22.70343116313514,14.76461538461541,4.394839410411884,0.7974142857142859,0.7444616071428571,0.6806285714285714,0.0401214092085681,1681.9578821659088,1096.4557657717571,698.5968356933445,262.8498890382976
1191,715,ciclo2,26.398571428571454,21.333539609156308,14.029230769230796,4.1663704015995995,0.7857000000000001,0.7244282935467407,0.647728208027134,0.038406060122549844,1679.5995121002197,1094.595913238513,708.1156920175999,264.7004103990135
1195,917,ciclo2,27.10769230769234,21.48719469542806,13.780400000000025,4.398761502488194,0.8728071428571431,0.821233068783069,0.779407142857143,0.03098674658904328,1684.3206191062927,1105.4876055046916,730.9257583916187,261.44800168774987
1249,629,ciclo2,28.4869230769231,23.294181181392442,15.95153846153849,4.191650999198801,0.7828785714285714,0.7156811177248678,0.6395071428571429,0.04823341726200517,1607.8297441005707,1045.7630367114132,634.1529067400843,249.53190363109832
1318,654,ciclo2,27.154285714285745,22.426862891737915,15.09444444444447,4.098783124403107,0.898614285714286,0.8611005291005291,0.8146785714285715,0.025964024084628515,1618.046370267868,1015.0018558370648,620.2937360885553,254.7183028632884
1388,609,ciclo2,28.161428571428594,23.360949371213895,16.398888888888916,3.970905182181268,0.6694309483248156,0.6024064216141467,0.4983900346893723,0.054543406235682004,1586.61465549469,986.7189342392807,583.4732734793797,248.79013104338742
1461,514,ciclo2,29.731481481481502,24.2144439973607,16.626923076923106,4.358422077226746,0.8133571428571429,0.7500252645502646,0.6805785714285714,0.0371691178234475,1689.007583618164,1058.593662387124,622.8978557034861,261.21508532838203
1536,440,ciclo2,27.840714285714316,22.489299966673187,15.211428571428598,4.436383874264325,0.7638071428571428,0.7128928902116402,0.6411857142857144,0.037335517359392605,1681.7948982715607,1118.4288606288394,695.305513336556,249.18168919777358
1542,614,ciclo2,28.82703703703706,23.83587780255175,16.37888888888892,4.381383039072951,0.8568571428571429,0.8173939153439154,0.7662428571428572,0.02776920235041461,1604.0762062072754,1008.0975042798455,596.0867919102311,247.9097206399649
1616,623,ciclo2,28.426296296296325,23.52185618517288,16.20000000000003,4.36322470889493,0.8281428571428572,0.7901020502645504,0.7506285714285713,0.023922502289231196,1729.9344952106476,1098.4005481327524,679.5934671228752,263.9570747256659
1618,641,ciclo2,28.394615384615413,23.48039381506848,15.925555555555583,4.315803701988101,0.8301785714285713,0.7722915674603175,0.7083928571428573,0.033458578224249004,1675.4511051177979,1055.637885946213,632.1974131790921,264.8894097425398
1619,554,ciclo2,28.442592592592618,23.532224186922807,16.19461538461541,4.455038716452466,0.8474785714285716,0.8070117394179893,0.7584785714285713,0.026377720762752604,1572.641356229782,1004.1171936717001,603.2996129831299,247.08115885171355
1693,569,ciclo2,28.750000000000036,23.34498121457183,15.757407407407444,4.582490031416214,0.8206642857142857,0.76654417989418,0.7183785714285715,0.03372256416887984,1690.14408826828,1130.855558027991,682.2862410967937,264.0938990569222
1694,525,ciclo2,28.747692307692336,23.527629109671896,15.53962962962966,4.596865941930458,0.846757142857143,0.784208664021164,0.7437571428571429,0.0323835655984306,1729.9061131477356,1121.8141083619266,681.5537135461345,270.33989123787563
1703,614,ciclo2,29.434615384615412,24.224494987728352,16.730000000000025,4.343077256678326,0.8408642857142857,0.7579242394179894,0.7185857142857143,0.04001265515927133,1545.5913231372833,937.9268976749445,581.7340355738997,257.9219438925464
1770,481,ciclo2,27.04846153846156,22.00641909325245,14.907857142857171,4.25316417441557,0.8889928571428573,0.8599767526455026,0.8049142857142859,0.025605873857894642,1616.5772694721818,1191.942394527762,730.5623553637415,260.61162387443056
1774,513,ciclo2,28.964814814814847,23.86778283785461,16.73240000000003,4.335617266421169,0.7853214285714286,0.7126760912698414,0.6113214285714286,0.05754283321654041,1699.898057937622,1188.8092898229372,720.6313174740062,266.99503835403516
1775,501,ciclo2,27.00500000000003,22.349887386526547,15.898461538461563,4.0582430274348695,0.8168428571428572,0.7566712632275133,0.6888857142857143,0.04395684704244771,1744.0083599090576,1180.9341897464049,702.9500098804419,274.7042952413797
1787,638,ciclo2,29.07846153846157,23.91220219327106,16.448518518518544,4.368199914501444,0.8313428571428573,0.7628524801587302,0.7157357142857144,0.03492488024494129,1542.7597041130066,957.5421268909025,606.5423009321094,256.8529025969998
1859,521,ciclo2,28.092307692307728,22.89838570766045,15.868518518518549,4.4514675068774014,0.8826142857142857,0.8358458994708994,0.7402714285714284,0.04385935662265311,1640.5803936421871,1217.9067349894904,753.3579920642078,265.38964120009496
1861,439,ciclo2,27.390000000000025,21.914085624775144,14.956400000000025,4.36967842032288,0.8659,0.8225110449735449,0.7231428571428572,0.044925432850715964,1710.6201281547546,1217.9305109406316,753.3353160936385,270.57959102528224
1864,547,ciclo2,29.03846153846157,23.83743511453659,16.92090909090912,4.445470269392626,0.8337357142857142,0.7568361772486774,0.6720142857142858,0.0517716832645677,1785.0305325984955,1222.6549288685299,777.5547924805433,274.05031920026073
1869,710,ciclo2,29.726800000000036,24.590633315932624,16.916666666666693,4.439819120296634,0.7677142857142858,0.727428869047619,0.6844285714285716,0.025086770883232887,1883.102306842804,1201.6488395655604,754.8064753699582,295.3775375720586
1959,662,ciclo2,29.55080000000003,23.87994133885441,16.256666666666703,4.619617130399058,0.8181785714285715,0.7356966931216933,0.6476071428571429,0.04911768776616146,1737.8242640346289,1240.91828142351,847.5699903871864,265.869265494181
1961,587,ciclo2,28.67080000000003,23.00383746178677,16.160909090909122,4.5283604359632355,0.8488142857142857,0.7935597222222223,0.6828214285714286,0.03950765658231947,1655.8174997866154,1224.2709504694212,770.258184555918,264.5172351565424
1965,657,ciclo2,29.01692307692311,23.63268696601308,16.334000000000028,4.510685570615903,0.8182357142857143,0.7359144510582011,0.6809642857142858,0.042717920725609836,1840.8318231105804,1253.9527082038112,811.0119277257472,281.47495378046744
1970,581,ciclo2,29.410769230769272,24.402558286292376,17.091538461538494,4.426130348843976,0.832,0.7902113425925926,0.7442071428571427,0.026629190831478192,1861.288638830185,1207.3350651896046,736.8845713098999,297.8412372827414
1980,755,ciclo2,27.9766666666667,23.134179168925574,15.729259259259289,4.172762513124418,0.8710000000000001,0.8077297288359789,0.7691428571428572,0.032146077784406535,1655.6816539764404,1065.8360880101343,661.1677029430866,265.9517227125011
2001,806,ciclo2,26.01842105263161,21.0742982566463,14.954166666666694,3.7143239571933866,0.8148928571428572,0.7675523809523811,0.6909666666666667,0.03765679587167428,1544.8132991790771,973.904012559402,559.4370658993721,278.6192724751888
2002,812,ciclo2,25.752105263157926,20.763367080158336,14.870000000000024,3.639250959506243,0.8177642857142857,0.771139947089947,0.675388888888889,0.0391286220027223,1579.808723449707,979.9943039944701,564.2647036910057,290.19602435238176
2051,306,ciclo2,29.594444444444466,24.20118554218195,16.844074074074104,4.533664397696863,0.8144999999999999,0.7784722222222221,0.7252785714285714,0.03425510225847072,1667.7348176538944,1266.0640014082192,691.1968979637618,264.63444579454404
2056,274,ciclo2,30.035185185185217,25.016301521345028,17.794615384615415,4.452623780748599,0.79835,0.7557209656084658,0.7117000000000001,0.031203522164032764,1676.9253859519958,1179.5634925499342,753.5073598511517,240.90484359998854
2077,483,ciclo2,28.521200000000032,22.94633730005907,15.888260869565253,4.53047168167585,0.8364357142857143,0.7687605158730161,0.7189285714285715,0.03745721282187103,1636.2249048948288,1241.0391469481401,819.2565275933594,256.1422341962241
2079,565,ciclo2,28.79962962962966,23.93739403135783,16.203076923076956,4.656661302355148,0.8070857142857142,0.7405303902116401,0.7003571428571428,0.03175368380018675,1799.2769470214844,1277.3458332741866,830.2963445913047,274.6781474368078
2081,734,ciclo2,28.070769230769255,23.480061763638968,16.022307692307727,4.385488548503796,0.8198928571428573,0.7701348544973544,0.7334642857142858,0.02549214299180643,1876.8249065876007,1300.0634579947607,863.0175287164748,289.667740034888
2083,517,ciclo2,28.84384615384619,23.54905583675587,16.072307692307717,4.6731059688145,0.8349714285714286,0.7882578042328044,0.7277500000000001,0.033269929638522905,1826.8322768211365,1249.9129710850864,795.1575239601952,287.7724174459367
2088,654,ciclo2,28.446153846153877,23.866591497042972,16.536428571428598,4.234387484484757,0.8774428571428573,0.8355260251322751,0.7919857142857143,0.025931092941603385,1791.0760221481323,1198.8710237938405,779.427099830471,291.9419664187408
2099,606,ciclo2,28.35076923076927,23.361263381492396,16.195384615384647,4.293122117939143,0.8108785714285716,0.7722478835978835,0.7177571428571429,0.029131869359388093,1666.1368460655212,1101.093835120954,654.4451759308577,282.05621333342003
2100,654,ciclo2,27.93444444444448,23.084818804035503,15.880769230769264,4.164912786170671,0.8473714285714288,0.7693700727513227,0.7127785714285715,0.04596495552212042,1657.9792289733887,1106.6455087976283,654.1468953192234,288.6929999290921
2101,770,ciclo2,28.118148148148176,23.381214711831404,16.080370370370403,4.227213954836535,0.8523928571428572,0.7438403439153439,0.676107142857143,0.057022127935823064,1654.2408771514893,1098.9835168854395,637.4789637774229,288.86414929995163
2166,379,ciclo2,31.000769230769272,25.223523188995685,17.286153846153873,4.65016781526239,0.8108428571428571,0.7765461970899471,0.732607142857143,0.025803642812019495,1620.6099030077457,1247.6029753059115,723.9947475186841,253.348199922764
2170,356,ciclo2,30.121111111111144,24.508338651793753,17.505555555555592,4.456382043367449,0.8268785714285715,0.7931278769841271,0.7570214285714287,0.02487517588094694,1708.6414017677307,1192.4954509506153,797.4107678160071,249.80384024198065
2172,305,ciclo2,29.683076923076953,24.111596800944657,17.0640740740741,4.536008962711755,0.8591333333333333,0.813809722222222,0.7725642857142855,0.02954279264360787,1708.3301351070404,1172.9293085458148,778.8617343008518,239.10011742366567
2179,366,ciclo2,29.965384615384657,24.802882545286206,17.231481481481513,4.450738462595207,0.8003500000000001,0.7673755291005292,0.7095142857142857,0.029754549018398895,1607.8087111711502,1169.482192374547,830.6400329358876,215.04446836343612
2194,633,ciclo2,28.994615384615415,24.017868018012617,16.417407407407435,4.5125092242427804,0.8332928571428573,0.8032160383597885,0.7645642857142857,0.021131389877636093,1912.8364508152008,1339.250084972824,895.3956897761673,295.0297990133441
2195,809,ciclo2,28.44000000000003,24.195947652535367,17.048518518518552,4.211449061404115,0.8018500000000002,0.7511127976190477,0.7057500000000001,0.030779638479327076,1924.6742646694183,1346.1964160005834,897.9249058589339,301.64392092044716
2216,773,ciclo2,27.386296296296333,22.741787086692188,15.42777777777781,4.237040269897652,0.8554500000000002,0.7506786706349207,0.6896428571428573,0.05199236210926345,1638.5009055137634,1107.532521982628,635.3313672542572,291.79587966180617
2281,266,ciclo2,31.815384615384644,25.77325076035079,17.868400000000026,4.717490103186469,0.7888833333333333,0.7287022486772488,0.6737714285714287,0.037827544936186036,1580.4862542152405,1188.3464891342412,746.074129374167,227.9578286350934
2287,298,ciclo2,30.476923076923097,24.611287427347236,17.394166666666692,4.721804239841653,0.8096142857142858,0.7659486111111112,0.7036071428571429,0.038372580045350844,1745.3932085037231,1199.4834232430937,777.0096870027483,249.9085432995461
2294,319,ciclo2,30.346000000000032,24.720041135649137,17.11518518518522,4.572009603784067,0.8154785714285715,0.7793238756613757,0.728642857142857,0.03066214478390352,1749.692750453949,1192.6582483205482,807.3245058618486,242.0105246839906
2310,826,ciclo2,29.03560000000003,23.920874741790712,16.395185185185216,4.392434760555572,0.8553642857142857,0.7952144179894182,0.7613714285714286,0.028866915688536353,1928.309151649475,1370.854570589882,942.8282929193228,298.1535657649664
2406,462,ciclo2,29.6366666666667,24.541261117009697,17.790800000000033,4.23085631543382,0.8667214285714285,0.8288316137566137,0.7965357142857145,0.022153750856712135,1748.8821145296097,1175.87230415749,788.9993815347552,248.17270207843063
2414,407,ciclo2,29.817200000000028,24.82587751971595,17.786153846153873,4.1852122621295695,0.8329785714285712,0.7971721891534392,0.7566857142857143,0.02443558328106871,1660.7667217254639,1178.9015225392545,780.3247381281108,235.87088719651305
2425,681,ciclo2,29.35307692307695,24.55378609661946,17.55296296296299,4.3371304917850075,0.7931928571428573,0.7486119047619048,0.7034285714285715,0.034327028280341204,1979.2375848293304,1394.0961030896287,904.3828598186374,306.7581727306959
2510,369,ciclo2,29.663333333333362,24.36631698548368,17.093846153846183,4.517657274444217,0.8090785714285714,0.7569696097883599,0.7026642857142856,0.03191811002677827,1578.6310632228851,1167.7807242665922,762.915481327932,218.83892886016818
2512,449,ciclo2,30.75480000000003,25.952531454964824,18.200370370370404,4.514555106569273,0.7860428571428573,0.7468007605820106,0.718442857142857,0.02211282796740259,1645.7636232376099,1176.1013942240772,758.5849090463458,240.76709965001032
2515,349,ciclo2,30.569200000000027,25.462781512636614,18.293703703703734,4.2595160740058855,0.8339833333333336,0.7605449735449735,0.6680642857142859,0.05586693146559997,1703.5848553180695,1185.2847740354912,792.775458614896,247.31208306575272
2530,546,ciclo2,29.774000000000033,24.759795576819887,17.202592592592627,4.396376057931109,0.8081785714285715,0.7764527447089947,0.725542857142857,0.02730872898022418,1636.855541229248,1205.1162468288903,837.053544767201,242.08667571762606
2623,375,ciclo2,30.042800000000035,24.96238206956761,17.512222222222253,4.5164438977166474,0.8228928571428572,0.7846544642857144,0.7396285714285714,0.029666395528442236,1604.7005362510681,1178.2631909546083,755.6290135508418,230.27013123514496
2645,481,ciclo2,29.750000000000036,24.79937641196702,17.410714285714317,4.254208999183863,0.8466500000000002,0.8064947089947091,0.7535714285714287,0.027762775652806392,1688.8129341602325,1224.8462837832049,846.2615160085261,257.2939310085625
2987,562,ciclo2,31.14384615384619,25.632340465573105,17.3766666666667,4.5276435234078125,0.8366285714285714,0.7358514219576721,0.6688,0.05308195347462049,1899.4199826717377,1283.5822199676575,825.7404829193838,308.2648443126633
3001,824,ciclo2,25.539523809523843,20.872059307123553,14.851481481481507,3.6532620512927396,0.8267357142857145,0.7771024801587302,0.697757142857143,0.04223102899204099,1437.749285697937,907.2551285137724,524.8815224207938,283.5090985882364
3002,822,ciclo2,25.36000000000003,20.925318641126516,15.029259259259291,3.608944463660828,0.8350500000000001,0.7825593253968254,0.6700285714285715,0.045396506868317685,1431.6222748756409,906.3547332645212,518.169154047966,286.8360806013029
3082,420,ciclo2,30.113846153846183,25.09538163787369,17.676400000000026,4.393998572748561,0.8472642857142858,0.8043743386243386,0.7534000000000002,0.03087285686078222,1779.487599849701,1225.9240486326248,780.6789266745907,289.25889607350666
3197,379,ciclo2,31.231538461538495,26.391205053883343,18.585555555555583,4.540774059346156,0.80575,0.7502594246031745,0.6918,0.03605721536358132,1649.7962939739227,1198.945212262478,774.1719981479304,267.3106204977214
3309,540,ciclo2,30.73153846153849,26.235913542630243,18.54259259259262,4.33510490105025,0.7942785714285717,0.7433306216931217,0.6910714285714284,0.033185937736834585,1765.9084689617157,1232.7911104910727,799.860882478391,298.2422450701788
3414,444,ciclo2,31.041200000000035,26.006583537718353,18.57230769230772,4.556262392382567,0.8146714285714286,0.7632285383597882,0.6772142857142859,0.04321589731110671,1750.0769214630127,1232.6814790876695,794.4061164477879,299.92185003745107
3416,561,ciclo2,30.81538461538465,26.20095039134245,18.41148148148151,4.315256031465171,0.8004142857142857,0.7504124007936509,0.6690714285714285,0.0439277057047275,1799.339797258377,1232.7328215249781,788.3536010753243,311.1627398876447
3427,596,ciclo2,29.19160000000003,25.01991450433627,17.443571428571463,3.9768398657180812,0.8472428571428573,0.7898721560846562,0.7013857142857142,0.04739052833719841,1727.845943927765,1187.2004206957115,782.6091860197484,293.459900559155
3520,607,ciclo2,30.736086956521763,25.617131216193926,18.046153846153878,4.412219548248494,0.7821142857142858,0.7273886574074074,0.6505642857142858,0.04223398565110668,1711.7340264320374,1219.3701650607416,798.6316520948222,300.76284373098565
4000,1018,ciclo2,26.23100000000003,21.631429218929252,14.930000000000028,3.7379745394995125,0.8655714285714285,0.8320582341269841,0.7998714285714285,0.018440072594000496,1567.0590393543243,1092.3735977645072,558.1779695153236,289.4515398289923
5000,914,ciclo2,27.73074074074077,22.545860592333085,14.977692307692339,4.319068876724523,0.6990142857142858,0.6571765211640211,0.6121,0.02552217647101678,1666.3891153335571,1105.0123691259262,712.7454486796632,254.9221027489485
6001,889,ciclo2,26.64727272727276,22.704440581318874,15.998888888888919,3.783466425004032,0.8728499999999999,0.678848611111111,0.5691142857142857,0.089631467596076,1753.950349330902,1191.0152483914708,771.296512814019,310.3528557392202
6002,850,ciclo2,26.99750000000002,23.03060176558549,16.059629629629665,3.8448812772085117,0.8767357142857143,0.8385496693121693,0.7967285714285713,0.02622278205244006,1753.950349330902,1191.0152483914708,771.296512814019,310.3528557392202
6003,857,ciclo2,28.57000000000003,24.153252869647826,17.195384615384647,3.9136079816566047,0.8539642857142858,0.8052843584656083,0.7512214285714286,0.03643639094027075,1714.232934474945,1198.2394235921524,781.9066323697454,296.8779490485695
6004,822,ciclo2,27.770800000000026,23.44497984315741,16.336666666666694,3.881789153273291,0.8871428571428572,0.8627507605820107,0.8374285714285717,0.015787400476202036,1744.7478470802307,1210.8057150948846,785.0367192041656,306.74896536872774
6005,608,ciclo2,29.69538461538464,25.44795301224543,18.459600000000034,4.045585159509269,0.8709357142857143,0.8389526785714286,0.7940857142857143,0.02337033161678089,1737.4821214675903,1217.7475262368723,783.0131958170917,302.61925130896435
7001,730,ciclo2,29.227391304347858,24.686842572979916,17.009285714285742,4.154983088221502,0.8489000000000001,0.7691271825396827,0.6852333333333334,0.046445964308905484,1566.003526687622,1139.6760756635733,839.4120711975265,262.5160218139718
7002,724,ciclo2,28.98478260869568,24.545486910365568,16.887142857142884,4.065132014225236,0.8231928571428572,0.7459856812169313,0.6851571428571429,0.04263862062572231,1566.003526687622,1139.6760756635733,839.4120711975265,262.5160218139718
8003,198,ciclo2,26.707777777777807,21.66312248677252,17.271481481481512,3.058553557639241,0.8463714285714286,0.7578180555555556,0.670707142857143,0.050200801666520384,1666.4722354412079,903.4029753914947,519.4080075733364,330.9789257271173
8009,67,ciclo2,30.160434782608718,24.49533038402824,18.483333333333356,3.665143999463706,0.8372214285714287,0.7942869378306879,0.7063714285714285,0.03614698202593022,1646.6053450107574,926.1076214733688,474.98859617020935,332.4112222489752
8010,10,ciclo2,27.51800000000002,22.87169364636976,18.331538461538493,2.98567047144212,0.8592216856351891,0.7439219285589256,0.6227764159163521,0.07634709746728693,2452.1334533691406,1162.3180426569832,397.71188731119037,582.6623841620841
8011,20,ciclo2,29.765454545454574,25.20833614686444,19.73160000000003,3.4054441404538953,0.8827785714285713,0.8211953042328042,0.6985888888888888,0.05189622725496083,2088.7078881263733,1138.2498883280448,428.8113114843145,478.6952138939469
8012,9,ciclo2,28.519166666666695,23.47087295051972,18.333703703703733,3.2239585266056787,0.7932366554684585,0.6371183336613053,0.47501905238571906,0.076439363655496,2495.3065633773804,1156.302859582863,397.42221770994365,589.9792118025821
8013,6,ciclo2,30.19640000000003,25.11213236780668,19.03296296296299,3.769145210614303,0.7809214285714287,0.7368924272486773,0.68725,0.030347242394047114,1817.6383209228516,987.8636700385263,475.9330071732402,358.5282651119901
405,929,ciclo2,28.950000000000028,22.9647885935187,15.521304347826119,4.433767271900885,0.8425714285714285,0.7523382275132277,0.6518777777777779,0.04641931433833934,1652.1631002426147,1092.8086665543524,601.4031667262316,280.8509201268162
491,800,ciclo2,27.49083333333336,22.826541314965258,15.574444444444469,4.081575626074176,0.8636785714285714,0.7725880952380954,0.7137666666666668,0.04792122369141929,1689.4834356307983,1080.2066983422312,691.7931571006775,270.4232348165521
938,1114,ciclo2,25.320476190476224,20.91335752650395,15.26416666666669,3.5383089189523993,0.8423214285714283,0.7918261306657972,0.7290214285714287,0.0380310422686182,1375.0329766273499,916.4008456689093,519.2394297122955,263.1705412177879
1056,805,ciclo2,28.313000000000034,23.182369394766486,16.272222222222254,4.024557462832543,0.849657142857143,0.6674858134920636,0.4981333333333333,0.09020262285012803,1592.012554883957,1005.1774968299529,588.1600895524025,278.1072446895124
1021,831,ciclo2,27.882631578947393,22.743889152486915,16.327692307692338,3.9404378782115703,0.7863214285714287,0.736733267195767,0.6780111111111112,0.032981834212067754,1512.3040227890015,900.4688684024477,488.62490886822343,316.2709345887526
2531,525,ciclo2,28.80846153846157,24.459710240779113,17.304074074074105,4.091994754723158,0.8428785714285715,0.7880086970899471,0.7481,0.03003785994906872,1629.8302836418152,1212.1884730896527,846.2623047968373,240.869280760459
3097,517,ciclo2,30.364166666666694,25.99671888304935,18.101428571428603,4.455655343085277,0.8036285714285716,0.7306217592592593,0.6702571428571431,0.03880749854252191,1689.7186312675476,1193.9477195215457,824.3588721901178,271.04070371853396
797,579,ciclo2,26.885789473684238,21.754609212110015,15.201538461538489,3.999720124972523,0.8216916666666667,0.766314451058201,0.6758888888888889,0.037659737594430656,1501.494918346405,940.7243410608886,489.9465539250523,319.5584645500627
852,643,ciclo2,26.499523809523847,21.763681968155826,15.407692307692342,3.8787272228524023,0.8710642857142858,0.8117607804232806,0.7001222222222222,0.04724841905127208,1512.2545824050903,949.5326422525881,526.9574516266584,313.86350123887155
21,308,ciclo2,27.60840000000003,22.732990934736254,16.96000000000003,3.6680470246068726,0.8988928571428573,0.86154708994709,0.8097285714285716,0.02867527387514931,1448.2067365646362,1081.0019336612138,670.2513653347487,238.24458100426205
214,1407,ciclo2,23.25000000000003,18.538486567162703,13.160000000000029,3.243435883680134,0.8605642857142859,0.8241751984126983,0.7002666666666666,0.04225814286251138,1469.1585348942317,998.5905455423441,627.1839594841003,260.00807105611705
217,1205,ciclo2,24.51560000000003,19.363957591737332,13.626296296296326,3.512032223874545,0.8488357142857144,0.8002658399470898,0.7264555555555555,0.03905147202354831,1418.7358045578003,923.0595634966934,606.569295336958,233.89947589822484
308,630,ciclo2,25.827500000000033,20.685616327924734,13.911739130434814,4.037829947063405,0.8370142857142856,0.8013430555555557,0.7452000000000001,0.024776910297281317,1390.9269814491272,898.6638905887181,488.9954774142243,228.84634722572386
142,564,ciclo2,27.08333333333336,21.53402360568849,15.595000000000027,3.5691659406923693,0.8996785714285714,0.876242791005291,0.8442071428571429,0.014362488608712027,1578.1877176761627,965.9452132330189,621.6579642728902,261.1305704556681
1049,128,ciclo2,29.507142857142885,24.571573827407192,19.55347826086959,3.233874699835519,0.8492071428571428,0.7896168650793651,0.6159333333333334,0.06098579544677496,1501.5257902145386,915.3565531072721,371.13340718485415,342.14878849611284
863,349,ciclo2,27.916666666666696,23.33576357780223,18.13560000000003,3.356307267601814,0.8693857142857143,0.8078076388888888,0.5990666666666669,0.07491610610133749,1741.622588634491,1025.4792122367624,495.98530473560095,390.0114091137949
384,809,ciclo2,26.958181818181846,21.40545851622213,15.567777777777804,3.7196221147230513,0.8371571428571428,0.7641657407407408,0.6553888888888888,0.048087779484602564,1479.5506360530853,911.3751608916646,504.5288815032691,260.25758597546024
385,690,ciclo2,27.331818181818218,21.940647239797272,16.001428571428594,3.800376592583252,0.8049428571428571,0.7529925264550266,0.6229888888888889,0.050433554678623295,1495.0325450897217,903.2711554332373,491.88885412644595,269.81131746417117
397,607,ciclo2,28.7114285714286,24.067179976759718,16.866296296296326,4.28430660786958,0.8238428571428573,0.7815429563492065,0.7272714285714287,0.03371769946753869,1531.2300362586975,954.9407194860978,565.4822389758192,246.35349783977222
403,968,ciclo2,29.05666666666669,23.561218752852113,15.984074074074105,4.253385444959948,0.8795642857142859,0.7561288690476191,0.6656,0.06263940613387255,1659.5203239917755,1093.7436215122216,608.8802717626095,277.2389091071665
857,870,ciclo2,26.89727272727276,21.318044805624876,16.064074074074103,3.445158828966011,0.8657785714285714,0.8208508597883597,0.7401222222222222,0.03386680146083942,1605.8490328788757,938.8706718451964,475.1074895039201,337.549252136369
860,365,ciclo2,27.610000000000028,22.599768641410318,16.776400000000027,3.6543892557842232,0.888257142857143,0.8363468915343916,0.7138888888888889,0.04459799428513876,1814.6688923835754,1017.5039236643352,532.1270480211824,390.03404917595844
930,991,ciclo2,28.33461538461541,23.247087825379158,15.98857142857146,4.06003385711218,0.864,0.7616151455026455,0.7096,0.048829081695285693,1532.0266880989075,1061.0959697396777,623.0310870022465,257.24971041611803
951,862,ciclo2,25.85000000000002,21.237891000773278,16.21076923076926,3.4260754204282122,0.8645214285714288,0.8094277116402117,0.7164777777777778,0.03796522912754659,1524.2765431404114,912.8590694205681,461.006182981655,326.23233049057126
