UA,ciclo,lst_max,lst_mean,lst_min,lst_sd,ndvi_max,ndvi_mean,ndvi_min,ndvi_sd,prec_max,prec_mean,prec_min,prec_sd,rad_mean,rad_sd,umid_mean,umid_sd
1,ciclo1,31.370000000000005,18.39964059196621,3.0100000000000477,5.338204249235442,0.8994000000000001,0.8482681159420294,0.775,0.029338763460262082,109.115845,5.2444634,0.0,12.283922160658303,13.6820535324841,6.048303906241357,84.21505809934104,8.470284690199904
4,ciclo1,35.39000000000004,22.645842450765883,7.4500000000000455,5.123987544900897,0.8225,0.6776840579710144,0.5396000000000001,0.07523522075134857,92.79281,4.9965134,0.0,11.960631579029817,13.504299161707843,5.843698116209272,84.34465196152281,8.17709677354318
10,ciclo1,34.89000000000004,21.756841046277692,7.850000000000023,4.791334049377213,0.8203,0.6784217391304346,0.5462,0.07590337845408511,106.47866,5.0311036,0.0,12.311290617515398,13.585032851205566,5.789394269988134,83.55243426900893,7.62302730019222
15,ciclo1,33.89000000000004,22.014142538975513,8.090000000000032,4.94637756250163,0.8758,0.780053623188406,0.5992000000000001,0.05443644500555912,108.08792,5.240853,0.0,12.461381589253847,13.486190348922468,5.780589840251024,83.28942647511928,7.83040306430573
23,ciclo1,35.05000000000001,23.927987152034273,11.190000000000055,4.576861109830596,0.8709,0.541113043478261,0.1749,0.20355190052337815,110.91097,4.892128,0.0,12.215457790959809,13.404982438420182,5.615177327765966,83.00657283850127,7.341640991953886
28,ciclo1,33.75000000000006,21.597449209932346,8.630000000000052,4.905651740734264,0.8809,0.8161942028985509,0.6707000000000001,0.04139781862228005,96.09133,5.251297,0.0,12.251055864373669,13.54602274709598,5.788186435158808,82.67567246584112,8.2697477955658
30,ciclo1,33.63000000000005,23.17150313152403,9.930000000000007,4.770002235996342,0.8747,0.6714057971014491,0.4959,0.11317384585973847,104.47522,5.013967,0.0,12.478757264388733,13.370966535223832,5.657967575979862,82.98760400129478,7.778769927341413
37,ciclo1,31.390000000000043,20.410506912442443,6.670000000000016,4.836525652594105,0.8936000000000001,0.8325391304347827,0.518,0.0672363346762238,113.38017,5.372613,0.0,12.924455532564554,13.497406246639352,5.764464926497569,82.68029866525997,8.321081774746599
39,ciclo1,33.63000000000005,22.46365750528544,9.750000000000057,4.802922509820401,0.8901,0.7577898550724635,0.609,0.07286015022825262,99.41605,4.999916,0.0,12.24451213612188,13.311182737963536,5.638722882570043,82.94565397588049,7.484759125461293
40,ciclo1,35.910000000000025,24.355986984815654,10.650000000000034,4.7185575105435795,0.8369000000000001,0.6123565217391307,0.4068,0.12431670108079448,96.22915,4.823248,0.0,12.047014941413117,13.242057684082287,5.57552396153349,82.54237258507037,7.019759089593127
41,ciclo1,37.75000000000006,25.380863636363657,11.07000000000005,5.4291507103736985,0.7145,0.6294797101449278,0.5051,0.04823101287361064,111.13409,4.765551,0.0,12.443159119308033,13.40159361650239,5.70681812003399,81.69517860842151,7.084957136470539
47,ciclo1,33.75000000000006,19.960776255707795,7.03000000000003,5.068177091630662,0.9155000000000001,0.8589478260869563,0.5631,0.05561030977476444,113.32234,5.2040625,0.0,13.052295702271929,13.389996911479537,5.7367361398355445,82.76021750812454,8.141408596824371
49,ciclo1,36.81,24.1384353741497,9.870000000000005,5.431899360124572,0.7498,0.6811072463768117,0.6053000000000001,0.03736899559190446,94.383224,4.8711553,0.0,12.026881547916846,13.310298484082288,5.74024842911109,81.93053212505208,7.19859259867029
50,ciclo1,37.01000000000005,24.54815602836883,12.670000000000016,5.138251434626594,0.7915000000000001,0.6940101449275364,0.5787,0.047725863145912116,100.60956,4.6613684,0.0,11.57180611019179,13.127859344356235,5.607845031125535,81.30103718235698,7.2220593650487555
51,ciclo1,36.73000000000002,24.911031941031965,11.330000000000041,5.047150062245318,0.7726000000000001,0.6876768115942029,0.5943,0.04507170501248713,100.60956,4.6613684,0.0,11.57180611019179,13.127859344356235,5.607845031125535,81.30103718235698,7.2220593650487555
58,ciclo1,32.210000000000036,21.002879120879168,7.8700000000000045,4.936993997630571,0.8866,0.8346202898550728,0.6503,0.03747347885247524,104.78226,5.0506115,0.0,11.89771951401818,13.218038129744382,5.72494960595718,82.57539419270536,7.874501817396476
59,ciclo1,33.55000000000001,22.19298056155511,5.7900000000000205,4.950102882371065,0.9049,0.8427057971014494,0.6444000000000001,0.03880311090194705,93.1545,4.8861217,0.0,11.889214868425038,13.128343941616505,5.711291344733465,82.20747431757074,7.43134679697816
69,ciclo1,31.470000000000027,18.93753398058255,3.1100000000000136,5.705889508551395,0.8461000000000001,0.7741333333333331,0.6869000000000001,0.044694789978343454,93.367676,5.0973926,0.0,11.705312446875842,13.645412173580006,5.855610695932238,81.10008644685452,9.324566172576239
70,ciclo1,31.410000000000025,18.76949903660888,3.990000000000009,5.649527384831832,0.8340000000000001,0.7567347826086953,0.6641,0.04821339288972015,97.34344,5.218947,0.0,12.181022010169958,13.615505039333417,5.841213115809479,81.69336083403527,9.119143430092988
74,ciclo1,31.670000000000016,19.187222222222253,5.03000000000003,5.179137607558235,0.8857,0.7878840579710145,0.25670000000000004,0.11557077964680679,102.8678,5.042797,0.0,11.933922619763154,13.218038129744382,5.72494960595718,82.57539419270536,7.874501817396476
77,ciclo1,34.27000000000004,22.442374727668867,8.090000000000032,5.254726124951759,0.8314,0.7505318840579714,0.6269,0.05279016842137512,96.358734,4.567738,0.0,11.709730415545598,13.208987382712397,5.696362903063389,81.49742184476938,7.276698066611086
81,ciclo1,35.63000000000005,23.620468750000025,10.550000000000011,4.930761835687652,0.8541000000000001,0.7565913043478262,0.6006,0.05287862431921688,121.508415,4.620758,0.0,12.300542491109747,14.118079211022918,5.882098708357819,80.39442356387458,7.453887797453258
85,ciclo1,33.07000000000005,21.40942622950825,5.3700000000000045,5.52434489835965,0.8263,0.7013130434782608,0.5732,0.07243386171274671,69.290016,4.806756,0.0,10.285196207925923,13.9011489845389,6.011767233025991,79.79757463081664,7.996916046891489
87,ciclo1,34.450000000000045,21.45592445328034,4.470000000000027,5.652286918214972,0.775,0.684013043478261,0.5461,0.0646921268713815,76.06893,4.8530593,0.0,10.787825599840959,13.754076630200998,5.8992989210843545,79.86041598768463,8.454905294548881
89,ciclo1,33.23000000000002,20.884469696969745,5.850000000000023,5.440944076725171,0.7953,0.6717159420289854,0.5249,0.07966013245264945,79.94646,4.90548,0.0,10.642317833795286,13.632088630200982,5.823505282729911,80.47245485232777,8.583089840754308
95,ciclo1,32.170000000000016,19.412273781902584,6.230000000000018,5.084858139703934,0.89,0.7848797101449273,0.09670000000000001,0.13414851771716851,99.90039,4.8564816,0.0,11.763210746307303,13.094289095954414,5.6554541536186775,82.93526047761225,7.88623055043378
97,ciclo1,35.210000000000036,22.321840354767232,4.350000000000023,5.350417596174004,0.8439000000000001,0.775026086956522,0.5926,0.04253551168439242,99.91475,4.565882,0.0,11.095530591214171,13.075896851205572,5.61468200432945,82.00253313852082,7.138917091618501
98,ciclo1,36.33000000000004,23.21595185995628,4.8700000000000045,5.59034064774742,0.8145,0.7418246376811592,0.6339,0.04393676749503183,98.84973,4.546787,0.0,11.335395122360016,13.075896851205572,5.61468200432945,82.00253313852082,7.138917091618501
104,ciclo1,30.630000000000052,19.59298947368426,2.490000000000009,5.419594266217221,0.8719,0.8076869565217389,0.6208,0.05027819394518622,76.792046,4.7177925,0.0,10.596395756509285,13.881159645726122,6.009613433732973,81.21151784460089,8.258029992957617
113,ciclo1,32.43000000000001,19.88401515151517,5.110000000000014,5.1989407953649085,0.8059000000000001,0.7167956521739134,0.5657,0.05498343211534656,74.93464,5.0124664,0.0,11.419887639254858,13.301413748009216,5.677651017191006,81.31546536202656,9.198841014794429
114,ciclo1,31.83000000000004,18.743884615384637,4.410000000000025,5.082924838098962,0.8241,0.7389811594202903,0.5660000000000001,0.0542608575266253,80.3619,4.970553,0.0,11.427285185384667,13.397566909653053,5.746249000964461,82.25168581342236,9.19623887975251
117,ciclo1,31.390000000000043,18.937196652719685,5.57000000000005,5.079271527907858,0.8272,0.7243217391304348,0.3094,0.09486622750807062,88.33276,4.7509274,0.0,11.125111846790507,13.04298283659371,5.629569072347051,83.23956507939175,8.05195157321859
118,ciclo1,33.77000000000004,22.399234135667434,8.610000000000014,4.850521646685157,0.8607,0.787853623188406,0.4539,0.056801767118129225,100.382065,4.7003536,0.0,11.372016550479136,12.88329672335168,5.578996676864151,83.24657699047647,7.5713829763183105
119,ciclo1,33.950000000000045,22.43126086956526,7.850000000000023,5.045929497839199,0.8407,0.7537855072463766,0.5082,0.0564813404492658,99.33601,4.653736,0.0,12.087071956476832,12.911929393671318,5.529629283597224,82.4860701503786,7.219252870968822
122,ciclo1,35.710000000000036,22.79800000000004,6.930000000000007,5.089844749984707,0.8548,0.7941652173913045,0.5513,0.04704733301466632,99.185265,4.697749,0.0,11.943009541758855,13.135530805543468,5.544919362935876,80.24567563497452,7.179085565485947
123,ciclo1,36.670000000000016,23.877500000000037,7.090000000000032,5.346807497625692,0.8161,0.7483057971014493,0.5035000000000001,0.05049038044141157,100.62305,4.6475773,0.0,12.050177938281534,13.346231923351686,5.599642074605637,80.3178022252735,6.9517012492978685
134,ciclo1,33.93000000000001,20.607558139534913,5.810000000000002,5.8200068800499904,0.7886000000000001,0.6886333333333333,0.42310000000000003,0.07244798167174349,73.55814,4.8534255,0.0,11.395517753801398,13.511200712392807,5.750908947934093,80.34503719177617,9.036574279719593
137,ciclo1,31.930000000000007,19.35916030534351,4.510000000000048,5.273442614159953,0.8109000000000001,0.7235753623188405,0.3789,0.0634655227772583,85.984146,4.8569913,0.0,11.389621020873447,13.298342476776336,5.66523096589744,81.50676938257452,9.366851054329974
139,ciclo1,31.450000000000045,19.101589147286862,4.430000000000007,5.245492693602891,0.8300000000000001,0.7329681159420293,0.5182,0.06540989042962331,78.86019,4.812428,0.0,10.905490726452793,13.207627565360815,5.680492541398749,83.1002347587681,9.355240355714745
140,ciclo1,31.650000000000034,18.744444444444476,5.230000000000018,5.258397298766525,0.8121,0.7080942028985509,0.6046,0.06278243519721265,93.430756,4.763362,0.0,11.235994632526198,13.112806684995531,5.6491338935968445,83.40316422374983,8.811254607584171
141,ciclo1,32.110000000000014,19.044965357967705,7.53000000000003,4.853222977228444,0.9021,0.825823188405797,0.2884,0.11173542137493563,96.51823,4.7076674,0.0,10.988371532407808,13.073266310566284,5.60839499423419,83.57638540840864,8.107402626986811
143,ciclo1,35.93000000000001,21.65360086767899,8.310000000000002,5.03027968555226,0.8749,0.7964014492753624,0.5231,0.0553200136563891,108.26119,4.7600617,0.0,11.788599022932036,12.80064362015535,5.4818783584181485,83.13282514058356,7.34746069127875
146,ciclo1,36.55000000000001,23.07646934460889,8.53000000000003,5.139674269218828,0.8457,0.7743768115942028,0.4151,0.05329797055420057,138.9246,4.8690696,0.0,12.802044988503422,12.891657784538895,5.431453413809341,81.55382168557347,7.3767563133117156
147,ciclo1,37.01000000000005,23.73407643312106,9.430000000000007,5.373189908665297,0.8276,0.7548391304347829,0.45830000000000004,0.05592555408079216,110.91341,4.848189,0.0,12.717314105514935,13.06214615531516,5.461658906915516,81.0178345487881,6.974080530335534
148,ciclo1,36.05000000000001,21.7841666666667,6.050000000000011,4.952675885656435,0.9016000000000001,0.8566826086956519,0.322,0.0733451972416213,108.76218,4.851267,0.0,12.40485581044172,13.43847172426492,5.6090564697670455,81.79365392197613,7.052837244936954
165,ciclo1,29.350000000000023,17.36150743099791,4.2900000000000205,4.772736005720947,0.8459,0.7555478260869565,0.2424,0.07872092075706051,124.79058,4.740864,0.0,11.340291754182532,13.154637148922445,5.630988732487278,83.86531526828998,8.647148573482571
166,ciclo1,28.83000000000004,16.960814479638035,4.03000000000003,4.871286056413674,0.8454,0.7552797101449277,0.2523,0.0959567649920623,132.22527,4.640373,0.0,11.489133005570185,13.10549110691332,5.603364066906233,83.88338603661374,7.901188133649987
167,ciclo1,29.190000000000055,17.461908045977047,6.150000000000034,4.6789625326934345,0.8493,0.7681724637681162,0.30920000000000003,0.08918492087410736,92.01438,4.6952066,0.0,11.277450592856837,13.000361057598267,5.593329449685599,84.02089704867964,7.603357685659495
170,ciclo1,36.31,22.60531645569623,8.850000000000023,4.995842913747701,0.8539,0.7851434782608697,0.2609,0.07466708231948233,129.28476,5.052961,0.0,13.090965120628715,12.845752695954433,5.413766946668018,82.64356649054233,7.1253819373868765
172,ciclo1,36.79000000000002,23.105655913978506,8.450000000000045,5.1418001167631155,0.8436,0.7764478260869564,0.43310000000000004,0.05698627246010552,145.40948,4.9731197,0.0,13.159413692093766,12.99388893339734,5.444776438656807,82.52330081655316,6.862867167249845
173,ciclo1,34.09000000000003,20.84952173913045,8.410000000000025,4.928318589447445,0.8976000000000001,0.8398579710144926,0.2462,0.08017300569556086,102.89547,5.0769234,0.0,12.894088823354124,13.211981152575449,5.520032718599147,82.9609057783997,6.901825373531025
174,ciclo1,36.59000000000003,22.59570806100219,7.53000000000003,4.751411267217405,0.8675,0.7953333333333331,0.2581,0.07411686359121766,118.08362,4.9653087,0.0,12.46265561710836,13.250125313306025,5.516107919782003,83.10523349834952,6.7485952822648025
175,ciclo1,36.23000000000002,23.156987447698782,7.970000000000027,4.616890280455725,0.8589,0.7868942028985508,0.1792,0.08039178861387704,110.23064,4.96107,0.0,12.781328028370432,13.416260146182735,5.57884094608376,82.77203548043573,6.5677500664764965
177,ciclo1,31.750000000000057,19.907207207207254,1.2900000000000205,5.520666115829641,0.8456,0.7478333333333335,0.5705,0.05207101802225756,80.36031,4.820662,0.0,10.821023991526742,13.841307161707851,5.970301214206064,81.49524648822876,8.444835272944534
188,ciclo1,30.710000000000036,18.932636916835733,5.090000000000032,5.000504025713057,0.8124,0.7007579710144924,0.5495,0.0631353788271837,81.63193,4.806259,0.0,11.13665508057538,13.141311724264938,5.608146185639099,83.50735633527061,9.36830358090316
191,ciclo1,30.870000000000005,18.556852248394055,4.690000000000055,5.31175990643879,0.8496,0.7687463768115944,0.3473,0.07332805695058019,137.2728,4.7332473,0.0,11.70065976724411,13.071865371753516,5.58526949827648,84.2243685701226,8.03419784198865
192,ciclo1,29.390000000000043,17.659281045751648,3.890000000000043,5.001892117532738,0.8735,0.7913043478260869,0.30410000000000004,0.0857182381871436,83.09293,4.7714334,0.0,11.563464757473177,13.064583260337999,5.592274508434098,84.35187094290562,7.796785615491019
193,ciclo1,31.410000000000025,18.316281755196332,4.170000000000016,5.092340059658343,0.8941,0.8079492753623191,0.3209,0.09477208912061723,93.50206,4.780614,0.0,11.531596088496377,12.953492443899627,5.527639844659756,84.40768134626146,7.508298363076692
194,ciclo1,34.07000000000005,21.074890829694358,8.010000000000048,4.997087414684965,0.8787,0.8200391304347825,0.6431,0.04028788510458932,110.09303,4.8546686,0.0,11.802350851930155,12.953492443899627,5.527639844659756,84.40768134626146,7.508298363076692
196,ciclo1,34.55000000000001,21.494947145877422,8.130000000000052,4.96659386254954,0.8536,0.7858246376811597,0.3704,0.0692891785385664,134.58305,5.027162,0.0,12.821513818465974,12.901790873123373,5.465914207151101,83.98815809381365,7.231533137042951
197,ciclo1,34.63000000000005,21.618240343347676,8.890000000000043,4.946076686224335,0.8711000000000001,0.8005057971014493,0.3365,0.06917833682038034,169.10179,5.047514,0.0,13.422632424659165,12.971848895041173,5.480140699262322,83.7596979061592,6.883442400624632
198,ciclo1,34.950000000000045,21.93542222222226,8.29000000000002,5.109960897823361,0.8639,0.7834550724637683,0.1232,0.09452210160412829,127.17943,5.0951447,0.0,13.159280861845097,13.078104548009222,5.5110748435792924,83.65039290846107,6.559957218459186
199,ciclo1,35.33000000000004,21.16061224489799,6.690000000000055,4.766631543254275,0.9148000000000001,0.857820289855073,0.2868,0.088219025158496,122.89519,5.013126,0.0,13.034667343386834,13.18065251513253,5.550694670562006,83.58109523655752,6.432919976484181
206,ciclo1,32.09000000000003,20.285302325581434,4.050000000000011,5.540557043335913,0.8171,0.7269057971014494,0.48750000000000004,0.06425526964022935,71.848526,4.7029414,0.0,10.475536114900766,13.458740670383653,5.7990047825532365,81.71430708905865,8.315838636260192
208,ciclo1,32.73000000000002,20.526059113300505,6.4500000000000455,5.385803107226069,0.8105,0.7113202898550723,0.4445,0.05991068371421418,68.17846,4.494021,0.0,10.179788305974322,13.427025821068575,5.789054325962345,81.83812849449775,8.570270229160258
211,ciclo1,32.410000000000025,20.904642032332593,5.510000000000048,5.347889953091883,0.7943,0.6868347826086956,0.4238,0.07643369927180729,97.15989,4.7267485,0.0,11.37207893879948,13.18202709412796,5.659640813120397,82.76640105374388,9.143007202238618
218,ciclo1,28.670000000000016,16.93636568848761,4.550000000000011,4.786237052356553,0.8546,0.7778420289855074,0.2669,0.09431280117485738,102.229195,4.6279526,0.0,10.987678130809597,12.996895015589107,5.580462516828026,84.19408686152951,8.116301268854937
221,ciclo1,32.39000000000004,19.826674364896096,6.910000000000025,4.857940147185734,0.8791,0.8011652173913046,0.5078,0.07465728038716256,103.515755,4.672115,0.0,11.323093207841758,12.95492676901379,5.544901145978242,84.80502929829727,7.377922784805706
225,ciclo1,33.77000000000004,21.447230769230774,8.710000000000036,4.913519029620095,0.8676,0.7940797101449276,0.3002,0.08845831013420982,176.1888,5.1402593,0.0,13.64937070821745,12.956715835680482,5.5143632315188835,84.05916343735724,6.531893978366701
242,ciclo1,29.29000000000002,18.36679069767445,4.890000000000043,4.818154807277394,0.8486,0.7828942028985509,0.4808,0.05363530333180552,79.52544,4.877377,0.0,11.206489467078113,13.17139139184483,5.690334874444946,84.2426859754531,8.653902269989404
246,ciclo1,31.27000000000004,20.474474885844796,7.910000000000025,5.116205970935885,0.8247,0.7251014492753619,0.4843,0.06278245045278509,88.87284,4.7084846,0.0,11.260972250018403,12.85363220463024,5.527715338687443,84.31137207200904,8.006843768809953
249,ciclo1,28.970000000000027,17.450000000000024,2.830000000000041,4.6886819006263085,0.8781,0.7763028985507249,0.1385,0.11621331083308323,94.83925,4.5572653,0.0,10.99436062616527,12.734024031114249,5.494328188114556,84.90865410141747,7.392167109358327
251,ciclo1,30.410000000000025,18.82953161592509,3.590000000000032,4.913102280585215,0.8907,0.8018666666666671,0.3095,0.11263989777182663,102.43521,4.9132733,0.0,11.833748172614843,12.787473589105105,5.511872577711576,85.21970626983317,6.947654297403325
253,ciclo1,33.110000000000014,20.240385487528364,4.9500000000000455,4.714267444521419,0.8821,0.8119826086956524,0.327,0.09738904494014687,106.39374,5.0721803,0.0,12.580195566361123,12.768843806456701,5.494520757289209,84.61709592126245,6.6248284644582816
254,ciclo1,33.450000000000045,20.201743119266094,4.9500000000000455,4.789678475358703,0.8757,0.8149971014492755,0.3946,0.08811941826666973,126.936134,5.200804,0.0,13.265198306007528,13.029442407369954,5.613181716646975,83.69463480489131,6.281755626401066
255,ciclo1,32.910000000000025,19.692170900692876,8.110000000000014,4.699522249649412,0.8724000000000001,0.8137478260869564,0.44270000000000004,0.08079680293699447,126.936134,5.200804,0.0,13.265198306007528,13.029442407369954,5.613181716646975,83.69463480489131,6.281755626401066
256,ciclo1,33.690000000000055,20.49724705882355,8.450000000000045,4.904812733502376,0.8852000000000001,0.8208043478260869,0.10590000000000001,0.1048918814431814,127.428604,5.22843,0.0,13.702357712446679,13.120539190931602,5.597804179132333,82.86155790237137,6.260873256490001
260,ciclo1,33.93000000000001,21.23646942800792,4.2900000000000205,5.477818923470872,0.8309000000000001,0.7466536231884062,0.6396000000000001,0.05360977517317365,90.32838,4.7566776,0.0,11.000986561029194,13.630189095954412,5.8138386363448,79.21778368923334,7.887852642039694
261,ciclo1,33.81,20.82444881889766,5.490000000000009,5.548938599235878,0.8385,0.7551681159420288,0.6435000000000001,0.050662722461151825,81.79277,4.7181187,0.0,11.053172280474266,13.547720544356238,5.795046345732813,79.7131345828204,7.761254766428613
279,ciclo1,31.210000000000036,19.220707547169848,6.2900000000000205,4.767200581700842,0.8663000000000001,0.7615246376811592,0.5716,0.059311416907657136,78.8262,4.469001,0.0,10.227152559341526,12.640228071296896,5.481631999375962,84.47920053849276,7.335664748617652
281,ciclo1,31.27000000000004,19.987798165137644,5.750000000000057,4.957953180404076,0.8755000000000001,0.7786362318840581,0.37520000000000003,0.07474409088371532,76.05047,4.596539,0.0,10.68075483375446,12.636575026548021,5.4739687113692295,85.15074331194417,7.186362379444691
284,ciclo1,33.63000000000005,21.122602739726066,8.710000000000036,4.736258477669751,0.8523000000000001,0.7927753623188402,0.4227,0.05838816240409847,113.40377,5.143046,0.0,12.717086614002088,12.518594800064015,5.437698541744573,85.13632034379995,6.602526058487854
285,ciclo1,34.57000000000005,21.389780701754432,8.930000000000007,4.754434582315922,0.8901,0.8306681159420289,0.23140000000000002,0.08556376974836924,142.68266,5.2697463,0.0,13.717469463787511,12.428978571753529,5.422481366588673,84.69249747540039,6.699379287906593
286,ciclo1,33.77000000000004,21.238264840182666,9.730000000000018,4.664002259920692,0.8853000000000001,0.8177507246376816,0.2058,0.08965173620082371,145.22511,5.267518,0.0,13.535920105650211,12.401080104173612,5.383739835803398,84.04195648304587,6.279531058089035
287,ciclo1,33.49000000000001,20.885990783410175,9.150000000000034,4.515490548536684,0.8863000000000001,0.8289289855072467,0.0815,0.10002873225119821,161.30832,5.4586716,0.0,14.255307758150673,12.578717318785474,5.437506933878744,83.28582670729755,6.24358157884594
297,ciclo1,32.89000000000004,20.506796116504887,6.110000000000014,5.3437134307779,0.8221,0.7257739130434783,0.3719,0.08364628365173243,67.86632,4.615169,0.0,10.091639075466116,13.30991267768958,5.710548740718266,80.76552395964605,7.964850110577542
301,ciclo1,30.230000000000018,19.466461126005388,6.210000000000036,5.2054968185414765,0.8742000000000001,0.7567159420289857,0.2651,0.1103898698660335,80.94271,4.621542,0.0,10.755269631709057,12.994235643899632,5.6773021798263406,84.32924763848405,8.136730069725902
304,ciclo1,32.190000000000055,20.011300813008152,4.910000000000025,5.291234295276117,0.8238000000000001,0.7296144927536234,0.48050000000000004,0.06157944856534568,88.332115,4.7433953,0.0,11.297562541323154,12.884581709653052,5.634841984458615,84.9685703716139,8.110338993814628
309,ciclo1,30.910000000000025,20.240855745721333,7.410000000000025,4.959874545028011,0.8613000000000001,0.7552927536231884,0.37110000000000004,0.0790024349631025,106.30908,4.3895535,0.0,10.602903908382949,12.628256853032044,5.4944897378216675,83.88236824575365,7.440293807072934
310,ciclo1,32.670000000000016,21.19767386091132,7.190000000000055,5.212122248190554,0.8398,0.7270768115942026,0.5505,0.0563285114433972,108.03124,4.4397087,0.0,10.66102622844721,12.55861967129689,5.445210115929233,84.52526448144584,7.30020151232921
311,ciclo1,32.35000000000002,20.411970443349777,6.810000000000002,5.169823396390413,0.8466,0.7481623188405797,0.33740000000000003,0.0708621382552169,115.285416,4.530047,0.0,10.868440155799222,12.541784011022912,5.445145428651845,85.42932398592588,7.066676673327171
312,ciclo1,29.670000000000016,18.595110565110584,6.190000000000055,4.835438529649226,0.8956000000000001,0.7944231884057968,0.2102,0.1119144667507084,81.36159,4.5487,0.0,10.58656857000221,12.541784011022912,5.445145428651845,85.42932398592588,7.066676673327171
313,ciclo1,31.910000000000025,20.61605911330051,6.8700000000000045,4.950762466674411,0.8452000000000001,0.7355956521739131,0.19110000000000002,0.09706954840460177,84.69286,4.692109,0.0,11.069090688176912,12.464911002803731,5.420943649027446,85.96558423410434,6.8739783282776274
314,ciclo1,32.31,20.731722488038308,7.9500000000000455,4.807136132728627,0.8763000000000001,0.7844869565217396,0.24280000000000002,0.10013308522862559,73.89614,4.889585,0.0,11.430916151904725,12.422062175406468,5.3867334887399085,85.72661314356192,6.7779557530724315
316,ciclo1,33.110000000000014,20.82454128440372,7.9500000000000455,4.764999352180042,0.881,0.8223492753623186,0.12710000000000002,0.09236646236075324,124.52811,5.0817084,0.0,12.589582205610634,12.268626363534343,5.346126109731724,85.01018813637,6.624327815917214
317,ciclo1,35.31,23.318789237668177,8.350000000000023,4.94713486546551,0.8472000000000001,0.779153623188406,0.4365,0.05313698343537769,134.63354,5.1799626,0.0,12.780556258216492,12.270720427461274,5.319978268677868,84.33531732199242,6.553934851456937
318,ciclo1,36.49000000000001,23.91577092511018,10.170000000000016,4.826560800754799,0.7381000000000001,0.6648840579710141,0.29460000000000003,0.05930258107927241,122.993034,5.25133,0.0,12.955096689009036,12.571764542529754,5.42045162446406,82.99163732891554,6.415982028866952
321,ciclo1,31.590000000000032,21.32237076648847,6.710000000000036,5.223639832151802,0.8416,0.753527536231884,0.6654,0.04595447300951573,70.12781,4.9259725,0.0,10.983651042312221,14.257184034767217,5.992982217280888,77.12908899110127,8.154732919687742
328,ciclo1,35.79000000000002,22.09646226415097,4.770000000000039,5.85665407194139,0.7965,0.6884101449275366,0.4833,0.06154348326072122,64.11708,4.7432227,0.0,10.679744730987645,13.55704863202749,5.768739618621642,79.95073447310894,7.71335525703557
336,ciclo1,30.650000000000034,19.68411411411415,4.9500000000000455,5.211593585333497,0.8467,0.7318246376811595,0.16040000000000001,0.09375816626198763,70.360435,4.6328363,0.0,10.727074657914233,12.886087415589122,5.638685317106648,84.94647993139077,8.19527605663294
337,ciclo1,33.73000000000002,20.5444744744745,7.090000000000032,5.618368264991181,0.8102,0.679010144927536,0.2687,0.08741805462198568,75.10004,4.626953,0.0,10.852582968327104,12.886087415589122,5.638685317106648,84.94647993139077,8.19527605663294
340,ciclo1,28.730000000000018,18.184972067039148,6.150000000000034,4.844939694328245,0.8757,0.7914782608695653,0.32180000000000003,0.11117036263055952,96.58664,4.5853944,0.0,10.91181145429642,12.948516604630225,5.666142429991571,84.32949823522387,8.143977602337266
341,ciclo1,32.870000000000005,21.761219512195137,8.410000000000025,5.232326543729494,0.7944,0.6823028985507245,0.3673,0.07188128895438384,88.4487,4.5227547,0.0,10.68600912448206,12.860264166274055,5.619858441490663,83.98024509180144,7.806198894004552
344,ciclo1,32.49000000000001,21.126572890025617,8.090000000000032,5.294989333330417,0.8334,0.7163884057971015,0.47690000000000005,0.06738992213013041,110.56728,4.4300857,0.0,10.499467281501571,12.55861967129689,5.445210115929233,84.52526448144584,7.30020151232921
345,ciclo1,30.210000000000036,19.323560209424127,4.330000000000041,4.909652784695632,0.8576,0.7778333333333337,0.22160000000000002,0.10884359695927605,88.9732,4.5287175,0.0,10.573247008031428,12.541784011022912,5.445145428651845,85.42932398592588,7.066676673327171
346,ciclo1,31.77000000000004,20.452921914357706,5.710000000000036,4.918177001090302,0.8535,0.7481028985507246,0.2691,0.09509706859502388,88.9732,4.5287175,0.0,10.573247008031428,12.541784011022912,5.445145428651845,85.42932398592588,7.066676673327171
347,ciclo1,32.710000000000036,20.790291970802926,7.810000000000002,4.87566117918574,0.8431000000000001,0.7600536231884061,0.202,0.09852356384032865,85.27274,4.6032844,0.0,10.920168322422606,12.464911002803731,5.420943649027446,85.96558423410434,6.8739783282776274
348,ciclo1,31.930000000000007,20.128405797101493,7.07000000000005,4.826362025933885,0.86,0.7829623188405799,0.17120000000000002,0.11439731564379753,74.94013,4.8722887,0.0,11.409621531077505,12.422062175406468,5.3867334887399085,85.72661314356192,6.7779557530724315
349,ciclo1,32.410000000000025,20.200762124711336,7.7900000000000205,4.805452986243854,0.8797,0.7938898550724637,0.304,0.09294979655539484,128.10622,4.9580016,0.0,12.129629174013509,12.391235663990955,5.381601526512927,85.46137323780935,6.53130288575378
350,ciclo1,33.25000000000006,21.06596199524945,9.350000000000023,4.6103487678293495,0.8857,0.8065811594202901,0.1942,0.09616206922729983,123.95626,5.036874,0.0,12.052432328382855,12.268626363534343,5.346126109731724,85.01018813637,6.624327815917214
351,ciclo1,34.53000000000003,22.639000000000042,9.730000000000018,4.7048741554032345,0.8500000000000001,0.7883202898550723,0.2479,0.08370517027251627,123.027565,5.1447945,0.0,12.47389620692901,12.270720427461274,5.319978268677868,84.33531732199242,6.553934851456937
352,ciclo1,44.09000000000003,22.403600000000043,8.870000000000005,4.788034523220859,0.8570000000000001,0.7888898550724639,0.253,0.08922186341683998,112.63757,5.2196074,0.0,12.829546068461335,12.571764542529754,5.42045162446406,82.99163732891554,6.415982028866952
365,ciclo1,32.950000000000045,20.67502283105027,4.930000000000007,5.622390688512591,0.8505,0.7578217391304352,0.40740000000000004,0.06584671014982514,108.76158,4.781271,0.0,11.268591640724846,13.621944000064017,5.740053668214515,79.43553482760447,8.189326093116183
367,ciclo1,35.55000000000001,21.73144186046516,4.590000000000032,5.815497080485113,0.802,0.6921710144927533,0.3907,0.07112653167185183,66.30333,4.649457,0.0,10.66632057549781,13.467420305086849,5.7080301471274275,79.81698177081205,7.9717069023758445
369,ciclo1,34.25000000000006,20.9566503667482,6.170000000000016,5.4889022312446665,0.8292,0.7076724637681161,0.2811,0.08639037769160245,68.488525,4.6787558,0.0,10.356985267399633,13.19033854070327,5.625542928638258,80.89821040779836,8.051982325356299
377,ciclo1,31.77000000000004,20.951472392638067,9.07000000000005,4.922453155828281,0.8294,0.7286927536231881,0.24250000000000002,0.10581641104309425,78.58072,4.600998,0.0,10.791190420226712,12.745166566274085,5.591266477814699,84.5273862247198,7.724843310438951
378,ciclo1,32.25000000000006,21.150887573964507,9.690000000000055,4.999839326923737,0.8224,0.6854304347826087,0.3121,0.0870006435164415,87.665726,4.495814,0.0,10.955517051435208,12.610452889561726,5.528916195782472,83.86621116342796,7.8852476107256235
383,ciclo1,31.850000000000023,20.591293800539102,7.490000000000009,4.990505319059117,0.8411000000000001,0.7439739130434783,0.40750000000000003,0.07076078430057857,81.91042,4.423195,0.0,10.544206000208849,12.375733636593699,5.363190620472407,85.46080986916196,6.972423037763384
386,ciclo1,31.610000000000014,19.550954773869368,6.310000000000002,4.852910859682608,0.8715,0.7822405797101452,0.2366,0.10923606310977016,98.25542,4.6328716,0.0,10.802710603637536,12.412919921525178,5.380389729848279,85.81856773230173,6.765733156251125
387,ciclo1,33.35000000000002,21.025804195804234,8.110000000000014,4.6806949774739195,0.8788,0.8124057971014491,0.32680000000000003,0.0964257210319886,123.48553,4.868466,0.0,11.489160340050699,12.446790942529763,5.404852038379172,85.48896328861734,6.812113213196571
388,ciclo1,33.25000000000006,19.677204030226743,6.2900000000000205,4.7194459704709475,0.8827,0.8078753623188408,0.1716,0.095318735183815,129.1273,4.8375745,0.0,11.548125731983266,12.34868635440192,5.369562652676616,84.92191620675736,6.978659952988282
390,ciclo1,36.43000000000001,23.900201342281903,9.910000000000025,4.772369177434389,0.8154,0.7229768115942029,0.5640000000000001,0.05024974769545669,120.64356,5.10251,0.0,12.084984235706571,12.255046319698712,5.2569881915432415,82.82073058857715,6.357677489878715
391,ciclo1,40.35000000000002,23.342144288577163,6.990000000000009,4.645210174615935,0.7543000000000001,0.6836130434782609,0.4615,0.05157431928370764,125.064095,5.093942,0.0,12.543723163654056,13.28861959823752,5.578560925822838,80.07249502078689,8.081112537549705
395,ciclo1,34.150000000000034,22.92337037037037,6.230000000000018,5.512143877121316,0.8450000000000001,0.7730217391304351,0.67,0.03686730954269336,80.62444,5.1341043,0.0,11.651081284288104,14.643055163534331,6.062546345657608,76.54400090904427,8.142164056694712
398,ciclo1,35.450000000000045,24.400292397660827,8.510000000000048,5.472932092076875,0.7796000000000001,0.6618420289855073,0.5235000000000001,0.05790488304056469,81.72273,4.371591,0.0,10.104390610056358,14.232091419242103,5.85489695563476,76.44360795278877,8.207421027352694
409,ciclo1,35.31,21.28319540229889,6.650000000000034,5.410388954592657,0.8388,0.7067623188405797,0.3885,0.07213324647343367,69.245,4.7419887,0.0,10.841286010252803,13.213732363534348,5.617654525711846,81.16640829983048,7.999839452554375
413,ciclo1,30.850000000000023,19.744459102902425,5.330000000000041,5.129733688540273,0.8585,0.7416057971014494,0.23240000000000002,0.10112859926638802,75.981834,4.649909,0.0,10.604082959162891,12.871324842073149,5.638539007874614,84.91505292070435,8.40229123605617
415,ciclo1,28.77000000000004,18.28904761904766,5.730000000000018,5.187449357728888,0.8518,0.746805797101449,0.159,0.11530592312809793,73.11343,4.5788717,0.0,10.28031946595489,12.869977548922463,5.686140659878971,85.42886695787271,8.287296386474466
419,ciclo1,33.63000000000005,21.888711656441753,7.750000000000057,5.309145674025434,0.8298000000000001,0.6742695652173912,0.3205,0.09042511242891504,81.651535,4.3820367,0.0,10.179157790360419,12.30397900280375,5.367856696290605,83.73335557473577,7.456566160811053
421,ciclo1,32.690000000000055,20.920678466076737,6.970000000000027,5.443576643928696,0.8545,0.6844318840579712,0.337,0.1037689120081199,79.278175,4.363581,0.0,10.19779308544002,12.254601682255808,5.337831078842772,83.41721862148492,7.102924540314907
422,ciclo1,31.77000000000004,20.190433604336075,7.670000000000016,5.106813964056021,0.8723000000000001,0.7741391304347826,0.33630000000000004,0.08288476760354183,69.730034,4.3001094,0.0,10.25203045323403,12.315855083169035,5.349222864102325,84.34075096006725,7.168755480144817
423,ciclo1,32.910000000000025,21.8953367875648,9.57000000000005,5.013038493607196,0.8115,0.7192000000000002,0.2978,0.07073767829406345,68.324814,4.3047223,0.0,10.234655923300236,12.419653262164463,5.403273952862262,85.54767571163741,7.255580217480948
424,ciclo1,31.77000000000004,20.376791443850276,8.430000000000007,4.9157529030214615,0.8550000000000001,0.770921739130435,0.1797,0.0958137835679869,70.32712,4.433658,0.0,10.43189900269145,12.419653262164463,5.403273952862262,85.54767571163741,7.255580217480948
425,ciclo1,31.53000000000003,19.801081794195284,6.8700000000000045,4.7818385134284345,0.8832000000000001,0.8089202898550725,0.3411,0.09530022519204803,86.38355,4.5173087,0.0,10.930784909380053,12.368735642073126,5.390839399678559,86.18005974529486,6.715139924319392
426,ciclo1,31.370000000000005,19.386042216358877,7.710000000000036,4.631502563770953,0.8929,0.8191753623188405,0.2167,0.11255811176196821,88.62331,4.600179,0.0,10.97336072723145,12.368735642073126,5.390839399678559,86.18005974529486,6.715139924319392
427,ciclo1,33.150000000000034,20.913836930455677,8.350000000000023,4.713949771500335,0.902,0.8279956521739131,0.40490000000000004,0.09436046893184723,114.09451,4.753694,0.0,11.412427716704933,12.458970093214724,5.416719484948348,85.57445093743678,6.537138458388041
428,ciclo1,33.29000000000002,21.17947867298581,8.930000000000007,4.706283106240602,0.8931,0.8396724637681162,0.4756,0.057726564060904414,133.02583,4.8061695,0.0,11.626323123048413,12.406396020155327,5.349806352884111,83.69665168592472,6.669725497852217
429,ciclo1,31.590000000000032,19.35199488491054,9.110000000000014,4.421276054934507,0.9043,0.8280985507246374,0.23900000000000002,0.11540896467924427,133.02583,4.8061695,0.0,11.626323123048413,12.406396020155327,5.349806352884111,83.69665168592472,6.669725497852217
430,ciclo1,34.650000000000034,23.316082725060852,9.610000000000014,4.58789743816627,0.8397,0.7603231884057974,0.6677000000000001,0.04314885977611335,128.56447,4.8229017,0.0,11.797321850755342,12.298273402803744,5.264920311766665,82.71725839656652,6.5420097794645535
435,ciclo1,33.51000000000005,23.296628571428595,7.690000000000055,5.393481521168258,0.8348,0.7712985507246375,0.6883,0.038028172214265084,81.55529,5.3878407,0.0,12.355550259437567,14.711698374493224,6.0470884604885935,77.06469269647484,8.149257512994696
438,ciclo1,34.410000000000025,23.077803030303063,5.270000000000039,5.107734303855189,0.8554,0.7631231884057974,0.6649,0.04037034406205843,74.83126,5.0503416,0.0,11.103807219599666,14.454378533397342,5.897802667603094,76.37981402419658,8.476995154780871
442,ciclo1,35.13000000000005,22.98508196721313,6.590000000000032,5.279489391554787,0.8459,0.7361188405797103,0.5124000000000001,0.05994506730589057,79.721924,4.964818,0.0,11.360886835829634,14.120603074036653,5.749530727046655,77.93320280572757,8.055532369746835
450,ciclo1,35.07000000000005,21.412673031026273,5.730000000000018,5.582210280332965,0.8418,0.7082550724637682,0.318,0.07903821958666409,94.16227,4.7257037,0.0,10.73480413262197,13.250539647552586,5.57045966279493,80.39245349027097,7.9166989990610395
453,ciclo1,31.910000000000025,20.074923857868036,5.850000000000023,5.023146335304016,0.8406,0.7366231884057969,0.3174,0.09002038922816737,77.89353,4.713827,0.0,10.907308884409261,13.030997455771761,5.647618494256331,83.64405017014246,8.516931584165265
455,ciclo1,31.210000000000036,18.90377659574471,5.390000000000043,4.882108520881642,0.8449000000000001,0.7374202898550726,0.3,0.10500745119139358,89.05027,4.6318474,0.0,10.532007337074615,12.888143749835725,5.6625431457389075,84.88830604915985,8.341264945975817
456,ciclo1,29.29000000000002,17.993556851311986,5.410000000000025,4.891331315979934,0.8772000000000001,0.7576376811594203,0.2257,0.14945221436041517,77.86782,4.6778626,0.0,10.190122649344946,12.726111137963578,5.624568238730931,85.17098954979848,8.347214883333999
457,ciclo1,30.150000000000034,20.172739726027416,9.370000000000005,4.967640563474205,0.8449000000000001,0.7353391304347826,0.26230000000000003,0.11453771888997663,78.177376,4.684845,0.0,10.12714213366422,12.726111137963578,5.624568238730931,85.17098954979848,8.347214883333999
460,ciclo1,31.890000000000043,21.494834437086123,6.510000000000048,5.2028351102556885,0.8196,0.7026608695652177,0.3244,0.08286734329487609,78.85319,4.5427027,0.0,10.418601748579304,12.248781088648506,5.375454990277544,83.32738574453846,7.67419812256967
464,ciclo1,32.150000000000034,20.94945799457998,8.730000000000018,5.0328714297288935,0.8304,0.7430188405797103,0.3647,0.0775534341746316,67.465416,4.3419995,0.0,10.108534933969793,12.287136080429303,5.370112131537613,84.80706311549906,7.31838911383813
465,ciclo1,32.450000000000045,21.206560846560855,8.190000000000055,4.947629631032941,0.8547,0.7932391304347829,0.656,0.04062290072128542,78.40891,4.4125423,0.0,10.507392637334037,12.336924535223845,5.376346121644063,85.83803692070501,7.2316456695310425
466,ciclo1,31.77000000000004,20.454233983286922,7.430000000000007,4.911879739445873,0.8811,0.791988405797102,0.33580000000000004,0.08795079081340976,81.48202,4.435596,0.0,10.385971624563284,12.336924535223845,5.376346121644063,85.83803692070501,7.2316456695310425
467,ciclo1,31.27000000000004,19.506576086956567,6.670000000000016,4.825514864923882,0.8893000000000001,0.8171405797101448,0.1592,0.11585642954247695,87.42977,4.4535646,0.0,10.664691047293884,12.351547391844843,5.377800856968698,86.55333708692717,7.1624056706924675
468,ciclo1,31.53000000000003,19.77298200514142,8.430000000000007,4.662559217836307,0.8931,0.8197623188405798,0.3174,0.09701544042872465,99.325874,4.563047,0.0,11.319003112872013,12.3571113279179,5.37148187584839,86.20290835434922,6.954647151057673
470,ciclo1,34.59000000000003,22.80141531322512,10.650000000000034,4.861749715264079,0.8295,0.7747782608695651,0.2796,0.06823455045090072,98.3622,4.9483232,0.0,11.918266724219125,12.227930639333426,5.292290340065127,84.77195570501829,6.524124388308784
483,ciclo1,31.390000000000043,19.586779661016966,3.1900000000000546,5.425347896578534,0.8677,0.8008492753623192,0.5703,0.04898583534749323,76.16775,4.7102065,0.0,10.632325636220491,13.696724949835724,5.924603080943883,81.54511910152497,8.30595833972869
487,ciclo1,35.47000000000003,24.054603773584926,5.390000000000043,5.257533672236656,0.8344,0.7597565217391302,0.6847000000000001,0.03673808385440636,74.531136,5.487213,0.0,12.41797422012324,14.513228874949856,5.911825393967828,76.91768763476982,8.532880882889003
494,ciclo1,35.07000000000005,22.705142857142896,5.57000000000005,5.288520787748525,0.8513000000000001,0.752705797101449,0.5592,0.05327866278749104,72.07452,5.207952,0.0,11.63028401910584,14.108736042073144,5.706343373011806,77.80094753362329,8.347313303639053
495,ciclo1,32.870000000000005,20.722669172932353,5.410000000000025,4.981201920697904,0.8607,0.7759666666666666,0.5586,0.05613179281166229,77.76144,5.204695,0.0,11.883031139933138,14.033014986365389,5.735371787920004,78.32129248954209,8.16436814724978
507,ciclo1,29.250000000000057,19.272784810126616,5.130000000000052,5.064568892572867,0.8649,0.7460869565217391,0.1316,0.13921183619618838,109.23208,4.711136,0.0,10.560374625392733,12.79561724024666,5.62840617640522,84.86968893718236,8.38221271904628
508,ciclo1,29.690000000000055,20.733257328990252,6.930000000000007,5.126315305172811,0.9047000000000001,0.7025115942028987,0.24530000000000002,0.12011242624324163,102.76103,4.7868934,0.0,10.845306250121267,12.562504575406479,5.550010381791137,85.12169570363935,8.335376158493323
513,ciclo1,31.79000000000002,20.72194719471951,7.930000000000007,5.098388133024693,0.8256,0.7095115942028988,0.2916,0.09450282034934224,70.99562,4.478413,0.0,10.146400488113676,12.188526281342565,5.36629712007847,82.99204858493597,7.372263891034704
516,ciclo1,31.090000000000032,19.788879551820777,7.090000000000032,4.777225719947579,0.8855000000000001,0.7984086956521738,0.3916,0.08268634596137399,76.74031,4.4672813,0.0,10.309734948290902,12.252936427461272,5.385201885038668,85.44146565425783,7.280994734614256
517,ciclo1,31.810000000000002,20.115642458100588,6.170000000000016,4.761909680487943,0.8753000000000001,0.7951710144927538,0.3044,0.09825216906031958,81.22227,4.534787,0.0,10.709080848717468,12.342559565360844,5.41750378829145,86.20735924158086,7.034630285031298
518,ciclo1,31.450000000000045,19.526724137931062,3.990000000000009,4.74577824047945,0.8817,0.7924608695652176,0.2106,0.11392944577121471,85.43178,4.5690837,0.0,10.837585756703104,12.342559565360844,5.41750378829145,86.20735924158086,7.034630285031298
519,ciclo1,32.55000000000001,20.508697916666677,8.450000000000045,4.745269944507513,0.8705,0.7963797101449276,0.30960000000000004,0.10875250132683599,86.14496,4.5251856,0.0,10.707400835085155,12.398481309653052,5.421830583821852,86.54151447185185,7.153446053260001
520,ciclo1,32.910000000000025,21.31450632911396,6.910000000000025,4.9782482758023905,0.8430000000000001,0.7813072463768116,0.4222,0.08691261865128379,84.32476,4.72567,0.0,11.063468624074627,12.313950599150765,5.339008043872235,86.09425561560481,6.960052203037681
522,ciclo1,32.81,21.363759590792874,9.850000000000023,4.670041641627009,0.8679,0.7996768115942029,0.3556,0.08952583489960794,97.304634,4.9866767,0.0,11.885493429978395,12.23109210600011,5.287246740010198,84.7120952972498,6.488844837085678
523,ciclo1,34.31,22.224025316455737,9.390000000000043,4.680186596882371,0.8835000000000001,0.8141492753623186,0.4571,0.06252354135934018,98.044136,4.9100447,0.0,11.548599683570883,12.289068918785484,5.253485959125689,83.96241174441096,6.560514898474565
529,ciclo1,30.590000000000032,19.627161572052422,3.430000000000007,5.359199719888252,0.859,0.7884724637681162,0.6146,0.05200728177570838,73.410385,4.691984,0.0,10.5513454386867,13.831944411022908,5.9872776269190595,81.81238784705417,8.14634279753045
537,ciclo1,36.25000000000006,25.148855098390047,8.370000000000005,5.753534196942654,0.8452000000000001,0.7344289855072464,0.6402,0.04816551506004875,85.70877,5.078971,0.0,11.871028007815552,14.540465970840263,6.14761663497109,75.77032933131257,9.013746188310998
551,ciclo1,34.09000000000003,22.191707779886197,7.250000000000057,5.171430726135073,0.8432000000000001,0.7435971014492757,0.46180000000000004,0.06267473885185848,69.691574,5.1578164,0.0,11.59666697467605,14.361249839333414,5.751791157496286,77.86471469126137,8.574875424848486
555,ciclo1,34.650000000000034,21.956311637080884,2.57000000000005,5.509555587049506,0.8430000000000001,0.7258608695652177,0.4701,0.07804619445436664,74.068214,5.1634183,0.0,11.48145158315841,13.97410482563478,5.6863425810503685,79.14886655078135,8.03686129370832
561,ciclo1,37.670000000000016,22.853846153846177,4.970000000000027,5.8168786745808125,0.801,0.6469739130434781,0.3773,0.07763733162274468,102.72342,4.636645,0.0,10.966408400354524,13.246149216502369,5.557570259904372,80.50115612115756,8.214885008744131
562,ciclo1,36.110000000000014,22.444916067146327,7.510000000000048,5.561935126829933,0.8226,0.6910362318840582,0.3956,0.08103393451093627,89.24498,4.643804,0.0,10.71685195960654,13.072160210109693,5.534818049480354,81.7751221902283,8.101285571976842
565,ciclo1,31.090000000000032,18.883440000000018,2.330000000000041,5.0972064146027085,0.88,0.7490188405797105,0.3467,0.10333702463069568,83.399475,4.7273955,0.0,10.818002339802957,12.947225762621104,5.680964722393521,84.50506537749045,8.704353623667403
566,ciclo1,29.870000000000005,18.95928571428574,1.830000000000041,5.153934647135015,0.8707,0.7603376811594205,0.3239,0.1250914055383111,100.966934,4.7363925,0.0,10.896710389432654,12.676463561707857,5.601386523503191,84.80126219362762,8.460193713396885
568,ciclo1,31.690000000000055,21.947006369426777,5.110000000000014,5.318719970160001,0.8194,0.6961579710144927,0.2464,0.11303287889735916,95.81497,4.7446823,0.0,10.635096309576072,12.381634537050308,5.491293034860572,84.60802214526109,8.129820613055864
570,ciclo1,32.150000000000034,22.291780821917843,7.4500000000000455,5.004193266984201,0.8560000000000001,0.7122710144927534,0.2751,0.09681753509498979,85.51989,4.591359,0.0,10.539811080401341,12.128594248465854,5.364140198040184,82.54497369048715,7.500843446811222
571,ciclo1,32.75000000000006,21.592582781456986,6.890000000000043,5.246787217974085,0.8172,0.7000463768115942,0.3262,0.08262844297408617,81.9448,4.5212092,0.0,10.38141313596191,12.073736706913344,5.353942283524161,81.864958375714,7.432658283525615
573,ciclo1,30.390000000000043,19.69980645161294,7.670000000000016,5.080949551967146,0.8981,0.7647521739130434,0.3139,0.14351892730673008,82.06904,4.42679,0.0,10.38369477927521,12.138480323351706,5.398448954127418,83.79583227996866,7.609499771294528
575,ciclo1,32.410000000000025,21.39997260273976,9.850000000000023,4.948950490574025,0.8383,0.7638101449275362,0.375,0.08545954741810059,92.918465,4.549273,0.0,10.470753167160588,12.22231183385398,5.396740783945385,85.98921505444982,7.132760414974351
576,ciclo1,31.850000000000023,20.25600566572241,7.850000000000023,4.862229308351615,0.8893000000000001,0.8142637681159417,0.3799,0.08430705949951088,99.26943,4.5629783,0.0,10.641743008161304,12.29237440371699,5.401118662469323,86.33364982760516,6.9484278066138785
577,ciclo1,31.57000000000005,19.538984615384642,7.3700000000000045,4.81598701918871,0.9056000000000001,0.8001623188405801,0.3163,0.11419552530821549,98.48108,4.5518236,0.0,10.856235359713372,12.29237440371699,5.401118662469323,86.33364982760516,6.9484278066138785
578,ciclo1,31.870000000000005,19.14262536873159,7.650000000000034,4.716002870857961,0.8848,0.7809072463768117,0.2305,0.13159454232861834,89.719246,4.4509296,0.0,10.58201554499557,12.378501660337983,5.428101973703735,86.27581101185136,6.893341257058587
579,ciclo1,31.870000000000005,19.619198813056435,7.3700000000000045,4.754175139517681,0.8825000000000001,0.788204347826087,0.1809,0.13217941960306726,92.94567,4.543211,0.0,10.817103754807885,12.347689139790035,5.383796723029492,85.75110583725588,6.827764729416366
582,ciclo1,32.99000000000001,21.565306122449023,7.930000000000007,4.640498566652602,0.878,0.8126652173913044,0.509,0.07407201514641812,125.24775,4.962308,0.0,11.95579094400948,12.308194294127938,5.270280018863743,83.84405845947134,6.739471114383479
597,ciclo1,37.47000000000003,25.062759856630834,5.410000000000025,5.737435446388227,0.8318000000000001,0.6843884057971016,0.5579000000000001,0.05852552654080616,83.981674,5.244854,0.0,12.017362991604855,14.457420805543459,6.042470374952725,76.42312383032404,8.703904795201668
602,ciclo1,33.450000000000045,22.576495412844054,6.650000000000034,5.215941655242775,0.8306,0.7709579710144928,0.6972,0.032070833766709585,87.90023,5.8019795,0.0,13.243079932375682,14.536243932484116,5.919692109666754,76.93971132384496,9.108595835608064
605,ciclo1,32.35000000000002,21.56250457038393,6.050000000000011,4.968153068840299,0.8552000000000001,0.7789550724637684,0.6466000000000001,0.043910869989732086,71.34417,5.5505824,0.0,12.551675448492842,14.53226386490419,5.82872999611053,77.59899922786225,9.746538832850211
615,ciclo1,35.150000000000034,22.747409766454364,4.090000000000032,5.181042128469477,0.8321000000000001,0.6950057971014492,0.37510000000000004,0.08638947346647174,73.98277,4.8932285,0.0,11.193628204439888,13.614166721525203,5.600094566146421,80.13685843413916,8.536439407530006
619,ciclo1,35.49000000000001,21.052648401826513,5.010000000000048,5.474811922679003,0.8314,0.7195971014492751,0.4612,0.07093242747122633,92.82625,4.539949,0.0,10.731105441109262,13.286289390018359,5.56525487209408,81.08084416785577,8.715299073042857
623,ciclo1,31.350000000000023,19.270000000000028,4.750000000000057,4.860135676450159,0.8510000000000001,0.7226869565217392,0.35350000000000004,0.09436193796819843,88.35947,4.5885596,0.0,10.74860283970361,12.876788405543481,5.6231133315436,84.59624619988236,8.811524529215973
624,ciclo1,30.850000000000023,19.226938775510234,4.650000000000034,5.068825638152576,0.8661000000000001,0.7712362318840582,0.1267,0.124794196923579,79.081406,4.6987615,0.0,10.858583739389964,12.639401369927045,5.552584995940187,84.62319187110572,8.613046173651984
625,ciclo1,30.910000000000025,20.78240356083089,5.670000000000016,5.01771856167136,0.8524,0.7502840579710146,0.3145,0.08963437426679235,96.16905,4.753431,0.0,11.110572392703798,12.391792617415614,5.474084707846133,84.52463295376441,8.223106374022798
631,ciclo1,33.03000000000003,21.81101492537315,8.950000000000045,5.187585195826359,0.7948000000000001,0.7163971014492754,0.44770000000000004,0.06813894366492697,81.45602,4.569196,0.0,10.677388223243264,12.108417015589119,5.359810573488378,84.48967897776684,7.392710690099844
633,ciclo1,31.410000000000025,20.161323943662005,8.670000000000016,4.776343488528935,0.9126000000000001,0.8216014492753624,0.31020000000000003,0.11615641814450177,91.01126,4.666054,0.0,11.01305232880671,12.147618491388219,5.347317378070103,85.81919835420767,7.312004381741016
634,ciclo1,32.670000000000016,21.519315789473712,8.990000000000009,4.761155383358912,0.8989,0.8166855072463767,0.2914,0.097153369376799,95.91572,4.7382855,0.0,11.29378638879366,12.088653822895054,5.3047233740532205,86.04301624180496,7.131140559914693
635,ciclo1,32.47000000000003,21.2225274725275,9.79000000000002,4.557610129815722,0.8823000000000001,0.8200739130434784,0.3902,0.0786081838350653,95.82654,4.668806,0.0,10.965092664917641,12.088653822895054,5.3047233740532205,86.04301624180496,7.131140559914693
636,ciclo1,32.370000000000005,20.361235294117684,7.230000000000018,4.61523458111871,0.8878,0.8108057971014492,0.1713,0.1127771406121589,102.18257,4.5931334,0.0,10.788360803806448,12.154235629287756,5.33293439772298,85.85288019370974,6.956353608091345
637,ciclo1,32.75000000000006,21.481501416430625,8.310000000000002,4.635745859308292,0.8736,0.7946956521739132,0.2097,0.10938973858928648,98.69848,4.8228054,0.0,11.163909517868143,12.197207077689589,5.323673184832404,85.17301813439288,6.808059808915373
638,ciclo1,32.79000000000002,21.194843304843356,8.750000000000057,4.647637934021867,0.8662000000000001,0.7786318840579709,0.29660000000000003,0.11953547347206081,86.95077,4.925883,0.0,11.5014239351739,12.154483326091418,5.270364541118995,84.44743900143854,6.821529536557842
639,ciclo1,33.13000000000005,22.416424581005636,8.410000000000025,4.935861933485746,0.7888000000000001,0.7065449275362319,0.5189,0.05808379138878878,107.2204,4.9560027,0.0,11.792529298229757,12.031693037506956,5.192880666420087,83.87725373326117,6.755381927745062
640,ciclo1,34.27000000000004,23.363461538461568,8.550000000000011,4.718318765598103,0.8126,0.717659420289855,0.3901,0.06955301870701312,118.05277,4.9616437,0.0,11.96912807610508,12.096102438420171,5.185261055535525,83.63776529772426,6.942776902401117
641,ciclo1,34.910000000000025,22.962142857142904,9.29000000000002,4.636594859557905,0.8373,0.7647536231884058,0.5071,0.06307119643867452,128.74042,4.6358786,0.0,11.179659080362612,12.470993612849398,5.319338188107982,82.78007752936549,7.311911232548359
642,ciclo1,38.07000000000005,24.32321266968327,8.090000000000032,5.115409166989792,0.5793,0.504459420289855,0.3225,0.045720186512485016,127.63312,4.370759,0.0,10.536384881556247,13.538657886822,5.784452454732748,82.42378789124291,7.6075612820654515
660,ciclo1,33.110000000000014,22.109672131147597,5.730000000000018,5.234761967991997,0.8618,0.7860289855072464,0.7144,0.035888297319293716,78.13998,5.555277,0.0,12.450509953088211,14.481588149835678,5.834616920302046,77.58544381075939,9.631233438701148
668,ciclo1,34.170000000000016,21.966974459724995,3.1900000000000546,5.118960275667909,0.8693000000000001,0.7563869565217394,0.44770000000000004,0.0729278995002564,72.04605,5.2550387,0.0,11.455787686447582,13.986100591844833,5.57902122952559,80.69067619210153,8.78495460152761
669,ciclo1,32.450000000000045,21.11842105263161,5.130000000000052,4.8903463047732565,0.8786,0.7709014492753624,0.4344,0.07930816521874332,62.011734,5.1892424,0.0,11.057352276754267,13.942094372666745,5.598817960422328,80.62448591987797,8.684032599023851
672,ciclo1,33.450000000000045,21.479788135593246,6.110000000000014,4.932659057632306,0.8462000000000001,0.7263333333333336,0.20020000000000002,0.1018095403784779,64.36928,4.8467364,0.0,10.91567422631316,13.694750958968129,5.643385890977281,81.11173178082808,8.575698541645867
673,ciclo1,33.77000000000004,21.462434782608746,3.07000000000005,5.166567962062979,0.8427,0.7114072463768115,0.4344,0.07888584178702,72.028114,4.7913165,0.0,10.878535060537853,13.694750958968129,5.643385890977281,81.11173178082808,8.575698541645867
677,ciclo1,29.950000000000045,19.396564551422358,4.890000000000043,5.127163066255773,0.862,0.7680318840579708,0.5266000000000001,0.07261003143207113,75.8876,4.7343755,0.0,10.43971265427105,13.880455943443007,5.988970843086308,81.44229738771476,8.42804973796426
681,ciclo1,29.99000000000001,18.881314984709505,7.110000000000014,4.972177555856382,0.8877,0.7633521739130436,0.08600000000000001,0.15940190169314158,78.283806,4.5835037,0.0,10.20823760320289,12.578715037506953,5.519979756125637,84.53953172260924,8.60652642815064
682,ciclo1,32.39000000000004,21.6649852507375,9.630000000000052,4.962438225446737,0.8079000000000001,0.6663637681159422,0.3447,0.08540269990473622,81.012115,4.772282,0.0,10.510959664405762,12.260255311479561,5.421490456349462,84.3389381379935,8.352389369770691
685,ciclo1,31.090000000000032,20.433461538461575,8.850000000000023,4.805550563970702,0.8678,0.7529565217391303,0.272,0.122298850502688,98.47679,4.5610213,0.0,10.689227561631347,12.273211240246647,5.420182565288676,83.06007296842499,7.857966343278357
686,ciclo1,32.51000000000005,21.22632911392407,6.850000000000023,5.254555269626328,0.8243,0.7211260869565218,0.2233,0.10441901189011542,91.78281,4.5647793,0.0,10.477856569008143,12.096033979972711,5.35656463565993,82.92103583690805,7.9243209166378845
687,ciclo1,31.370000000000005,20.42365079365082,6.830000000000041,5.004294315119833,0.88,0.7685318840579712,0.2066,0.12870306854528366,100.231804,4.631395,0.0,10.784915570511833,12.205413638420202,5.397602953049605,83.66143833782064,7.865934926430084
688,ciclo1,30.350000000000023,18.815375722543383,5.730000000000018,4.978589999673007,0.9034000000000001,0.7966159420289856,0.3209,0.13156173028767293,104.11978,4.695327,0.0,10.997683015019906,12.370006427461277,5.483976132661568,84.9113132823543,7.652830172372008
689,ciclo1,30.410000000000025,18.452832369942243,6.150000000000034,4.891383489372687,0.9065000000000001,0.7985753623188407,0.3433,0.13999906459914974,130.84976,4.7569885,0.0,11.793009483120846,12.306733848465843,5.463826218920224,86.28659069042787,7.509334944893799
690,ciclo1,30.690000000000055,19.013294117647092,6.930000000000007,4.833733519446851,0.8989,0.7986072463768118,0.1242,0.13853510863424193,101.49145,4.8856964,0.0,11.598875031231906,12.06145327129689,5.294195509777899,86.11821773421353,7.325328535435921
712,ciclo1,40.79000000000002,26.00890109890114,11.010000000000048,5.7493864843357025,0.8817,0.651927536231884,0.4591,0.11768372609109361,86.94756,5.9056177,0.0,13.40361309545986,14.262794400064024,5.848248221876112,76.41335741138192,9.193786382928625
714,ciclo1,34.39000000000004,23.445730337078658,8.130000000000052,5.10021338049048,0.8451000000000001,0.7299318840579708,0.6513,0.04972984259251866,98.76525,6.3826814,0.0,14.440801864837109,14.089442926091388,5.7027377541136985,77.07493144646747,9.706407990400734
717,ciclo1,33.33000000000004,21.87033027522937,1.9700000000000273,5.0621740879214965,0.8210000000000001,0.7160782608695652,0.5306000000000001,0.050551219167241215,71.69089,5.4287314,0.0,12.102814962713747,14.590388624721548,5.863631426765659,79.00293713747944,10.222907157046244
718,ciclo1,32.23000000000002,21.551225225225256,6.7900000000000205,5.108959233030698,0.8679,0.7843159420289855,0.6726000000000001,0.04300803303188773,69.16329,5.3675857,0.0,11.742231421124586,14.590388624721548,5.863631426765659,79.00293713747944,10.222907157046244
723,ciclo1,30.590000000000032,19.814499054820445,3.910000000000025,4.6551022259377515,0.8727,0.7937855072463769,0.31120000000000003,0.08292648092880339,61.10599,5.2017694,0.0,11.266998814549877,13.893278144356257,5.555072260861672,81.84429020180525,9.233464853748083
725,ciclo1,31.79000000000002,20.233263598326417,4.910000000000025,5.019241076171193,0.8703000000000001,0.7882724637681158,0.4989,0.06639930784530902,77.21167,5.093757,0.0,11.216839454001786,13.961336969927025,5.633297563590838,81.43642073503568,8.982112060554998
727,ciclo1,31.03000000000003,20.2800456621005,4.970000000000027,5.2533394899817045,0.8408,0.7378347826086958,0.4843,0.07629322880298221,75.688065,4.722026,0.0,10.30833200499709,13.880455943443007,5.988970843086308,81.44229738771476,8.42804973796426
728,ciclo1,33.25000000000006,20.893847780126865,1.57000000000005,4.91417241048793,0.8224,0.7092826086956521,0.3057,0.09023032999588185,69.77579,4.7736583,0.0,10.740444652739525,13.611717046639345,5.606019311744918,82.2275279496922,8.49174182560699
732,ciclo1,31.430000000000007,19.47430769230774,4.4500000000000455,4.951566287199794,0.8502000000000001,0.7625898550724638,0.33580000000000004,0.07980996295535724,72.502815,4.190927,0.0,9.501418201287933,13.095209866730661,5.505369800850152,82.92629122458105,8.96770553300327
736,ciclo1,28.57000000000005,18.11979797979802,4.670000000000016,4.645316633541134,0.9151,0.7825449275362323,0.3793,0.0913794105757312,92.49197,4.392606,0.0,10.06939305262614,12.795248639333433,5.604955442097338,84.39646680477496,9.000661965236697
737,ciclo1,29.870000000000005,17.818595041322357,5.690000000000055,4.799592149646664,0.8922,0.77131884057971,0.194,0.15202908214860006,98.309265,4.425759,0.0,10.101256824305603,12.753012924264919,5.638962644722519,84.15513292008961,8.755339641127732
739,ciclo1,32.910000000000025,21.321746987951848,8.53000000000003,4.974134115707429,0.8501000000000001,0.6849623188405799,0.20370000000000002,0.12533587235492724,77.998314,4.649983,0.0,10.505371380866587,12.460286708739806,5.514299917319039,83.92739731211203,8.452202240785258
742,ciclo1,31.950000000000045,20.920986842105293,7.830000000000041,5.110599055918307,0.8410000000000001,0.7428739130434783,0.4055,0.08950198063094471,96.1872,4.5660133,0.0,10.599199578477307,12.301461472210132,5.441806840589918,83.0679182859182,8.112437832790528
743,ciclo1,31.690000000000055,20.664392523364516,8.07000000000005,5.058090556987421,0.8501000000000001,0.7590101449275364,0.5362,0.07835964309002531,107.37125,4.7195053,0.0,10.579831007686643,12.41917558727864,5.496509350188232,84.10673539168532,7.915413015693678
745,ciclo1,30.99000000000001,19.261337209302347,7.490000000000009,4.7292189804829095,0.8877,0.7701898550724638,0.1464,0.14923098829698467,107.55588,4.731002,0.0,11.089520179982317,12.196477534310594,5.404386296439621,86.3499000061698,7.550401766986612
747,ciclo1,31.970000000000027,21.761956521739172,8.010000000000048,4.821339395160492,0.8527,0.7546362318840578,0.279,0.09750826344917682,114.12197,5.025893,0.0,12.37184388252964,11.867376683169054,5.201174849179817,85.6773034073043,7.007788348435283
748,ciclo1,35.690000000000055,24.600287356321868,8.650000000000034,5.265151854919051,0.6876,0.6120057971014492,0.3199,0.05630861875507144,119.76727,5.1082215,0.0,12.40779243797008,11.867376683169054,5.201174849179817,85.6773034073043,7.007788348435283
750,ciclo1,36.370000000000005,25.043154761904788,10.730000000000018,5.279249094318157,0.7001000000000001,0.6317971014492754,0.3457,0.0569309395290149,126.886406,5.345214,0.0,12.70646913542176,11.900048562621102,5.180268472631467,84.4528847557162,6.7261278761118435
752,ciclo1,33.610000000000014,22.01509803921571,10.29000000000002,4.510081803642002,0.8479,0.7500507246376811,0.3594,0.07895733322807691,116.80647,4.946616,0.0,12.4265625520151,11.983895917872243,5.211236264225486,83.22133082095799,7.098345350287941
753,ciclo1,33.97000000000003,23.47956097560979,11.050000000000011,4.520159753537667,0.785,0.6593666666666668,0.27190000000000003,0.080829730982034,107.88456,4.8710275,0.0,11.95732599555583,11.880391021068588,5.137563436965821,83.1671053982688,7.455174615925603
784,ciclo1,30.630000000000052,19.7404555314534,5.330000000000041,4.778765123424225,0.8487,0.7730710144927538,0.3541,0.07216302216880724,60.68573,4.755544,0.0,10.477994412361351,13.625861567187297,5.60481435781108,82.61736537530925,8.708676496835508
789,ciclo1,30.53000000000003,19.52664864864868,6.730000000000018,4.771999140346846,0.8425,0.7470347826086957,0.23770000000000002,0.10506615283396166,73.56623,4.152725,0.0,9.569840779630175,13.006655053945302,5.476889681934684,83.13111052605642,8.871870517963075
793,ciclo1,31.010000000000048,18.93005540166207,4.430000000000007,4.94503920503297,0.8773000000000001,0.7545782608695651,0.306,0.11154749410208172,87.05991,4.4150558,0.0,9.851298153109168,12.775320009196452,5.570154314492751,83.90779119662965,8.75819851443231
794,ciclo1,30.970000000000027,19.433039513677848,7.710000000000036,4.786990272367325,0.8626,0.7592014492753626,0.17950000000000002,0.1395228841992968,79.84145,4.547717,0.0,10.698849086283857,12.5736607781462,5.5092352309321715,83.73264340654167,8.513037074111683
795,ciclo1,30.730000000000018,19.3412804878049,7.330000000000041,4.944351131993829,0.8723000000000001,0.7672608695652174,0.1862,0.13289940100561007,74.7229,4.614154,0.0,10.74919095610597,12.37899025211882,5.427955644426595,83.74755689454025,8.207201455761915
796,ciclo1,33.13000000000005,21.470000000000024,8.350000000000023,5.170294013585273,0.8380000000000001,0.7039811594202899,0.10250000000000001,0.11634721682285232,75.708,4.5953975,0.0,10.546593242671939,12.37899025211882,5.427955644426595,83.74755689454025,8.207201455761915
798,ciclo1,31.49000000000001,20.17031152647976,7.490000000000009,5.059770711576821,0.8803000000000001,0.7846000000000002,0.3279,0.12860435338721943,85.9479,4.621184,0.0,10.917607123118074,12.623867207369956,5.548041678151204,83.24152066935,8.143438481254616
801,ciclo1,31.170000000000016,19.29605042016809,6.9500000000000455,4.774174846530546,0.8813000000000001,0.7822391304347827,0.30810000000000004,0.12180541409802609,115.11584,4.6598167,0.0,10.808602888780532,12.427557937963536,5.493203658872252,85.45305077342432,7.617460745010167
802,ciclo1,32.31,20.51027397260276,8.270000000000039,4.70319447621548,0.8673000000000001,0.7756840579710143,0.37270000000000003,0.09036471291414032,111.27509,4.738331,0.0,11.111181121586252,12.25795574618274,5.400324223079899,86.46371629902707,7.388179311960138
803,ciclo1,33.110000000000014,21.31123989218332,7.610000000000014,4.805819425390417,0.8364,0.7280753623188407,0.20140000000000002,0.10935312087525667,127.59093,4.9184184,0.0,11.86927278615481,12.139586224721576,5.310467750547476,86.15577958723047,7.2142532382368625
804,ciclo1,32.83000000000004,20.6201340482574,6.810000000000002,4.860015030288674,0.8921,0.7916637681159419,0.23650000000000002,0.12496803066084941,123.901375,5.16368,0.0,12.216372358800946,11.921412911479525,5.201863266819541,85.56894600869104,7.034926294407464
807,ciclo1,34.99000000000001,22.48541176470589,10.07000000000005,4.762970168964965,0.8577,0.7872304347826089,0.5532,0.05194521446300636,124.11712,5.42692,0.0,13.527209048737296,11.812275004630232,5.175307184415391,83.94377236812858,6.841813904224681
811,ciclo1,33.370000000000005,23.375870646766206,10.53000000000003,4.399804084645937,0.6949000000000001,0.6269942028985508,0.5293,0.04036899328157089,99.755905,4.7879386,0.0,11.59843738096384,12.294895326091419,5.3627282110638275,82.95059224654999,8.126199689218868
830,ciclo1,30.410000000000025,20.09344000000004,5.970000000000027,5.09301680405628,0.8230000000000001,0.742159420289855,0.6009,0.04903757600589333,65.4912,4.676117,0.0,10.442263393371338,13.694274067643935,5.883468743801701,80.89987135962757,8.248016170597639
832,ciclo1,33.27000000000004,22.96715827338136,7.330000000000041,5.005645717276645,0.7918000000000001,0.6985927536231882,0.5678000000000001,0.059917303684526545,72.099464,5.2055235,0.0,11.541591095509261,14.333539369927045,5.746171063392271,80.67392248460934,9.86733837867325
836,ciclo1,31.910000000000025,20.798031809145193,6.690000000000055,4.952790957969109,0.801,0.6740304347826089,0.5503,0.06919305340090995,76.775276,5.130235,0.0,11.372524027641607,13.663050447552582,5.484254810796992,82.85841783878827,9.015240659272523
837,ciclo1,32.03000000000003,21.242751091703084,5.410000000000025,5.034573379415269,0.8095,0.6842115942028986,0.5309,0.06117703115497651,67.39323,5.0561347,0.0,11.16696329995836,13.677965674949862,5.4998692952432835,82.68611040541059,9.007557065745772
843,ciclo1,29.57000000000005,18.85822535211271,5.990000000000009,4.803222856413303,0.879,0.7823695652173914,0.3094,0.09371834353158273,67.1744,4.1519146,0.0,9.075107354888965,13.006655053945302,5.476889681934684,83.13111052605642,8.871870517963075
845,ciclo1,30.170000000000016,19.003903133903155,6.2900000000000205,4.955957867433865,0.8725,0.7569231884057968,0.3028,0.09274481921532755,69.39666,4.201145,0.0,9.571708954344535,13.043576591844829,5.553721602671789,83.51855091319675,8.936955191711334
847,ciclo1,30.730000000000018,19.25949554896146,4.810000000000002,4.839394478100355,0.8743000000000001,0.7833999999999999,0.3551,0.10503779857953514,56.741543,4.2860274,0.0,9.39175191293847,13.005011247552613,5.642085687127663,84.20478201587564,9.103380005278913
850,ciclo1,32.710000000000036,21.608024691358043,9.090000000000032,4.9752963606134895,0.8586,0.731236231884058,0.2159,0.10303547154934345,80.80501,4.668939,0.0,10.876580908875582,12.37899025211882,5.427955644426595,83.74755689454025,8.207201455761915
853,ciclo1,31.730000000000018,20.18017647058826,7.470000000000027,5.020425687778402,0.883,0.7717405797101449,0.2906,0.11493934420397828,82.4028,4.674623,0.0,11.111190365143257,12.623867207369956,5.548041678151204,83.24152066935,8.143438481254616
856,ciclo1,30.57000000000005,18.812486486486517,5.930000000000007,4.887474369168244,0.8884000000000001,0.7498623188405795,0.36210000000000003,0.11426633153365605,114.039116,4.5349293,0.0,10.710840595893673,12.427557937963536,5.493203658872252,85.45305077342432,7.617460745010167
858,ciclo1,31.230000000000018,19.4811405835544,7.9500000000000455,4.737270366921025,0.9067000000000001,0.7836840579710145,0.2917,0.14771081286962515,126.86622,4.924318,0.0,11.553155774659881,12.139586224721576,5.310467750547476,86.15577958723047,7.2142532382368625
865,ciclo1,33.690000000000055,22.3118787878788,10.510000000000048,4.199594221073221,0.8911,0.8127913043478262,0.4595,0.07330919972940171,110.46512,4.9643736,0.0,11.73897261559017,11.788639565360794,5.145231230722339,82.97254055170676,7.592999451625438
884,ciclo1,36.190000000000055,23.72970149253735,7.750000000000057,5.274421513204326,0.8072,0.654504347826087,0.5207,0.07768143126709882,77.1404,5.3197303,0.0,11.832280631326608,14.233876973579978,5.718874198190915,79.68766184706017,9.930996086996918
886,ciclo1,29.870000000000005,20.37566406250006,4.510000000000048,4.797088467200158,0.7834,0.6580942028985507,0.4636,0.06583282711394202,63.62729,4.7070847,0.0,10.508130136663631,13.694274067643935,5.883468743801701,80.89987135962757,8.248016170597639
887,ciclo1,31.250000000000057,20.127326732673293,6.130000000000052,4.879553702828842,0.8209000000000001,0.7180318840579708,0.3685,0.08013377672250868,66.089165,4.510249,0.0,10.313891663593205,13.081751879516071,5.458575365722408,83.37543828804857,8.62984642370594
894,ciclo1,29.950000000000045,18.332382445141103,5.8700000000000045,4.881238790470869,0.8905000000000001,0.7774840579710143,0.1183,0.13020908784507457,64.05856,4.2362423,0.0,9.741535855179636,12.875097008283172,5.590318378492411,83.47716512757395,8.870221428779928
895,ciclo1,33.23000000000002,20.765185185185207,7.350000000000023,5.064255910661446,0.8591000000000001,0.7300594202898549,0.43760000000000004,0.08350837902737764,85.530464,4.417028,0.0,10.037336620662122,12.705982642986381,5.522629072804696,83.35648763092158,8.638492460558155
899,ciclo1,31.29000000000002,20.475632183908072,5.03000000000003,5.009297149668474,0.864,0.7661144927536233,0.2927,0.11820354009677335,86.69754,4.5799007,0.0,11.094001840873622,12.496013908739808,5.465820991034025,83.02859453155448,8.16750646526469
901,ciclo1,32.01000000000005,19.783314917127107,5.630000000000052,4.856705856211057,0.8473,0.7217173913043481,0.3648,0.09317342557711383,94.79217,4.283743,0.0,10.306025071106745,12.481404840246668,5.47679849832682,83.65576883013632,7.90881523323893
902,ciclo1,31.370000000000005,19.350962566844963,5.330000000000041,4.814291017787125,0.8174,0.7078289855072466,0.2901,0.11404428087554315,101.93723,4.2323775,0.0,10.023592273541947,12.410235795497817,5.464904214329467,84.31972725254403,7.75274669981217
905,ciclo1,31.690000000000055,19.782947368421098,8.050000000000011,4.889277069300448,0.8896000000000001,0.779978260869565,0.3511,0.13142430550752435,129.6052,4.872169,0.0,11.454121086130419,12.2660311233517,5.39480177147085,85.96834767162274,7.410817189349652
906,ciclo1,31.750000000000057,19.679523809523843,8.690000000000055,4.530556077319188,0.8427,0.7133724637681159,0.32180000000000003,0.11541659499905767,117.09209,5.1882114,0.0,12.613915877748996,12.094098279516064,5.3138604303748105,85.07306073530235,7.302835622740258
907,ciclo1,33.170000000000016,21.940235294117663,9.750000000000057,4.524881402793085,0.8795000000000001,0.7753782608695651,0.3422,0.10269689589253075,119.1305,5.564915,0.0,13.490616764565718,11.80692599093159,5.200726079859179,84.51056278311871,7.193935851264783
909,ciclo1,33.43000000000001,22.277222222222274,12.430000000000007,4.227626183586544,0.8406,0.7005275362318839,0.33180000000000004,0.09626594636818345,107.55949,5.720088,0.0,13.539581938229912,11.705983934310586,5.125739473080447,84.01570526454209,6.88874676077428
912,ciclo1,33.410000000000025,23.648637770897874,9.450000000000045,4.339699737305092,0.8384,0.7329565217391308,0.5844,0.050485028569275454,119.84675,5.2995205,0.0,13.047852430821859,11.63136942472155,5.115199049725637,83.04279351539475,7.433243956659209
918,ciclo1,37.33000000000004,25.08604355716881,4.53000000000003,5.337447437222029,0.8415,0.7115637681159424,0.611,0.050000011510180256,101.94512,5.5581512,0.0,12.652378957824196,14.46504126216448,5.869422363609109,77.29585560842658,9.418597241522477
926,ciclo1,37.63000000000005,25.233680297397832,10.370000000000005,5.313988188759879,0.8583000000000001,0.6723927536231883,0.5362,0.08707416182562498,86.29529,5.4112735,0.0,12.593822917127952,14.302706940703288,5.777833434106518,77.72281277271202,8.827907472959396
933,ciclo1,29.470000000000027,18.4728191489362,4.890000000000043,4.674786094691675,0.8898,0.7880231884057972,0.2796,0.12201317598715128,84.56416,4.5135994,0.0,10.536182389014789,13.160572242986376,5.536211010997981,83.47859357217477,8.528946475692702
934,ciclo1,30.930000000000007,19.570898876404527,6.53000000000003,4.5995826973513285,0.8636,0.7590420289855071,0.4323,0.10737584999012094,90.60926,4.4836173,0.0,10.701394071932919,13.160572242986376,5.536211010997981,83.47859357217477,8.528946475692702
939,ciclo1,30.690000000000055,19.059451219512216,5.930000000000007,4.823252590576039,0.8802000000000001,0.7646768115942028,0.1781,0.12086957894554007,85.57105,4.232822,0.0,10.017239226783426,12.88421005668502,5.559453909218921,82.99372201008505,8.59898170994806
941,ciclo1,30.57000000000005,20.78456238361269,4.650000000000034,4.704832834073342,0.7175,0.5601710144927536,0.379,0.0751434359836872,97.90531,4.7480917,0.0,10.876379668643937,13.676129395497803,5.858328121930513,79.6992757462664,7.995759789066745
945,ciclo1,32.03000000000003,20.344358974358993,5.630000000000052,5.010693189720187,0.8676,0.7560144927536232,0.3916,0.11090448727263713,102.18935,4.5734005,0.0,11.586161432846799,12.596791937963577,5.483675338340756,82.96950206814373,8.043161213393818
946,ciclo1,32.870000000000005,20.491412429378563,6.8700000000000045,4.9748601018814265,0.8438,0.7146014492753622,0.2625,0.11279510665297636,86.89247,4.4256263,0.0,11.021438992520029,12.56882054070326,5.4813666650504755,83.11238936901334,7.9762195761864
949,ciclo1,32.47000000000003,20.527863013698674,6.990000000000009,4.8522655443350216,0.7941,0.7005376811594203,0.44730000000000003,0.07010350753376067,93.01022,4.3696265,0.0,10.326996871462793,12.452886432940728,5.472962597496603,85.16032458570345,7.728203493844387
953,ciclo1,33.31,22.007868852459058,9.150000000000034,4.493847262399148,0.8737,0.7739188405797099,0.31020000000000003,0.10696492622413431,139.86374,5.5173726,0.0,13.413851301521929,12.103767658511513,5.36693585572106,85.483984749343,7.440557391103324
955,ciclo1,38.170000000000016,25.63813056379825,14.07000000000005,5.502992259208746,0.628,0.5700637681159421,0.3911,0.03830278292766855,125.002556,6.1966395,0.0,14.651116028319361,11.719418327004664,5.189751370772987,84.4728331640608,6.873699014075271
959,ciclo1,33.97000000000003,23.914451410658334,8.850000000000023,4.60905762166906,0.7976000000000001,0.7042347826086959,0.2651,0.07845409776956533,133.81987,5.753263,0.0,14.174380894104162,11.90979141376265,5.279031190766989,82.98399265462353,7.435546694078829
974,ciclo1,31.910000000000025,20.041858407079676,4.430000000000007,4.79605883222196,0.8400000000000001,0.7338318840579711,0.21610000000000001,0.10554336905520179,69.31673,4.5497184,0.0,10.5148157186654,12.893588297780925,5.460827353014397,83.19331097309724,8.32566238578396
976,ciclo1,33.97000000000003,21.140849673202673,7.810000000000002,5.295813113484629,0.8509,0.738085507246377,0.374,0.07936548783649569,83.48331,4.209594,0.0,9.915850646130604,12.715455795497778,5.415100746281099,83.12893606772695,8.059992661412199
978,ciclo1,32.63000000000005,20.347483443708654,7.8700000000000045,5.097722802674171,0.8609,0.7503724637681155,0.34550000000000003,0.0984025816853211,83.11869,4.326106,0.0,10.159116580168158,12.744160579059436,5.475594984385279,82.32066216565532,8.287901548429323
979,ciclo1,33.670000000000016,21.107152542372912,8.270000000000039,5.135613642516886,0.8585,0.6966521739130436,0.4131,0.09102252883843369,81.50961,4.347333,0.0,10.177196438137187,12.685137220155331,5.463999820761111,82.32423340198437,8.210648624480303
982,ciclo1,35.73000000000002,22.259281045751656,9.730000000000018,5.239239093655743,0.8741,0.6592985507246375,0.2482,0.10831605591469025,81.0545,4.5226912,0.0,10.677735116089535,12.496950259424743,5.3889194643146725,83.15224342653615,7.542880284965792
984,ciclo1,34.610000000000014,21.69328358208958,9.750000000000057,4.987909916737798,0.8488,0.7007855072463771,0.2394,0.11642897601811264,86.684044,4.508427,0.0,10.844863387971182,12.47558595622839,5.408210250757815,83.18683979666959,7.54534550415522
991,ciclo1,30.29000000000002,19.18745152354574,4.550000000000011,4.785594049099268,0.8716,0.7685173913043478,0.23170000000000002,0.1453279000678201,100.46854,4.8355346,0.0,11.878418802724092,12.461231722438455,5.491294649602819,85.83378674281313,7.518231075226113
992,ciclo1,33.27000000000004,20.978609625668486,8.750000000000057,4.717710594560097,0.8864000000000001,0.7847652173913042,0.2645,0.11505409921724503,109.68914,5.2830396,0.0,12.503401255127688,11.964273428374506,5.2973961276530295,86.03638393461472,7.3772800582015226
993,ciclo1,33.650000000000034,22.202030848329066,8.150000000000034,4.741008888875423,0.8855000000000001,0.8177695652173915,0.5088,0.05824738422775718,131.60963,5.5534415,0.0,13.284070228143582,11.964273428374506,5.2973961276530295,86.03638393461472,7.3772800582015226
994,ciclo1,31.83000000000004,20.67416422287394,7.990000000000009,4.478652946965694,0.902,0.8117260869565217,0.3884,0.0902774734804962,130.31303,5.9192767,0.0,14.249726512988067,11.951145899607392,5.2775364593205385,85.8436456564819,7.658257113614831
995,ciclo1,33.13000000000005,23.60667638483969,10.670000000000016,4.485769339022146,0.8411000000000001,0.7230521739130435,0.48600000000000004,0.0635162825380096,131.58015,6.4356966,0.0,15.424390043012222,11.665966023808318,5.18320754644873,85.38763622960383,7.020512295827964
997,ciclo1,34.83000000000004,23.722258064516183,14.170000000000016,4.351891179318179,0.8389000000000001,0.7695057971014492,0.4892,0.05503611958657134,163.38048,6.538177,0.0,16.80938064389652,11.519061715132509,5.19607106268083,84.02170481853621,6.520969103114382
1000,ciclo1,31.650000000000034,20.55048417132219,6.850000000000023,5.053067411817456,0.8160000000000001,0.6933376811594203,0.5736,0.05353464570047339,97.49645,4.789798,0.0,11.059544126360125,13.848667296867676,5.909124914114692,79.69153983881932,7.90981505433061
1001,ciclo1,37.690000000000055,24.851174311926613,8.150000000000034,5.409457984420712,0.8322,0.6858449275362319,0.5832,0.05149385931093051,96.88963,5.562778,0.0,13.175915366145508,14.518048615589127,5.843283973710657,78.61767907277203,10.388588812990392
1003,ciclo1,34.610000000000014,23.15813868613143,8.510000000000048,5.073824070274188,0.8971,0.773226086956522,0.6976,0.04944207752122941,101.06092,5.449415,0.0,12.815733917387895,14.468812761707849,5.820985233220872,78.61426279165937,9.167887398643577
1010,ciclo1,35.43000000000001,22.410279720279746,8.190000000000055,5.385234402707717,0.8550000000000001,0.6919884057971013,0.4263,0.0908087216270858,78.44908,4.4423194,0.0,10.599634204939644,12.593376999150756,5.430074686937643,82.31840262217163,7.5136103563544365
1013,ciclo1,32.51000000000005,21.29193333333336,8.250000000000057,5.2276013870820695,0.8649,0.6894391304347826,0.40080000000000005,0.09413455866723906,84.224945,4.5420437,0.0,11.015152000377302,12.589913886822012,5.437880006675616,82.7563969264532,7.5753159486790835
1016,ciclo1,34.710000000000036,21.603293051359554,8.390000000000043,5.068053342705967,0.8344,0.6846666666666669,0.275,0.10935630326049757,89.848175,4.4091463,0.0,10.925343638159122,12.589692009196428,5.447984340309201,82.61748584839611,7.801519679897319
1019,ciclo1,35.13000000000005,21.937305389221592,9.750000000000057,5.076464590546483,0.8551000000000001,0.6644000000000001,0.3029,0.09300302005381529,79.63065,4.4102054,0.0,10.68975952083533,12.507915892301462,5.448592413605524,83.4686669976924,7.476780345546123
1024,ciclo1,31.03000000000003,20.03849462365596,3.9500000000000455,4.739458579449202,0.8565,0.7514652173913045,0.1615,0.10567090124476096,108.21954,5.5546184,0.0,12.86617809775404,12.194048401890502,5.387378634266826,85.64637671001867,7.8040950282197175
1025,ciclo1,31.77000000000004,20.02433333333338,8.230000000000018,4.716005030154637,0.9058,0.789469565217391,0.15510000000000002,0.12412619140441436,109.149,5.74196,0.0,13.693388820729286,12.066761620155333,5.381522701834456,86.17106017578851,7.718655942357776
1026,ciclo1,32.55000000000001,20.126857142857162,8.550000000000011,4.42862408263635,0.874,0.7691579710144929,0.31470000000000004,0.11101034082371025,116.99288,6.3411245,0.0,15.081117656415584,11.990545295041189,5.371681142997131,85.66650307593058,7.097093976704035
1027,ciclo1,31.710000000000036,22.39818791946313,10.07000000000005,4.239020726106822,0.8738,0.7799768115942031,0.3063,0.09593221058390758,177.56184,6.6311917,0.0,16.57258461273719,11.753736367187294,5.296954956467781,85.07575677819756,6.631580911923421
1031,ciclo1,34.370000000000005,23.27083565459612,8.130000000000052,4.412267827282952,0.8485,0.7611666666666668,0.5492,0.06847496457061174,161.33635,6.7805123,0.0,16.972801193715952,12.473978652118808,5.629840837056431,82.00405263394646,7.037883144937219
1034,ciclo1,35.190000000000055,22.10929328621913,9.630000000000052,5.301808698197787,0.8478,0.6991333333333333,0.392,0.0946469253757984,86.65391,4.5586247,0.0,10.927888946703991,12.601438288648502,5.4051782835830675,82.04218594620842,7.412465923982194
1042,ciclo1,35.07000000000005,22.02202453987734,7.390000000000043,5.149511878649688,0.8188000000000001,0.6720797101449276,0.3251,0.09032297536162619,75.10546,4.30714,0.0,10.520876859002707,12.57880776810055,5.428553855856153,82.31380068714918,7.37882555841855
1047,ciclo1,32.150000000000034,20.02416666666669,6.4500000000000455,4.736283631592268,0.88,0.7802507246376811,0.1983,0.12293101827081042,113.575325,5.5050945,0.0,13.195708975989247,12.004254120611956,5.358330721379961,85.90232027686035,7.970062610661667
1048,ciclo1,32.27000000000004,19.96318750000005,8.950000000000045,4.414581502231314,0.8821,0.7606449275362316,0.2525,0.143496651009987,133.38762,6.09354,0.0,14.882486470548486,11.716302358054877,5.3065378010121345,85.47753288037761,6.795776329128977
1052,ciclo1,31.170000000000016,21.840028169014136,7.53000000000003,4.100124731774228,0.896,0.809813043478261,0.40040000000000003,0.07956715131885889,156.70016,7.1314187,0.0,17.83031897308805,12.352823433853981,5.636451218750139,83.97052705348612,6.14600742096894
1055,ciclo1,34.150000000000034,22.52689045936399,7.710000000000036,5.374383049021709,0.8766,0.6821014492753624,0.46090000000000003,0.08656337293642949,95.01429,4.6558313,0.0,11.140617987155213,12.668676440246678,5.398799500747095,81.96970417664193,7.360553210163829
1059,ciclo1,32.35000000000002,20.80828382838288,7.710000000000036,4.927798130452382,0.8612000000000001,0.7142260869565216,0.3972,0.09709855691128302,85.825005,4.581722,0.0,10.908330666365151,12.974903421068571,5.547589956163281,81.66108923942723,7.957863294602017
1061,ciclo1,36.05000000000001,22.370316455696237,9.130000000000052,5.2582262159239885,0.8544,0.6578289855072463,0.4491,0.09203608634022897,80.64703,4.49488,0.0,10.875917797666645,12.780731459424752,5.4617300186976285,81.4471813938722,7.724193597309438
1062,ciclo1,32.49000000000001,20.660760667903592,5.7900000000000205,5.216912981259683,0.8565,0.791955072463768,0.6959000000000001,0.04380216239858928,97.92594,4.7817807,0.0,11.020880195696433,13.76680436536081,5.8658467663288185,78.72713887223553,8.08850100761297
1063,ciclo1,33.43000000000001,21.31777479892765,8.57000000000005,4.765962048127315,0.8425,0.707659420289855,0.2318,0.10879704988386571,103.6083,5.0435343,0.0,12.2782577210864,12.10930563294073,5.3178312131501135,85.18602820868139,8.049902930432536
1065,ciclo1,30.630000000000052,19.44247126436784,7.470000000000027,4.579612703443636,0.8605,0.7460681159420293,0.1834,0.1470614004596227,124.947105,5.9799776,0.0,14.281484390717656,11.89946639641104,5.328383188210984,86.21909013170854,7.511173588134919
1066,ciclo1,32.410000000000025,21.835370370370402,12.150000000000034,4.379198252187437,0.9065000000000001,0.778544927536232,0.1854,0.15716717079504597,104.11486,6.0148344,0.0,14.16158343331845,11.773110358054907,5.322729501894571,85.69765460939294,7.045189112153049
1068,ciclo1,31.83000000000004,22.88640000000003,12.510000000000048,3.9667353485850088,0.7766000000000001,0.6479869565217392,0.3307,0.0825010002803524,205.0404,7.346221,0.0,19.444173193023033,11.823366743442998,5.423346194091439,85.46060629637647,6.075518703904001
1069,ciclo1,32.03000000000003,22.23063492063494,11.090000000000032,4.146031750893408,0.8984000000000001,0.7956463768115946,0.4636,0.09101817556935315,218.44295,7.306564,0.0,18.879377641974354,11.581245132484108,5.254931704491175,84.89729749631094,6.236442960662243
1072,ciclo1,32.150000000000034,22.635786163522045,11.190000000000055,4.183806665995075,0.8586,0.7512478260869567,0.2263,0.12634349958180802,180.63385,6.488553,0.0,16.35346950686607,11.578726999150769,5.318482271552371,86.1785043158955,6.938905685753648
1073,ciclo1,33.33000000000004,23.83201892744481,11.410000000000025,4.393251890113956,0.8494,0.7611144927536235,0.3497,0.08872355580778528,212.49707,6.949197,0.0,17.40687937129747,11.520959970840268,5.27885172275001,85.74751534131173,6.089031294852609
1074,ciclo1,32.93000000000001,23.741012658227866,10.470000000000027,4.478877881321338,0.8478,0.7532681159420291,0.40090000000000003,0.06503678890399593,153.24738,7.091273,0.0,17.907562045715768,11.66047154526951,5.32370921343849,85.52632641753995,5.831669331450337
1123,ciclo1,33.410000000000025,21.85521072796938,4.190000000000055,5.341675700105337,0.8465,0.7608115942028989,0.6721,0.05006874849363478,87.84398,4.8545175,0.0,11.177752367811527,13.91693236353434,5.910651450149649,78.25361723673755,8.176427847653601
1187,ciclo1,36.450000000000045,22.662198019802,5.190000000000055,5.802515818347656,0.811,0.7082492753623186,0.5710000000000001,0.04976244035906619,84.74427,4.910788,0.0,11.16514471563707,13.953764144356246,5.878855981473254,77.78444469948428,8.427385164255192
1188,ciclo1,35.39000000000004,22.533420523138876,5.430000000000007,5.593719995724178,0.7902,0.6929594202898551,0.5968,0.048277519954914534,85.84523,4.9236054,0.0,11.442128028093292,13.953764144356246,5.878855981473254,77.78444469948428,8.427385164255192
1190,ciclo1,33.39000000000004,21.590083682008412,4.3700000000000045,5.386259753786145,0.8255,0.7393028985507245,0.42500000000000004,0.06134654702734518,75.47014,4.9023614,0.0,10.95978279798196,13.88380817175349,5.860662210914403,78.29504646786978,8.28192841953604
1191,ciclo1,34.55000000000001,21.589354838709692,4.630000000000052,5.656576780535203,0.8306,0.7193724637681159,0.6105,0.058816688660144265,79.15042,4.8585324,0.0,11.076261882644122,13.75708564755261,5.817410652718558,79.15439802762283,7.891673201719536
1195,ciclo1,33.53000000000003,20.968741865509784,5.830000000000041,5.647056951474178,0.8077000000000001,0.6748318840579708,0.3381,0.0826192866081451,98.047386,4.808372,0.0,11.134471809113109,13.674073019242103,5.802151842318034,79.70764188410043,7.752784193323871
1249,ciclo1,33.650000000000034,21.95459203036055,6.610000000000014,5.494734910856228,0.808,0.7138608695652174,0.6168,0.05265803878344823,76.21889,4.9392676,0.0,11.015869378697865,14.257184034767217,5.992982217280888,77.12908899110127,8.154732919687742
1318,ciclo1,31.510000000000048,21.35010928961751,5.2900000000000205,5.035225206902961,0.8494,0.752986956521739,0.6367,0.05188509297810149,68.94111,4.885668,0.0,10.939426526901412,14.257184034767217,5.992982217280888,77.12908899110127,8.154732919687742
1388,ciclo1,33.93000000000001,22.334270833333377,6.890000000000043,5.4175876610847755,0.7975,0.6844434782608694,0.5928,0.0463599823631697,61.054516,4.807158,0.0,10.534344950522193,14.417478951662176,6.005529265671232,76.12330658257727,8.277995923396997
1461,ciclo1,35.410000000000025,23.841735241502708,5.53000000000003,5.536335887291799,0.7937000000000001,0.7161304347826084,0.5658000000000001,0.04618874731005593,73.15319,4.9865637,0.0,11.19768194209252,14.769448292301444,6.186737757609669,76.67490824465236,8.103325798266395
1536,ciclo1,34.110000000000014,22.688682842287722,4.310000000000002,5.6618758793414345,0.7357,0.6431086956521739,0.557,0.04362332091077401,73.92464,5.1424675,0.0,11.369119278707656,14.950844173580004,6.22894806236757,77.07547247288385,8.02617311278601
1542,ciclo1,34.57000000000005,23.364148148148157,6.690000000000055,5.501845196899445,0.8389000000000001,0.7515304347826087,0.6341,0.045315925806441164,61.693245,4.8205175,0.0,10.565355931291249,14.375897833854001,5.9276689188188305,76.36138126365321,8.169875392571432
1616,ciclo1,34.85000000000002,23.11651408450708,6.890000000000043,5.758892740351421,0.8141,0.735553623188406,0.6382,0.03944033313977736,79.13049,5.157814,0.0,11.485645679234214,14.643055163534331,6.062546345657608,76.54400090904427,8.142164056694712
1618,ciclo1,34.870000000000005,22.942696629213525,6.230000000000018,5.4630257212977575,0.8242,0.7412637681159421,0.6597000000000001,0.04011510601667365,74.67084,5.0655484,0.0,11.312268647702835,14.550133150748946,5.999294629686364,76.6654486789701,8.089961970870206
1619,ciclo1,35.03000000000003,23.189235181644392,7.8700000000000045,5.353147872913514,0.8165,0.750463768115942,0.6615,0.03938222570834847,69.84808,4.9352913,0.0,10.903071305605076,14.550133150748946,5.999294629686364,76.6654486789701,8.089961970870206
1693,ciclo1,34.690000000000055,23.41688524590166,2.150000000000034,5.502322605099072,0.8103,0.746178260869565,0.6575000000000001,0.037293030275382784,79.411896,5.307917,0.0,11.953528712691655,14.711698374493224,6.0470884604885935,77.06469269647484,8.149257512994696
1694,ciclo1,35.110000000000014,23.763570093457997,8.130000000000052,5.397990259644488,0.8154,0.7469231884057972,0.6241,0.04206765821976131,77.3668,5.262871,0.0,11.81989521002,14.488944937050332,5.926600264220244,76.55197765080871,8.33841823275545
1703,ciclo1,34.51000000000005,23.51860759493673,3.2100000000000364,5.61661405080922,0.8142,0.7274101449275363,0.6032000000000001,0.05140210096909435,77.01264,4.512144,0.0,10.374422767819475,14.198265483169038,5.780580864890704,77.54277545540275,8.05901711825695
1770,ciclo1,38.05000000000001,24.333523489932915,6.670000000000016,6.199430613694423,0.8173,0.7024637681159419,0.5800000000000001,0.057357867107613925,91.63564,5.0957775,0.0,12.021864100063507,14.447289574493235,6.123606269376067,76.56209203888943,8.847341141127467
1774,ciclo1,33.710000000000036,23.379445438282676,5.810000000000002,5.654520778817443,0.764,0.6677014492753622,0.5634,0.04330498680241926,82.95881,5.312074,0.0,12.043040687824984,15.134875589105105,6.332055662572701,77.85751004752022,7.961065511865755
1775,ciclo1,33.49000000000001,22.719018932874405,4.770000000000039,5.3039937443322085,0.6925,0.6058884057971015,0.4938,0.04640794702132233,80.188095,5.3286724,0.0,12.111264903739185,15.134875589105105,6.332055662572701,77.85751004752022,7.961065511865755
1787,ciclo1,35.670000000000016,23.216353383458685,4.710000000000036,5.508884916022164,0.8331000000000001,0.7348637681159422,0.4868,0.05654318337165829,104.23527,4.616219,0.0,10.491283869637547,14.351418253945276,5.836360176140301,77.25186167098903,8.078137582308031
1859,ciclo1,34.110000000000014,23.436608084358575,7.010000000000048,5.5241510260108075,0.7963,0.6905159420289856,0.4535,0.053620544470657616,102.77844,5.184043,0.0,12.230901645026057,14.610726001890486,6.1442944668595905,77.71659870008321,8.3523461513736
1861,ciclo1,38.43000000000001,24.123868092691676,4.7900000000000205,5.925306268735927,0.7863,0.679227536231884,0.451,0.05683879794560267,104.28044,5.2317176,0.0,12.210087676052645,14.669829992758087,6.1270811326185,77.90465524740495,8.214556446768395
1864,ciclo1,35.05000000000001,24.65207156308857,4.810000000000002,5.764345328357457,0.8273,0.7329072463768118,0.6095,0.04137683423436196,81.97037,5.2968845,0.0,12.10150800613294,14.668212562621084,6.087989439991837,77.81550772870696,8.171736996938813
1869,ciclo1,34.53000000000003,23.762393320964765,7.050000000000011,5.587458194672204,0.8284,0.7586507246376808,0.6886,0.03393224546186412,87.312164,5.4197574,0.0,12.257024381322038,14.546710955315156,5.954582099171129,77.20171785654473,8.389488027876112
1959,ciclo1,35.51000000000005,24.018007889546386,8.79000000000002,5.254257799687632,0.8546,0.754172463768116,0.6333000000000001,0.04875065777054118,88.9517,5.292727,0.0,12.336424837522783,14.532805583625661,6.130049588619984,76.64983853289196,8.945955119634469
1961,ciclo1,42.710000000000036,24.043831417624553,6.150000000000034,5.388870135340492,0.863,0.7710710144927537,0.5308,0.0457398000079544,101.17885,5.292466,0.0,12.246180646577319,14.610726001890486,6.1442944668595905,77.71659870008321,8.3523461513736
1965,ciclo1,34.85000000000002,24.049519038076205,6.470000000000027,5.486985711073465,0.8289000000000001,0.7364565217391303,0.642,0.04330834668109306,72.76329,5.419398,0.0,12.173203920002258,14.668212562621084,6.087989439991837,77.81550772870696,8.171736996938813
1970,ciclo1,35.53000000000003,24.218401486988892,6.190000000000055,5.499666435521761,0.8325,0.7516942028985506,0.6538,0.04204658522059216,83.86767,5.4345865,0.0,12.397964427008656,14.546710955315156,5.954582099171129,77.20171785654473,8.389488027876112
1980,ciclo1,35.370000000000005,22.4774115456239,4.510000000000048,5.358295210636956,0.8529,0.7411333333333334,0.6347,0.05604724111599825,73.55011,5.0382767,0.0,11.101794024767921,14.363644445726123,5.786423192413451,77.32071874647708,8.395306170850848
2001,ciclo1,30.310000000000002,19.838125000000037,5.230000000000018,4.994834758242985,0.8711000000000001,0.7156826086956523,0.267,0.11499687450890875,86.629395,4.621099,0.0,11.149999815946824,12.938921738876799,5.582096123370524,81.80539676635391,7.798405261821159
2002,ciclo1,30.310000000000002,19.838125000000037,5.230000000000018,4.994834758242985,0.8711000000000001,0.7156826086956523,0.267,0.11499687450890875,86.629395,4.621099,0.0,11.149999815946824,12.938921738876799,5.582096123370524,81.80539676635391,7.798405261821159
2051,ciclo1,34.650000000000034,24.05567272727278,6.210000000000036,5.6656038916012115,0.7180000000000001,0.6379217391304349,0.4868,0.043407692731585415,100.67717,4.967668,0.0,12.033639163387317,14.707424067643919,6.251466488814942,76.6813799372039,9.959509490256865
2056,ciclo1,36.670000000000016,24.841006944444473,2.730000000000018,5.918857137944418,0.8332,0.7379492753623189,0.6508,0.03796086704767411,99.41852,5.0916924,0.0,12.357106783644097,14.635147620155331,6.220049466573796,76.22254412027313,9.410922139634476
2077,ciclo1,36.43000000000001,23.67831372549021,5.590000000000032,5.398581503924781,0.8504,0.7714202898550722,0.5893,0.045832595766539946,101.17885,5.292466,0.0,12.246180646577319,14.610726001890486,6.1442944668595905,77.71659870008321,8.3523461513736
2079,ciclo1,35.31,24.00709803921573,5.130000000000052,5.45935981758289,0.8503000000000001,0.7339086956521741,0.47550000000000003,0.05758522037419482,74.950935,5.3756127,0.0,12.174009350027877,14.669829992758087,6.1270811326185,77.90465524740495,8.214556446768395
2081,ciclo1,35.650000000000034,24.139560000000046,6.210000000000036,5.889627272281268,0.7741,0.6983405797101447,0.6183000000000001,0.03874834197048273,72.76329,5.419398,0.0,12.173203920002258,14.668212562621084,6.087989439991837,77.81550772870696,8.171736996938813
2083,ciclo1,35.690000000000055,23.57941176470593,5.630000000000052,5.646855314960365,0.8309000000000001,0.7603144927536235,0.6666000000000001,0.03707827707080561,75.38281,5.4607663,0.0,12.210351096294747,14.698702949835715,6.066468566715489,77.52287046989025,8.250924534909792
2088,ciclo1,34.55000000000001,23.244809437386596,4.270000000000039,5.180174119762237,0.8666,0.7930898550724642,0.7251000000000001,0.03523782200957427,77.99459,5.459554,0.0,12.285022379679035,14.513228874949856,5.911825393967828,76.91768763476982,8.532880882889003
2099,ciclo1,34.450000000000045,23.109924528301896,5.230000000000018,5.40437879714071,0.7956000000000001,0.7154695652173916,0.5624,0.04838193849231685,72.78065,5.124996,0.0,11.378174446395093,14.30436109230146,5.76865007714642,78.08926226202537,8.106480256408739
2100,ciclo1,34.07000000000005,22.891940298507503,5.250000000000057,5.155541212177879,0.8516,0.7596420289855073,0.611,0.053559365426306994,72.78065,5.124996,0.0,11.378174446395093,14.30436109230146,5.76865007714642,78.08926226202537,8.106480256408739
2101,ciclo1,34.75000000000006,22.996082089552274,5.330000000000041,5.164331705401025,0.8501000000000001,0.7432057971014493,0.5748,0.054594438544752336,72.07452,5.207952,0.0,11.63028401910584,14.108736042073144,5.706343373011806,77.80094753362329,8.347313303639053
2166,ciclo1,37.910000000000025,26.08834896810512,4.330000000000041,5.9736367889335105,0.8245,0.7296275362318844,0.6045,0.0451838815818107,89.77629,5.116556,0.0,12.03673471824453,14.430903790018363,6.105377241715149,76.32834629672446,9.671286730673089
2170,ciclo1,36.870000000000005,24.558868940754063,3.390000000000043,5.805868353510936,0.8426,0.7518710144927537,0.507,0.04893206796960597,99.166954,5.1980352,0.0,12.366453167652459,14.597658073123364,6.19775699572719,75.62387264857729,9.535369106093153
2172,ciclo1,37.03000000000003,24.551124780316357,3.5500000000000114,5.910508243625278,0.8143,0.7302507246376814,0.6365000000000001,0.039745533422146664,99.99847,5.1736145,0.0,12.422627935109743,14.69072670508686,6.258391921316013,75.88093044414337,9.211129091493923
2179,ciclo1,37.09000000000003,25.25485268630852,6.8700000000000045,5.877343275077545,0.8082,0.7255333333333335,0.5889,0.04805513640876866,96.67034,5.039915,0.0,11.956246333613407,14.715249348009225,6.280341202686423,76.10127574796573,8.914477958969924
2194,ciclo1,35.110000000000014,23.800919117647073,6.330000000000041,5.738089509065436,0.8426,0.743014492753623,0.6528,0.04141717516509049,73.30019,5.4488444,0.0,12.075130538843574,14.540542637506931,6.038325253658871,77.1806717002884,8.534951551255395
2195,ciclo1,34.13000000000005,23.214708097928487,6.850000000000023,5.588172172481215,0.8485,0.7636014492753624,0.6754,0.038395597168913415,82.62992,5.486668,0.0,12.265209158934194,14.557347527004652,5.992893495365196,77.3539663896094,8.486166174832755
2216,ciclo1,33.97000000000003,22.580442804428078,4.010000000000048,5.190272567430236,0.8468,0.7608898550724639,0.6659,0.04609234003740509,69.55671,5.2377267,0.0,11.578666070010858,14.184052957141644,5.7229096689778,78.27238906752875,8.459256452665572
2281,ciclo1,38.43000000000001,25.874126984127045,4.9500000000000455,6.039284919018097,0.8282,0.7341188405797101,0.6113000000000001,0.04003572779537363,94.10176,5.1275163,0.0,12.039456518984256,14.430903790018363,6.105377241715149,76.32834629672446,9.671286730673089
2287,ciclo1,37.27000000000004,25.404528301886817,5.490000000000009,5.739977603676482,0.8088000000000001,0.730417391304348,0.47590000000000005,0.05186355274506002,96.95056,5.2143016,0.0,12.38208937112251,14.69072670508686,6.258391921316013,75.88093044414337,9.211129091493923
2294,ciclo1,39.07000000000005,25.258592057761764,7.690000000000055,5.8726962764648585,0.8112,0.719368115942029,0.47790000000000005,0.05778464891364769,93.57073,5.078582,0.0,12.058969884605217,14.715249348009225,6.280341202686423,76.10127574796573,8.914477958969924
2310,ciclo1,35.33000000000004,23.65725952813071,4.470000000000027,5.660277702506039,0.8295,0.7326768115942028,0.6289,0.044625274390996915,94.62253,5.5665894,0.0,12.854457794612221,14.540542637506931,6.038325253658871,77.1806717002884,8.534951551255395
2406,ciclo1,38.01000000000005,25.52555977229604,5.8700000000000045,5.905276386654938,0.8386,0.7448115942028983,0.4531,0.058331100254316384,92.67909,5.1825457,0.0,12.070444978310222,14.511401072210136,6.115462743347078,75.7103119145273,9.11862152427959
2414,ciclo1,36.13000000000005,25.140105263157935,5.53000000000003,5.554446202862859,0.8424,0.7595086956521742,0.6584,0.0415671858426585,95.50444,5.129572,0.0,11.852946062080456,14.545140876776346,6.114329376965066,76.10003354440155,8.862607691507064
2425,ciclo1,34.910000000000025,24.179153153153198,3.650000000000034,5.6373513527046075,0.807,0.7339333333333337,0.6639,0.03868056721653066,95.8283,5.8098593,0.0,13.25168774670471,14.480034958968137,5.967605758115841,76.72371316544253,8.844133011437119
2510,ciclo1,36.670000000000016,25.22428015564207,5.330000000000041,5.921889418696555,0.8202,0.734549275362319,0.4698,0.05044784542644472,83.1724,5.1938705,0.0,12.07255471629743,14.509057415589114,6.091357499749488,76.6904274397752,9.882937452874613
2512,ciclo1,37.25000000000006,25.56508571428578,6.670000000000016,5.751768278189383,0.8489,0.7511391304347828,0.6683,0.03878857674883805,96.16631,5.272903,0.0,12.27407135952651,14.374377492301447,6.036569835171273,76.13878005787429,9.763614147519423
2515,ciclo1,37.75000000000006,25.570154440154482,7.230000000000018,5.730053128589289,0.8027000000000001,0.7208217391304346,0.5921000000000001,0.04448503369744381,89.19486,5.3122644,0.0,12.401103270082228,14.419435373579994,6.064320226410852,75.9375463758872,9.47519326672721
2530,ciclo1,35.29000000000002,24.41148672566371,6.750000000000057,5.631174471745749,0.8449000000000001,0.7694463768115944,0.7036,0.036660208573725685,91.94615,5.144456,0.0,12.064733665031522,14.517910688648495,6.098074624215122,75.6251233132785,9.135596081519518
2623,ciclo1,35.35000000000002,24.60323076923083,3.2700000000000387,5.859780937804056,0.8410000000000001,0.7452202898550727,0.5633,0.045790384345037946,85.22574,5.2362247,0.0,12.069342499827915,14.657481371753532,6.122319586366497,77.14816903751438,10.096897082375001
2645,ciclo1,35.25000000000006,24.24855379188716,6.910000000000025,5.5825079566995015,0.8627,0.7713753623188403,0.6756,0.041490412392759975,94.85718,5.202814,0.0,11.866533837047665,14.500410038420176,6.017251313658294,76.40398695972677,8.704934421868108
2987,ciclo1,35.79000000000002,23.883427561837472,4.830000000000041,5.316113173791071,0.8686,0.7831478260869567,0.6857000000000001,0.04281808032269032,101.55748,5.548256,0.0,12.751349769166092,14.262794400064024,5.848248221876112,76.41335741138192,9.193786382928625
3001,ciclo1,31.190000000000055,20.23938356164385,7.410000000000025,4.872991082051938,0.8861,0.7709318840579709,0.32580000000000003,0.10959838210584454,84.224945,4.5420437,0.0,11.015152000377302,12.589913886822012,5.437880006675616,82.7563969264532,7.5753159486790835
3002,ciclo1,31.190000000000055,20.23938356164385,7.410000000000025,4.872991082051938,0.8861,0.7709318840579709,0.32580000000000003,0.10959838210584454,84.224945,4.5420437,0.0,11.015152000377302,12.589913886822012,5.437880006675616,82.7563969264532,7.5753159486790835
3082,ciclo1,37.450000000000045,25.66052224371374,8.07000000000005,5.6705229801546615,0.8540000000000001,0.7402144927536233,0.6359,0.04710834959488727,90.930984,5.379989,0.0,12.376261982148408,14.48548880919643,5.9628446087696,76.03590515525536,9.598636038031975
3197,ciclo1,39.950000000000045,25.88228682170545,4.050000000000011,5.5643699193982386,0.8458,0.7342275362318843,0.5285000000000001,0.05431986287377019,86.8552,5.274689,0.0,12.046997011758716,14.500934443899622,5.959052427507764,76.67651565977842,9.222035172555906
3309,ciclo1,38.31,25.95890130353821,7.53000000000003,5.570541072745518,0.8151,0.71848115942029,0.6379,0.044227007537894714,84.39791,5.3466544,0.0,12.14075338888474,14.500934443899622,5.959052427507764,76.67651565977842,9.222035172555906
3414,ciclo1,39.110000000000014,25.2269080234834,8.29000000000002,5.6755076351967215,0.8478,0.7495362318840577,0.6506000000000001,0.039884823204241464,93.59329,5.4631977,0.0,12.407899179702191,14.450823265817435,5.894343559170325,76.61447601008315,9.599771207843892
3416,ciclo1,37.410000000000025,25.5238549618321,4.03000000000003,5.579083178151629,0.8254,0.7081985507246373,0.5821000000000001,0.05080185861245581,91.16799,5.4232945,0.0,12.45389158890588,14.469882443899644,5.901129836467676,77.17344107793856,9.212650471607512
3427,ciclo1,37.650000000000034,24.999465648854994,5.230000000000018,5.501181179615632,0.8023,0.7151536231884059,0.6005,0.04560172123534526,86.00411,5.299548,0.0,12.01041561331493,14.458331494127933,5.874962837342867,76.977013655278,8.93542153159124
3520,ciclo1,39.73000000000002,25.620039062500027,6.890000000000043,5.5307701767903925,0.8273,0.7300985507246377,0.6181,0.044327884026281676,98.1575,5.414566,0.0,12.54255982402384,14.450823265817435,5.894343559170325,76.61447601008315,9.599771207843892
4000,ciclo1,32.77000000000004,20.58518279569895,1.910000000000025,5.12281668352844,0.8274,0.7395028985507246,0.5447000000000001,0.05996579452769538,63.35773,4.7556186,0.0,10.712555665332774,13.694750958968129,5.643385890977281,81.11173178082808,8.575698541645867
5000,ciclo1,33.59000000000003,21.91514285714292,4.750000000000057,5.5080279518504645,0.8008000000000001,0.7059942028985507,0.45420000000000005,0.05998126974328461,90.383095,4.824987,0.0,11.135928582949973,13.630189095954412,5.8138386363448,79.21778368923334,7.887852642039694
6001,ciclo1,34.610000000000014,23.15813868613143,8.510000000000048,5.073824070274188,0.8971,0.773226086956522,0.6976,0.04944207752122941,101.06092,5.449415,0.0,12.815733917387895,14.468812761707849,5.820985233220872,78.61426279165937,9.167887398643577
6002,ciclo1,34.910000000000025,23.66438848920866,6.930000000000007,5.352766798193145,0.8301000000000001,0.6756521739130433,0.562,0.06034975741386249,92.68869,5.41874,0.0,12.526770395606466,14.468812761707849,5.820985233220872,78.61426279165937,9.167887398643577
6003,ciclo1,35.370000000000005,23.80694545454551,9.250000000000057,5.1997090247896125,0.8673000000000001,0.731773913043478,0.6478,0.04438637227921111,93.60469,5.466327,0.0,12.579703604705243,14.521364449379087,5.868081295411001,77.74042861353917,9.333025551552923
6004,ciclo1,33.33000000000004,22.554751773049706,3.9500000000000455,5.052000808830522,0.8904000000000001,0.7743782608695648,0.6996,0.040825694770547684,96.283165,5.502936,0.0,12.646219033301564,14.521364449379087,5.868081295411001,77.74042861353917,9.333025551552923
6005,ciclo1,35.97000000000003,24.98407942238269,3.7900000000000205,5.37935292307071,0.8273,0.7152072463768114,0.49200000000000005,0.06538910807417898,99.24518,5.526638,0.0,12.86291554512194,14.462150038420193,5.863845031520297,76.74555190617295,9.742059039714814
7001,ciclo1,37.63000000000005,25.233680297397832,10.370000000000005,5.313988188759879,0.8583000000000001,0.6723927536231883,0.5362,0.08707416182562498,86.29529,5.4112735,0.0,12.593822917127952,14.302706940703288,5.777833434106518,77.72281277271202,8.827907472959396
7002,ciclo1,37.63000000000005,25.233680297397832,10.370000000000005,5.313988188759879,0.8583000000000001,0.6723927536231883,0.5362,0.08707416182562498,86.29529,5.4112735,0.0,12.593822917127952,14.302706940703288,5.777833434106518,77.72281277271202,8.827907472959396
8003,ciclo1,32.75000000000006,20.821423220973834,8.310000000000002,4.169596464714645,0.8644000000000001,0.7625521739130434,0.4903,0.07339237137764036,170.65587,5.108843,0.0,13.964878365246463,13.918569981799177,5.900596608205517,81.70676554999454,7.236308958169671
8009,ciclo1,37.89000000000004,22.232175732217623,7.270000000000039,4.660569249184017,0.8540000000000001,0.7984971014492752,0.2626,0.07484559559522881,98.601456,5.1787863,0.0,12.394833860252044,12.255046319698712,5.2569881915432415,82.82073058857715,6.357677489878715
8010,ciclo1,35.77000000000004,22.00431635388741,10.670000000000016,4.0985934783114475,0.8377,0.6768550724637682,0.3804,0.10680654262138493,163.34622,6.437847,0.0,15.62493089945737,12.473978652118808,5.629840837056431,82.00405263394646,7.037883144937219
8011,ciclo1,33.33000000000004,23.83201892744481,11.410000000000025,4.393251890113956,0.8494,0.7611144927536235,0.3497,0.08872355580778528,212.49707,6.949197,0.0,17.40687937129747,11.520959970840268,5.27885172275001,85.74751534131173,6.089031294852609
8012,ciclo1,31.610000000000014,22.202671755725213,11.79000000000002,3.9632293662245055,0.8352,0.7144130434782608,0.39740000000000003,0.08867482676798127,157.46295,6.209737,0.0,15.388743493834683,12.613502091388233,5.672021691788799,82.70803068590915,7.208047573541547
8013,ciclo1,34.910000000000025,23.25388758782205,10.970000000000027,4.356635453475779,0.7895000000000001,0.7214014492753624,0.4922,0.04775521973975281,111.55812,4.621248,0.0,11.634709010664173,12.464408226548045,5.386080192410001,83.04872912841435,7.987860803702142
405,ciclo1,34.370000000000005,21.021205357142897,5.490000000000009,5.611030779122202,0.8398,0.7291115942028983,0.43260000000000004,0.06061470270830034,114.574585,4.826284,0.0,11.470506105369951,13.698330045726102,5.750821762879195,79.49262974059491,8.41080452731312
491,ciclo1,35.13000000000005,22.57600375234527,4.250000000000057,5.240851367325137,0.8348,0.7302144927536234,0.6316,0.05438361399465034,83.268425,5.119596,0.0,11.292166831862389,14.33987398362565,5.7842205360206,76.94705371313593,8.528265433666407
938,ciclo1,31.510000000000048,19.20640117994102,5.810000000000002,5.116016843837563,0.8766,0.756953623188406,0.2742,0.10173777828491459,64.324814,4.192751,0.0,9.792623314959755,12.941955844812883,5.555706986607928,83.12189789492827,8.631475994643715
1056,ciclo1,34.89000000000004,22.49424460431658,7.090000000000032,5.370855066151707,0.8448,0.6815942028985505,0.4169,0.09211143988505643,113.470474,4.698538,0.0,11.37167481347194,12.755957121525208,5.447244697552964,81.75794244434327,7.489129791540934
1021,ciclo1,33.110000000000014,21.2449326145553,7.150000000000034,5.102148184890289,0.8051,0.6870246376811595,0.1487,0.11827932354596797,84.887955,4.594783,0.0,11.097097574938598,12.497875042986392,5.4941205874374575,84.61920836954214,8.025404090120494
2531,ciclo1,35.23000000000002,24.476809269162256,7.970000000000027,5.436715741560337,0.8460000000000001,0.7563304347826085,0.6465000000000001,0.04188720293092759,91.94615,5.144456,0.0,12.064733665031522,14.517910688648495,6.098074624215122,75.6251233132785,9.135596081519518
3097,ciclo1,36.75000000000006,25.941098265896002,6.110000000000014,5.647397831038503,0.8343,0.6976130434782609,0.5870000000000001,0.06121593027736183,84.75024,5.33201,0.0,12.245254779774315,14.483795563534338,5.929590807720152,76.63808561076027,8.849876427206857
797,ciclo1,30.79000000000002,20.138359133126965,6.930000000000007,4.879883084405061,0.8609,0.7401753623188408,0.16090000000000002,0.13132760166165278,76.61856,4.533754,0.0,10.360955392987826,12.432103269470428,5.4462584259880895,83.38803321533204,8.159502853372375
852,ciclo1,32.25000000000006,20.78760736196321,5.710000000000036,5.003614930572012,0.8598,0.7220898550724637,0.1993,0.12718876892461414,78.867775,4.5101514,0.0,10.503684808186915,12.432103269470428,5.4462584259880895,83.38803321533204,8.159502853372375
21,ciclo1,34.81,22.355066079295167,7.970000000000027,4.887189211367301,0.8692000000000001,0.7526289855072463,0.6309,0.06366241605383495,95.07035,5.176013,0.0,12.422416271979822,13.505440290474985,5.767387838624395,83.23668778274062,8.084232444478372
214,ciclo1,28.310000000000002,17.22848812095036,2.0100000000000477,4.886136102070641,0.8697,0.7663710144927536,0.2745,0.09351081329620782,133.89389,4.8349237,0.0,11.9082710834772,13.294479285908777,5.701294643571905,83.83387201491396,9.089885829509374
217,ciclo1,29.33000000000004,17.857314814814842,5.730000000000018,4.951027410488654,0.8735,0.7641434782608695,0.2538,0.10213752518868911,83.27961,4.7648096,0.0,11.243968630879403,13.0514867215252,5.591151881329838,84.45856010383247,8.403335693399013
308,ciclo1,30.650000000000034,19.119775561097295,6.810000000000002,4.845511813798067,0.8693000000000001,0.7845579710144931,0.5263,0.0672640253265388,95.35684,4.482798,0.0,10.558299688010825,12.729565954401899,5.55309534791182,83.7026505292228,7.479655707273675
142,ciclo1,32.89000000000004,20.516831460674194,8.750000000000057,4.832340683065793,0.9083,0.8194202898550723,0.4006,0.0845150695416301,103.61957,4.684961,0.0,11.219429317137754,12.943611421068583,5.576733963098233,83.58848896779695,7.667021534127402
1049,ciclo1,32.09000000000003,21.00472312703587,11.270000000000039,4.212659628410399,0.8959,0.7672420289855073,0.2243,0.1524031566162853,160.84038,6.2953,0.0,15.616477029896377,11.716302358054877,5.3065378010121345,85.47753288037761,6.795776329128977
863,ciclo1,33.170000000000016,22.015159420289898,9.450000000000045,4.522305945150182,0.8922,0.816272463768116,0.5930000000000001,0.059187674696330246,124.63169,5.1286488,0.0,12.532363679158019,11.835462173579991,5.19115412149541,83.38889338413058,6.870302667145291
384,ciclo1,30.970000000000027,19.664186666666716,7.430000000000007,4.810979810650669,0.8613000000000001,0.7790405797101452,0.28700000000000003,0.09220634911466159,72.09451,4.5023513,0.0,10.630358195481975,12.375733636593699,5.363190620472407,85.46080986916196,6.972423037763384
385,ciclo1,31.850000000000023,20.122071611253233,7.090000000000032,4.737497969685505,0.8532000000000001,0.7685985507246377,0.257,0.08617124758841022,74.59708,4.423571,0.0,10.47849586169785,12.373332381799177,5.365151123173315,86.32291061180958,7.108802358373719
397,ciclo1,34.55000000000001,23.793003802281387,6.430000000000007,5.46405127871361,0.8381000000000001,0.706685507246377,0.5940000000000001,0.056985676500253955,63.18209,4.6111307,0.0,10.21604087615236,14.375897833854001,5.9276689188188305,76.36138126365321,8.169875392571432
403,ciclo1,38.31,23.057800829875525,6.2900000000000205,5.780463209353444,0.8332,0.6569579710144926,0.47040000000000004,0.08362862592524284,68.69763,5.0089493,0.0,11.551408922847678,13.625006432940737,5.668482429521116,79.50408902465617,7.911980507965021
857,ciclo1,31.57000000000005,19.89078740157482,6.410000000000025,4.790224123047666,0.8993,0.7818710144927535,0.37770000000000004,0.11739085847115081,113.28532,4.6932545,0.0,11.26780912876571,12.25795574618274,5.400324223079899,86.46371629902707,7.388179311960138
860,ciclo1,32.85000000000002,21.20702005730662,7.310000000000002,4.826049925365378,0.8735,0.7792072463768116,0.36460000000000004,0.09556135644726117,116.28389,5.2960415,0.0,12.683712773370868,11.921412911479525,5.201863266819541,85.56894600869104,7.034926294407464
930,ciclo1,34.89000000000004,23.018524590163977,8.53000000000003,4.9950668751561365,0.8726,0.7521289855072463,0.6337,0.05800589950368403,93.24081,5.4633765,0.0,12.55167474229949,14.32453952517816,5.761577986854175,79.4090653591095,9.914270654879248
951,ciclo1,31.03000000000003,19.66357142857146,6.670000000000016,4.724720980523545,0.8681000000000001,0.7704405797101448,0.1867,0.13374713901189525,100.876076,4.906727,0.0,11.456264154036859,12.341960062164476,5.443404122882011,85.8980409879984,7.564082573930721
1,ciclo2,32.33000000000004,19.457807394668986,1.1300000000000523,5.428783096252192,0.9141,0.8552285714285712,0.3161,0.05587045400637584,105.75253,5.7853417,0.0,12.307505051158321,14.111390497609223,6.1470970594458,83.1035756149618,8.660486386531213
4,ciclo2,38.59000000000003,23.737722602739773,5.830000000000041,5.1976145363287145,0.8258000000000001,0.679239130434783,0.23440000000000003,0.08133293754487243,110.62209,5.2891154,0.0,11.467917626476584,13.956934346592005,5.948453485744304,83.3029045704312,8.300560954948457
10,ciclo2,36.81,22.716421136909563,6.990000000000009,4.868923899378117,0.8361000000000001,0.6941478260869562,0.20470000000000002,0.08656296820360719,129.20377,5.075605,0.0,11.107718692430549,14.05857434893945,5.903615118496181,82.59106443706438,7.747795785011938
15,ciclo2,37.93000000000001,22.989218472468913,9.310000000000002,5.039359691791041,0.8774000000000001,0.7812335403726707,0.3109,0.07604363894575418,104.9731,5.069272,0.0,10.791855549740118,13.970976997609208,5.902763169020152,82.15281710578279,8.024353179407056
23,ciclo2,35.670000000000016,24.81003565062392,9.390000000000043,4.568420548601938,0.9054000000000001,0.5460645962732921,0.18860000000000002,0.1901453090671467,80.274765,4.618439,0.0,9.852772575082065,13.888884212789183,5.748889490235103,82.0984756470117,7.438825890975974
28,ciclo2,37.03000000000003,22.322643478260925,7.3700000000000045,5.030644574814203,0.8916000000000001,0.8288894409937891,0.4827,0.050599580930773234,108.31658,5.1171503,0.0,10.922769117793429,14.072147178360423,5.93597930263049,81.30487359365567,8.476055617264805
30,ciclo2,36.57000000000005,23.942698412698405,8.390000000000043,4.827850747888063,0.884,0.6766819875776398,0.48350000000000004,0.10295104118231059,93.25876,4.724603,0.0,10.258418153760916,13.876057556294642,5.800393338322768,81.83851470546097,7.928130382651633
37,ciclo2,34.05000000000001,21.19935540069688,5.610000000000014,5.071317919254475,0.9057000000000001,0.8504701863354036,0.4758,0.060230235122794844,82.76637,5.0061445,0.0,10.613704689053616,14.033678042992632,5.920256356213131,81.31067292432732,8.505606223289814
39,ciclo2,36.59000000000003,23.278782978723427,8.890000000000043,4.832394918311083,0.912,0.7708925465838511,0.5915,0.06492785537867252,74.69065,4.645699,0.0,10.083568048599473,13.813875722961303,5.778406217988167,81.62470695561615,7.807593671547908
40,ciclo2,37.33000000000004,25.200436300174538,8.750000000000057,4.921233048094443,0.8643000000000001,0.622852795031056,0.40800000000000003,0.11330496475782306,76.15406,4.366696,0.0,9.417498293103732,13.729709358329114,5.713876665781422,81.0704913764226,7.542179284491655
41,ciclo2,43.670000000000016,26.657064137308037,8.79000000000002,5.998913147456051,0.7110000000000001,0.6166583850931677,0.37210000000000004,0.0537415618787608,73.22424,4.242353,0.0,9.06368656365166,13.879531273822057,5.834621660250539,80.01645155616217,7.767939208942546
47,ciclo2,33.97000000000003,20.838589285714296,5.610000000000014,5.128358148140605,0.9179,0.8648,0.4611,0.060697753394015626,100.282616,4.9085317,0.0,10.577990341289073,13.9128714436186,5.881045560749077,81.27604510123172,8.51186176254527
49,ciclo2,41.27000000000004,25.20346020761246,9.950000000000045,5.714963131805708,0.7508,0.6800211180124222,0.37510000000000004,0.04558210857730166,104.573135,4.3778415,0.0,9.46478765909458,13.803779219048973,5.873622638283765,80.14438182893286,7.991567402349999
50,ciclo2,41.75000000000006,25.61906764168193,10.590000000000032,5.5397931284339625,0.7962,0.6947484472049692,0.5218,0.04945236129813374,90.200294,4.1614923,0.0,9.109199285676423,13.588330268344759,5.733293209756286,79.4619161818988,7.969621283351801
51,ciclo2,41.57000000000005,25.842365692742703,11.630000000000052,5.5156073441847,0.7952,0.6942043478260874,0.39890000000000003,0.059008071190031555,90.200294,4.1614923,0.0,9.109199285676423,13.588330268344759,5.733293209756286,79.4619161818988,7.969621283351801
58,ciclo2,35.450000000000045,21.808091934085017,8.170000000000016,5.051533750950766,0.9046000000000001,0.8432472049689447,0.41700000000000004,0.05937085683443621,97.72454,4.6883154,0.0,10.183698543718226,13.7361184436186,5.868222907638399,80.83334522643369,8.508054041863994
59,ciclo2,37.51000000000005,22.95907301066453,9.110000000000014,5.12227858095906,0.9128000000000001,0.8507354037267081,0.5124000000000001,0.04107934665657556,99.574005,4.483288,0.0,9.67337656501932,13.628529573509047,5.848434788912515,80.31138319474239,8.289777224065425
69,ciclo2,32.05000000000001,19.863588370313735,4.490000000000009,5.703927228051671,0.8652000000000001,0.7997925465838511,0.5519000000000001,0.03885681240030221,97.37126,5.181087,0.0,11.300613776273295,14.183375341114687,6.045266990984764,79.64442219405214,9.622160560830954
70,ciclo2,33.49000000000001,19.94355182926831,-0.3299999999999841,5.81644138913901,0.8584,0.7637776397515528,0.375,0.052398012118139645,106.06176,5.175409,0.0,11.220811853926968,14.158842262867445,6.023879282215817,80.24670208484204,9.385929006528935
74,ciclo2,32.13000000000005,20.256507515473075,4.490000000000009,5.261680577297622,0.8901,0.8067652173913041,0.3951,0.09544821122575088,95.47597,4.6607614,0.0,9.946275340767624,13.7361184436186,5.868222907638399,80.83334522643369,8.508054041863994
77,ciclo2,37.450000000000045,23.513352793994976,7.970000000000027,5.389524244104473,0.8551000000000001,0.7621714285714288,0.5621,0.050710140150739,91.98782,4.124363,0.0,8.983596886995773,13.68840829729623,5.830510286081414,79.40039527621846,8.23273112494353
81,ciclo2,37.710000000000036,24.417770114942535,5.4500000000000455,5.346336448299716,0.8520000000000001,0.7719571428571429,0.6458,0.04817579056752145,82.62369,4.262148,0.0,9.587957494125112,14.525511758172598,6.0166189831547126,78.87626201807139,7.818853127369407
85,ciclo2,33.89000000000004,21.785934426229524,2.170000000000016,5.673405418695374,0.8575,0.7636409937888199,0.5883,0.05052704149258522,115.52886,5.290439,0.0,11.460336063614776,14.400241450660877,6.236761136152516,78.59664812185294,8.915104557637717
87,ciclo2,35.07000000000005,22.192410785091173,5.890000000000043,5.841906027646943,0.8171,0.7067496894409938,0.5486,0.05573418292095531,81.22699,5.173229,0.0,11.133828415575564,14.261183495261823,6.114501854908043,78.59472571873395,9.167326610773385
89,ciclo2,35.35000000000002,21.92971984435802,3.910000000000025,5.623492129872807,0.8045,0.6871527950310558,0.4758,0.06765667995933332,89.0118,5.202409,0.0,11.347814731661948,14.144417210441778,6.0309931622211534,79.20650056952957,9.124917712346472
95,ciclo2,34.13000000000005,20.48191936897461,5.610000000000014,5.23118514954988,0.8984000000000001,0.8273993788819877,0.3653,0.08427752033844381,88.11813,4.6392193,0.0,10.007943281095528,13.604080683837722,5.804975586398756,81.27083889117442,8.474059464043542
97,ciclo2,36.89000000000004,23.347094307561594,7.550000000000011,5.501835336205885,0.8526,0.7874434782608696,0.5612,0.039786331156669866,96.3563,4.329244,0.0,9.521212137156574,13.548089149408883,5.753888715338941,79.98175660474831,8.100045685853324
98,ciclo2,39.57000000000005,24.265736040609156,9.970000000000027,5.775277032026675,0.8391000000000001,0.7510931677018634,0.509,0.045941284596083015,91.22772,4.2744403,0.0,9.306996767410688,13.548089149408883,5.753888715338941,79.98175660474831,8.100045685853324
104,ciclo2,31.450000000000045,20.24344857389803,4.770000000000039,5.27030004116776,0.9004000000000001,0.8294024844720496,0.6429,0.044180497862101396,103.54442,5.470274,0.0,11.668154774696353,14.365611101678054,6.25570437427995,79.96605487424414,9.286823691116194
113,ciclo2,33.35000000000002,20.71610639938321,4.8700000000000045,5.454899295148717,0.8306,0.7392447204968947,0.2536,0.05756101370036517,105.17024,5.10962,0.0,11.070530320973125,13.801600532038059,5.876947056761666,80.06001690192826,9.564393658451943
114,ciclo2,31.730000000000018,19.588839009287938,4.110000000000014,5.315574716379543,0.8424,0.7588248447204969,0.3507,0.054108710485853015,78.842255,5.0200286,0.0,10.606786977260155,13.910131014041161,5.935494517963962,81.02349433162959,9.432558912875065
117,ciclo2,30.83000000000004,19.54911111111115,3.2900000000000205,5.136211397774915,0.8520000000000001,0.7719683229813666,0.3739,0.06956172327072076,88.26787,4.673695,0.0,10.036793299279191,13.542722123587307,5.783921918935779,81.74367852220445,8.544339935789349
118,ciclo2,35.690000000000055,23.155026178010505,9.430000000000007,5.05090739253571,0.8786,0.8108844720496896,0.6135,0.0414520430218332,94.60715,4.605298,0.0,10.091953393316798,13.370402508563853,5.722815457249932,81.66047238874758,8.254273234818413
119,ciclo2,36.170000000000016,23.283372582001697,8.510000000000048,5.259630709721611,0.8629,0.7673080745341614,0.5667,0.04852695988235157,90.85487,4.5293956,0.0,9.656637972757892,13.380641184620194,5.67477038565492,80.62312977427199,8.069883329670036
122,ciclo2,36.03000000000003,23.74826014913011,8.630000000000052,5.307006822464158,0.918,0.8007658385093167,0.5754,0.0490920571500989,87.86774,4.4763412,0.0,9.676685225011502,13.570732170535665,5.700840441364534,77.72814639835636,8.421791903862898
123,ciclo2,38.81,24.9325436408978,8.130000000000052,5.564297290422892,0.8581000000000001,0.7620627329192547,0.6097,0.04612871785736612,128.30304,4.4156938,0.0,9.688935629220444,13.77209772922112,5.76189256004313,78.05331005824557,7.980680838844012
134,ciclo2,36.170000000000016,21.945425361155724,4.57000000000005,5.858908290799564,0.8194,0.7170869565217396,0.436,0.056543681932760485,85.47436,4.9851046,0.0,10.82775594449641,13.981250303556024,5.978313964893982,79.2373008827619,9.718413344985894
137,ciclo2,32.81,20.09456916996047,4.210000000000036,5.27117495135064,0.8391000000000001,0.7506509316770186,0.5306000000000001,0.04838746580426047,75.15575,4.922205,0.0,10.54426229428895,13.777157508563862,5.87506423176262,80.42178635540827,9.694281042400862
139,ciclo2,31.77000000000004,20.0137371338084,4.410000000000025,5.285564197338623,0.8517,0.7573043478260868,0.3826,0.0583714262053426,78.271286,4.7528095,0.0,10.124507802977522,13.702037636106862,5.8657950565709855,82.02049698141849,9.450680379609127
140,ciclo2,31.650000000000034,19.55455335968381,1.910000000000025,5.4935580939622755,0.8298000000000001,0.7250273291925464,0.4657,0.05838178690255509,74.9865,4.6915803,0.0,9.952297012661655,13.603180680707847,5.8236538559253805,82.21188231894783,9.04719293152205
141,ciclo2,32.27000000000004,19.983493761140835,6.110000000000014,4.934091606987701,0.9182,0.8570931677018635,0.4632,0.06649826236390824,95.320045,4.5497046,0.0,9.84454827847401,13.558732583681232,5.770562082612867,82.24548374635475,8.54100728820465
143,ciclo2,35.85000000000002,22.61969594594599,8.610000000000014,5.077135342486866,0.8814000000000001,0.8200552795031055,0.5722,0.04181689292904289,95.12921,4.524155,0.0,9.78131892763533,13.265034582898735,5.636735911577955,81.42525522389306,8.088234005214822
146,ciclo2,37.35000000000002,24.097815899581622,9.050000000000011,5.189559602690091,0.8768,0.7843844720496899,0.5867,0.04380180738634903,95.56753,4.4644556,0.0,9.825405736444514,13.327430782429264,5.5970441944749805,79.2148527490252,8.422394122580627
147,ciclo2,39.49000000000001,24.757927031509137,7.810000000000002,5.49086576178225,0.8413,0.7640577639751555,0.6759000000000001,0.04211613290534389,108.70497,4.5408025,0.0,10.090209269353029,13.48382674878292,5.633856445664634,78.82953437676763,8.006373221262407
148,ciclo2,36.25000000000006,22.378745819398027,4.350000000000023,5.094866597970048,0.9151,0.8687546583850935,0.5816,0.04560654844325776,102.40289,4.402568,0.0,10.069697674518945,13.858031916232065,5.793987423217784,80.06753716702079,7.625515843652389
165,ciclo2,29.450000000000045,18.267882352941225,2.930000000000007,4.964353898869088,0.8567,0.7693944099378885,0.3492,0.06506451098616318,84.988716,4.6236567,0.0,9.749090737479092,13.619845566466816,5.818918058224838,82.81929938905373,8.887367555523959
166,ciclo2,28.690000000000055,17.761038251366134,2.9700000000000273,4.998138726097291,0.8802000000000001,0.7958571428571427,0.4055,0.06900813230885561,81.535645,4.5305586,0.0,9.575140422311756,13.568838037515317,5.7806516629173235,82.71708455686252,8.328061286994195
167,ciclo2,29.690000000000055,18.326021220159213,3.230000000000018,4.896944977325655,0.8927,0.8037732919254653,0.48850000000000005,0.05880867574244323,97.09662,4.4996395,0.0,9.99969852736787,13.465566300426106,5.766501532626869,82.72854182489357,8.10410606271116
170,ciclo2,36.150000000000034,23.232847843775442,5.830000000000041,5.278784042783048,0.9012,0.8176608695652177,0.6597000000000001,0.03754632943313733,126.613014,4.5739183,0.0,10.261383842665852,13.284062719831438,5.595543887745199,80.69636070629551,7.975075069399097
172,ciclo2,37.29000000000002,23.632531223980017,9.430000000000007,5.357860334570489,0.8977,0.8014919254658388,0.7108,0.037392173717210195,123.00615,4.5291533,0.0,10.420667678099266,13.42185183485493,5.6325490292566505,80.68037222551754,7.670203015125581
173,ciclo2,35.690000000000055,21.53898701298699,4.57000000000005,5.057916063419378,0.9154,0.8562403726708071,0.4348,0.055687234817330636,111.71598,4.502662,0.0,10.552407426177483,13.63443809776572,5.716504501969569,81.39072805294703,7.446755635353667
174,ciclo2,38.63000000000005,23.347069726390128,10.590000000000032,4.92841528317516,0.8756,0.8135149068322981,0.512,0.043217937113489,111.07463,4.416725,0.0,10.50035123948594,13.664726822335343,5.719477800479171,82.05519112544934,7.043430870829002
175,ciclo2,38.610000000000014,23.89750000000001,10.07000000000005,4.797384121361987,0.8833000000000001,0.8051894409937889,0.6182000000000001,0.03759666398984575,113.74159,4.3933306,0.0,10.754307864898486,13.819668676012972,5.778238623274612,82.2336020442531,6.817494364764738
177,ciclo2,33.29000000000002,21.230000000000004,4.990000000000009,5.49867809327667,0.8604,0.7750906832298137,0.547,0.049480114333340215,91.10593,5.378259,0.0,11.599186096466592,14.293792800426148,6.23485356789549,80.31650143670781,9.45723723488799
188,ciclo2,32.43000000000001,19.867006802721118,2.3100000000000023,5.296929275368311,0.8099000000000001,0.7048000000000001,0.21200000000000002,0.07252536759023709,76.666306,4.748376,0.0,10.214967556245838,13.568766319987933,5.832955979667612,82.78493622980875,9.556780861366198
191,ciclo2,31.33000000000004,19.784897610921515,3.390000000000043,5.403090782744803,0.8645,0.7875142857142858,0.40890000000000004,0.05089134187566421,91.74483,4.4423523,0.0,9.626626478017283,13.513310346592018,5.777044318559744,83.2113822796976,8.388271130412997
192,ciclo2,30.510000000000048,18.791788194444443,2.4700000000000273,5.15551355989401,0.9014000000000001,0.8151844720496898,0.5337000000000001,0.048343607822207764,105.993324,4.4254575,0.0,9.825911554514104,13.51188782155287,5.776905451418945,83.23346693044303,8.164211233094793
193,ciclo2,31.510000000000048,19.35168888888889,4.850000000000023,5.00982831296979,0.9034000000000001,0.8288813664596273,0.389,0.08689120577117929,95.13085,4.3933854,0.0,9.851858780492774,13.40134444596603,5.714200026268936,83.11922460516044,7.955102383378276
194,ciclo2,33.75000000000006,21.941753635585993,3.5100000000000477,4.882860906147303,0.9211,0.8477093167701863,0.5246000000000001,0.04874870382254618,101.182236,4.4134088,0.0,9.808509396625997,13.40134444596603,5.714200026268936,83.11922460516044,7.955102383378276
196,ciclo2,34.450000000000045,22.111584158415873,3.250000000000057,5.1286088282832125,0.8921,0.8107186335403729,0.5636,0.04057215213132529,108.72661,4.500589,0.0,10.518811551416267,13.343075798078695,5.661515663636477,82.42799296773151,7.826950888347092
197,ciclo2,34.690000000000055,22.209263698630163,7.010000000000048,5.109011760623362,0.8903000000000001,0.8331055900621119,0.7376,0.030261069528349636,136.51825,4.501254,0.0,10.786860935113046,13.409174704964443,5.682398578460462,82.30831441398917,7.4561286976906
198,ciclo2,36.63000000000005,22.709755671902276,6.710000000000036,5.2112436446830275,0.8782000000000001,0.8124254658385095,0.6724,0.034561471528626174,117.59387,4.478673,0.0,10.901619660558184,13.511496568814254,5.719647019141255,82.45686415212239,7.041650414768298
199,ciclo2,35.99000000000001,21.942971014492798,6.330000000000041,4.993966564028817,0.9201,0.8730720496894414,0.5878,0.04898039690418407,113.62714,4.436293,0.0,10.520370395115755,13.611260216701544,5.7665841681210255,82.69025345793733,6.811206310578812
206,ciclo2,33.25000000000006,21.489447619047645,4.07000000000005,5.485758260703388,0.8619,0.7357571428571431,0.3189,0.06871536459167321,94.67816,5.1472387,0.0,10.949333468613082,13.87587623156854,6.05950863528978,80.66665671267988,9.105861617985124
208,ciclo2,32.73000000000002,21.149500000000046,4.830000000000041,5.438159555400962,0.8479,0.7467708074534161,0.26830000000000004,0.07457226737091437,85.57438,4.8356547,0.0,10.361097191828527,13.825876591505901,6.047666385820126,80.91645611717395,9.195310380974444
211,ciclo2,34.47000000000003,22.104074074074127,5.53000000000003,5.432199296315625,0.8323,0.7092310559006215,0.4127,0.0625533255601652,84.01561,4.74197,0.0,10.227879997736348,13.570049117327518,5.914916279984258,82.05736624327474,9.508140466064146
218,ciclo2,29.07000000000005,17.83214843750003,2.390000000000043,4.902762223019428,0.889,0.7979931677018633,0.29650000000000004,0.08686137962345758,80.6751,4.3834243,0.0,9.655182898127276,13.41966772765617,5.78862062247349,83.27569051065204,8.362046510704383
221,ciclo2,33.190000000000055,20.654534986713944,5.690000000000055,4.810505257596493,0.9107000000000001,0.8319149068322985,0.38580000000000003,0.07039554105301346,98.18227,4.239023,0.0,9.70513641049406,13.386972788689048,5.74475817930873,83.78520902579383,7.681085087497391
225,ciclo2,35.55000000000001,22.152664298401405,6.430000000000007,5.086129713175044,0.9042,0.8202403726708071,0.6007,0.038741459293436725,117.34111,4.5033545,0.0,10.721909392374542,13.397663068031772,5.730612627172435,83.09330429946748,6.878961155772838
242,ciclo2,30.83000000000004,19.45664615384618,5.010000000000048,4.972231334524141,0.8699,0.7894391304347828,0.40290000000000004,0.06831597957346523,82.82792,4.733408,0.0,10.115376044613857,13.543311098548179,5.948981556546359,83.63430790930866,8.866757532361886
246,ciclo2,35.150000000000034,21.505133004926137,5.670000000000016,5.581188491917254,0.8524,0.7363291925465838,0.4873,0.05433050758669152,73.24317,4.36103,0.0,9.232253572405806,13.244511502304059,5.751233514940447,83.52643069467427,8.172219175002532
249,ciclo2,29.950000000000045,18.304206185567033,3.750000000000057,4.741919555505912,0.8911,0.8004273291925466,0.2462,0.09871089853273807,83.036,4.2072787,0.0,9.782676612263094,13.147787853634252,5.707194867796741,84.03210286832848,7.485803000124292
251,ciclo2,31.850000000000023,19.241341350601303,2.490000000000009,4.849334176622713,0.902,0.8273291925465837,0.2544,0.08696728280353754,132.95518,4.4289846,0.0,10.551719409593568,13.217572510128806,5.727732197669586,84.31534891551155,7.122055725433717
253,ciclo2,34.57000000000005,21.165310472659908,4.610000000000014,4.6646056576740795,0.8936000000000001,0.822486956521739,0.2378,0.08862287334994118,107.84026,4.443894,0.0,10.429174353543779,13.207969600895618,5.71265506114064,83.65985989827895,6.938443884688402
254,ciclo2,35.450000000000045,20.923594771241845,8.07000000000005,4.733769702153441,0.8862,0.8297198757763977,0.3952,0.07256397205043041,123.36199,4.552998,0.0,11.06406965670687,13.477875913884672,5.835665359566814,83.03885032673921,6.546646710271237
255,ciclo2,35.13000000000005,20.289813953488395,7.130000000000052,4.754265058287859,0.8874000000000001,0.8288086956521742,0.29450000000000004,0.08031587127737154,123.36199,4.552998,0.0,11.06406965670687,13.477875913884672,5.835665359566814,83.03885032673921,6.546646710271237
256,ciclo2,35.27000000000004,21.16487228003787,8.610000000000014,4.941123996221249,0.8922,0.8452385093167702,0.3089,0.07122120999433725,129.30229,4.5516825,0.0,11.393975530088298,13.556726831725038,5.809355902803013,82.36172447821451,6.517837178785898
260,ciclo2,34.870000000000005,21.853954060705522,5.850000000000023,5.419747241822261,0.8763000000000001,0.7755335403726707,0.3332,0.05973559333486632,67.06669,5.1842923,0.0,10.739635545179627,14.046102337984792,6.048962240232468,78.17532324591625,8.867103214777027
261,ciclo2,33.450000000000045,21.646413321947062,6.350000000000023,5.403683733877785,0.8778,0.7807881987577635,0.6089,0.0497234368411015,77.8737,5.1973433,0.0,10.839193837005942,13.97330113141206,6.042716230219665,78.71169378132252,8.66707789892972
279,ciclo2,32.23000000000002,20.33666666666668,3.5100000000000477,5.017950495549187,0.8688,0.7616347826086957,0.14780000000000001,0.09294374793848968,88.58411,4.281005,0.0,9.773408560528408,13.030335555512208,5.7031935904428135,83.69453420685718,7.429094075458026
281,ciclo2,33.670000000000016,20.849707031250013,4.970000000000027,5.218876075583141,0.8756,0.791304347826087,0.36200000000000004,0.07623813651550942,104.24306,4.286266,0.0,10.062163682350361,13.041191564119366,5.6953433845253745,84.40422968164513,7.2338245132327
284,ciclo2,35.110000000000014,21.776735459662305,7.610000000000014,4.8632800371649765,0.8613000000000001,0.8015428571428569,0.2528,0.06200137617615914,116.511024,4.400911,0.0,10.42619528108129,12.955022854416727,5.654953628810572,84.42320372044405,6.761220456786368
285,ciclo2,36.13000000000005,22.11357933579339,9.150000000000034,4.871235523749499,0.9143,0.8312291925465839,0.2519,0.09007621178981762,129.53912,4.487063,0.0,10.64590970942191,12.869978693227374,5.639033098636224,83.95951650479282,6.880789634121539
286,ciclo2,35.51000000000005,22.014822286263243,10.330000000000041,4.621063435389418,0.8961,0.8402664596273295,0.4544,0.05587706331076939,134.13138,4.475239,0.0,10.675272660862253,12.83595940918979,5.5912447224374455,83.43995945600363,6.5151343357994635
287,ciclo2,34.85000000000002,21.666881091617974,9.370000000000005,4.505757851923257,0.9042,0.8423248447204963,0.252,0.08847633506883586,127.39764,4.5019493,0.0,10.764038977577066,13.009803483524703,5.636471034659296,82.78601807394458,6.500845638296508
297,ciclo2,32.870000000000005,21.226838021338498,2.2100000000000364,5.337409043508075,0.8762000000000001,0.7498906832298139,0.3327,0.06796282304998924,94.668304,4.9622636,0.0,10.602436659289182,13.693276428751604,5.950195492013946,79.89559142073344,8.531035019995581
301,ciclo2,31.970000000000027,20.620391937290073,3.730000000000018,5.331943287328374,0.8932,0.7779422360248448,0.2778,0.08629140694049756,82.36808,4.755002,0.0,10.369841385705143,13.343360705746951,5.927838336941881,83.60429379103196,8.415553132160838
304,ciclo2,32.870000000000005,20.58351831298561,5.490000000000009,5.423298993435136,0.8392000000000001,0.7452049689440992,0.19190000000000002,0.08650672310873818,64.022255,4.3839903,0.0,8.925898553536468,13.23155974878291,5.887105514243214,84.31814910418379,8.216173551438587
309,ciclo2,31.690000000000055,20.359317943336876,1.910000000000025,5.040088239440436,0.8754000000000001,0.7901496894409938,0.1242,0.07895610788250047,74.64397,4.2159553,0.0,8.963699837617103,13.009095192444885,5.7194075761911956,83.08361380401628,7.549644939089817
310,ciclo2,34.33000000000004,22.358632653061257,8.07000000000005,5.468672428511471,0.8430000000000001,0.7321391304347828,0.1752,0.07076940786757524,93.815315,4.3207107,0.0,9.615930584639173,12.95095271357165,5.668131264982195,83.78487218593155,7.3297699163732535
311,ciclo2,34.190000000000055,21.405987590486077,1.3900000000000432,5.376868188056862,0.8514,0.74445900621118,0.29610000000000003,0.07527783443203663,103.472984,4.294674,0.0,10.033610920046389,12.949098438923786,5.671121211079321,84.77330353977821,7.04907328045188
312,ciclo2,32.910000000000025,19.14880174291943,4.810000000000002,4.922386091997369,0.8938,0.8176031055900624,0.18430000000000002,0.09753497886479481,100.80082,4.2807593,0.0,9.903219359412994,12.949098438923786,5.671121211079321,84.77330353977821,7.04907328045188
313,ciclo2,33.910000000000025,21.24690052356025,6.010000000000048,5.068704722709782,0.8418,0.7410086956521738,0.1573,0.08923239488580749,89.72058,4.3144894,0.0,9.867820659682105,12.882789748782915,5.645752694949332,85.3715003564935,6.858112421195487
314,ciclo2,33.690000000000055,21.234352126607334,5.250000000000057,5.021968991597344,0.8772000000000001,0.7990080745341614,0.1547,0.08031205363858125,102.15119,4.3663883,0.0,10.04340158179438,12.846016528125638,5.605213670040036,85.14837318870242,6.790719100141022
316,ciclo2,34.81,21.505724003887337,6.690000000000055,4.808132039376669,0.8915000000000001,0.8344552795031057,0.3153,0.07068070879914942,121.23502,4.35693,0.0,10.335191228994757,12.70285718149026,5.557617838667533,84.3321680243367,6.762872401168342
317,ciclo2,36.29000000000002,23.98602649006625,6.710000000000036,4.91240009118492,0.8556,0.7832204968944099,0.22940000000000002,0.06302180941440287,116.25924,4.3869443,0.0,10.356152388630036,12.701647420926927,5.521583904153001,83.59434243342147,6.765929387828615
318,ciclo2,40.51000000000005,25.100807217473907,6.170000000000016,5.047435068715768,0.7028,0.6166801242236025,0.2119,0.04999236813788825,119.00575,4.3535604,0.0,10.07761797483562,13.002027787124106,5.612301618277235,82.35799084590566,6.726109786072489
321,ciclo2,33.75000000000006,21.587943368107364,4.150000000000034,5.208736207474668,0.8618,0.7772118012422362,0.169,0.06308665772150052,91.86338,4.884468,0.0,10.386380752014523,14.609833600895625,6.159945124345308,76.04004198476724,9.355492322025306
328,ciclo2,36.99000000000001,22.7191085271318,6.53000000000003,5.669944968821347,0.8358,0.6951720496894414,0.40850000000000003,0.06826324567044319,88.826675,5.1872587,0.0,10.867542189412386,13.976690560989514,6.008506903488808,78.98468299789374,8.494417713525
336,ciclo2,32.39000000000004,20.9036114421931,3.3700000000000045,5.304902106687561,0.8502000000000001,0.728823602484472,0.1301,0.08694099556597946,70.20169,4.7121143,0.0,10.126365867133634,13.229507934228913,5.890223751511614,84.25802554972087,8.381617092592299
337,ciclo2,33.370000000000005,21.219833333333355,3.7900000000000205,5.465022892021365,0.8629,0.7145403726708075,0.061200000000000004,0.09739451524527004,90.39575,4.6827474,0.0,9.788852802223465,13.229507934228913,5.890223751511614,84.25802554972087,8.381617092592299
340,ciclo2,29.810000000000002,18.82794152046786,4.57000000000005,4.9217521219375024,0.8918,0.8012378881987576,0.2028,0.11558414156741573,69.76118,4.4197893,0.0,9.075074828594348,13.310781699487151,5.915717006272828,83.76850983392328,8.136241782781184
341,ciclo2,36.55000000000001,22.91619324796279,5.390000000000043,5.533127900905307,0.8118000000000001,0.6804968944099378,0.1971,0.07865522250698061,58.92963,4.325645,0.0,8.861843654941628,13.229108594635829,5.863577817307427,83.3693065179391,7.854601278252499
344,ciclo2,34.870000000000005,22.011371681415937,6.990000000000009,5.5237794770801125,0.8470000000000001,0.7108757763975153,0.2748,0.07402945341027066,92.7837,4.3833637,0.0,9.625957891249818,12.95095271357165,5.668131264982195,83.78487218593155,7.3297699163732535
345,ciclo2,33.79000000000002,20.658839285714343,3.490000000000009,5.181042149981424,0.8775000000000001,0.7765590062111802,0.1462,0.09091886798422848,94.886375,4.2665844,0.0,9.925383715842424,12.949098438923786,5.671121211079321,84.77330353977821,7.04907328045188
346,ciclo2,33.190000000000055,21.215683060109328,4.7900000000000205,5.024248876584972,0.8638,0.7588763975155279,0.0775,0.08918896926164037,94.886375,4.2665844,0.0,9.925383715842424,12.949098438923786,5.671121211079321,84.77330353977821,7.04907328045188
347,ciclo2,33.99000000000001,21.65581443298972,3.1300000000000523,4.993265733687184,0.8621000000000001,0.7641801242236027,0.12940000000000002,0.08661479642064727,85.58851,4.300678,0.0,9.696511415403604,12.882789748782915,5.645752694949332,85.3715003564935,6.858112421195487
348,ciclo2,33.27000000000004,20.94827135678393,7.410000000000025,4.873731560452587,0.8887,0.8023826086956525,0.08460000000000001,0.087305806203947,86.10769,4.389246,0.0,10.178598318546705,12.846016528125638,5.605213670040036,85.14837318870242,6.790719100141022
349,ciclo2,33.410000000000025,20.835232227488177,6.730000000000018,4.888416865247872,0.8883000000000001,0.8033217391304348,0.2411,0.09316440533712639,96.92277,4.4495196,0.0,10.343909603771952,12.8220176353244,5.596891021346718,84.88069851094585,6.618382013549205
350,ciclo2,34.410000000000025,21.778542713567873,6.830000000000041,4.688025137023179,0.8922,0.8259304347826092,0.5254,0.05178084017401649,109.259995,4.368797,0.0,10.147522907824447,12.70285718149026,5.557617838667533,84.3321680243367,6.762872401168342
351,ciclo2,35.57000000000005,23.540019455252946,4.330000000000041,4.706908863596605,0.8603000000000001,0.7890055900621119,0.2571,0.060955959306389265,115.26787,4.3978696,0.0,10.274178896424072,12.701647420926927,5.521583904153001,83.59434243342147,6.765929387828615
352,ciclo2,36.23000000000002,23.168716981132093,6.390000000000043,4.639928416727324,0.8689,0.7950310559006211,0.392,0.05646930814379871,109.63189,4.353119,0.0,10.115128506755392,13.002027787124106,5.612301618277235,82.35799084590566,6.726109786072489
365,ciclo2,33.07000000000005,21.257464114832576,5.590000000000032,5.490381269815998,0.879,0.7807422360248448,0.42060000000000003,0.06614694975174411,78.93535,5.1144733,0.0,10.7926692019563,14.04434769870468,5.963012136560931,78.38213785311575,8.983173610892571
367,ciclo2,35.73000000000002,21.97941402497603,6.810000000000002,5.561590846170407,0.8771,0.7270931677018634,0.5217,0.05829246366194732,81.23613,5.0066433,0.0,10.555679619517452,13.87697606333694,5.933198073454175,78.85612613959762,8.639238063304944
369,ciclo2,34.01000000000005,21.642807570977897,5.090000000000032,5.551705188336246,0.8668,0.7361968944099375,0.4964,0.06450700902970372,91.8048,5.050411,0.0,10.815358713236602,13.57038386928371,5.848633686863783,79.99695664448483,8.57716326308483
377,ciclo2,33.59000000000003,21.86989847715737,5.710000000000036,5.121937192003741,0.8545,0.7362776397515526,0.18380000000000002,0.09533952663260242,60.032505,4.4356723,0.0,9.100459161477264,13.104502306685871,5.827719276955486,83.8843300669741,7.773908790210643
378,ciclo2,34.05000000000001,21.791565656565673,4.050000000000011,5.30090106436387,0.8316,0.7027099378881987,0.2511,0.08585192163150636,71.62054,4.445161,0.0,9.011745061671464,12.973925740958194,5.761638656660069,83.2522240156652,7.893183303345679
383,ciclo2,34.370000000000005,21.399124854142393,6.970000000000027,5.1432613460519265,0.8492000000000001,0.7291515527950314,0.0931,0.09939219329328902,94.11937,4.241832,0.0,9.775447686639334,12.786412177577901,5.584341225633409,84.87995578038675,6.911338464101801
386,ciclo2,32.870000000000005,20.387609649122826,7.770000000000039,4.729129123705474,0.887,0.8041521739130434,0.12490000000000001,0.10316916704828034,91.15626,4.2311273,0.0,9.774893009213418,12.837288785559148,5.599091694898682,85.30937881492561,6.753852548253342
387,ciclo2,34.110000000000014,21.70019841269845,5.930000000000007,4.664895578068442,0.9093,0.8397124223602487,0.26230000000000003,0.07440802297435194,95.26578,4.3624363,0.0,9.987091970069192,12.879124636106889,5.623290672798528,84.90366167600534,6.816025253938079
388,ciclo2,33.77000000000004,20.456320346320393,7.2900000000000205,4.582324582715659,0.8974000000000001,0.8165565217391302,0.08,0.1051642470375903,94.417,4.2641077,0.0,9.671971103277135,12.782470478829868,5.5806778309359695,84.21729298039057,7.014434004454737
390,ciclo2,37.79000000000002,24.600222634508334,9.390000000000043,4.844290764565966,0.8252,0.7133490683229814,0.34890000000000004,0.05664300444492637,85.42281,4.313342,0.0,9.808601547980476,12.66803793657636,5.4382680967791455,82.03439624720676,6.7259369119624
391,ciclo2,39.690000000000055,23.76489898989904,7.8700000000000045,4.714120836291344,0.7922,0.6857465838509319,0.3668,0.05246512361945029,97.40438,4.134816,0.0,9.717237931716895,13.6915764600505,5.721409988958191,79.44715323542849,8.319290432986222
395,ciclo2,35.85000000000002,23.167127244340378,4.190000000000055,5.518191265134778,0.8841,0.7872322981366461,0.341,0.051434455187478606,88.55465,5.1568103,0.0,10.859124180406358,14.891854201834558,6.1580561964389195,75.65482307753398,9.23052191454142
398,ciclo2,38.53000000000003,24.553452098178965,7.3700000000000045,5.7800951034794625,0.8186,0.6957645962732915,0.45580000000000004,0.05713475452951708,68.28545,4.2207475,0.0,8.861794750077019,14.53506182703016,5.985293843255358,75.3402475673142,9.438776985633746
409,ciclo2,34.27000000000004,22.011603288797534,4.650000000000034,5.530786776098164,0.8703000000000001,0.7230937888198761,0.3972,0.06960937743766525,92.100586,5.0652075,0.0,11.142212724841402,13.59775657663898,5.824085631448695,80.21972513471916,8.487211864373023
413,ciclo2,32.33000000000004,20.49240780911066,0.2300000000000182,5.151872882986839,0.8954000000000001,0.7662819875776402,0.1681,0.10030271008655312,98.98588,4.9263124,0.0,11.077388672514886,13.223401837984822,5.851773374256482,84.10308506848595,8.536000239986757
415,ciclo2,31.07000000000005,19.617235142118897,-0.5699999999999932,5.1275839497527365,0.8664000000000001,0.7542397515527952,0.0329,0.11133586826657081,99.22701,4.739443,0.0,10.154921923366027,13.224019053947234,5.906105814690316,84.69210417674623,8.332285417812953
419,ciclo2,34.870000000000005,22.772108108108156,9.650000000000034,5.3966759427961675,0.8304,0.674585093167702,0.11720000000000001,0.0960585297839069,69.433754,4.3895087,0.0,9.084180351825934,12.680295957703102,5.579262716831494,82.95248806312553,7.535837243640703
421,ciclo2,35.610000000000014,21.769345088161224,7.930000000000007,5.506540793514337,0.8356,0.7002869565217391,0.12000000000000001,0.09777490826899525,77.34173,4.3220882,0.0,8.825726681977143,12.652815719831443,5.54790642446394,82.61323210023679,7.214728969863182
422,ciclo2,33.83000000000004,20.953425149700635,7.670000000000016,5.181132815358536,0.8708,0.7685521739130439,0.16490000000000002,0.10081748904707982,79.45395,4.253526,0.0,9.067610281755542,12.724708680707813,5.563463628829342,83.63387239059006,7.1509373528509395
423,ciclo2,35.75000000000006,22.862967289719652,9.770000000000039,5.343468506613754,0.7956000000000001,0.6994291925465838,0.1446,0.08309826828083611,87.85851,4.25992,0.0,9.421627529986647,12.840745370066196,5.624600318357746,84.97300509012804,7.1167655109474905
424,ciclo2,33.75000000000006,21.285460829493086,6.850000000000023,5.044892763023064,0.8716,0.7589813664596272,0.0645,0.1008105542666504,103.37566,4.25945,0.0,9.495010998224156,12.840745370066196,5.624600318357746,84.97300509012804,7.1167655109474905
425,ciclo2,33.170000000000016,20.520573678290255,6.310000000000002,4.785909084764455,0.9006000000000001,0.8152453416149067,0.0626,0.11489216599704408,106.53699,4.296319,0.0,9.876162691853745,12.798767939706233,5.61324855015254,85.70977888733451,6.675264248837208
426,ciclo2,32.83000000000004,20.018751381215502,4.330000000000041,4.7598756993218725,0.9124,0.8326838509316767,0.07010000000000001,0.11661744268318495,112.77339,4.3107266,0.0,10.02488911714903,12.798767939706233,5.61324855015254,85.70977888733451,6.675264248837208
427,ciclo2,34.39000000000004,21.49795939086299,8.430000000000007,4.726406131746201,0.9165000000000001,0.8417316770186334,0.3332,0.08834983148413406,109.54085,4.3858557,0.0,9.993965825262958,12.891980179142884,5.634795612547866,85.04657468042481,6.612064028507946
428,ciclo2,33.79000000000002,22.022451282051293,8.950000000000045,4.6525184403042505,0.913,0.839822360248447,0.32280000000000003,0.07702065140113767,76.37321,4.405456,0.0,9.879081964957596,12.826403784776648,5.544037485085232,82.92348741547211,6.905744090389306
429,ciclo2,33.870000000000005,20.018385026737974,6.970000000000027,4.518901937203923,0.9195000000000001,0.8327925465838507,0.0729,0.12145277872480052,76.37321,4.405456,0.0,9.879081964957596,12.826403784776648,5.544037485085232,82.92348741547211,6.905744090389306
430,ciclo2,35.47000000000003,24.017485029940126,8.930000000000007,4.648751668794421,0.8519,0.7655416149068325,0.46790000000000004,0.04978607348365399,86.417305,4.301126,0.0,9.815805684378399,12.703059906842402,5.439767145437911,81.84306868908695,6.92238070671096
435,ciclo2,36.49000000000001,23.18937791601869,5.57000000000005,5.505499039616621,0.8852000000000001,0.7882677018633542,0.4338,0.051653699491090145,94.29312,5.587058,0.0,11.923509804715955,14.936971931881498,6.127000725610485,76.19634817969958,9.13224802661353
438,ciclo2,35.93000000000001,23.19229430379746,5.710000000000036,5.34137446062133,0.8927,0.7811049689440992,0.2381,0.05963164235824056,80.4412,5.1078005,0.0,10.636939397122052,14.710143864588884,5.996946985308823,75.30293282802322,9.590939902232572
442,ciclo2,35.73000000000002,23.498389057750803,6.53000000000003,5.39694826697035,0.8603000000000001,0.7650378881987575,0.5392,0.048422101036949466,83.08781,4.8987412,0.0,10.442462052355578,14.465638726091191,5.89765094738309,76.78922332189236,9.103889479616091
450,ciclo2,34.450000000000045,22.032570850202447,7.170000000000016,5.494385970824854,0.8538,0.7421279503105588,0.5736,0.04997060031457491,96.68395,5.106495,0.0,11.278505113591288,13.653155831725044,5.757117021218598,79.35474381374023,8.532501372900809
453,ciclo2,33.97000000000003,21.38291005291011,6.470000000000027,5.338210478082596,0.8328,0.7210043478260871,0.08800000000000001,0.09483334473180623,107.4869,5.088257,0.0,11.381123183577827,13.40120437241359,5.839637432837209,82.67408010573857,8.8082682013678
455,ciclo2,30.870000000000005,19.229841807909636,4.490000000000009,5.016582803644585,0.8731,0.7686304347826091,0.08410000000000001,0.11670051815256635,100.34296,4.858476,0.0,10.842037726464985,13.25405104299264,5.859588267362241,84.03144440452542,8.450608640630604
456,ciclo2,30.630000000000052,18.83231046931414,5.03000000000003,4.906910420246114,0.8759,0.7671149068322983,0.035,0.1295209569417352,109.863045,4.756945,0.0,10.232625405581635,13.090326312945667,5.821108479972876,84.37847958813852,8.40343663550044
457,ciclo2,31.130000000000052,21.0202209944752,8.410000000000025,4.9810735109337365,0.8982,0.7536962732919255,0.0833,0.09037639092042352,93.36811,4.757429,0.0,10.221497762305466,13.090326312945667,5.821108479972876,84.37847958813852,8.40343663550044
460,ciclo2,32.63000000000005,22.395855072463775,8.970000000000027,5.3663991038046275,0.8280000000000001,0.720854658385093,0.19140000000000001,0.07953472303177038,96.843025,4.4650626,0.0,9.244356655597871,12.63322149526179,5.572663281558375,82.39524181405487,7.758703544703045
464,ciclo2,33.870000000000005,21.68762073027092,8.490000000000009,5.087836483910952,0.8343,0.7434496894409943,0.0951,0.10048050960490931,75.91673,4.2857604,0.0,8.876721499374536,12.712668764432363,5.579547077721236,84.08119041951213,7.267305233760213
465,ciclo2,37.190000000000055,21.89481355932207,5.170000000000016,5.1718738579481505,0.8645,0.7781975155279507,0.1937,0.09848945458593164,81.366394,4.3431225,0.0,9.260388138031818,12.766678371631103,5.591218493206867,85.30263415846052,7.091224907029487
466,ciclo2,32.79000000000002,21.192809917355426,5.730000000000018,4.998298661240661,0.8796,0.7948714285714285,0.1862,0.10604413966054303,81.438034,4.332233,0.0,9.29592223780135,12.766678371631103,5.591218493206867,85.30263415846052,7.091224907029487
467,ciclo2,33.01000000000005,20.584994096812327,6.130000000000052,4.784279793904553,0.9048,0.8252894409937889,0.0762,0.10509376682941815,77.78973,4.3413706,0.0,9.34832986892036,12.787706700269625,5.597667975863286,86.09204718795952,7.0262935427280855
468,ciclo2,32.93000000000001,20.58054298642536,8.07000000000005,4.663185186678349,0.9129,0.8305596273291924,0.171,0.09887308156544322,87.85837,4.3702826,0.0,9.80382170057112,12.795927546905002,5.592195612033288,85.644326065399,6.910970738637073
470,ciclo2,35.49000000000001,23.603642785065663,9.53000000000003,4.898064399669856,0.8357,0.7627403726708074,0.165,0.06688014251790539,97.13978,4.586444,0.0,10.400326428789922,12.64684405472973,5.49511957771113,84.15438888630885,6.675956821616444
483,ciclo2,31.850000000000023,20.36315696649035,5.110000000000014,5.387949427033531,0.8976000000000001,0.822004347826087,0.5261,0.04844635035876242,113.83864,5.4466705,0.0,11.695062478688389,14.165117638454301,6.17603896472484,80.31355529014157,9.357611864291265
487,ciclo2,37.93000000000001,24.179952076677335,7.390000000000043,5.508113127137586,0.8629,0.7676161490683231,0.4228,0.05157127721530533,91.43871,5.6689744,0.0,11.90857262607578,14.726858722961365,5.983155858214151,75.93633193145575,9.504361570242649
494,ciclo2,35.85000000000002,23.207328185328223,2.1300000000000523,5.4003864837756685,0.8717,0.7756614906832296,0.4323,0.05578938105743675,91.497955,5.086491,0.0,10.850696114645604,14.449788421709378,5.839865776733445,76.64782687878095,9.262762242654215
495,ciclo2,32.690000000000055,20.958022151898763,5.650000000000034,5.056388102695411,0.8918,0.7984503105590055,0.4025,0.06092600045104538,99.07294,5.06271,0.0,10.957896406523487,14.402724741740677,5.882739015201242,77.21667390043295,9.021101088816081
507,ciclo2,31.410000000000025,20.109680426098567,1.8700000000000045,5.0057844467342205,0.8815000000000001,0.7657478260869569,0.0775,0.11719165122307772,105.81772,4.8568673,0.0,10.656860252392168,13.171698654886203,5.797462310762564,83.98057028572967,8.471710657271217
508,ciclo2,31.110000000000014,21.490454545454586,4.050000000000011,4.996733939361518,0.9017000000000001,0.7069838509316774,0.1197,0.10525933776350642,92.93615,4.8434978,0.0,10.2460151986055,12.935668093853355,5.719476602127867,84.2922132211692,8.37026877237753
513,ciclo2,33.01000000000005,21.382258992805774,6.390000000000043,5.4320621775959514,0.8454,0.7250875776397516,0.17120000000000002,0.10045165071515343,85.76247,4.463982,0.0,9.208884609119078,12.604634711224245,5.548925972190809,81.99006065770324,7.497650181497236
516,ciclo2,31.310000000000002,20.52490099009904,3.57000000000005,4.8564150429514505,0.8938,0.7938422360248447,0.0591,0.10861544200049596,69.21593,4.387722,0.0,8.920470815648523,12.696658948313445,5.585662212893498,84.74116731519692,7.225426585663405
517,ciclo2,32.210000000000036,21.00668316831688,6.810000000000002,4.9732794814494765,0.8828,0.7918093167701864,0.1529,0.1104175805164688,66.789764,4.3628426,0.0,9.064520314804065,12.789605411537242,5.629667406109897,85.65315193693004,6.965727779794493
518,ciclo2,32.23000000000002,20.264450000000014,7.690000000000055,4.899943591257008,0.9027000000000001,0.8063018633540373,0.1585,0.13020059224185826,68.920525,4.3115435,0.0,8.9525694469815,12.789605411537242,5.629667406109897,85.65315193693004,6.965727779794493
519,ciclo2,33.210000000000036,21.26956271576526,3.230000000000018,4.958372843859769,0.9041,0.8130875776397516,0.0596,0.09616346057642104,70.32324,4.3510785,0.0,8.987070220904611,12.847066293383865,5.639265987081726,86.10702528210425,7.053428257111863
520,ciclo2,34.210000000000036,22.180076838638865,8.910000000000025,4.893702745193233,0.8648,0.7862360248447205,0.0666,0.08893456772116842,83.11595,4.5398955,0.0,9.767553176228668,12.752977956920649,5.551361578199957,85.5574001885992,6.939755820662866
522,ciclo2,34.07000000000005,22.318813186813195,9.510000000000048,4.623589790143522,0.8863000000000001,0.8087204968944102,0.3992,0.07230681876216416,89.7849,4.672282,0.0,10.41731537840475,12.644223498391666,5.485297891807624,84.03315864888243,6.6675087686096965
523,ciclo2,34.690000000000055,22.87013100436686,9.650000000000034,4.661051381698893,0.8951,0.8284521739130433,0.6381,0.04307025473689167,112.877716,4.5657234,0.0,10.3861700041879,12.689088759737539,5.43316728523475,83.1510958235648,6.804165016648145
529,ciclo2,31.390000000000043,20.34375451263538,6.590000000000032,5.219087985983865,0.8917,0.8041645962732918,0.5542,0.05468237524765687,99.77665,5.476378,0.0,11.721828777451295,14.304828729221152,6.241918503013942,80.59862685898406,9.219943236924346
537,ciclo2,38.01000000000005,24.865166666666692,6.57000000000005,5.7030920881712746,0.8593000000000001,0.7617633540372666,0.5983,0.047901277475475755,95.25573,5.622541,0.0,11.74231785566091,14.693675800426114,6.147046660680728,75.04094576742521,10.103779886625574
551,ciclo2,35.110000000000014,22.671979414093457,7.630000000000052,5.327688936060211,0.8719,0.7685857142857146,0.2989,0.059401756522052825,86.777336,5.118426,0.0,10.900288784462111,14.64871350543395,5.851146546219317,76.62659963618013,9.529879392471532
555,ciclo2,34.410000000000025,22.652055749128923,5.53000000000003,5.382079694375924,0.8662000000000001,0.7511906832298134,0.25630000000000003,0.07257344945206896,92.49506,5.212786,0.0,11.34566894199293,14.372581017171047,5.8232746352515266,78.05380862944979,8.810057751646621
561,ciclo2,38.51000000000005,23.33401951219515,8.430000000000007,5.789048250653916,0.8472000000000001,0.6735975155279498,0.5,0.06934226835173084,104.16479,5.0495524,0.0,11.230639375936295,13.669018818422957,5.705876250798681,79.30189757846873,8.8567479008407
562,ciclo2,35.97000000000003,23.19843657817111,6.190000000000055,5.676700124283631,0.8430000000000001,0.7072776397515529,0.3416,0.06953294404433553,108.556366,5.0220413,0.0,11.35130004056402,13.484040594635816,5.682228260402029,80.67000319752873,8.615172849720368
565,ciclo2,31.370000000000005,19.96502242152472,5.270000000000039,5.075516221017321,0.8972,0.7329496894409937,0.1119,0.11112922706740623,110.618195,5.0231524,0.0,11.166483393163695,13.342128916232086,5.829623751159072,83.55320740904209,8.865261629622154
566,ciclo2,31.79000000000002,19.616723716381447,2.5300000000000296,5.100920313381921,0.8883000000000001,0.7726037267080746,0.1557,0.11542168159572558,87.85785,4.8582525,0.0,10.522119757706683,13.06540385519919,5.748584699917436,83.90472048640783,8.549927613906462
568,ciclo2,33.43000000000001,22.65201612903227,4.9500000000000455,5.162720558933322,0.8648,0.7119037267080744,0.10250000000000001,0.09112609166635612,88.97093,4.545256,0.0,9.393641896408292,12.767409255042706,5.637209123243062,83.71999677510617,8.220610239252009
570,ciclo2,33.09000000000003,22.6696390977444,2.670000000000016,5.283425738942749,0.8859,0.7385409937888201,0.14750000000000002,0.0922108537501031,89.70325,4.4662566,0.0,9.298284301371568,12.534728626717174,5.516454066302649,81.43750164019374,7.690223034116415
571,ciclo2,33.47000000000003,22.3653777777778,5.170000000000016,5.441855998566703,0.8689,0.7229453416149068,0.1413,0.09334806631371857,81.12023,4.4641743,0.0,9.13838668660693,12.49398283094254,5.513196509176003,80.65677298750106,7.682666295066853
573,ciclo2,31.110000000000014,20.36241565452097,7.090000000000032,5.078097576978942,0.8926000000000001,0.7861354037267079,0.0639,0.12028338919202834,81.79809,4.4101567,0.0,9.094251801915643,12.591110409972261,5.574159940935417,82.6769515212846,7.719855153236705
575,ciclo2,33.450000000000045,22.061824817518282,5.590000000000032,5.179311956152165,0.8559,0.7769037267080748,0.2218,0.08239080173000916,69.18866,4.500455,0.0,9.005127959904943,12.687270194792315,5.591302483634732,85.20544942053048,7.1603559105478105
576,ciclo2,32.190000000000055,20.91938875305627,4.970000000000027,4.9871038450037695,0.9015000000000001,0.8112906832298141,0.1213,0.11099354958664501,69.61038,4.4562955,0.0,9.024488577309445,12.753005144714079,5.60403310533933,85.76348032849317,6.919816724019414
577,ciclo2,31.57000000000005,20.255739570164398,5.610000000000014,4.982946079762371,0.9092,0.813451552795031,0.0694,0.1226824943627047,65.17107,4.3986382,0.0,9.010662700305172,12.753005144714079,5.60403310533933,85.76348032849317,6.919816724019414
578,ciclo2,32.63000000000005,20.009048811013795,6.150000000000034,4.977172631688319,0.9136000000000001,0.8046285714285714,0.0834,0.12096275307250016,62.005863,4.272744,0.0,8.721778380361865,12.834265972570117,5.6383722694567355,85.83978428871026,6.85413843041768
579,ciclo2,33.49000000000001,20.45213664596276,7.250000000000057,4.740013093905568,0.9069,0.7941826086956519,0.0716,0.12965194571133645,80.159996,4.374309,0.0,9.267831186002907,12.79039040605992,5.592847444852569,85.27660175921517,6.841753304906747
582,ciclo2,34.27000000000004,22.469359267734593,9.150000000000034,4.709737374215715,0.8966000000000001,0.8202049689440996,0.465,0.0676530147893793,113.06036,4.710551,0.0,10.644321483068145,12.704954129847094,5.44469857510072,83.05582222271197,6.975789271453967
597,ciclo2,39.51000000000005,25.23289945440374,7.03000000000003,5.864996022417281,0.8358,0.6956118012422358,0.544,0.0576199094073376,121.98724,5.819385,0.0,11.839148790607197,14.62042278868905,6.05821328607907,75.42453622551425,10.023041864288114
602,ciclo2,35.51000000000005,22.987898039215708,4.970000000000027,5.3737434548939484,0.872,0.7866925465838511,0.4743,0.04886442971150341,126.47577,6.2357244,0.0,12.936501751912726,14.736985493696883,5.976463747608924,75.85295613616269,10.141359838739453
605,ciclo2,34.09000000000003,22.112988505747108,2.390000000000043,5.129753576780382,0.8902,0.7965695652173918,0.47050000000000003,0.05603216472403306,91.25338,5.68818,0.0,11.909315231312167,14.772637920926899,5.90174793147383,76.28748073515402,10.650089284422465
615,ciclo2,36.31,23.369635369188714,5.650000000000034,5.507743637501101,0.8655,0.7119416149068327,0.39030000000000004,0.07158977646484119,101.4836,5.0436687,0.0,10.970099316696249,14.07809646552784,5.746810519315994,78.9698050745613,9.250927597764191
619,ciclo2,33.93000000000001,21.74380632790032,5.850000000000023,5.482125857758539,0.8706,0.7426559006211179,0.3874,0.06382109782270282,83.083725,5.012638,0.0,10.940254727043675,13.73877859698322,5.7141751069911955,79.91280024763728,9.284437732564346
623,ciclo2,34.670000000000016,20.034664031620604,2.230000000000018,5.005967228326322,0.8701000000000001,0.7398279503105589,0.3267,0.08856778518636266,89.97886,4.859059,0.0,10.602631933464313,13.297030550817349,5.7643087890381555,83.64273577505178,8.994352876829478
624,ciclo2,31.170000000000016,19.900666666666694,1.5900000000000318,5.005434244284511,0.9093,0.7785875776397517,0.1163,0.13938606547790736,90.318924,4.7458158,0.0,10.101971036168571,13.05316118696762,5.69189528937043,83.73243168003742,8.73274745062443
625,ciclo2,32.450000000000045,21.55192307692311,7.810000000000002,5.133211409897114,0.8861,0.7480173913043477,0.0694,0.11635421532652067,88.28613,4.595256,0.0,9.339388182678261,12.801868822335356,5.610731901971873,83.62392442442894,8.348416859332763
631,ciclo2,33.950000000000045,22.681130653266354,5.470000000000027,5.313323750195127,0.8250000000000001,0.7327285714285715,0.3068,0.06003194535559147,69.986626,4.6474433,0.0,9.32473429408146,12.576398497609246,5.527060362019205,83.43336379962835,7.50213487420584
633,ciclo2,33.910000000000025,20.87050480769235,5.2900000000000205,4.923714322128984,0.925,0.8383596273291923,0.11370000000000001,0.10019537521646613,74.268936,4.668899,0.0,9.330731487574717,12.622322519518448,5.5323227025908235,85.01979537442652,7.334528327959971
634,ciclo2,33.110000000000014,22.153850509626302,6.270000000000039,4.924878542835782,0.902,0.8271857142857142,0.2492,0.08999800954123885,65.25533,4.7088885,0.0,9.321064409983894,12.553092792601381,5.499798148650697,85.42895647111656,7.083714281548478
635,ciclo2,32.55000000000001,21.796217142857152,6.210000000000036,4.852314791194894,0.9231,0.8207956521739128,0.2412,0.09613263892565699,68.819046,4.507034,0.0,9.040484913507091,12.553092792601381,5.499798148650697,85.42895647111656,7.083714281548478
636,ciclo2,33.23000000000002,21.041449814126427,6.53000000000003,4.689999036114797,0.9122,0.8227571428571429,0.049800000000000004,0.12393857711053671,63.149517,4.3867173,0.0,8.857123080757889,12.611852938141302,5.536633959333247,85.43482348337855,6.901441736306363
637,ciclo2,34.27000000000004,22.03730270906952,8.07000000000005,4.749517454034277,0.8996000000000001,0.8061521739130434,0.0523,0.11807479842551104,81.9884,4.554709,0.0,9.29270500875844,12.642987167405796,5.526726649828592,84.66514832526947,6.846473888007084
638,ciclo2,33.31,21.918550724637726,8.870000000000005,4.658166204887201,0.8883000000000001,0.7949062111801243,0.09290000000000001,0.11122677058866343,94.46029,4.723575,0.0,9.879677810054313,12.584676215919059,5.468173704362585,83.80896880646094,6.957035679246544
639,ciclo2,34.410000000000025,23.453950310559026,3.730000000000018,4.978051383339777,0.7799,0.6857105590062107,0.4098,0.05284220809949913,110.34588,4.729936,0.0,10.523148062265651,12.439632970222654,5.379523051009858,83.11995209347158,7.005954661687405
640,ciclo2,34.710000000000036,24.095727590221205,4.510000000000048,4.737438118904602,0.8303,0.7375310559006208,0.41290000000000004,0.04993550528136656,115.99286,4.7428384,0.0,10.745442199091013,12.490711835637391,5.3563952788246665,82.94779140537938,7.189416379043969
641,ciclo2,36.33000000000004,23.625527522935812,7.970000000000027,4.727799563490939,0.8581000000000001,0.7651204968944103,0.4244,0.061333110547583086,85.840096,4.436158,0.0,9.75948859703373,12.866143408407309,5.4772183266863905,82.09272182724088,7.571262447179043
642,ciclo2,38.150000000000034,25.12773913043482,3.170000000000016,5.384480750833854,0.5949,0.5033540372670812,0.3269,0.04068462708708918,105.32309,4.2272387,0.0,9.654462493313863,13.957569138454252,5.939751366839908,81.73704130342622,7.881071398455936
660,ciclo2,34.690000000000055,22.310682170542616,3.4700000000000273,5.406537773606675,0.8922,0.8073633540372674,0.6875,0.03780557763811133,93.17421,6.0194182,0.0,12.241697537514716,14.709273078986365,5.898321623548948,76.33030144728563,10.672658178741006
668,ciclo2,34.99000000000001,22.473800163800217,2.6100000000000136,5.279515896145718,0.8924000000000001,0.7777086956521739,0.4204,0.0564196459234262,98.671455,5.2193456,0.0,11.141530378792512,14.374260535950377,5.6987623040263875,79.50720848448763,9.519738676001573
669,ciclo2,33.59000000000003,21.65483627204028,4.550000000000011,5.045496262001385,0.8919,0.794752173913044,0.4736,0.05293339314818751,91.88357,5.172565,0.0,11.195396289153775,14.361734152538792,5.728940693245602,79.44113102411293,9.406577615197001
672,ciclo2,35.09000000000003,22.372815622161717,4.270000000000039,5.42330287299985,0.8649,0.732664596273292,0.25270000000000004,0.07511674591435853,107.77324,5.0521317,0.0,10.811212358270629,14.187126312945672,5.791081472078681,79.94615764977345,9.295415188971798
673,ciclo2,34.01000000000005,22.16068673565384,4.250000000000057,5.277538498636795,0.8685,0.7179304347826085,0.28850000000000003,0.08342012510468873,102.78051,5.087805,0.0,10.804906004617102,14.187126312945672,5.791081472078681,79.94615764977345,9.295415188971798
677,ciclo2,31.610000000000014,20.7319746376812,6.590000000000032,5.328272901728871,0.8527,0.7484080745341615,0.3637,0.06996226043455739,93.36805,5.400143,0.0,11.270505471687963,14.339859755825215,6.253934101060604,80.26185638286279,9.445543637899311
681,ciclo2,30.79000000000002,19.83344485749692,6.750000000000057,4.976287218141926,0.9142,0.7978714285714289,0.15710000000000002,0.12886318973293256,61.05034,4.298977,0.0,8.734950154722336,13.018723309815796,5.651067536343339,83.58408123711645,8.779121840730197
682,ciclo2,33.690000000000055,22.38431055900622,6.090000000000032,5.234672359470741,0.8686,0.6787683229813666,0.20140000000000002,0.08986616164602249,91.50602,4.564405,0.0,9.390771592157561,12.692866154886186,5.552580480323508,83.3710587535328,8.513857450594518
685,ciclo2,32.49000000000001,21.340451436388562,8.050000000000011,5.160357275490168,0.8915000000000001,0.7616366459627327,0.1565,0.09854731353466628,68.70766,4.529362,0.0,9.173667177914183,12.728461697922166,5.5568551118536975,81.80821681096957,8.080509507595133
686,ciclo2,33.410000000000025,22.06371742112484,4.470000000000027,5.418916775545346,0.8494,0.7365416149068318,0.2571,0.09989876090168032,84.39642,4.5425353,0.0,9.25461718553474,12.559269888063064,5.49962484022388,81.46983928269694,8.170056258251908
687,ciclo2,32.370000000000005,21.124411384217378,7.170000000000016,5.232060566474178,0.8965000000000001,0.7773490683229818,0.12240000000000001,0.12827802981771336,83.397026,4.5785794,0.0,9.142482237521513,12.6826092433056,5.548271937429366,82.38158157544649,8.024454383531996
688,ciclo2,30.450000000000045,19.60627851140461,5.4500000000000455,4.94979540040439,0.9213,0.8267490683229815,0.17470000000000002,0.12028308489373762,103.355484,4.6144543,0.0,9.336045509393259,12.863619948313465,5.645864728744254,83.88645893049144,7.71224135524758
689,ciclo2,30.650000000000034,19.340525059665907,3.2700000000000387,4.920570572617734,0.9119,0.8297677018633542,0.061500000000000006,0.12459054658538386,100.0448,4.650165,0.0,9.427726443001864,12.807020661145986,5.635074879499476,85.547910906771,7.474718458186146
690,ciclo2,31.250000000000057,19.760656565656603,2.1900000000000546,4.798642966130762,0.9202,0.7988049689440997,0.047400000000000005,0.1417141431205884,66.79895,4.622606,0.0,9.262469927953687,12.543241907624871,5.47050198950224,85.45144858760433,7.281897042306376
712,ciclo2,40.97000000000003,26.179224806201542,7.2900000000000205,5.975001373604922,0.8923000000000001,0.6714981366459628,0.4484,0.10037921852682406,120.49582,6.3383017,0.0,13.132349532307673,14.452815882585728,5.8939486862529105,74.95816895084475,10.655698283883304
714,ciclo2,36.07000000000005,23.885875968992245,4.050000000000011,5.367573821458332,0.882,0.7528788819875774,0.6326,0.04867254051303474,124.554565,6.7247024,0.0,13.631888700636319,14.300649511693729,5.7594580658756716,75.7083190575388,10.915651707277272
717,ciclo2,33.870000000000005,22.087229832572326,1.650000000000034,5.40070463837944,0.8517,0.7472527950310557,0.5363,0.04604962764750777,76.288284,5.6462007,0.0,11.345817787384103,14.8552355156061,5.935525255277052,77.68791051688252,11.169143277368514
718,ciclo2,33.33000000000004,22.01876421531466,0.4500000000000455,5.270032712973274,0.87,0.8035440993788825,0.6188,0.04025024955706341,68.87022,5.3659077,0.0,10.70149664650071,14.8552355156061,5.935525255277052,77.68791051688252,11.169143277368514
723,ciclo2,30.930000000000007,20.283681672025764,4.210000000000036,4.795311243074765,0.8913000000000001,0.8219956521739128,0.5623,0.042672280481237695,100.43359,5.2025623,0.0,11.14177442286394,14.271507733133504,5.664974899077801,80.57073183626333,9.99030524330982
725,ciclo2,32.29000000000002,21.006374570446752,3.8100000000000023,5.0549244049166715,0.8907,0.8049639751552795,0.4741,0.05557015660132214,100.4849,5.120376,0.0,11.033880137857313,14.41146420731189,5.76854398116957,80.21858034056609,9.672358437963078
727,ciclo2,31.510000000000048,20.78954337899547,4.990000000000009,5.202456336925392,0.863,0.7665875776397517,0.49260000000000004,0.056276587099991,87.994255,5.434362,0.0,11.456765837974666,14.339859755825215,6.253934101060604,80.26185638286279,9.445543637899311
728,ciclo2,34.85000000000002,22.00429101019461,4.510000000000048,5.426339704456381,0.8614,0.7283652173913043,0.3831,0.07274565856365113,88.56328,5.06577,0.0,10.867893676824258,14.130950783211754,5.759687456775656,81.03427620491061,9.212572435686349
732,ciclo2,30.170000000000016,19.632967136150278,1.3900000000000432,4.774014582472622,0.8916000000000001,0.7971409937888193,0.4339,0.06176119756351256,100.75524,4.8191147,0.0,10.504762955532469,13.600869563336902,5.654208540803673,81.71525284805902,9.585609079223744
736,ciclo2,30.49000000000001,19.239104477611964,1.8100000000000023,4.965949927890235,0.8748,0.778808695652174,0.2909,0.08283660815782837,62.16154,4.2255645,0.0,8.527200598535007,13.276910578203898,5.741282987876153,83.35828374971989,9.25350792269496
737,ciclo2,29.630000000000052,18.81293181818186,2.8500000000000227,4.887892094933638,0.9113,0.781693167701863,0.17250000000000001,0.13670681787204028,62.814346,4.1963058,0.0,8.396647089519679,13.23342919870469,5.776952883905297,83.12740258885667,8.973469171158245
739,ciclo2,35.150000000000034,22.179262613195366,9.03000000000003,5.238579555221993,0.8746,0.6969639751552794,0.1799,0.09280662561536811,89.32987,4.492346,0.0,9.320571347960893,12.928887184620141,5.643435535264582,82.88216122898818,8.64487168691525
742,ciclo2,32.950000000000045,21.475473684210566,5.910000000000025,5.260227885481947,0.8741,0.7712801242236026,0.2121,0.09777144079949555,80.298004,4.641201,0.0,9.442030177481339,12.79107317992535,5.581139385652014,81.59813980167763,8.38690504220948
743,ciclo2,32.47000000000003,21.180729295426488,7.210000000000036,5.171495382060143,0.8786,0.7793459627329187,0.2093,0.11472301885467469,88.26922,4.636844,0.0,9.44778400307198,12.920937265997324,5.644016392744021,82.82436139479474,8.08544548775055
745,ciclo2,31.430000000000007,19.995476190476246,5.2900000000000205,4.852781775818642,0.9156000000000001,0.8116807453416149,0.0645,0.12490849645400927,95.20831,4.628468,0.0,9.435986113838842,12.701780164275863,5.570179384599064,85.61258177430308,7.542735953027888
747,ciclo2,32.39000000000004,22.395930372148882,6.390000000000043,4.756019791217891,0.8668,0.7673776397515525,0.0714,0.08993073316225576,76.91311,4.765893,0.0,9.658912783830713,12.34385678321171,5.384442593878221,85.1356069000605,6.958904127397082
748,ciclo2,37.27000000000004,25.338014888337476,7.890000000000043,5.327243597506457,0.687,0.6079049689440996,0.12350000000000001,0.06031383430730969,84.31964,4.8939724,0.0,9.99367712561682,12.34385678321171,5.384442593878221,85.1356069000605,6.958904127397082
750,ciclo2,37.59000000000003,25.65733249051832,9.370000000000005,5.517419635397151,0.7262000000000001,0.6420080745341614,0.3526,0.045235888263367795,75.16372,5.0287046,0.0,10.237992069176583,12.346999638454292,5.372424498133311,83.90510872651876,6.803225748527466
752,ciclo2,34.97000000000003,22.944871194379424,6.890000000000043,4.496290682489448,0.8657,0.7712372670807454,0.29600000000000004,0.07718636060431085,74.163246,4.8348117,0.0,9.984811309252656,12.406783236263342,5.4005017270095435,82.43654755988548,7.43284592026252
753,ciclo2,35.81,24.054922440537776,7.8700000000000045,4.554021345229487,0.8201,0.6981701863354038,0.1845,0.08508904349165977,74.463486,4.847042,0.0,10.070110630697359,12.28842965566871,5.31203895523978,82.46390182909694,7.778855292272918
784,ciclo2,33.43000000000001,21.093855421686776,1.1100000000000136,5.094590123626576,0.8318000000000001,0.7446484472049688,0.4147,0.06767078886263263,95.29324,5.0552998,0.0,10.694257234706606,14.160155506998867,5.770014087158597,81.40600858488492,9.419379213739365
789,ciclo2,30.150000000000034,19.99147465437791,5.690000000000055,4.802922271026689,0.9018,0.7678354037267079,0.3497,0.08790425791872232,78.48232,4.6910796,0.0,9.978083047420329,13.548739384933164,5.639361639822239,81.90622776527088,9.511874114797138
793,ciclo2,30.27000000000004,19.421560693641634,5.430000000000007,4.950114752341134,0.8855000000000001,0.7830130434782607,0.2926,0.08457319306463264,75.65663,4.2923055,0.0,8.605761237858836,13.293360213571649,5.713669193300227,82.85359744385183,9.042294065740167
794,ciclo2,30.910000000000025,20.072279411764722,8.03000000000003,4.9477958253926335,0.9033,0.8113316770186337,0.339,0.0877436281223277,77.43497,4.354082,0.0,9.063773024204004,13.082332379455849,5.647135360882952,82.69244532616959,8.755861360262902
795,ciclo2,31.29000000000002,20.182578616352227,3.5500000000000114,5.138748766512049,0.8959,0.7965819875776401,0.4612,0.09091930138861393,80.83409,4.4126554,0.0,9.172023208213654,12.87584766897073,5.558531576803796,82.69616636327403,8.415919552695266
796,ciclo2,36.53000000000003,22.30188067444878,6.8700000000000045,5.5326391482055985,0.8784000000000001,0.7271782608695655,0.368,0.08081945579031215,78.721596,4.5071816,0.0,9.268114153297706,12.87584766897073,5.558531576803796,82.69616636327403,8.415919552695266
798,ciclo2,32.57000000000005,20.960460358056274,4.090000000000032,5.260302865147972,0.8962,0.8118422360248446,0.42650000000000005,0.0910269864017581,95.76807,4.6236258,0.0,9.479258404385787,13.139443524213299,5.68454987278711,81.88853556146384,8.413375849460936
801,ciclo2,31.83000000000004,19.97393770856512,3.7700000000000387,5.0176642878952205,0.9123,0.814103105590062,0.1487,0.11414254813479192,65.96185,4.4270964,0.0,8.89585502183078,12.946457876325972,5.648138127306848,84.40765210267857,7.752641464766981
802,ciclo2,33.59000000000003,21.034677595628427,4.970000000000027,4.91880450843818,0.9021,0.7873260869565216,0.14350000000000002,0.09291384342947745,85.44366,4.4802566,0.0,8.975434857926,12.773197331725012,5.562444301067708,85.69822763224164,7.4252191212823755
803,ciclo2,34.29000000000002,22.12501118568234,8.090000000000032,4.804222200383646,0.8593000000000001,0.7491602484472051,0.11570000000000001,0.08144633662115548,76.896935,4.526345,0.0,9.168202198753649,12.646297143931594,5.483775154055868,85.48674167553541,7.2097786864092726
804,ciclo2,33.73000000000002,21.22899766899771,8.510000000000048,4.682015128339358,0.9109,0.8110944099378878,0.0648,0.1238876114844046,88.86879,4.7191725,0.0,9.618590989315782,12.411314298861209,5.384678225688995,84.98621690045613,7.012841411508531
807,ciclo2,34.13000000000005,23.037284105131416,6.9500000000000455,4.884266227271051,0.8885000000000001,0.7895279503105589,0.2685,0.07755740107182596,96.63892,5.0112433,0.0,10.611044554466508,12.267579024995785,5.371769046607381,83.39524633749608,6.92152042584559
811,ciclo2,35.09000000000003,24.384248927038644,6.550000000000011,4.625527550732345,0.6933,0.6066801242236027,0.2604,0.05667905593206977,81.29403,4.684361,0.0,9.7259780352923,12.72733862515224,5.5419805322489,82.5119079748298,8.3176156667967
830,ciclo2,31.07000000000005,20.579472789115663,6.07000000000005,4.90799275868741,0.8527,0.7568037267080744,0.5107,0.04831028064424385,94.67943,5.2840977,0.0,11.021596388932391,14.135961285559148,6.138148405560788,79.7303665827478,9.213838980822503
832,ciclo2,34.370000000000005,23.102424477149537,7.770000000000039,5.080745499878546,0.8333,0.7191012422360252,0.5023,0.0562309987093209,79.95824,4.7862134,0.0,9.387152118836644,14.646680956138166,5.824726621983519,79.31388819188038,10.84308287183007
836,ciclo2,32.29000000000002,21.205707070707096,4.670000000000016,5.1535918063798425,0.8513000000000001,0.6991024844720497,0.5407000000000001,0.062148814543053,83.95972,5.1242275,0.0,10.605686868105984,14.042885467875266,5.58779884198684,81.6152753293408,9.839165970842119
837,ciclo2,33.07000000000005,21.599667565139303,4.630000000000052,5.1384856213364705,0.8480000000000001,0.7239453416149069,0.3491,0.0661988383962124,83.228386,5.0990148,0.0,10.572877769527494,14.088363380238325,5.615311822820995,81.42802864099438,9.80849138668309
843,ciclo2,29.090000000000032,19.167008244994157,4.230000000000018,4.8619954025477465,0.9003,0.7870888198757762,0.2059,0.10917189192647707,75.31466,4.636427,0.0,9.583764200728668,13.548739384933164,5.639361639822239,81.90622776527088,9.511874114797138
845,ciclo2,34.73000000000002,21.06918854415278,4.330000000000041,5.394622028981416,0.8948,0.7294385093167702,0.24070000000000003,0.08578589921782213,68.224014,4.5409126,0.0,9.327437569380924,13.577284647061484,5.71250394537152,82.36644915228472,9.48618231603312
847,ciclo2,30.930000000000007,19.87959905660378,4.550000000000011,4.915844600995067,0.9094000000000001,0.8001881987577641,0.3628,0.09750644150015227,74.74924,4.209428,0.0,8.598330722896701,13.532422525778218,5.792149994572743,83.12445705624457,9.428868210989988
850,ciclo2,36.170000000000016,22.768807947019916,7.890000000000043,5.40900854255613,0.8799,0.746777639751553,0.31520000000000004,0.08238303734163831,73.92461,4.4719152,0.0,9.084426416610988,12.87584766897073,5.558531576803796,82.69616636327403,8.415919552695266
853,ciclo2,32.77000000000004,20.7637470167065,7.03000000000003,5.236607880442855,0.895,0.8012496894409941,0.2424,0.10460058734335045,88.603355,4.6228104,0.0,9.615771816767714,13.139443524213299,5.68454987278711,81.88853556146384,8.413375849460936
856,ciclo2,34.910000000000025,20.5541953385128,2.390000000000043,5.218780367639513,0.8902,0.7715478260869563,0.22890000000000002,0.10977722392550375,86.11046,4.321592,0.0,8.738300924844705,12.946457876325972,5.648138127306848,84.40765210267857,7.752641464766981
858,ciclo2,32.97000000000003,20.266403508771926,4.110000000000014,4.90188974071882,0.9129,0.823211801242236,0.16140000000000002,0.1094404136799797,82.77242,4.515699,0.0,9.130928626269025,12.646297143931594,5.483775154055868,85.48674167553541,7.2097786864092726
865,ciclo2,33.950000000000045,23.346402515723305,8.53000000000003,4.502389318331873,0.8955000000000001,0.8087372670807452,0.34690000000000004,0.08579313254877209,93.084854,5.02488,0.0,10.41358727269509,12.212390132194521,5.329682154916797,82.39349872483152,7.828842553162102
884,ciclo2,39.99000000000001,24.215936507936515,3.2700000000000387,5.725884280145791,0.8539,0.6811621118012421,0.49000000000000005,0.07836332085336822,65.16355,4.9279146,0.0,9.69297735108677,14.530114237045808,5.794728192256096,78.32771659658611,10.980891207169446
886,ciclo2,30.83000000000004,20.993233532934152,6.730000000000018,4.740742812045625,0.7541,0.6724627329192548,0.5199,0.045430484498007725,75.83251,5.267828,0.0,10.97280312827549,14.135961285559148,6.138148405560788,79.7303665827478,9.213838980822503
887,ciclo2,31.590000000000032,20.485883575883584,4.03000000000003,5.1583693070043175,0.8565,0.7422838509316771,0.3161,0.08856291577046448,70.757614,4.6600556,0.0,9.49045963568983,13.653188403712491,5.6384686052172865,82.13649864917156,9.35550414290258
894,ciclo2,31.250000000000057,19.80482843137259,4.390000000000043,5.0922283365289305,0.8963000000000001,0.800840372670807,0.251,0.10629540951675111,62.8244,4.205449,0.0,8.385738896045005,13.43664740293002,5.748850946674363,82.36003799019598,9.216007681478635
895,ciclo2,32.49000000000001,20.562313253012096,3.430000000000007,5.183422249356533,0.9115000000000001,0.7730987577639752,0.2371,0.09365813941779054,63.383396,4.3339586,0.0,8.628143419113165,13.25614207898638,5.670031827752671,82.24393964697535,8.95720235770043
899,ciclo2,33.370000000000005,21.218058608058666,1.990000000000009,5.189714493499294,0.8946000000000001,0.7865813664596275,0.1888,0.09626547545507881,92.996895,4.488267,0.0,9.184284747180223,13.02831578242925,5.59840913435831,81.82909173430562,8.443592699301416
901,ciclo2,32.05000000000001,20.360782608695697,0.6900000000000546,5.082642354186063,0.8973000000000001,0.7293515527950312,0.18510000000000001,0.10221967764373201,91.632835,4.2415576,0.0,8.602054389401308,13.014828938141283,5.613280821883639,82.37788980719432,8.177801779263552
902,ciclo2,32.43000000000001,20.41667388949082,1.830000000000041,5.092267595287641,0.8687,0.7277937888198757,0.1602,0.1003077015611318,81.834946,4.0541177,0.0,8.155563576502754,12.940487353634238,5.609120844556573,83.14859469376935,7.949785200037393
905,ciclo2,31.870000000000005,20.368369565217428,-0.1099999999999568,4.959340019462186,0.9054000000000001,0.8189658385093169,0.3642,0.10528397098930993,96.92212,4.3629847,0.0,8.734563612540512,12.783405715136617,5.569017754743106,85.24660091372668,7.432566226842578
906,ciclo2,34.910000000000025,20.50721074380166,3.410000000000025,5.0247746618001745,0.8428,0.7341701863354038,0.2401,0.09492636102778616,104.652054,4.6097374,0.0,9.345446016856648,12.596917787124081,5.499633091559316,84.44168461786784,7.322564961561351
907,ciclo2,33.49000000000001,22.57328963051255,8.770000000000039,4.540090850983457,0.8868,0.8033534161490686,0.1317,0.10623228739815915,69.002754,4.7428417,0.0,9.57109138187333,12.289714469440227,5.395273262453136,83.94023910182929,7.249011555112126
909,ciclo2,33.73000000000002,23.21057213930351,6.110000000000014,4.45039907328128,0.8644000000000001,0.720894409937888,0.1656,0.0953899054833901,92.3552,4.950845,0.0,10.225499695998332,12.172864157233604,5.322319815152877,83.46650604993613,6.970202641793162
912,ciclo2,34.75000000000006,24.443010471204236,7.730000000000018,4.377832407883204,0.8478,0.7404838509316771,0.2942,0.07444588505296544,102.71274,5.224457,0.0,10.894097462709897,12.066141747218001,5.305863068166421,82.58466661695225,7.644275943589753
918,ciclo2,39.370000000000005,25.32353078721749,5.4500000000000455,5.457779813033516,0.8624,0.7417459627329193,0.5762,0.0565078854430125,115.33161,5.751551,0.0,11.805406883202783,14.619345985872146,5.918727791595169,75.9514400220034,10.855731462318861
926,ciclo2,40.05000000000001,25.46561832061068,6.330000000000041,5.695505396092467,0.8822000000000001,0.6998055900621118,0.4868,0.08584782307382748,63.67187,5.350592,0.0,10.271662110937596,14.520554778516892,5.8365846269786115,76.35289857392618,10.197452402992397
933,ciclo2,30.090000000000032,19.13657687991026,1.9300000000000068,5.0476500582480295,0.9072,0.7843366459627332,0.1306,0.12025825196796218,63.544,4.43118,0.0,8.74894545435896,13.768814408407325,5.729543171830923,82.21032112998262,9.240007410037169
934,ciclo2,29.79000000000002,18.974906976744247,-0.08999999999997499,4.9510508741869605,0.911,0.7929049689440995,0.188,0.12442233817196531,65.71481,4.499605,0.0,9.059110870608354,13.768814408407325,5.729543171830923,82.21032112998262,9.240007410037169
939,ciclo2,29.850000000000023,19.124876847290686,5.110000000000014,4.955587318823911,0.9171,0.796268944099379,0.1947,0.11110514981329081,54.494926,4.319067,0.0,8.536128794942998,13.488959748782914,5.733305851831052,81.77221404777046,9.086160825397736
941,ciclo2,31.630000000000052,21.33147487844408,8.050000000000011,4.698071754849409,0.6823,0.5775546583850932,0.4063,0.05613947023307941,76.654175,5.271723,0.0,10.81866826358118,14.100762420144417,6.098586863583401,78.60532976538082,9.020211688762465
945,ciclo2,32.99000000000001,20.882712456344642,4.130000000000052,5.177161134789154,0.9106000000000001,0.7892689440993792,0.4187,0.0915923897921016,76.750725,4.478034,0.0,9.069056992649047,13.160503553947258,5.616272207239946,81.78641529532936,8.32168731249428
946,ciclo2,33.53000000000003,21.034094117647093,7.430000000000007,5.160285736784274,0.8989,0.7395428571428568,0.28290000000000004,0.09561480479603866,81.00195,4.443049,0.0,8.901301213125317,13.12730135128687,5.612221502115211,81.89333371455464,8.251880271883765
949,ciclo2,32.81,21.18011337868484,2.7900000000000205,4.99582467261217,0.8581000000000001,0.7161652173913041,0.33690000000000003,0.09511997149130204,86.08823,4.088261,0.0,8.195309327899057,12.995644848939424,5.620181070667123,84.14785742927792,7.832764518592198
953,ciclo2,34.25000000000006,22.84325581395352,8.950000000000045,4.576113421981382,0.8799,0.7998124223602481,0.10360000000000001,0.09293148665627174,68.23003,4.6449146,0.0,9.312351113196327,12.615406064901881,5.556674658621062,84.81493127881937,7.462170800870815
955,ciclo2,39.07000000000005,26.57504830917878,11.190000000000055,5.58759047069466,0.6313000000000001,0.5673515527950308,0.3294,0.05054290607723299,78.46466,4.9062934,0.0,10.11231775283739,12.20512336145899,5.393622990580021,83.85937435547169,6.958416666523382
959,ciclo2,36.210000000000036,24.89524005486973,8.79000000000002,4.898701989690656,0.7644000000000001,0.6759155279503105,0.3579,0.06284983341366315,113.84003,5.0729375,0.0,10.912761009952506,12.364261064901862,5.4712306352711435,82.52908531275294,7.660968015463422
974,ciclo2,32.410000000000025,20.312177215189912,4.670000000000016,5.153220678468885,0.9075000000000001,0.7583242236024847,0.2049,0.13005223545705902,63.26687,4.4804444,0.0,8.85259726897947,13.518448394322846,5.659225955144655,81.82441570686876,9.085892441735895
976,ciclo2,33.950000000000045,21.363436293436322,4.970000000000027,5.495630992575699,0.8931,0.7413962732919256,0.2822,0.09991416619894043,58.11995,4.3000965,0.0,8.454407958085564,13.339914192444915,5.606613469018695,81.77196801118183,8.80712548971193
978,ciclo2,32.210000000000036,20.79289855072464,6.110000000000014,5.198786625333137,0.8841,0.7561254658385093,0.16620000000000001,0.10919224500908785,65.33968,4.254699,0.0,8.51547570595129,13.38074505472973,5.663462575839587,80.97755951759319,8.91611386254655
979,ciclo2,38.190000000000055,21.558200270636036,3.6900000000000546,5.399182555574148,0.8685,0.7101366459627332,0.12510000000000002,0.10715605424529782,65.56921,4.2193794,0.0,8.494976535161877,13.315716521865903,5.642394473246055,81.00280474918999,8.794595998572609
982,ciclo2,37.190000000000055,23.195909090909108,8.710000000000036,5.640423416073714,0.8936000000000001,0.6797981366459629,0.17980000000000002,0.10274264506299177,62.46847,4.2736487,0.0,8.606204232342323,13.091092858329082,5.52851752266937,81.89721918015677,8.02029077878036
984,ciclo2,35.33000000000004,22.740998766954423,7.710000000000036,5.354305767122322,0.8738,0.7167385093167702,0.2054,0.10365883905653378,68.01413,4.3181467,0.0,8.855174520808665,13.063661654886234,5.5409375206323475,81.99582358702858,7.939260685624623
991,ciclo2,32.210000000000036,20.188239436619753,3.890000000000043,4.931153737423606,0.8926000000000001,0.7986099378881986,0.26280000000000003,0.10980872313999716,64.9792,4.269379,0.0,8.545199918430297,12.9998779381413,5.659498957065069,84.97480260191125,7.61154559592247
992,ciclo2,36.85000000000002,21.76256556442424,4.590000000000032,4.669919306103393,0.9032,0.8185372670807453,0.3911,0.08616047703971617,65.55234,4.5202856,0.0,9.045326080673064,12.475318007781349,5.474359514130249,85.32068869656506,7.432993097407223
993,ciclo2,35.09000000000003,22.981663019693706,9.350000000000023,4.637757332678711,0.8864000000000001,0.8183993788819878,0.46780000000000005,0.07049527053154572,66.26586,4.621182,0.0,9.308558492481254,12.475318007781349,5.474359514130249,85.32068869656506,7.432993097407223
994,ciclo2,32.89000000000004,21.41204326923083,6.930000000000007,4.597915514126996,0.9092,0.8188981366459628,0.33430000000000004,0.10658318855938134,70.019875,4.5812464,0.0,9.161134093980145,12.466271267562297,5.473327054043452,85.14198661408199,7.706779339172986
995,ciclo2,34.55000000000001,24.273640776699033,10.450000000000045,4.662511339124507,0.8308000000000001,0.723928571428571,0.1715,0.07905075296240072,75.0189,4.8294125,0.0,9.818126983633547,12.169899582116262,5.390798602791847,84.65970281907806,7.131972041693157
997,ciclo2,37.13000000000005,24.40942857142862,11.370000000000005,4.5416236796430445,0.8535,0.7836198757763974,0.0979,0.08948500538528803,111.4493,5.2176495,0.0,11.147199835796567,12.000481233133474,5.421568465043828,83.28801322507664,6.788511882149388
1000,ciclo2,32.43000000000001,21.131722488038303,6.650000000000034,5.043170147348576,0.8061,0.720808695652174,0.23440000000000003,0.05663324791238897,83.13474,5.2484517,0.0,10.90143595325247,14.265569528908127,6.138406193023223,78.54562522813767,9.023767293555835
1001,ciclo2,38.09000000000003,24.843593004769456,5.970000000000027,5.525645252167398,0.8245,0.6987714285714288,0.4287,0.06196340978849636,105.0357,6.027693,0.0,13.047013861865413,14.643858097765671,5.91469036195541,77.25095774091778,11.863698603442556
1003,ciclo2,35.47000000000003,23.533984126984134,4.9500000000000455,5.278072188924176,0.92,0.7707186335403732,0.5806,0.06041261869436308,80.38308,5.414768,0.0,10.504789272191745,14.635778063336911,5.9068555816689665,77.33249686932987,10.603518557389066
1010,ciclo2,36.47000000000003,22.90966573816159,8.210000000000036,5.377454213272802,0.9043,0.7057565217391302,0.2909,0.1048360380776943,77.99985,4.4736156,0.0,9.139969263238221,13.245305722961334,5.611613758067367,80.97040176367067,8.166390061084362
1013,ciclo2,34.23000000000002,21.80089005235606,2.910000000000025,5.303132112494593,0.8988,0.7103192546583852,0.1993,0.10914853718502446,57.264652,4.2594137,0.0,8.557128964905836,13.220009898235196,5.585842787773331,81.44863065497697,8.093748642751171
1016,ciclo2,34.81,22.153976190476172,7.430000000000007,5.128436306693865,0.9084000000000001,0.7253826086956522,0.24810000000000001,0.09960898121422684,81.230736,4.1884418,0.0,8.578836667637667,13.202117791818914,5.581522814003504,81.33181630237807,8.195695276045644
1019,ciclo2,36.09000000000003,22.555592417061618,8.150000000000034,5.4524179604894165,0.9149,0.6931192546583849,0.2238,0.12126069781354316,78.59052,4.1141734,0.0,8.277361199078578,13.085956048469914,5.574972665165975,82.30652520032979,7.638842653576276
1024,ciclo2,32.59000000000003,20.61933182332957,4.730000000000018,4.8446294307591025,0.873,0.7792534161490683,0.4197,0.08362713015683382,83.22049,4.488836,0.0,9.257655096935096,12.734116036732845,5.565407712233461,84.75781827941975,7.900719652452622
1025,ciclo2,34.710000000000036,20.90260969976905,7.390000000000043,4.677074535954343,0.9004000000000001,0.8243242236024843,0.3315,0.08492657828343358,76.3886,4.326138,0.0,8.844455638730263,12.602807800426126,5.5830243841742,85.35636206488594,7.8424635723717575
1026,ciclo2,33.85000000000002,20.805638921453667,3.9500000000000455,4.736112118950614,0.888,0.789905590062112,0.1643,0.12478228655171347,83.71269,4.6048937,0.0,9.584495206888052,12.52234165410374,5.588184581431499,84.84250568246098,7.290416869381183
1027,ciclo2,33.35000000000002,23.091084010840156,9.390000000000043,4.342695192498188,0.8835000000000001,0.7895757763975154,0.15510000000000002,0.12037055095595893,94.170685,4.794713,0.0,9.986267333706786,12.270470638454299,5.521373549728903,84.2320443343665,6.906893896795349
1031,ciclo2,36.110000000000014,24.303704545454575,8.890000000000043,4.514712706451791,0.8570000000000001,0.7573726708074534,0.215,0.0928561694084719,167.68095,5.559769,0.0,13.785527552020515,12.976974527343186,5.832350643388387,81.05407688939395,7.486515262284288
1034,ciclo2,36.910000000000025,22.737949438202282,5.930000000000007,5.447138848780349,0.8938,0.6913496894409937,0.23500000000000001,0.11126543168802891,88.08365,4.636773,0.0,9.59261941795028,13.267801888845554,5.590187169100903,80.68981830618435,8.07629808379421
1042,ciclo2,35.33000000000004,22.329591836734732,6.550000000000011,5.406338223850309,0.896,0.7171695652173916,0.197,0.10193402570026773,55.509163,4.1633654,0.0,8.154429627366502,13.190164248782938,5.54949578035065,81.03115482263425,7.702076083169975
1047,ciclo2,32.33000000000004,20.633505154639213,5.230000000000018,4.766863004418496,0.8951,0.8141931677018636,0.20700000000000002,0.10309075608698426,67.226295,4.078414,0.0,8.277706644427148,12.558706514823625,5.557961727148283,84.92545032067515,8.147670446449858
1048,ciclo2,33.39000000000004,20.940284301606937,6.350000000000023,4.485074166347793,0.8923000000000001,0.7962633540372673,0.216,0.12365093811040083,73.43486,4.2505574,0.0,8.898379006933789,12.250066805120953,5.5366822307462265,84.57644216204179,7.114506792461889
1052,ciclo2,34.51000000000005,22.57339794754848,7.750000000000057,4.253289541086405,0.9043,0.8026801242236022,0.1237,0.11123171540431352,173.7844,5.349074,0.0,12.494336393516758,12.887501717484026,5.869262237393132,82.98901354874066,6.633377168448706
1055,ciclo2,38.07000000000005,23.08213986013987,6.670000000000016,5.682763563153531,0.9221,0.6851726708074537,0.251,0.11155292256421807,99.68399,4.770633,0.0,10.38410279868167,13.35108025191284,5.590474790345136,80.5779858799749,8.094638513647327
1059,ciclo2,33.13000000000005,21.35899497487441,4.490000000000009,5.106803865784606,0.9072,0.7416018633540374,0.3022,0.10438845660466607,67.0872,4.5164795,0.0,9.296547870708707,13.660910061771961,5.699987555797605,80.20323754683139,8.478945552187119
1061,ciclo2,37.49000000000001,22.311248470012256,4.590000000000032,5.498294820409581,0.8918,0.6783807453416152,0.24050000000000002,0.10946401633182569,68.39767,4.155601,0.0,8.507400468494232,13.444804466310313,5.599540788495005,80.04656347788949,8.186252705790865
1062,ciclo2,33.27000000000004,21.356588050314457,5.750000000000057,5.317160156717664,0.8825000000000001,0.8062962732919252,0.27590000000000003,0.058287201633906056,77.18406,5.1601577,0.0,10.651606696390271,14.173233057859619,6.087407449908579,77.62252084262676,9.18830534066241
1063,ciclo2,35.01000000000005,21.75263810597521,5.930000000000007,5.003697553534961,0.868,0.7424490683229811,0.2535,0.08284612325802494,73.00484,4.222994,0.0,8.968898585880096,12.694510158016088,5.489199221577372,83.89556384252069,8.284323139190468
1065,ciclo2,31.650000000000034,20.173446658851162,2.930000000000007,4.680867128766334,0.8733000000000001,0.7726763975155281,0.167,0.12330845206130356,76.83484,4.278971,0.0,9.173163006807354,12.467630046904961,5.543759978671366,85.18946430179844,7.805663807777407
1066,ciclo2,33.53000000000003,22.406981595092066,6.630000000000052,4.459043801694247,0.9106000000000001,0.8148751552795027,0.1092,0.1268607144604817,76.65049,4.1400743,0.0,8.919682245974084,12.330420333289961,5.55366934914452,84.72363027259249,7.397771056469348
1068,ciclo2,36.85000000000002,23.547350993377528,8.470000000000027,4.204584069690976,0.7934,0.6617062111801244,0.0892,0.10485553249276103,148.18013,5.275604,0.0,11.939645807137572,12.370571836419874,5.66504392478679,84.44862674904911,6.547828797046432
1069,ciclo2,37.370000000000005,23.060416141235876,8.810000000000002,4.245564046921155,0.8857,0.8031770186335407,0.0455,0.11498004647226065,168.68541,5.3580995,0.0,12.578344599084398,12.100865231568518,5.472488200791488,83.8677526282241,6.705994748662371
1072,ciclo2,33.690000000000055,23.555620253164623,8.53000000000003,4.434131006165765,0.8612000000000001,0.7719627329192549,0.051000000000000004,0.10454691883787659,101.044426,4.79435,0.0,10.696086238753104,12.148332259737513,5.561942305432402,85.13978495479518,7.337340546701026
1073,ciclo2,34.33000000000004,24.656259351620964,7.350000000000023,4.398471194681478,0.8612000000000001,0.7743975155279501,0.1077,0.08514710394721604,138.98936,5.3438964,0.0,12.1264317561167,12.072100611850226,5.510996393560994,84.80129665284741,6.531285348922475
1074,ciclo2,34.83000000000004,24.57091984231276,8.690000000000055,4.488079664516597,0.8510000000000001,0.7640981366459627,0.0787,0.10432766316215429,149.18298,5.337626,0.0,12.212635438142689,12.202085429534081,5.548451485246798,84.65179968621439,6.312400858194096
1123,ciclo2,34.77000000000004,22.31432389937106,6.190000000000055,5.499047760517204,0.8634000000000001,0.7789732919254653,0.21300000000000002,0.06459010534934712,78.61503,5.029321,0.0,10.549680815116206,14.312138290253982,6.116768221684384,77.11292151949561,9.326651204562577
1187,ciclo2,37.690000000000055,23.126172248803822,6.230000000000018,5.884180290645458,0.8407,0.7337590062111798,0.16820000000000002,0.06619344929407632,91.93355,4.9786224,0.0,10.451434141401508,14.341071349721895,6.079169446603724,76.62207096169357,9.55899852943064
1188,ciclo2,35.51000000000005,22.846148267526235,6.250000000000057,5.539440564143017,0.8227,0.734610559006211,0.3985,0.054430486299670865,88.58145,5.0458345,0.0,10.592232495353995,14.341071349721895,6.079169446603724,76.62207096169357,9.55899852943064
1190,ciclo2,34.57000000000005,22.101895973154363,4.270000000000039,5.409315333611242,0.8522000000000001,0.7677645962732921,0.2914,0.06281951313921688,70.62549,5.14768,0.0,10.480060301536364,14.286439013258704,6.075836953532264,77.17974160261558,9.316952544721733
1191,ciclo2,36.39000000000004,22.262932330827077,3.230000000000018,5.6251967909525895,0.8426,0.7460881987577641,0.3667,0.06385108974773118,91.6054,5.138948,0.0,10.569053998283406,14.171261752695296,6.043896970854863,78.11259890200846,8.82497719704759
1195,ciclo2,35.79000000000002,22.115662337662386,5.690000000000055,5.58270019295548,0.8257,0.7035503105590059,0.2782,0.0761034969725899,82.44836,5.2103004,0.0,10.83900457022327,14.097265666623315,6.038668198246992,78.70881400852979,8.600761842562685
1249,ciclo2,35.55000000000001,22.51444444444448,5.190000000000055,5.413669156564832,0.8451000000000001,0.7345863354037263,0.1827,0.06556957188649916,86.152855,4.951231,0.0,10.608911784670449,14.609833600895625,6.159945124345308,76.04004198476724,9.355492322025306
1318,ciclo2,33.210000000000036,21.735003756574002,2.6300000000000523,5.146271339179091,0.875,0.7751571428571431,0.1603,0.06770638539231318,89.57052,4.866681,0.0,10.567512515936338,14.609833600895625,6.159945124345308,76.04004198476724,9.355492322025306
1388,ciclo2,35.73000000000002,22.9850110701107,7.810000000000002,5.359651739721192,0.8169000000000001,0.6957571428571421,0.2353,0.06454141884958386,81.62255,4.815676,0.0,10.363691870079206,14.737545542210164,6.146473136255127,75.03463622788492,9.510534920790189
1461,ciclo2,38.01000000000005,23.90179216867469,7.170000000000016,5.497228911351239,0.8358,0.7390422360248442,0.4894,0.052752927727482475,87.26526,5.057687,0.0,10.97669654741702,15.056626730786025,6.306980267811025,75.74338547592286,9.261154404344943
1536,ciclo2,36.35000000000002,22.84747399702825,0.4500000000000455,5.581981107491419,0.76,0.6665577639751556,0.27030000000000004,0.056823705402066986,82.88286,5.2508397,0.0,11.183005993127633,15.18967519244488,6.319907119259473,76.27662533731338,9.073678376412264
1542,ciclo2,37.85000000000002,23.983977455716595,5.990000000000009,5.4936187656962625,0.8617,0.763132298136646,0.3139,0.05765408261818534,95.86899,4.732852,0.0,10.262643413062554,14.660288945183549,6.046155149918155,75.31259455872296,9.352547517272697
1616,ciclo2,36.83000000000004,23.352427921092588,2.8500000000000227,5.750326732859457,0.8666,0.7578192546583852,0.37460000000000004,0.05126546973375057,93.020584,5.219246,0.0,11.212915534198489,14.891854201834558,6.1580561964389195,75.65482307753398,9.23052191454142
1618,ciclo2,36.81,23.42391513210572,5.190000000000055,5.449011644906638,0.8738,0.7626832298136645,0.37220000000000003,0.054005648699296124,86.41204,5.091627,0.0,10.921593355252918,14.81778171904897,6.107290916045385,75.69081527651788,9.248851190849045
1619,ciclo2,37.05000000000001,23.54849514563106,6.690000000000055,5.518634862456859,0.8692000000000001,0.764842857142857,0.3518,0.05683424271187362,82.78859,4.9560466,0.0,10.564325191383679,14.81778171904897,6.107290916045385,75.69081527651788,9.248851190849045
1693,ciclo2,36.77000000000004,23.504815384615387,5.470000000000027,5.520385595206634,0.8555,0.7588521739130438,0.46290000000000003,0.0487268939820393,88.19071,5.309181,0.0,11.3561528746639,14.936971931881498,6.127000725610485,76.19634817969958,9.13224802661353
1694,ciclo2,37.63000000000005,23.67791798107257,6.110000000000014,5.594217983329655,0.8636,0.7639118012422359,0.3452,0.05511274878031385,91.82805,5.2667327,0.0,11.180652380133893,14.725345105590437,6.0132952163084346,75.54777965791118,9.409302713992743
1703,ciclo2,36.53000000000003,23.76343054489642,4.53000000000003,5.49109814496648,0.8518,0.757317391304348,0.40340000000000004,0.055431213671496685,72.81196,4.403413,0.0,9.240621819412159,14.517262906059923,5.913634533688255,76.39025555280325,9.156829935860227
1770,ciclo2,38.690000000000055,23.74401746724893,6.330000000000041,5.991067248092422,0.8312,0.7111583850931672,0.5047,0.05580123171352895,95.1905,5.5944257,0.0,11.93296746018371,14.602746649408882,6.1465182085791525,75.98262911881177,9.859989648169874
1774,ciclo2,35.910000000000025,23.316120556414244,3.330000000000041,5.32105080826789,0.7976000000000001,0.6860583850931676,0.1563,0.07898237130065427,95.75374,5.5812645,0.0,11.908273602087894,15.339653873978552,6.398749155463798,77.19776352397957,8.840760088907478
1775,ciclo2,34.690000000000055,22.689801071155355,6.850000000000023,5.106439365180641,0.7231000000000001,0.6266708074534161,0.2446,0.06352528585395238,111.59036,5.544292,0.0,12.051981783830987,15.339653873978552,6.398749155463798,77.19776352397957,8.840760088907478
1787,ciclo2,36.75000000000006,23.71868316041504,3.990000000000009,5.622151145368417,0.8581000000000001,0.7508186335403728,0.2675,0.06146885511936446,77.5227,4.495503,0.0,9.524791070634471,14.647944959268028,5.9564563131008095,76.09122282014964,9.246728110738104
1859,ciclo2,34.39000000000004,22.686883720930233,1.0500000000000114,5.422310434108812,0.79,0.691346583850932,0.10940000000000001,0.0846883105377947,83.97201,5.717872,0.0,11.965689818951303,14.77998975113035,6.1817435032610515,77.01929706835175,9.366569990910996
1861,ciclo2,36.650000000000034,23.763160377358513,5.990000000000009,5.646757243808614,0.8041,0.6990757763975157,0.2541,0.08422850299966467,90.53587,5.7179837,0.0,12.000135064684196,14.84643753908025,6.173580369299363,77.1836752551777,9.229944953001034
1864,ciclo2,37.39000000000004,24.279502040816357,3.7100000000000364,5.570270165011754,0.8460000000000001,0.7460304347826089,0.26930000000000004,0.08146528891083613,105.32898,5.7611656,0.0,12.253672553160198,14.852479130629582,6.140491475937543,77.07175169736408,9.160683871092354
1869,ciclo2,38.110000000000014,23.74180064308687,6.310000000000002,5.608418881693808,0.8641000000000001,0.775464596273292,0.4662,0.05074931864419251,91.10804,5.641544,0.0,12.081704141660232,14.7487134530083,6.018354670602846,76.33657768349248,9.334354953645448
1959,ciclo2,35.210000000000036,23.497295703454053,5.130000000000052,5.567661321029526,0.8616,0.7688596273291928,0.1572,0.09054038622487436,93.63739,5.825907,0.0,12.034793078578234,14.695515985872138,6.157114423135918,75.93597462225773,9.977823536174476
1961,ciclo2,35.25000000000006,23.29556122448984,6.190000000000055,5.43000921041242,0.8754000000000001,0.8011385093167704,0.2156,0.08041614672239558,87.0041,5.7477508,0.0,11.819316098751369,14.77998975113035,6.1817435032610515,77.01929706835175,9.366569990910996
1965,ciclo2,37.710000000000036,23.81151642796968,3.4700000000000273,5.547022522312501,0.8688,0.7610142857142856,0.2848,0.06901687061479186,96.9645,5.878955,0.0,12.189527034267716,14.852479130629582,6.140491475937543,77.07175169736408,9.160683871092354
1970,ciclo2,37.81,24.386726973684244,7.270000000000039,5.596675423897403,0.8605,0.7691546583850928,0.41950000000000004,0.050270332495731665,92.97915,5.6682396,0.0,12.022227152247158,14.7487134530083,6.018354670602846,76.33657768349248,9.334354953645448
1980,ciclo2,34.43000000000001,23.01285248573759,7.730000000000018,5.396325896720665,0.8811,0.766929192546584,0.37420000000000003,0.057945434431003785,78.846634,5.0039253,0.0,10.539475531371743,14.651780211224237,5.894304976829086,76.13648769929245,9.416838657035521
2001,ciclo2,31.450000000000045,20.43845033112584,4.770000000000039,5.019170255018089,0.902,0.7436552795031056,0.1067,0.1258993144499183,72.6486,4.600912,0.0,9.43573393028299,13.619867997609221,5.756473425016623,80.36937916785455,8.42741971551588
2002,ciclo2,31.450000000000045,20.43845033112584,4.770000000000039,5.019170255018089,0.902,0.7436552795031056,0.1067,0.1258993144499183,72.6486,4.600912,0.0,9.43573393028299,13.619867997609221,5.756473425016623,80.36937916785455,8.42741971551588
2051,ciclo2,36.35000000000002,23.630650793650794,5.03000000000003,5.3808316364924575,0.7347,0.6542850931677014,0.44520000000000004,0.043809966833312654,130.1771,6.02164,0.0,13.033182048433309,14.812778248782925,6.2798638674854255,76.3340930637647,10.7073499957703
2056,ciclo2,38.190000000000055,24.438045283018873,1.8700000000000045,5.772172896983207,0.8441000000000001,0.7662018633540371,0.434,0.04735396180248553,102.47365,5.4301014,0.0,11.420190409510129,14.747676424839272,6.220224612620181,76.02560111893102,9.948345458023791
2077,ciclo2,33.97000000000003,23.277015706806267,5.110000000000014,5.422549421478439,0.8918,0.8015173913043477,0.2076,0.08096209799930824,87.0041,5.7477508,0.0,11.819316098751369,14.77998975113035,6.1817435032610515,77.01929706835175,9.366569990910996
2079,ciclo2,35.43000000000001,23.644517766497508,0.410000000000025,5.608665919529535,0.8561000000000001,0.7667167701863356,0.277,0.06811469340671557,94.09917,5.865642,0.0,12.142865318646122,14.84643753908025,6.173580369299363,77.1836752551777,9.229944953001034
2081,ciclo2,36.73000000000002,24.183099415204723,4.910000000000025,5.851943432668813,0.803,0.7175857142857142,0.3183,0.05842045487217162,96.9645,5.878955,0.0,12.189527034267716,14.852479130629582,6.140491475937543,77.07175169736408,9.160683871092354
2083,ciclo2,36.190000000000055,23.63054145516076,5.170000000000016,5.693256471473455,0.8771,0.7757968944099382,0.3875,0.0578077907689298,97.352516,5.786424,0.0,12.085455501667916,14.891395270692172,6.124162178533329,76.75028201534239,9.190931310060082
2088,ciclo2,35.870000000000005,23.26545667447307,7.270000000000039,5.335561894694888,0.8932,0.8094037267080747,0.41540000000000005,0.05046980634568989,86.34427,5.515573,0.0,11.564635476633772,14.726858722961365,5.983155858214151,75.93633193145575,9.504361570242649
2099,ciclo2,36.150000000000034,23.689376000000063,8.010000000000048,5.601898643372844,0.8150000000000001,0.7284422360248447,0.2952,0.05201448632397316,87.66134,5.0297422,0.0,10.722454237283497,14.619898021083367,5.889839930303926,76.93008491902191,9.105100884855272
2100,ciclo2,35.170000000000016,23.166433121019097,6.090000000000032,5.349465954979986,0.8778,0.7836602484472052,0.32180000000000003,0.059529358360144,87.66134,5.0297422,0.0,10.722454237283497,14.619898021083367,5.889839930303926,76.93008491902191,9.105100884855272
2101,ciclo2,35.710000000000036,23.136405023547937,5.670000000000016,5.506511782017609,0.8701000000000001,0.7536770186335403,0.2617,0.06819480249083185,91.497955,5.086491,0.0,10.850696114645604,14.449788421709378,5.839865776733445,76.64782687878095,9.262762242654215
2166,ciclo2,39.53000000000003,25.35901385493078,8.610000000000014,5.864181377898817,0.8450000000000001,0.7529267080745344,0.6727000000000001,0.03599043654505443,107.91855,5.479015,0.0,11.384819878436579,14.540524100113096,6.111460410651705,75.85634546276665,10.455942342794499
2170,ciclo2,37.450000000000045,24.291037376048838,-0.16999999999995907,5.684528401691139,0.8588,0.7742515527950314,0.446,0.047458078402555,108.68513,5.493814,0.0,11.558190609596599,14.719643791818907,6.178819225464077,75.1515119835661,10.267684855057206
2172,ciclo2,37.55000000000001,24.01844410876134,4.510000000000048,5.753104218873604,0.8234,0.751687577639752,0.6073000000000001,0.040816264200977975,108.44172,5.4531555,0.0,11.48429854736531,14.819066106372906,6.230533351370246,75.43056642085286,9.93310074600378
2179,ciclo2,39.190000000000055,24.885085374907185,1.7300000000000182,5.861181438783469,0.8428,0.7554726708074534,0.531,0.048904954070298344,91.08002,5.410357,0.0,11.212719436069714,14.856865110285279,6.2494917836741335,75.53374330263651,9.782412592902148
2194,ciclo2,36.23000000000002,23.610536149472026,7.8700000000000045,5.7382198932748,0.8592000000000001,0.7639124223602485,0.2652,0.06692315771264448,103.01808,5.9969287,0.0,12.376341491144002,14.714793458485612,6.079067654033838,76.3217357124376,9.584884944224596
2195,ciclo2,35.650000000000034,23.464497959183706,8.130000000000052,5.515890108289912,0.8641000000000001,0.7793583850931678,0.2687,0.05520476570368256,102.43396,6.078964,0.0,12.542769304621077,14.739124354416722,6.041580930225612,76.46921163455757,9.50734382695973
2216,ciclo2,34.49000000000001,22.838354632587894,5.990000000000009,5.340409532056705,0.8736,0.7770540372670806,0.42000000000000004,0.05534891358693201,95.16981,5.195519,0.0,11.141308848996621,14.529486066466795,5.843288789880427,77.15737878329122,9.276712058886764
2281,ciclo2,39.610000000000014,25.659783174327817,8.010000000000048,5.874465836896193,0.8436,0.7523478260869564,0.5888,0.04480154457042248,112.708305,5.8572907,0.0,12.309358425794906,14.540524100113096,6.111460410651705,75.85634546276665,10.455942342794499
2287,ciclo2,38.83000000000004,24.92581014729954,2.5100000000000477,5.640325070140225,0.8547,0.7628260869565217,0.5109,0.05283710878551919,97.999435,5.5067105,0.0,11.611913761811945,14.819066106372906,6.230533351370246,75.43056642085286,9.93310074600378
2294,ciclo2,39.910000000000025,24.885280373831815,4.07000000000005,5.792587633743593,0.8243,0.7493465838509314,0.6093000000000001,0.048448958902800425,96.85347,5.4905267,0.0,11.357300413987167,14.856865110285279,6.2494917836741335,75.53374330263651,9.782412592902148
2310,ciclo2,36.650000000000034,23.711505546751244,8.210000000000036,5.631595153895954,0.8535,0.7574863354037268,0.30610000000000004,0.05450634186920264,130.42531,6.287559,0.0,12.955155917513322,14.714793458485612,6.079067654033838,76.3217357124376,9.584884944224596
2406,ciclo2,40.170000000000016,25.16485294117644,5.170000000000016,5.742254286610877,0.8645,0.7850080745341613,0.6433,0.04639751007342493,102.886604,5.5346828,0.0,11.540644418482007,14.65181711185022,6.089982684714676,74.89397498347326,10.21187224828874
2414,ciclo2,38.57000000000005,24.948684807256242,5.230000000000018,5.616703554086428,0.8502000000000001,0.7796118012422361,0.6521,0.04521346385919393,91.90167,5.639004,0.0,11.863425221454653,14.698744507781388,6.1060838376914575,75.21315529847028,10.076760915864924
2425,ciclo2,36.110000000000014,23.8668131868132,6.53000000000003,5.435555618652839,0.8559,0.7663447204968945,0.4237,0.048141188445256715,128.53299,6.435937,0.0,13.280211339513698,14.661040978829861,6.009592038233603,75.70668869779375,9.937083763530744
2510,ciclo2,38.83000000000004,25.047547169811324,8.050000000000011,5.79635744914924,0.8362,0.7504732919254655,0.6014,0.043202958487618535,89.90626,5.4825387,0.0,11.226920750900375,14.619292167405785,6.09723846308418,76.01658919032684,10.83280962791277
2512,ciclo2,39.89000000000004,25.43928213689481,5.730000000000018,5.868255961719347,0.8514,0.7640136645962731,0.5148,0.04942803727824669,86.515884,5.514793,0.0,11.222135587651056,14.491442919361962,6.03270126130205,75.41795717499559,10.728441651695013
2515,ciclo2,39.51000000000005,25.367255546425664,6.990000000000009,5.735997536176754,0.8684000000000001,0.7443142857142859,0.42500000000000004,0.05887435812274685,119.61868,5.5647173,0.0,11.707581954947285,14.543157498391686,6.050140214598117,75.20612627237993,10.466198183973255
2530,ciclo2,35.450000000000045,24.074006092917028,7.050000000000011,5.36543807753493,0.8756,0.8025937888198758,0.6947,0.038596753780792206,107.77839,5.6578226,0.0,11.854633658211359,14.675777249565387,6.100703667049203,74.6972603887999,10.38008303677409
2623,ciclo2,38.63000000000005,24.41966273187186,7.03000000000003,5.74780903085876,0.8441000000000001,0.7731583850931681,0.6201,0.042235522064956336,91.44712,5.51895,0.0,11.347059534938815,14.768761615762632,6.127970103173349,76.23309618809564,11.245923586433188
2645,ciclo2,38.110000000000014,24.49217160212609,6.770000000000039,5.433249179900205,0.8618,0.7909987577639752,0.4849,0.05032203743762126,119.16137,5.750452,0.0,11.955683376494473,14.668396093070902,6.032908270041719,75.211927432134,10.129603194486547
2987,ciclo2,37.01000000000005,24.394911742133566,6.930000000000007,5.431972526572039,0.8875000000000001,0.7973708074534168,0.48900000000000005,0.04544923403647249,104.881355,6.0262074,0.0,12.295088523976302,14.452815882585728,5.8939486862529105,74.95816895084475,10.655698283883304
3001,ciclo2,31.350000000000023,20.517656250000037,4.470000000000027,5.077034252248314,0.9068,0.7743018633540372,0.09380000000000001,0.13052490563228533,57.264652,4.2594137,0.0,8.557128964905836,13.220009898235196,5.585842787773331,81.44863065497697,8.093748642751171
3002,ciclo2,31.350000000000023,20.517656250000037,4.470000000000027,5.077034252248314,0.9068,0.7743018633540372,0.09380000000000001,0.13052490563228533,57.264652,4.2594137,0.0,8.557128964905836,13.220009898235196,5.585842787773331,81.44863065497697,8.093748642751171
3082,ciclo2,39.55000000000001,25.346170555108625,8.930000000000007,5.621968529464933,0.8537,0.7678006211180127,0.4248,0.05895516297874029,106.97215,5.7555118,0.0,12.218169787604737,14.62328905238231,5.972573882977744,74.77889693880198,11.00749548799868
3197,ciclo2,39.210000000000036,25.725977382875612,7.390000000000043,5.724195590598191,0.8499,0.750926086956522,0.6039,0.055186090066805804,103.66443,5.5795994,0.0,11.514515737091548,14.646938342679642,5.968752603715239,75.4546975177361,10.591317855709821
3309,ciclo2,40.97000000000003,26.319704236610708,10.170000000000016,5.65000044499401,0.8472000000000001,0.740394409937888,0.605,0.0506465394309345,105.30181,5.628851,0.0,11.719086338997041,14.646938342679642,5.968752603715239,75.4546975177361,10.591317855709821
3414,ciclo2,38.93000000000001,25.184412489728874,7.050000000000011,5.562301889037524,0.8459,0.7651608695652177,0.5196000000000001,0.05395074723480669,103.138,5.8056965,0.0,12.070119802838688,14.591291021865889,5.923912543415951,75.2792909021377,11.05317546633163
3416,ciclo2,40.97000000000003,25.669439999999966,3.0500000000000114,5.571459155948535,0.8139000000000001,0.731996894409938,0.5672,0.05384692984478811,115.601524,5.73593,0.0,11.86657743770748,14.619274698704677,5.930763552665455,75.8352042343948,10.655654407495774
3427,ciclo2,38.13000000000005,25.22175115207375,7.690000000000055,5.489216954233142,0.8664000000000001,0.7486167701863352,0.5650000000000001,0.05050200197252173,107.239555,5.572423,0.0,11.66712813849832,14.646077098548155,5.916105745123719,75.70789080441564,10.240539684658433
3520,ciclo2,40.51000000000005,25.68557390586295,8.410000000000025,5.610346131278012,0.8346,0.7420055900621115,0.5284,0.054333983564561913,108.35484,5.787237,0.0,12.005766796424895,14.591291021865889,5.923912543415951,75.2792909021377,11.05317546633163
4000,ciclo2,31.710000000000036,20.53528650646953,2.150000000000034,5.0252490913315935,0.8911,0.8058267080745345,0.3718,0.07245671293545539,109.73569,5.128515,0.0,11.053951025720242,14.187126312945672,5.791081472078681,79.94615764977345,9.295415188971798
5000,ciclo2,35.53000000000003,22.380502512562828,4.57000000000005,5.672781046903572,0.8066,0.7280900621118017,0.40130000000000005,0.05314760204469456,70.09362,5.1878514,0.0,10.67034523007295,14.046102337984792,6.048962240232468,78.17532324591625,8.867103214777027
6001,ciclo2,35.47000000000003,23.533984126984134,4.9500000000000455,5.278072188924176,0.92,0.7707186335403732,0.5806,0.06041261869436308,80.38308,5.414768,0.0,10.504789272191745,14.635778063336911,5.9068555816689665,77.33249686932987,10.603518557389066
6002,ciclo2,37.51000000000005,24.315223529411753,8.090000000000032,5.355219584029495,0.8345,0.6824093167701865,0.5488000000000001,0.057999873421624375,96.74171,5.591621,0.0,11.071409559656013,14.635778063336911,5.9068555816689665,77.33249686932987,10.603518557389066
6003,ciclo2,37.59000000000003,24.127501927525074,5.470000000000027,5.247413807056483,0.874,0.7584596273291927,0.5915,0.05327655652946641,89.102875,5.610945,0.0,11.203227316104842,14.68255051873595,5.9371203058864195,76.43129467230888,10.72813589896697
6004,ciclo2,35.150000000000034,23.02648318042818,6.190000000000055,5.033688452443252,0.8827,0.7949677018633541,0.6492,0.04491532489303142,103.23919,5.669315,0.0,11.600516633111619,14.68255051873595,5.9371203058864195,76.43129467230888,10.72813589896697
6005,ciclo2,40.670000000000016,25.640917874396152,7.850000000000023,5.559037668664397,0.8552000000000001,0.7364608695652176,0.5402,0.0582888184560957,110.00207,5.7171245,0.0,11.699216008873492,14.60691165488619,5.911497020542574,75.40754938014813,11.187968486040534
7001,ciclo2,40.05000000000001,25.46561832061068,6.330000000000041,5.695505396092467,0.8822000000000001,0.6998055900621118,0.4868,0.08584782307382748,63.67187,5.350592,0.0,10.271662110937596,14.520554778516892,5.8365846269786115,76.35289857392618,10.197452402992397
7002,ciclo2,40.05000000000001,25.46561832061068,6.330000000000041,5.695505396092467,0.8822000000000001,0.6998055900621118,0.4868,0.08584782307382748,63.67187,5.350592,0.0,10.271662110937596,14.520554778516892,5.8365846269786115,76.35289857392618,10.197452402992397
8003,ciclo2,33.450000000000045,21.44022292993634,6.550000000000011,4.340434531798007,0.8663000000000001,0.7060894409937886,0.1857,0.1091432505616631,118.28176,4.2413287,0.0,10.277134250490949,14.351173660363514,6.073986775297126,81.41977203578,7.53439677283448
8009,ciclo2,36.57000000000005,22.987387387387404,8.79000000000002,4.733803227223948,0.8811,0.799793167701863,0.1703,0.06962627130030635,93.80574,4.320084,0.0,9.877786113296958,12.66803793657636,5.4382680967791455,82.03439624720676,6.7259369119624
8010,ciclo2,34.33000000000004,22.789865470852057,7.830000000000041,4.16893680242552,0.8681000000000001,0.6625074534161488,0.20090000000000002,0.12149164915339773,191.96785,5.5302215,0.0,13.458096811666461,12.976974527343186,5.832350643388387,81.05407688939395,7.486515262284288
8011,ciclo2,34.33000000000004,24.656259351620964,7.350000000000023,4.398471194681478,0.8612000000000001,0.7743975155279501,0.1077,0.08514710394721604,138.98936,5.3438964,0.0,12.1264317561167,12.072100611850226,5.510996393560994,84.80129665284741,6.531285348922475
8012,ciclo2,36.05000000000001,23.44452789699581,9.890000000000043,4.472306930830291,0.8411000000000001,0.6778614906832298,0.2695,0.1004435851437809,193.39967,5.428652,0.0,12.943632322882852,13.106912108720318,5.875988151110482,82.0591216209509,7.505060787695019
8013,ciclo2,42.09000000000003,24.141871768355752,8.630000000000052,4.70867874728021,0.7655000000000001,0.6914931677018632,0.3206,0.053942615154601324,73.52421,4.7268696,0.0,10.070932724708586,12.8824649960443,5.553920403584989,82.58744935951162,8.23968277480082
405,ciclo2,34.01000000000005,21.768666666666693,5.770000000000039,5.526977364310627,0.8748,0.7559913043478258,0.3816,0.07073471249475245,90.43869,5.1224732,0.0,11.133842806331591,14.119941269909685,5.954938299934483,78.35257884139877,9.178209704855794
491,ciclo2,34.47000000000003,22.819527622097716,7.190000000000055,5.412582131783701,0.8842000000000001,0.7593739130434782,0.36660000000000004,0.059901902749506256,76.07107,5.071393,0.0,10.659460855057327,14.605284366153802,5.882821564959632,75.75071246280336,9.59559722892815
938,ciclo2,30.99000000000001,19.80885783718108,2.590000000000032,5.195503257867489,0.8976000000000001,0.7726832298136644,0.3397,0.0992127335020425,54.601944,4.3023515,0.0,8.455762066265876,13.555080801991103,5.737850331450688,81.84757741167165,9.220333393257627
1056,ciclo2,37.690000000000055,22.856220362622032,3.730000000000018,5.602682045668688,0.9041,0.6912521739130437,0.234,0.11004568452060773,94.65427,4.726332,0.0,10.358591175803644,13.446387165058333,5.633613301487152,80.2986476546804,8.25150045409299
1021,ciclo2,33.73000000000002,21.725669383003478,3.07000000000005,5.279149653068694,0.8777,0.7475453416149068,0.2652,0.08641980158290427,59.403137,4.2275534,0.0,8.391630481650862,13.056467280864316,5.636548258896054,83.4863066785201,8.119343409003092
2531,ciclo2,35.57000000000005,24.340544061302673,7.710000000000036,5.361847662451847,0.8499,0.7761521739130436,0.655,0.04196860270829277,107.77839,5.6578226,0.0,11.854633658211359,14.675777249565387,6.100703667049203,74.6972603887999,10.38008303677409
3097,ciclo2,40.110000000000014,26.17302008032129,6.650000000000034,5.7052559044569495,0.8487,0.7159981366459627,0.5584,0.06312613762291022,118.33809,5.6216354,0.0,11.8265358785336,14.662628370848617,5.958477216308392,75.35591856148797,10.273588867088291
797,ciclo2,33.27000000000004,21.13311345646443,5.310000000000002,5.327194414771616,0.8613000000000001,0.7645962732919253,0.3896,0.0828879374363206,78.441414,4.4165463,0.0,9.014032774565715,12.934384575856479,5.576755279642938,82.18330410463837,8.40612216337237
852,ciclo2,33.85000000000002,21.311080402010084,5.050000000000011,5.317661984696345,0.9136000000000001,0.7695708074534164,0.2958,0.09449807493503758,76.48657,4.427864,0.0,9.013650055049748,12.934384575856479,5.576755279642938,82.18330410463837,8.40612216337237
21,ciclo2,37.710000000000036,23.039286956521764,9.910000000000025,4.86771725941991,0.8798,0.7597478260869566,0.4766,0.0698605701770379,99.77006,5.013128,0.0,10.589649031343235,14.008717974917529,5.902244610722937,81.9720943760565,8.304986650811847
214,ciclo2,30.090000000000032,18.25797833935021,1.9500000000000455,5.034380343555146,0.8705,0.7899807453416149,0.2948,0.0723650609867685,73.59741,4.7225018,0.0,10.198425739161495,13.698365061771987,5.952238722049938,83.18767008457006,9.326459802557583
217,ciclo2,30.190000000000055,18.937102983638127,5.110000000000014,5.073323310501629,0.8722000000000001,0.7855515527950305,0.4665,0.06693670515935198,73.79311,4.4793677,0.0,9.529911185013681,13.468286413884627,5.806163382318135,83.6574544491931,8.604496108778523
308,ciclo2,32.23000000000002,19.950326086956572,5.470000000000027,5.0510866138508765,0.8877,0.7950950310559006,0.1615,0.08951646075161881,78.2177,4.282671,0.0,8.92155487649861,13.103669199487129,5.786100098043101,82.99471737639223,7.603556194836996
142,ciclo2,33.690000000000055,21.355931156222436,4.090000000000032,4.9605580201924155,0.9109,0.8430950310559007,0.49720000000000003,0.060153376222469836,96.558136,4.534954,0.0,9.780774217973551,13.422336922491883,5.731486370333746,82.14380492291029,8.247516218799726
1049,ciclo2,33.110000000000014,21.836000000000034,7.650000000000034,4.327147386711987,0.9018,0.8020658385093168,0.1177,0.13359336238280747,87.21034,4.3338842,0.0,9.161057835560355,12.250066805120953,5.5366822307462265,84.57644216204179,7.114506792461889
863,ciclo2,36.27000000000004,23.09372148859542,6.330000000000041,4.711134885866596,0.8828,0.8018173913043477,0.0998,0.0991638205195159,74.07441,4.838679,0.0,9.848871565023492,12.277757068031761,5.390756539998785,82.78389043572552,7.061367201880649
384,ciclo2,33.01000000000005,20.65767630057807,6.57000000000005,5.072153996194723,0.8806,0.7820863354037267,0.0955,0.10949815307832629,103.57597,4.256142,0.0,9.908650940598461,12.786412177577901,5.584341225633409,84.87995578038675,6.911338464101801
385,ciclo2,33.690000000000055,20.890676117775374,7.090000000000032,4.951450398395632,0.8751,0.7780869565217392,0.0551,0.0984259277122502,87.383766,4.170625,0.0,9.535216020853598,12.793786420144443,5.585013307612967,85.7742294473596,6.99845174215462
397,ciclo2,38.150000000000034,24.182091917591155,6.690000000000055,5.609085670420049,0.8491000000000001,0.732464596273292,0.3267,0.06208556348927589,73.51013,4.4832897,0.0,9.520100229098084,14.660288945183549,6.046155149918155,75.31259455872296,9.352547517272697
403,ciclo2,38.97000000000003,23.653084832904902,7.250000000000057,5.830957015890885,0.8721,0.6855571428571431,0.5229,0.08333426048581927,96.60826,5.1349463,0.0,11.12882916654624,14.027464068814227,5.863138349027219,78.40989164816862,8.785266273262428
857,ciclo2,32.33000000000004,20.633169398907118,8.210000000000036,4.897126179536159,0.9015000000000001,0.8122627329192548,0.3492,0.09821700895053694,91.110054,4.452093,0.0,9.042181728354318,12.773197331725012,5.562444301067708,85.69822763224164,7.4252191212823755
860,ciclo2,34.01000000000005,21.84877652933836,5.9500000000000455,4.846218289719174,0.8909,0.7978211180124223,0.10490000000000001,0.09775461763167652,89.62392,4.8452725,0.0,9.803189435213449,12.411314298861209,5.384678225688995,84.98621690045613,7.012841411508531
930,ciclo2,35.51000000000005,23.41106728538282,3.8100000000000023,5.342130505238022,0.907,0.771573291925466,0.6371,0.060562489423633126,62.464066,5.0620894,0.0,9.750757482373007,14.621752818422989,5.835572218449379,78.0349353976039,11.007002325949255
951,ciclo2,31.190000000000055,20.121072664359897,2.650000000000034,4.883625643524694,0.8941,0.8050863354037271,0.40040000000000003,0.10904231698759777,96.63566,4.285723,0.0,8.794716914147338,12.866170405277458,5.615791842677221,85.13408406198232,7.621106547478248
1,diferenca,31.370000000000005,18.39964059196621,3.0100000000000477,5.338204249235442,0.8994000000000001,0.8482681159420294,0.775,0.029338763460262082,109.115845,5.2444634,0.0,12.283922160658303,13.6820535324841,6.048303906241357,84.21505809934104,8.470284690199904
4,diferenca,35.39000000000004,22.645842450765883,7.4500000000000455,5.123987544900897,0.8225,0.6776840579710144,0.5396000000000001,0.07523522075134857,92.79281,4.9965134,0.0,11.960631579029817,13.504299161707843,5.843698116209272,84.34465196152281,8.17709677354318
10,diferenca,34.89000000000004,21.756841046277692,7.850000000000023,4.791334049377213,0.8203,0.6784217391304346,0.5462,0.07590337845408511,106.47866,5.0311036,0.0,12.311290617515398,13.585032851205566,5.789394269988134,83.55243426900893,7.62302730019222
15,diferenca,33.89000000000004,22.014142538975513,8.090000000000032,4.94637756250163,0.8758,0.780053623188406,0.5992000000000001,0.05443644500555912,108.08792,5.240853,0.0,12.461381589253847,13.486190348922468,5.780589840251024,83.28942647511928,7.83040306430573
23,diferenca,35.05000000000001,23.927987152034273,11.190000000000055,4.576861109830596,0.8709,0.541113043478261,0.1749,0.20355190052337815,110.91097,4.892128,0.0,12.215457790959809,13.404982438420182,5.615177327765966,83.00657283850127,7.341640991953886
28,diferenca,33.75000000000006,21.597449209932346,8.630000000000052,4.905651740734264,0.8809,0.8161942028985509,0.6707000000000001,0.04139781862228005,96.09133,5.251297,0.0,12.251055864373669,13.54602274709598,5.788186435158808,82.67567246584112,8.2697477955658
30,diferenca,33.63000000000005,23.17150313152403,9.930000000000007,4.770002235996342,0.8747,0.6714057971014491,0.4959,0.11317384585973847,104.47522,5.013967,0.0,12.478757264388733,13.370966535223832,5.657967575979862,82.98760400129478,7.778769927341413
37,diferenca,31.390000000000043,20.410506912442443,6.670000000000016,4.836525652594105,0.8936000000000001,0.8325391304347827,0.518,0.0672363346762238,113.38017,5.372613,0.0,12.924455532564554,13.497406246639352,5.764464926497569,82.68029866525997,8.321081774746599
39,diferenca,33.63000000000005,22.46365750528544,9.750000000000057,4.802922509820401,0.8901,0.7577898550724635,0.609,0.07286015022825262,99.41605,4.999916,0.0,12.24451213612188,13.311182737963536,5.638722882570043,82.94565397588049,7.484759125461293
40,diferenca,35.910000000000025,24.355986984815654,10.650000000000034,4.7185575105435795,0.8369000000000001,0.6123565217391307,0.4068,0.12431670108079448,96.22915,4.823248,0.0,12.047014941413117,13.242057684082287,5.57552396153349,82.54237258507037,7.019759089593127
41,diferenca,37.75000000000006,25.380863636363657,11.07000000000005,5.4291507103736985,0.7145,0.6294797101449278,0.5051,0.04823101287361064,111.13409,4.765551,0.0,12.443159119308033,13.40159361650239,5.70681812003399,81.69517860842151,7.084957136470539
47,diferenca,33.75000000000006,19.960776255707795,7.03000000000003,5.068177091630662,0.9155000000000001,0.8589478260869563,0.5631,0.05561030977476444,113.32234,5.2040625,0.0,13.052295702271929,13.389996911479537,5.7367361398355445,82.76021750812454,8.141408596824371
49,diferenca,36.81,24.1384353741497,9.870000000000005,5.431899360124572,0.7498,0.6811072463768117,0.6053000000000001,0.03736899559190446,94.383224,4.8711553,0.0,12.026881547916846,13.310298484082288,5.74024842911109,81.93053212505208,7.19859259867029
50,diferenca,37.01000000000005,24.54815602836883,12.670000000000016,5.138251434626594,0.7915000000000001,0.6940101449275364,0.5787,0.047725863145912116,100.60956,4.6613684,0.0,11.57180611019179,13.127859344356235,5.607845031125535,81.30103718235698,7.2220593650487555
51,diferenca,36.73000000000002,24.911031941031965,11.330000000000041,5.047150062245318,0.7726000000000001,0.6876768115942029,0.5943,0.04507170501248713,100.60956,4.6613684,0.0,11.57180611019179,13.127859344356235,5.607845031125535,81.30103718235698,7.2220593650487555
58,diferenca,32.210000000000036,21.002879120879168,7.8700000000000045,4.936993997630571,0.8866,0.8346202898550728,0.6503,0.03747347885247524,104.78226,5.0506115,0.0,11.89771951401818,13.218038129744382,5.72494960595718,82.57539419270536,7.874501817396476
59,diferenca,33.55000000000001,22.19298056155511,5.7900000000000205,4.950102882371065,0.9049,0.8427057971014494,0.6444000000000001,0.03880311090194705,93.1545,4.8861217,0.0,11.889214868425038,13.128343941616505,5.711291344733465,82.20747431757074,7.43134679697816
69,diferenca,31.470000000000027,18.93753398058255,3.1100000000000136,5.705889508551395,0.8461000000000001,0.7741333333333331,0.6869000000000001,0.044694789978343454,93.367676,5.0973926,0.0,11.705312446875842,13.645412173580006,5.855610695932238,81.10008644685452,9.324566172576239
70,diferenca,31.410000000000025,18.76949903660888,3.990000000000009,5.649527384831832,0.8340000000000001,0.7567347826086953,0.6641,0.04821339288972015,97.34344,5.218947,0.0,12.181022010169958,13.615505039333417,5.841213115809479,81.69336083403527,9.119143430092988
74,diferenca,31.670000000000016,19.187222222222253,5.03000000000003,5.179137607558235,0.8857,0.7878840579710145,0.25670000000000004,0.11557077964680679,102.8678,5.042797,0.0,11.933922619763154,13.218038129744382,5.72494960595718,82.57539419270536,7.874501817396476
77,diferenca,34.27000000000004,22.442374727668867,8.090000000000032,5.254726124951759,0.8314,0.7505318840579714,0.6269,0.05279016842137512,96.358734,4.567738,0.0,11.709730415545598,13.208987382712397,5.696362903063389,81.49742184476938,7.276698066611086
81,diferenca,35.63000000000005,23.620468750000025,10.550000000000011,4.930761835687652,0.8541000000000001,0.7565913043478262,0.6006,0.05287862431921688,121.508415,4.620758,0.0,12.300542491109747,14.118079211022918,5.882098708357819,80.39442356387458,7.453887797453258
85,diferenca,33.07000000000005,21.40942622950825,5.3700000000000045,5.52434489835965,0.8263,0.7013130434782608,0.5732,0.07243386171274671,69.290016,4.806756,0.0,10.285196207925923,13.9011489845389,6.011767233025991,79.79757463081664,7.996916046891489
87,diferenca,34.450000000000045,21.45592445328034,4.470000000000027,5.652286918214972,0.775,0.684013043478261,0.5461,0.0646921268713815,76.06893,4.8530593,0.0,10.787825599840959,13.754076630200998,5.8992989210843545,79.86041598768463,8.454905294548881
89,diferenca,33.23000000000002,20.884469696969745,5.850000000000023,5.440944076725171,0.7953,0.6717159420289854,0.5249,0.07966013245264945,79.94646,4.90548,0.0,10.642317833795286,13.632088630200982,5.823505282729911,80.47245485232777,8.583089840754308
95,diferenca,32.170000000000016,19.412273781902584,6.230000000000018,5.084858139703934,0.89,0.7848797101449273,0.09670000000000001,0.13414851771716851,99.90039,4.8564816,0.0,11.763210746307303,13.094289095954414,5.6554541536186775,82.93526047761225,7.88623055043378
97,diferenca,35.210000000000036,22.321840354767232,4.350000000000023,5.350417596174004,0.8439000000000001,0.775026086956522,0.5926,0.04253551168439242,99.91475,4.565882,0.0,11.095530591214171,13.075896851205572,5.61468200432945,82.00253313852082,7.138917091618501
98,diferenca,36.33000000000004,23.21595185995628,4.8700000000000045,5.59034064774742,0.8145,0.7418246376811592,0.6339,0.04393676749503183,98.84973,4.546787,0.0,11.335395122360016,13.075896851205572,5.61468200432945,82.00253313852082,7.138917091618501
104,diferenca,30.630000000000052,19.59298947368426,2.490000000000009,5.419594266217221,0.8719,0.8076869565217389,0.6208,0.05027819394518622,76.792046,4.7177925,0.0,10.596395756509285,13.881159645726122,6.009613433732973,81.21151784460089,8.258029992957617
113,diferenca,32.43000000000001,19.88401515151517,5.110000000000014,5.1989407953649085,0.8059000000000001,0.7167956521739134,0.5657,0.05498343211534656,74.93464,5.0124664,0.0,11.419887639254858,13.301413748009216,5.677651017191006,81.31546536202656,9.198841014794429
114,diferenca,31.83000000000004,18.743884615384637,4.410000000000025,5.082924838098962,0.8241,0.7389811594202903,0.5660000000000001,0.0542608575266253,80.3619,4.970553,0.0,11.427285185384667,13.397566909653053,5.746249000964461,82.25168581342236,9.19623887975251
117,diferenca,31.390000000000043,18.937196652719685,5.57000000000005,5.079271527907858,0.8272,0.7243217391304348,0.3094,0.09486622750807062,88.33276,4.7509274,0.0,11.125111846790507,13.04298283659371,5.629569072347051,83.23956507939175,8.05195157321859
118,diferenca,33.77000000000004,22.399234135667434,8.610000000000014,4.850521646685157,0.8607,0.787853623188406,0.4539,0.056801767118129225,100.382065,4.7003536,0.0,11.372016550479136,12.88329672335168,5.578996676864151,83.24657699047647,7.5713829763183105
119,diferenca,33.950000000000045,22.43126086956526,7.850000000000023,5.045929497839199,0.8407,0.7537855072463766,0.5082,0.0564813404492658,99.33601,4.653736,0.0,12.087071956476832,12.911929393671318,5.529629283597224,82.4860701503786,7.219252870968822
122,diferenca,35.710000000000036,22.79800000000004,6.930000000000007,5.089844749984707,0.8548,0.7941652173913045,0.5513,0.04704733301466632,99.185265,4.697749,0.0,11.943009541758855,13.135530805543468,5.544919362935876,80.24567563497452,7.179085565485947
123,diferenca,36.670000000000016,23.877500000000037,7.090000000000032,5.346807497625692,0.8161,0.7483057971014493,0.5035000000000001,0.05049038044141157,100.62305,4.6475773,0.0,12.050177938281534,13.346231923351686,5.599642074605637,80.3178022252735,6.9517012492978685
134,diferenca,33.93000000000001,20.607558139534913,5.810000000000002,5.8200068800499904,0.7886000000000001,0.6886333333333333,0.42310000000000003,0.07244798167174349,73.55814,4.8534255,0.0,11.395517753801398,13.511200712392807,5.750908947934093,80.34503719177617,9.036574279719593
137,diferenca,31.930000000000007,19.35916030534351,4.510000000000048,5.273442614159953,0.8109000000000001,0.7235753623188405,0.3789,0.0634655227772583,85.984146,4.8569913,0.0,11.389621020873447,13.298342476776336,5.66523096589744,81.50676938257452,9.366851054329974
139,diferenca,31.450000000000045,19.101589147286862,4.430000000000007,5.245492693602891,0.8300000000000001,0.7329681159420293,0.5182,0.06540989042962331,78.86019,4.812428,0.0,10.905490726452793,13.207627565360815,5.680492541398749,83.1002347587681,9.355240355714745
140,diferenca,31.650000000000034,18.744444444444476,5.230000000000018,5.258397298766525,0.8121,0.7080942028985509,0.6046,0.06278243519721265,93.430756,4.763362,0.0,11.235994632526198,13.112806684995531,5.6491338935968445,83.40316422374983,8.811254607584171
141,diferenca,32.110000000000014,19.044965357967705,7.53000000000003,4.853222977228444,0.9021,0.825823188405797,0.2884,0.11173542137493563,96.51823,4.7076674,0.0,10.988371532407808,13.073266310566284,5.60839499423419,83.57638540840864,8.107402626986811
143,diferenca,35.93000000000001,21.65360086767899,8.310000000000002,5.03027968555226,0.8749,0.7964014492753624,0.5231,0.0553200136563891,108.26119,4.7600617,0.0,11.788599022932036,12.80064362015535,5.4818783584181485,83.13282514058356,7.34746069127875
146,diferenca,36.55000000000001,23.07646934460889,8.53000000000003,5.139674269218828,0.8457,0.7743768115942028,0.4151,0.05329797055420057,138.9246,4.8690696,0.0,12.802044988503422,12.891657784538895,5.431453413809341,81.55382168557347,7.3767563133117156
147,diferenca,37.01000000000005,23.73407643312106,9.430000000000007,5.373189908665297,0.8276,0.7548391304347829,0.45830000000000004,0.05592555408079216,110.91341,4.848189,0.0,12.717314105514935,13.06214615531516,5.461658906915516,81.0178345487881,6.974080530335534
148,diferenca,36.05000000000001,21.7841666666667,6.050000000000011,4.952675885656435,0.9016000000000001,0.8566826086956519,0.322,0.0733451972416213,108.76218,4.851267,0.0,12.40485581044172,13.43847172426492,5.6090564697670455,81.79365392197613,7.052837244936954
165,diferenca,29.350000000000023,17.36150743099791,4.2900000000000205,4.772736005720947,0.8459,0.7555478260869565,0.2424,0.07872092075706051,124.79058,4.740864,0.0,11.340291754182532,13.154637148922445,5.630988732487278,83.86531526828998,8.647148573482571
166,diferenca,28.83000000000004,16.960814479638035,4.03000000000003,4.871286056413674,0.8454,0.7552797101449277,0.2523,0.0959567649920623,132.22527,4.640373,0.0,11.489133005570185,13.10549110691332,5.603364066906233,83.88338603661374,7.901188133649987
167,diferenca,29.190000000000055,17.461908045977047,6.150000000000034,4.6789625326934345,0.8493,0.7681724637681162,0.30920000000000003,0.08918492087410736,92.01438,4.6952066,0.0,11.277450592856837,13.000361057598267,5.593329449685599,84.02089704867964,7.603357685659495
170,diferenca,36.31,22.60531645569623,8.850000000000023,4.995842913747701,0.8539,0.7851434782608697,0.2609,0.07466708231948233,129.28476,5.052961,0.0,13.090965120628715,12.845752695954433,5.413766946668018,82.64356649054233,7.1253819373868765
172,diferenca,36.79000000000002,23.105655913978506,8.450000000000045,5.1418001167631155,0.8436,0.7764478260869564,0.43310000000000004,0.05698627246010552,145.40948,4.9731197,0.0,13.159413692093766,12.99388893339734,5.444776438656807,82.52330081655316,6.862867167249845
173,diferenca,34.09000000000003,20.84952173913045,8.410000000000025,4.928318589447445,0.8976000000000001,0.8398579710144926,0.2462,0.08017300569556086,102.89547,5.0769234,0.0,12.894088823354124,13.211981152575449,5.520032718599147,82.9609057783997,6.901825373531025
174,diferenca,36.59000000000003,22.59570806100219,7.53000000000003,4.751411267217405,0.8675,0.7953333333333331,0.2581,0.07411686359121766,118.08362,4.9653087,0.0,12.46265561710836,13.250125313306025,5.516107919782003,83.10523349834952,6.7485952822648025
175,diferenca,36.23000000000002,23.156987447698782,7.970000000000027,4.616890280455725,0.8589,0.7868942028985508,0.1792,0.08039178861387704,110.23064,4.96107,0.0,12.781328028370432,13.416260146182735,5.57884094608376,82.77203548043573,6.5677500664764965
177,diferenca,31.750000000000057,19.907207207207254,1.2900000000000205,5.520666115829641,0.8456,0.7478333333333335,0.5705,0.05207101802225756,80.36031,4.820662,0.0,10.821023991526742,13.841307161707851,5.970301214206064,81.49524648822876,8.444835272944534
188,diferenca,30.710000000000036,18.932636916835733,5.090000000000032,5.000504025713057,0.8124,0.7007579710144924,0.5495,0.0631353788271837,81.63193,4.806259,0.0,11.13665508057538,13.141311724264938,5.608146185639099,83.50735633527061,9.36830358090316
191,diferenca,30.870000000000005,18.556852248394055,4.690000000000055,5.31175990643879,0.8496,0.7687463768115944,0.3473,0.07332805695058019,137.2728,4.7332473,0.0,11.70065976724411,13.071865371753516,5.58526949827648,84.2243685701226,8.03419784198865
192,diferenca,29.390000000000043,17.659281045751648,3.890000000000043,5.001892117532738,0.8735,0.7913043478260869,0.30410000000000004,0.0857182381871436,83.09293,4.7714334,0.0,11.563464757473177,13.064583260337999,5.592274508434098,84.35187094290562,7.796785615491019
193,diferenca,31.410000000000025,18.316281755196332,4.170000000000016,5.092340059658343,0.8941,0.8079492753623191,0.3209,0.09477208912061723,93.50206,4.780614,0.0,11.531596088496377,12.953492443899627,5.527639844659756,84.40768134626146,7.508298363076692
194,diferenca,34.07000000000005,21.074890829694358,8.010000000000048,4.997087414684965,0.8787,0.8200391304347825,0.6431,0.04028788510458932,110.09303,4.8546686,0.0,11.802350851930155,12.953492443899627,5.527639844659756,84.40768134626146,7.508298363076692
196,diferenca,34.55000000000001,21.494947145877422,8.130000000000052,4.96659386254954,0.8536,0.7858246376811597,0.3704,0.0692891785385664,134.58305,5.027162,0.0,12.821513818465974,12.901790873123373,5.465914207151101,83.98815809381365,7.231533137042951
197,diferenca,34.63000000000005,21.618240343347676,8.890000000000043,4.946076686224335,0.8711000000000001,0.8005057971014493,0.3365,0.06917833682038034,169.10179,5.047514,0.0,13.422632424659165,12.971848895041173,5.480140699262322,83.7596979061592,6.883442400624632
198,diferenca,34.950000000000045,21.93542222222226,8.29000000000002,5.109960897823361,0.8639,0.7834550724637683,0.1232,0.09452210160412829,127.17943,5.0951447,0.0,13.159280861845097,13.078104548009222,5.5110748435792924,83.65039290846107,6.559957218459186
199,diferenca,35.33000000000004,21.16061224489799,6.690000000000055,4.766631543254275,0.9148000000000001,0.857820289855073,0.2868,0.088219025158496,122.89519,5.013126,0.0,13.034667343386834,13.18065251513253,5.550694670562006,83.58109523655752,6.432919976484181
206,diferenca,32.09000000000003,20.285302325581434,4.050000000000011,5.540557043335913,0.8171,0.7269057971014494,0.48750000000000004,0.06425526964022935,71.848526,4.7029414,0.0,10.475536114900766,13.458740670383653,5.7990047825532365,81.71430708905865,8.315838636260192
208,diferenca,32.73000000000002,20.526059113300505,6.4500000000000455,5.385803107226069,0.8105,0.7113202898550723,0.4445,0.05991068371421418,68.17846,4.494021,0.0,10.179788305974322,13.427025821068575,5.789054325962345,81.83812849449775,8.570270229160258
211,diferenca,32.410000000000025,20.904642032332593,5.510000000000048,5.347889953091883,0.7943,0.6868347826086956,0.4238,0.07643369927180729,97.15989,4.7267485,0.0,11.37207893879948,13.18202709412796,5.659640813120397,82.76640105374388,9.143007202238618
218,diferenca,28.670000000000016,16.93636568848761,4.550000000000011,4.786237052356553,0.8546,0.7778420289855074,0.2669,0.09431280117485738,102.229195,4.6279526,0.0,10.987678130809597,12.996895015589107,5.580462516828026,84.19408686152951,8.116301268854937
221,diferenca,32.39000000000004,19.826674364896096,6.910000000000025,4.857940147185734,0.8791,0.8011652173913046,0.5078,0.07465728038716256,103.515755,4.672115,0.0,11.323093207841758,12.95492676901379,5.544901145978242,84.80502929829727,7.377922784805706
225,diferenca,33.77000000000004,21.447230769230774,8.710000000000036,4.913519029620095,0.8676,0.7940797101449276,0.3002,0.08845831013420982,176.1888,5.1402593,0.0,13.64937070821745,12.956715835680482,5.5143632315188835,84.05916343735724,6.531893978366701
242,diferenca,29.29000000000002,18.36679069767445,4.890000000000043,4.818154807277394,0.8486,0.7828942028985509,0.4808,0.05363530333180552,79.52544,4.877377,0.0,11.206489467078113,13.17139139184483,5.690334874444946,84.2426859754531,8.653902269989404
246,diferenca,31.27000000000004,20.474474885844796,7.910000000000025,5.116205970935885,0.8247,0.7251014492753619,0.4843,0.06278245045278509,88.87284,4.7084846,0.0,11.260972250018403,12.85363220463024,5.527715338687443,84.31137207200904,8.006843768809953
249,diferenca,28.970000000000027,17.450000000000024,2.830000000000041,4.6886819006263085,0.8781,0.7763028985507249,0.1385,0.11621331083308323,94.83925,4.5572653,0.0,10.99436062616527,12.734024031114249,5.494328188114556,84.90865410141747,7.392167109358327
251,diferenca,30.410000000000025,18.82953161592509,3.590000000000032,4.913102280585215,0.8907,0.8018666666666671,0.3095,0.11263989777182663,102.43521,4.9132733,0.0,11.833748172614843,12.787473589105105,5.511872577711576,85.21970626983317,6.947654297403325
253,diferenca,33.110000000000014,20.240385487528364,4.9500000000000455,4.714267444521419,0.8821,0.8119826086956524,0.327,0.09738904494014687,106.39374,5.0721803,0.0,12.580195566361123,12.768843806456701,5.494520757289209,84.61709592126245,6.6248284644582816
254,diferenca,33.450000000000045,20.201743119266094,4.9500000000000455,4.789678475358703,0.8757,0.8149971014492755,0.3946,0.08811941826666973,126.936134,5.200804,0.0,13.265198306007528,13.029442407369954,5.613181716646975,83.69463480489131,6.281755626401066
255,diferenca,32.910000000000025,19.692170900692876,8.110000000000014,4.699522249649412,0.8724000000000001,0.8137478260869564,0.44270000000000004,0.08079680293699447,126.936134,5.200804,0.0,13.265198306007528,13.029442407369954,5.613181716646975,83.69463480489131,6.281755626401066
256,diferenca,33.690000000000055,20.49724705882355,8.450000000000045,4.904812733502376,0.8852000000000001,0.8208043478260869,0.10590000000000001,0.1048918814431814,127.428604,5.22843,0.0,13.702357712446679,13.120539190931602,5.597804179132333,82.86155790237137,6.260873256490001
260,diferenca,33.93000000000001,21.23646942800792,4.2900000000000205,5.477818923470872,0.8309000000000001,0.7466536231884062,0.6396000000000001,0.05360977517317365,90.32838,4.7566776,0.0,11.000986561029194,13.630189095954412,5.8138386363448,79.21778368923334,7.887852642039694
261,diferenca,33.81,20.82444881889766,5.490000000000009,5.548938599235878,0.8385,0.7551681159420288,0.6435000000000001,0.050662722461151825,81.79277,4.7181187,0.0,11.053172280474266,13.547720544356238,5.795046345732813,79.7131345828204,7.761254766428613
279,diferenca,31.210000000000036,19.220707547169848,6.2900000000000205,4.767200581700842,0.8663000000000001,0.7615246376811592,0.5716,0.059311416907657136,78.8262,4.469001,0.0,10.227152559341526,12.640228071296896,5.481631999375962,84.47920053849276,7.335664748617652
281,diferenca,31.27000000000004,19.987798165137644,5.750000000000057,4.957953180404076,0.8755000000000001,0.7786362318840581,0.37520000000000003,0.07474409088371532,76.05047,4.596539,0.0,10.68075483375446,12.636575026548021,5.4739687113692295,85.15074331194417,7.186362379444691
284,diferenca,33.63000000000005,21.122602739726066,8.710000000000036,4.736258477669751,0.8523000000000001,0.7927753623188402,0.4227,0.05838816240409847,113.40377,5.143046,0.0,12.717086614002088,12.518594800064015,5.437698541744573,85.13632034379995,6.602526058487854
285,diferenca,34.57000000000005,21.389780701754432,8.930000000000007,4.754434582315922,0.8901,0.8306681159420289,0.23140000000000002,0.08556376974836924,142.68266,5.2697463,0.0,13.717469463787511,12.428978571753529,5.422481366588673,84.69249747540039,6.699379287906593
286,diferenca,33.77000000000004,21.238264840182666,9.730000000000018,4.664002259920692,0.8853000000000001,0.8177507246376816,0.2058,0.08965173620082371,145.22511,5.267518,0.0,13.535920105650211,12.401080104173612,5.383739835803398,84.04195648304587,6.279531058089035
287,diferenca,33.49000000000001,20.885990783410175,9.150000000000034,4.515490548536684,0.8863000000000001,0.8289289855072467,0.0815,0.10002873225119821,161.30832,5.4586716,0.0,14.255307758150673,12.578717318785474,5.437506933878744,83.28582670729755,6.24358157884594
297,diferenca,32.89000000000004,20.506796116504887,6.110000000000014,5.3437134307779,0.8221,0.7257739130434783,0.3719,0.08364628365173243,67.86632,4.615169,0.0,10.091639075466116,13.30991267768958,5.710548740718266,80.76552395964605,7.964850110577542
301,diferenca,30.230000000000018,19.466461126005388,6.210000000000036,5.2054968185414765,0.8742000000000001,0.7567159420289857,0.2651,0.1103898698660335,80.94271,4.621542,0.0,10.755269631709057,12.994235643899632,5.6773021798263406,84.32924763848405,8.136730069725902
304,diferenca,32.190000000000055,20.011300813008152,4.910000000000025,5.291234295276117,0.8238000000000001,0.7296144927536234,0.48050000000000004,0.06157944856534568,88.332115,4.7433953,0.0,11.297562541323154,12.884581709653052,5.634841984458615,84.9685703716139,8.110338993814628
309,diferenca,30.910000000000025,20.240855745721333,7.410000000000025,4.959874545028011,0.8613000000000001,0.7552927536231884,0.37110000000000004,0.0790024349631025,106.30908,4.3895535,0.0,10.602903908382949,12.628256853032044,5.4944897378216675,83.88236824575365,7.440293807072934
310,diferenca,32.670000000000016,21.19767386091132,7.190000000000055,5.212122248190554,0.8398,0.7270768115942026,0.5505,0.0563285114433972,108.03124,4.4397087,0.0,10.66102622844721,12.55861967129689,5.445210115929233,84.52526448144584,7.30020151232921
311,diferenca,32.35000000000002,20.411970443349777,6.810000000000002,5.169823396390413,0.8466,0.7481623188405797,0.33740000000000003,0.0708621382552169,115.285416,4.530047,0.0,10.868440155799222,12.541784011022912,5.445145428651845,85.42932398592588,7.066676673327171
312,diferenca,29.670000000000016,18.595110565110584,6.190000000000055,4.835438529649226,0.8956000000000001,0.7944231884057968,0.2102,0.1119144667507084,81.36159,4.5487,0.0,10.58656857000221,12.541784011022912,5.445145428651845,85.42932398592588,7.066676673327171
313,diferenca,31.910000000000025,20.61605911330051,6.8700000000000045,4.950762466674411,0.8452000000000001,0.7355956521739131,0.19110000000000002,0.09706954840460177,84.69286,4.692109,0.0,11.069090688176912,12.464911002803731,5.420943649027446,85.96558423410434,6.8739783282776274
314,diferenca,32.31,20.731722488038308,7.9500000000000455,4.807136132728627,0.8763000000000001,0.7844869565217396,0.24280000000000002,0.10013308522862559,73.89614,4.889585,0.0,11.430916151904725,12.422062175406468,5.3867334887399085,85.72661314356192,6.7779557530724315
316,diferenca,33.110000000000014,20.82454128440372,7.9500000000000455,4.764999352180042,0.881,0.8223492753623186,0.12710000000000002,0.09236646236075324,124.52811,5.0817084,0.0,12.589582205610634,12.268626363534343,5.346126109731724,85.01018813637,6.624327815917214
317,diferenca,35.31,23.318789237668177,8.350000000000023,4.94713486546551,0.8472000000000001,0.779153623188406,0.4365,0.05313698343537769,134.63354,5.1799626,0.0,12.780556258216492,12.270720427461274,5.319978268677868,84.33531732199242,6.553934851456937
318,diferenca,36.49000000000001,23.91577092511018,10.170000000000016,4.826560800754799,0.7381000000000001,0.6648840579710141,0.29460000000000003,0.05930258107927241,122.993034,5.25133,0.0,12.955096689009036,12.571764542529754,5.42045162446406,82.99163732891554,6.415982028866952
321,diferenca,31.590000000000032,21.32237076648847,6.710000000000036,5.223639832151802,0.8416,0.753527536231884,0.6654,0.04595447300951573,70.12781,4.9259725,0.0,10.983651042312221,14.257184034767217,5.992982217280888,77.12908899110127,8.154732919687742
328,diferenca,35.79000000000002,22.09646226415097,4.770000000000039,5.85665407194139,0.7965,0.6884101449275366,0.4833,0.06154348326072122,64.11708,4.7432227,0.0,10.679744730987645,13.55704863202749,5.768739618621642,79.95073447310894,7.71335525703557
336,diferenca,30.650000000000034,19.68411411411415,4.9500000000000455,5.211593585333497,0.8467,0.7318246376811595,0.16040000000000001,0.09375816626198763,70.360435,4.6328363,0.0,10.727074657914233,12.886087415589122,5.638685317106648,84.94647993139077,8.19527605663294
337,diferenca,33.73000000000002,20.5444744744745,7.090000000000032,5.618368264991181,0.8102,0.679010144927536,0.2687,0.08741805462198568,75.10004,4.626953,0.0,10.852582968327104,12.886087415589122,5.638685317106648,84.94647993139077,8.19527605663294
340,diferenca,28.730000000000018,18.184972067039148,6.150000000000034,4.844939694328245,0.8757,0.7914782608695653,0.32180000000000003,0.11117036263055952,96.58664,4.5853944,0.0,10.91181145429642,12.948516604630225,5.666142429991571,84.32949823522387,8.143977602337266
341,diferenca,32.870000000000005,21.761219512195137,8.410000000000025,5.232326543729494,0.7944,0.6823028985507245,0.3673,0.07188128895438384,88.4487,4.5227547,0.0,10.68600912448206,12.860264166274055,5.619858441490663,83.98024509180144,7.806198894004552
344,diferenca,32.49000000000001,21.126572890025617,8.090000000000032,5.294989333330417,0.8334,0.7163884057971015,0.47690000000000005,0.06738992213013041,110.56728,4.4300857,0.0,10.499467281501571,12.55861967129689,5.445210115929233,84.52526448144584,7.30020151232921
345,diferenca,30.210000000000036,19.323560209424127,4.330000000000041,4.909652784695632,0.8576,0.7778333333333337,0.22160000000000002,0.10884359695927605,88.9732,4.5287175,0.0,10.573247008031428,12.541784011022912,5.445145428651845,85.42932398592588,7.066676673327171
346,diferenca,31.77000000000004,20.452921914357706,5.710000000000036,4.918177001090302,0.8535,0.7481028985507246,0.2691,0.09509706859502388,88.9732,4.5287175,0.0,10.573247008031428,12.541784011022912,5.445145428651845,85.42932398592588,7.066676673327171
347,diferenca,32.710000000000036,20.790291970802926,7.810000000000002,4.87566117918574,0.8431000000000001,0.7600536231884061,0.202,0.09852356384032865,85.27274,4.6032844,0.0,10.920168322422606,12.464911002803731,5.420943649027446,85.96558423410434,6.8739783282776274
348,diferenca,31.930000000000007,20.128405797101493,7.07000000000005,4.826362025933885,0.86,0.7829623188405799,0.17120000000000002,0.11439731564379753,74.94013,4.8722887,0.0,11.409621531077505,12.422062175406468,5.3867334887399085,85.72661314356192,6.7779557530724315
349,diferenca,32.410000000000025,20.200762124711336,7.7900000000000205,4.805452986243854,0.8797,0.7938898550724637,0.304,0.09294979655539484,128.10622,4.9580016,0.0,12.129629174013509,12.391235663990955,5.381601526512927,85.46137323780935,6.53130288575378
350,diferenca,33.25000000000006,21.06596199524945,9.350000000000023,4.6103487678293495,0.8857,0.8065811594202901,0.1942,0.09616206922729983,123.95626,5.036874,0.0,12.052432328382855,12.268626363534343,5.346126109731724,85.01018813637,6.624327815917214
351,diferenca,34.53000000000003,22.639000000000042,9.730000000000018,4.7048741554032345,0.8500000000000001,0.7883202898550723,0.2479,0.08370517027251627,123.027565,5.1447945,0.0,12.47389620692901,12.270720427461274,5.319978268677868,84.33531732199242,6.553934851456937
352,diferenca,44.09000000000003,22.403600000000043,8.870000000000005,4.788034523220859,0.8570000000000001,0.7888898550724639,0.253,0.08922186341683998,112.63757,5.2196074,0.0,12.829546068461335,12.571764542529754,5.42045162446406,82.99163732891554,6.415982028866952
365,diferenca,32.950000000000045,20.67502283105027,4.930000000000007,5.622390688512591,0.8505,0.7578217391304352,0.40740000000000004,0.06584671014982514,108.76158,4.781271,0.0,11.268591640724846,13.621944000064017,5.740053668214515,79.43553482760447,8.189326093116183
367,diferenca,35.55000000000001,21.73144186046516,4.590000000000032,5.815497080485113,0.802,0.6921710144927533,0.3907,0.07112653167185183,66.30333,4.649457,0.0,10.66632057549781,13.467420305086849,5.7080301471274275,79.81698177081205,7.9717069023758445
369,diferenca,34.25000000000006,20.9566503667482,6.170000000000016,5.4889022312446665,0.8292,0.7076724637681161,0.2811,0.08639037769160245,68.488525,4.6787558,0.0,10.356985267399633,13.19033854070327,5.625542928638258,80.89821040779836,8.051982325356299
377,diferenca,31.77000000000004,20.951472392638067,9.07000000000005,4.922453155828281,0.8294,0.7286927536231881,0.24250000000000002,0.10581641104309425,78.58072,4.600998,0.0,10.791190420226712,12.745166566274085,5.591266477814699,84.5273862247198,7.724843310438951
378,diferenca,32.25000000000006,21.150887573964507,9.690000000000055,4.999839326923737,0.8224,0.6854304347826087,0.3121,0.0870006435164415,87.665726,4.495814,0.0,10.955517051435208,12.610452889561726,5.528916195782472,83.86621116342796,7.8852476107256235
383,diferenca,31.850000000000023,20.591293800539102,7.490000000000009,4.990505319059117,0.8411000000000001,0.7439739130434783,0.40750000000000003,0.07076078430057857,81.91042,4.423195,0.0,10.544206000208849,12.375733636593699,5.363190620472407,85.46080986916196,6.972423037763384
386,diferenca,31.610000000000014,19.550954773869368,6.310000000000002,4.852910859682608,0.8715,0.7822405797101452,0.2366,0.10923606310977016,98.25542,4.6328716,0.0,10.802710603637536,12.412919921525178,5.380389729848279,85.81856773230173,6.765733156251125
387,diferenca,33.35000000000002,21.025804195804234,8.110000000000014,4.6806949774739195,0.8788,0.8124057971014491,0.32680000000000003,0.0964257210319886,123.48553,4.868466,0.0,11.489160340050699,12.446790942529763,5.404852038379172,85.48896328861734,6.812113213196571
388,diferenca,33.25000000000006,19.677204030226743,6.2900000000000205,4.7194459704709475,0.8827,0.8078753623188408,0.1716,0.095318735183815,129.1273,4.8375745,0.0,11.548125731983266,12.34868635440192,5.369562652676616,84.92191620675736,6.978659952988282
390,diferenca,36.43000000000001,23.900201342281903,9.910000000000025,4.772369177434389,0.8154,0.7229768115942029,0.5640000000000001,0.05024974769545669,120.64356,5.10251,0.0,12.084984235706571,12.255046319698712,5.2569881915432415,82.82073058857715,6.357677489878715
391,diferenca,40.35000000000002,23.342144288577163,6.990000000000009,4.645210174615935,0.7543000000000001,0.6836130434782609,0.4615,0.05157431928370764,125.064095,5.093942,0.0,12.543723163654056,13.28861959823752,5.578560925822838,80.07249502078689,8.081112537549705
395,diferenca,34.150000000000034,22.92337037037037,6.230000000000018,5.512143877121316,0.8450000000000001,0.7730217391304351,0.67,0.03686730954269336,80.62444,5.1341043,0.0,11.651081284288104,14.643055163534331,6.062546345657608,76.54400090904427,8.142164056694712
398,diferenca,35.450000000000045,24.400292397660827,8.510000000000048,5.472932092076875,0.7796000000000001,0.6618420289855073,0.5235000000000001,0.05790488304056469,81.72273,4.371591,0.0,10.104390610056358,14.232091419242103,5.85489695563476,76.44360795278877,8.207421027352694
409,diferenca,35.31,21.28319540229889,6.650000000000034,5.410388954592657,0.8388,0.7067623188405797,0.3885,0.07213324647343367,69.245,4.7419887,0.0,10.841286010252803,13.213732363534348,5.617654525711846,81.16640829983048,7.999839452554375
413,diferenca,30.850000000000023,19.744459102902425,5.330000000000041,5.129733688540273,0.8585,0.7416057971014494,0.23240000000000002,0.10112859926638802,75.981834,4.649909,0.0,10.604082959162891,12.871324842073149,5.638539007874614,84.91505292070435,8.40229123605617
415,diferenca,28.77000000000004,18.28904761904766,5.730000000000018,5.187449357728888,0.8518,0.746805797101449,0.159,0.11530592312809793,73.11343,4.5788717,0.0,10.28031946595489,12.869977548922463,5.686140659878971,85.42886695787271,8.287296386474466
419,diferenca,33.63000000000005,21.888711656441753,7.750000000000057,5.309145674025434,0.8298000000000001,0.6742695652173912,0.3205,0.09042511242891504,81.651535,4.3820367,0.0,10.179157790360419,12.30397900280375,5.367856696290605,83.73335557473577,7.456566160811053
421,diferenca,32.690000000000055,20.920678466076737,6.970000000000027,5.443576643928696,0.8545,0.6844318840579712,0.337,0.1037689120081199,79.278175,4.363581,0.0,10.19779308544002,12.254601682255808,5.337831078842772,83.41721862148492,7.102924540314907
422,diferenca,31.77000000000004,20.190433604336075,7.670000000000016,5.106813964056021,0.8723000000000001,0.7741391304347826,0.33630000000000004,0.08288476760354183,69.730034,4.3001094,0.0,10.25203045323403,12.315855083169035,5.349222864102325,84.34075096006725,7.168755480144817
423,diferenca,32.910000000000025,21.8953367875648,9.57000000000005,5.013038493607196,0.8115,0.7192000000000002,0.2978,0.07073767829406345,68.324814,4.3047223,0.0,10.234655923300236,12.419653262164463,5.403273952862262,85.54767571163741,7.255580217480948
424,diferenca,31.77000000000004,20.376791443850276,8.430000000000007,4.9157529030214615,0.8550000000000001,0.770921739130435,0.1797,0.0958137835679869,70.32712,4.433658,0.0,10.43189900269145,12.419653262164463,5.403273952862262,85.54767571163741,7.255580217480948
425,diferenca,31.53000000000003,19.801081794195284,6.8700000000000045,4.7818385134284345,0.8832000000000001,0.8089202898550725,0.3411,0.09530022519204803,86.38355,4.5173087,0.0,10.930784909380053,12.368735642073126,5.390839399678559,86.18005974529486,6.715139924319392
426,diferenca,31.370000000000005,19.386042216358877,7.710000000000036,4.631502563770953,0.8929,0.8191753623188405,0.2167,0.11255811176196821,88.62331,4.600179,0.0,10.97336072723145,12.368735642073126,5.390839399678559,86.18005974529486,6.715139924319392
427,diferenca,33.150000000000034,20.913836930455677,8.350000000000023,4.713949771500335,0.902,0.8279956521739131,0.40490000000000004,0.09436046893184723,114.09451,4.753694,0.0,11.412427716704933,12.458970093214724,5.416719484948348,85.57445093743678,6.537138458388041
428,diferenca,33.29000000000002,21.17947867298581,8.930000000000007,4.706283106240602,0.8931,0.8396724637681162,0.4756,0.057726564060904414,133.02583,4.8061695,0.0,11.626323123048413,12.406396020155327,5.349806352884111,83.69665168592472,6.669725497852217
429,diferenca,31.590000000000032,19.35199488491054,9.110000000000014,4.421276054934507,0.9043,0.8280985507246374,0.23900000000000002,0.11540896467924427,133.02583,4.8061695,0.0,11.626323123048413,12.406396020155327,5.349806352884111,83.69665168592472,6.669725497852217
430,diferenca,34.650000000000034,23.316082725060852,9.610000000000014,4.58789743816627,0.8397,0.7603231884057974,0.6677000000000001,0.04314885977611335,128.56447,4.8229017,0.0,11.797321850755342,12.298273402803744,5.264920311766665,82.71725839656652,6.5420097794645535
435,diferenca,33.51000000000005,23.296628571428595,7.690000000000055,5.393481521168258,0.8348,0.7712985507246375,0.6883,0.038028172214265084,81.55529,5.3878407,0.0,12.355550259437567,14.711698374493224,6.0470884604885935,77.06469269647484,8.149257512994696
438,diferenca,34.410000000000025,23.077803030303063,5.270000000000039,5.107734303855189,0.8554,0.7631231884057974,0.6649,0.04037034406205843,74.83126,5.0503416,0.0,11.103807219599666,14.454378533397342,5.897802667603094,76.37981402419658,8.476995154780871
442,diferenca,35.13000000000005,22.98508196721313,6.590000000000032,5.279489391554787,0.8459,0.7361188405797103,0.5124000000000001,0.05994506730589057,79.721924,4.964818,0.0,11.360886835829634,14.120603074036653,5.749530727046655,77.93320280572757,8.055532369746835
450,diferenca,35.07000000000005,21.412673031026273,5.730000000000018,5.582210280332965,0.8418,0.7082550724637682,0.318,0.07903821958666409,94.16227,4.7257037,0.0,10.73480413262197,13.250539647552586,5.57045966279493,80.39245349027097,7.9166989990610395
453,diferenca,31.910000000000025,20.074923857868036,5.850000000000023,5.023146335304016,0.8406,0.7366231884057969,0.3174,0.09002038922816737,77.89353,4.713827,0.0,10.907308884409261,13.030997455771761,5.647618494256331,83.64405017014246,8.516931584165265
455,diferenca,31.210000000000036,18.90377659574471,5.390000000000043,4.882108520881642,0.8449000000000001,0.7374202898550726,0.3,0.10500745119139358,89.05027,4.6318474,0.0,10.532007337074615,12.888143749835725,5.6625431457389075,84.88830604915985,8.341264945975817
456,diferenca,29.29000000000002,17.993556851311986,5.410000000000025,4.891331315979934,0.8772000000000001,0.7576376811594203,0.2257,0.14945221436041517,77.86782,4.6778626,0.0,10.190122649344946,12.726111137963578,5.624568238730931,85.17098954979848,8.347214883333999
457,diferenca,30.150000000000034,20.172739726027416,9.370000000000005,4.967640563474205,0.8449000000000001,0.7353391304347826,0.26230000000000003,0.11453771888997663,78.177376,4.684845,0.0,10.12714213366422,12.726111137963578,5.624568238730931,85.17098954979848,8.347214883333999
460,diferenca,31.890000000000043,21.494834437086123,6.510000000000048,5.2028351102556885,0.8196,0.7026608695652177,0.3244,0.08286734329487609,78.85319,4.5427027,0.0,10.418601748579304,12.248781088648506,5.375454990277544,83.32738574453846,7.67419812256967
464,diferenca,32.150000000000034,20.94945799457998,8.730000000000018,5.0328714297288935,0.8304,0.7430188405797103,0.3647,0.0775534341746316,67.465416,4.3419995,0.0,10.108534933969793,12.287136080429303,5.370112131537613,84.80706311549906,7.31838911383813
465,diferenca,32.450000000000045,21.206560846560855,8.190000000000055,4.947629631032941,0.8547,0.7932391304347829,0.656,0.04062290072128542,78.40891,4.4125423,0.0,10.507392637334037,12.336924535223845,5.376346121644063,85.83803692070501,7.2316456695310425
466,diferenca,31.77000000000004,20.454233983286922,7.430000000000007,4.911879739445873,0.8811,0.791988405797102,0.33580000000000004,0.08795079081340976,81.48202,4.435596,0.0,10.385971624563284,12.336924535223845,5.376346121644063,85.83803692070501,7.2316456695310425
467,diferenca,31.27000000000004,19.506576086956567,6.670000000000016,4.825514864923882,0.8893000000000001,0.8171405797101448,0.1592,0.11585642954247695,87.42977,4.4535646,0.0,10.664691047293884,12.351547391844843,5.377800856968698,86.55333708692717,7.1624056706924675
468,diferenca,31.53000000000003,19.77298200514142,8.430000000000007,4.662559217836307,0.8931,0.8197623188405798,0.3174,0.09701544042872465,99.325874,4.563047,0.0,11.319003112872013,12.3571113279179,5.37148187584839,86.20290835434922,6.954647151057673
470,diferenca,34.59000000000003,22.80141531322512,10.650000000000034,4.861749715264079,0.8295,0.7747782608695651,0.2796,0.06823455045090072,98.3622,4.9483232,0.0,11.918266724219125,12.227930639333426,5.292290340065127,84.77195570501829,6.524124388308784
483,diferenca,31.390000000000043,19.586779661016966,3.1900000000000546,5.425347896578534,0.8677,0.8008492753623192,0.5703,0.04898583534749323,76.16775,4.7102065,0.0,10.632325636220491,13.696724949835724,5.924603080943883,81.54511910152497,8.30595833972869
487,diferenca,35.47000000000003,24.054603773584926,5.390000000000043,5.257533672236656,0.8344,0.7597565217391302,0.6847000000000001,0.03673808385440636,74.531136,5.487213,0.0,12.41797422012324,14.513228874949856,5.911825393967828,76.91768763476982,8.532880882889003
494,diferenca,35.07000000000005,22.705142857142896,5.57000000000005,5.288520787748525,0.8513000000000001,0.752705797101449,0.5592,0.05327866278749104,72.07452,5.207952,0.0,11.63028401910584,14.108736042073144,5.706343373011806,77.80094753362329,8.347313303639053
495,diferenca,32.870000000000005,20.722669172932353,5.410000000000025,4.981201920697904,0.8607,0.7759666666666666,0.5586,0.05613179281166229,77.76144,5.204695,0.0,11.883031139933138,14.033014986365389,5.735371787920004,78.32129248954209,8.16436814724978
507,diferenca,29.250000000000057,19.272784810126616,5.130000000000052,5.064568892572867,0.8649,0.7460869565217391,0.1316,0.13921183619618838,109.23208,4.711136,0.0,10.560374625392733,12.79561724024666,5.62840617640522,84.86968893718236,8.38221271904628
508,diferenca,29.690000000000055,20.733257328990252,6.930000000000007,5.126315305172811,0.9047000000000001,0.7025115942028987,0.24530000000000002,0.12011242624324163,102.76103,4.7868934,0.0,10.845306250121267,12.562504575406479,5.550010381791137,85.12169570363935,8.335376158493323
513,diferenca,31.79000000000002,20.72194719471951,7.930000000000007,5.098388133024693,0.8256,0.7095115942028988,0.2916,0.09450282034934224,70.99562,4.478413,0.0,10.146400488113676,12.188526281342565,5.36629712007847,82.99204858493597,7.372263891034704
516,diferenca,31.090000000000032,19.788879551820777,7.090000000000032,4.777225719947579,0.8855000000000001,0.7984086956521738,0.3916,0.08268634596137399,76.74031,4.4672813,0.0,10.309734948290902,12.252936427461272,5.385201885038668,85.44146565425783,7.280994734614256
517,diferenca,31.810000000000002,20.115642458100588,6.170000000000016,4.761909680487943,0.8753000000000001,0.7951710144927538,0.3044,0.09825216906031958,81.22227,4.534787,0.0,10.709080848717468,12.342559565360844,5.41750378829145,86.20735924158086,7.034630285031298
518,diferenca,31.450000000000045,19.526724137931062,3.990000000000009,4.74577824047945,0.8817,0.7924608695652176,0.2106,0.11392944577121471,85.43178,4.5690837,0.0,10.837585756703104,12.342559565360844,5.41750378829145,86.20735924158086,7.034630285031298
519,diferenca,32.55000000000001,20.508697916666677,8.450000000000045,4.745269944507513,0.8705,0.7963797101449276,0.30960000000000004,0.10875250132683599,86.14496,4.5251856,0.0,10.707400835085155,12.398481309653052,5.421830583821852,86.54151447185185,7.153446053260001
520,diferenca,32.910000000000025,21.31450632911396,6.910000000000025,4.9782482758023905,0.8430000000000001,0.7813072463768116,0.4222,0.08691261865128379,84.32476,4.72567,0.0,11.063468624074627,12.313950599150765,5.339008043872235,86.09425561560481,6.960052203037681
522,diferenca,32.81,21.363759590792874,9.850000000000023,4.670041641627009,0.8679,0.7996768115942029,0.3556,0.08952583489960794,97.304634,4.9866767,0.0,11.885493429978395,12.23109210600011,5.287246740010198,84.7120952972498,6.488844837085678
523,diferenca,34.31,22.224025316455737,9.390000000000043,4.680186596882371,0.8835000000000001,0.8141492753623186,0.4571,0.06252354135934018,98.044136,4.9100447,0.0,11.548599683570883,12.289068918785484,5.253485959125689,83.96241174441096,6.560514898474565
529,diferenca,30.590000000000032,19.627161572052422,3.430000000000007,5.359199719888252,0.859,0.7884724637681162,0.6146,0.05200728177570838,73.410385,4.691984,0.0,10.5513454386867,13.831944411022908,5.9872776269190595,81.81238784705417,8.14634279753045
537,diferenca,36.25000000000006,25.148855098390047,8.370000000000005,5.753534196942654,0.8452000000000001,0.7344289855072464,0.6402,0.04816551506004875,85.70877,5.078971,0.0,11.871028007815552,14.540465970840263,6.14761663497109,75.77032933131257,9.013746188310998
551,diferenca,34.09000000000003,22.191707779886197,7.250000000000057,5.171430726135073,0.8432000000000001,0.7435971014492757,0.46180000000000004,0.06267473885185848,69.691574,5.1578164,0.0,11.59666697467605,14.361249839333414,5.751791157496286,77.86471469126137,8.574875424848486
555,diferenca,34.650000000000034,21.956311637080884,2.57000000000005,5.509555587049506,0.8430000000000001,0.7258608695652177,0.4701,0.07804619445436664,74.068214,5.1634183,0.0,11.48145158315841,13.97410482563478,5.6863425810503685,79.14886655078135,8.03686129370832
561,diferenca,37.670000000000016,22.853846153846177,4.970000000000027,5.8168786745808125,0.801,0.6469739130434781,0.3773,0.07763733162274468,102.72342,4.636645,0.0,10.966408400354524,13.246149216502369,5.557570259904372,80.50115612115756,8.214885008744131
562,diferenca,36.110000000000014,22.444916067146327,7.510000000000048,5.561935126829933,0.8226,0.6910362318840582,0.3956,0.08103393451093627,89.24498,4.643804,0.0,10.71685195960654,13.072160210109693,5.534818049480354,81.7751221902283,8.101285571976842
565,diferenca,31.090000000000032,18.883440000000018,2.330000000000041,5.0972064146027085,0.88,0.7490188405797105,0.3467,0.10333702463069568,83.399475,4.7273955,0.0,10.818002339802957,12.947225762621104,5.680964722393521,84.50506537749045,8.704353623667403
566,diferenca,29.870000000000005,18.95928571428574,1.830000000000041,5.153934647135015,0.8707,0.7603376811594205,0.3239,0.1250914055383111,100.966934,4.7363925,0.0,10.896710389432654,12.676463561707857,5.601386523503191,84.80126219362762,8.460193713396885
568,diferenca,31.690000000000055,21.947006369426777,5.110000000000014,5.318719970160001,0.8194,0.6961579710144927,0.2464,0.11303287889735916,95.81497,4.7446823,0.0,10.635096309576072,12.381634537050308,5.491293034860572,84.60802214526109,8.129820613055864
570,diferenca,32.150000000000034,22.291780821917843,7.4500000000000455,5.004193266984201,0.8560000000000001,0.7122710144927534,0.2751,0.09681753509498979,85.51989,4.591359,0.0,10.539811080401341,12.128594248465854,5.364140198040184,82.54497369048715,7.500843446811222
571,diferenca,32.75000000000006,21.592582781456986,6.890000000000043,5.246787217974085,0.8172,0.7000463768115942,0.3262,0.08262844297408617,81.9448,4.5212092,0.0,10.38141313596191,12.073736706913344,5.353942283524161,81.864958375714,7.432658283525615
573,diferenca,30.390000000000043,19.69980645161294,7.670000000000016,5.080949551967146,0.8981,0.7647521739130434,0.3139,0.14351892730673008,82.06904,4.42679,0.0,10.38369477927521,12.138480323351706,5.398448954127418,83.79583227996866,7.609499771294528
575,diferenca,32.410000000000025,21.39997260273976,9.850000000000023,4.948950490574025,0.8383,0.7638101449275362,0.375,0.08545954741810059,92.918465,4.549273,0.0,10.470753167160588,12.22231183385398,5.396740783945385,85.98921505444982,7.132760414974351
576,diferenca,31.850000000000023,20.25600566572241,7.850000000000023,4.862229308351615,0.8893000000000001,0.8142637681159417,0.3799,0.08430705949951088,99.26943,4.5629783,0.0,10.641743008161304,12.29237440371699,5.401118662469323,86.33364982760516,6.9484278066138785
577,diferenca,31.57000000000005,19.538984615384642,7.3700000000000045,4.81598701918871,0.9056000000000001,0.8001623188405801,0.3163,0.11419552530821549,98.48108,4.5518236,0.0,10.856235359713372,12.29237440371699,5.401118662469323,86.33364982760516,6.9484278066138785
578,diferenca,31.870000000000005,19.14262536873159,7.650000000000034,4.716002870857961,0.8848,0.7809072463768117,0.2305,0.13159454232861834,89.719246,4.4509296,0.0,10.58201554499557,12.378501660337983,5.428101973703735,86.27581101185136,6.893341257058587
579,diferenca,31.870000000000005,19.619198813056435,7.3700000000000045,4.754175139517681,0.8825000000000001,0.788204347826087,0.1809,0.13217941960306726,92.94567,4.543211,0.0,10.817103754807885,12.347689139790035,5.383796723029492,85.75110583725588,6.827764729416366
582,diferenca,32.99000000000001,21.565306122449023,7.930000000000007,4.640498566652602,0.878,0.8126652173913044,0.509,0.07407201514641812,125.24775,4.962308,0.0,11.95579094400948,12.308194294127938,5.270280018863743,83.84405845947134,6.739471114383479
597,diferenca,37.47000000000003,25.062759856630834,5.410000000000025,5.737435446388227,0.8318000000000001,0.6843884057971016,0.5579000000000001,0.05852552654080616,83.981674,5.244854,0.0,12.017362991604855,14.457420805543459,6.042470374952725,76.42312383032404,8.703904795201668
602,diferenca,33.450000000000045,22.576495412844054,6.650000000000034,5.215941655242775,0.8306,0.7709579710144928,0.6972,0.032070833766709585,87.90023,5.8019795,0.0,13.243079932375682,14.536243932484116,5.919692109666754,76.93971132384496,9.108595835608064
605,diferenca,32.35000000000002,21.56250457038393,6.050000000000011,4.968153068840299,0.8552000000000001,0.7789550724637684,0.6466000000000001,0.043910869989732086,71.34417,5.5505824,0.0,12.551675448492842,14.53226386490419,5.82872999611053,77.59899922786225,9.746538832850211
615,diferenca,35.150000000000034,22.747409766454364,4.090000000000032,5.181042128469477,0.8321000000000001,0.6950057971014492,0.37510000000000004,0.08638947346647174,73.98277,4.8932285,0.0,11.193628204439888,13.614166721525203,5.600094566146421,80.13685843413916,8.536439407530006
619,diferenca,35.49000000000001,21.052648401826513,5.010000000000048,5.474811922679003,0.8314,0.7195971014492751,0.4612,0.07093242747122633,92.82625,4.539949,0.0,10.731105441109262,13.286289390018359,5.56525487209408,81.08084416785577,8.715299073042857
623,diferenca,31.350000000000023,19.270000000000028,4.750000000000057,4.860135676450159,0.8510000000000001,0.7226869565217392,0.35350000000000004,0.09436193796819843,88.35947,4.5885596,0.0,10.74860283970361,12.876788405543481,5.6231133315436,84.59624619988236,8.811524529215973
624,diferenca,30.850000000000023,19.226938775510234,4.650000000000034,5.068825638152576,0.8661000000000001,0.7712362318840582,0.1267,0.124794196923579,79.081406,4.6987615,0.0,10.858583739389964,12.639401369927045,5.552584995940187,84.62319187110572,8.613046173651984
625,diferenca,30.910000000000025,20.78240356083089,5.670000000000016,5.01771856167136,0.8524,0.7502840579710146,0.3145,0.08963437426679235,96.16905,4.753431,0.0,11.110572392703798,12.391792617415614,5.474084707846133,84.52463295376441,8.223106374022798
631,diferenca,33.03000000000003,21.81101492537315,8.950000000000045,5.187585195826359,0.7948000000000001,0.7163971014492754,0.44770000000000004,0.06813894366492697,81.45602,4.569196,0.0,10.677388223243264,12.108417015589119,5.359810573488378,84.48967897776684,7.392710690099844
633,diferenca,31.410000000000025,20.161323943662005,8.670000000000016,4.776343488528935,0.9126000000000001,0.8216014492753624,0.31020000000000003,0.11615641814450177,91.01126,4.666054,0.0,11.01305232880671,12.147618491388219,5.347317378070103,85.81919835420767,7.312004381741016
634,diferenca,32.670000000000016,21.519315789473712,8.990000000000009,4.761155383358912,0.8989,0.8166855072463767,0.2914,0.097153369376799,95.91572,4.7382855,0.0,11.29378638879366,12.088653822895054,5.3047233740532205,86.04301624180496,7.131140559914693
635,diferenca,32.47000000000003,21.2225274725275,9.79000000000002,4.557610129815722,0.8823000000000001,0.8200739130434784,0.3902,0.0786081838350653,95.82654,4.668806,0.0,10.965092664917641,12.088653822895054,5.3047233740532205,86.04301624180496,7.131140559914693
636,diferenca,32.370000000000005,20.361235294117684,7.230000000000018,4.61523458111871,0.8878,0.8108057971014492,0.1713,0.1127771406121589,102.18257,4.5931334,0.0,10.788360803806448,12.154235629287756,5.33293439772298,85.85288019370974,6.956353608091345
637,diferenca,32.75000000000006,21.481501416430625,8.310000000000002,4.635745859308292,0.8736,0.7946956521739132,0.2097,0.10938973858928648,98.69848,4.8228054,0.0,11.163909517868143,12.197207077689589,5.323673184832404,85.17301813439288,6.808059808915373
638,diferenca,32.79000000000002,21.194843304843356,8.750000000000057,4.647637934021867,0.8662000000000001,0.7786318840579709,0.29660000000000003,0.11953547347206081,86.95077,4.925883,0.0,11.5014239351739,12.154483326091418,5.270364541118995,84.44743900143854,6.821529536557842
639,diferenca,33.13000000000005,22.416424581005636,8.410000000000025,4.935861933485746,0.7888000000000001,0.7065449275362319,0.5189,0.05808379138878878,107.2204,4.9560027,0.0,11.792529298229757,12.031693037506956,5.192880666420087,83.87725373326117,6.755381927745062
640,diferenca,34.27000000000004,23.363461538461568,8.550000000000011,4.718318765598103,0.8126,0.717659420289855,0.3901,0.06955301870701312,118.05277,4.9616437,0.0,11.96912807610508,12.096102438420171,5.185261055535525,83.63776529772426,6.942776902401117
641,diferenca,34.910000000000025,22.962142857142904,9.29000000000002,4.636594859557905,0.8373,0.7647536231884058,0.5071,0.06307119643867452,128.74042,4.6358786,0.0,11.179659080362612,12.470993612849398,5.319338188107982,82.78007752936549,7.311911232548359
642,diferenca,38.07000000000005,24.32321266968327,8.090000000000032,5.115409166989792,0.5793,0.504459420289855,0.3225,0.045720186512485016,127.63312,4.370759,0.0,10.536384881556247,13.538657886822,5.784452454732748,82.42378789124291,7.6075612820654515
660,diferenca,33.110000000000014,22.109672131147597,5.730000000000018,5.234761967991997,0.8618,0.7860289855072464,0.7144,0.035888297319293716,78.13998,5.555277,0.0,12.450509953088211,14.481588149835678,5.834616920302046,77.58544381075939,9.631233438701148
668,diferenca,34.170000000000016,21.966974459724995,3.1900000000000546,5.118960275667909,0.8693000000000001,0.7563869565217394,0.44770000000000004,0.0729278995002564,72.04605,5.2550387,0.0,11.455787686447582,13.986100591844833,5.57902122952559,80.69067619210153,8.78495460152761
669,diferenca,32.450000000000045,21.11842105263161,5.130000000000052,4.8903463047732565,0.8786,0.7709014492753624,0.4344,0.07930816521874332,62.011734,5.1892424,0.0,11.057352276754267,13.942094372666745,5.598817960422328,80.62448591987797,8.684032599023851
672,diferenca,33.450000000000045,21.479788135593246,6.110000000000014,4.932659057632306,0.8462000000000001,0.7263333333333336,0.20020000000000002,0.1018095403784779,64.36928,4.8467364,0.0,10.91567422631316,13.694750958968129,5.643385890977281,81.11173178082808,8.575698541645867
673,diferenca,33.77000000000004,21.462434782608746,3.07000000000005,5.166567962062979,0.8427,0.7114072463768115,0.4344,0.07888584178702,72.028114,4.7913165,0.0,10.878535060537853,13.694750958968129,5.643385890977281,81.11173178082808,8.575698541645867
677,diferenca,29.950000000000045,19.396564551422358,4.890000000000043,5.127163066255773,0.862,0.7680318840579708,0.5266000000000001,0.07261003143207113,75.8876,4.7343755,0.0,10.43971265427105,13.880455943443007,5.988970843086308,81.44229738771476,8.42804973796426
681,diferenca,29.99000000000001,18.881314984709505,7.110000000000014,4.972177555856382,0.8877,0.7633521739130436,0.08600000000000001,0.15940190169314158,78.283806,4.5835037,0.0,10.20823760320289,12.578715037506953,5.519979756125637,84.53953172260924,8.60652642815064
682,diferenca,32.39000000000004,21.6649852507375,9.630000000000052,4.962438225446737,0.8079000000000001,0.6663637681159422,0.3447,0.08540269990473622,81.012115,4.772282,0.0,10.510959664405762,12.260255311479561,5.421490456349462,84.3389381379935,8.352389369770691
685,diferenca,31.090000000000032,20.433461538461575,8.850000000000023,4.805550563970702,0.8678,0.7529565217391303,0.272,0.122298850502688,98.47679,4.5610213,0.0,10.689227561631347,12.273211240246647,5.420182565288676,83.06007296842499,7.857966343278357
686,diferenca,32.51000000000005,21.22632911392407,6.850000000000023,5.254555269626328,0.8243,0.7211260869565218,0.2233,0.10441901189011542,91.78281,4.5647793,0.0,10.477856569008143,12.096033979972711,5.35656463565993,82.92103583690805,7.9243209166378845
687,diferenca,31.370000000000005,20.42365079365082,6.830000000000041,5.004294315119833,0.88,0.7685318840579712,0.2066,0.12870306854528366,100.231804,4.631395,0.0,10.784915570511833,12.205413638420202,5.397602953049605,83.66143833782064,7.865934926430084
688,diferenca,30.350000000000023,18.815375722543383,5.730000000000018,4.978589999673007,0.9034000000000001,0.7966159420289856,0.3209,0.13156173028767293,104.11978,4.695327,0.0,10.997683015019906,12.370006427461277,5.483976132661568,84.9113132823543,7.652830172372008
689,diferenca,30.410000000000025,18.452832369942243,6.150000000000034,4.891383489372687,0.9065000000000001,0.7985753623188407,0.3433,0.13999906459914974,130.84976,4.7569885,0.0,11.793009483120846,12.306733848465843,5.463826218920224,86.28659069042787,7.509334944893799
690,diferenca,30.690000000000055,19.013294117647092,6.930000000000007,4.833733519446851,0.8989,0.7986072463768118,0.1242,0.13853510863424193,101.49145,4.8856964,0.0,11.598875031231906,12.06145327129689,5.294195509777899,86.11821773421353,7.325328535435921
712,diferenca,40.79000000000002,26.00890109890114,11.010000000000048,5.7493864843357025,0.8817,0.651927536231884,0.4591,0.11768372609109361,86.94756,5.9056177,0.0,13.40361309545986,14.262794400064024,5.848248221876112,76.41335741138192,9.193786382928625
714,diferenca,34.39000000000004,23.445730337078658,8.130000000000052,5.10021338049048,0.8451000000000001,0.7299318840579708,0.6513,0.04972984259251866,98.76525,6.3826814,0.0,14.440801864837109,14.089442926091388,5.7027377541136985,77.07493144646747,9.706407990400734
717,diferenca,33.33000000000004,21.87033027522937,1.9700000000000273,5.0621740879214965,0.8210000000000001,0.7160782608695652,0.5306000000000001,0.050551219167241215,71.69089,5.4287314,0.0,12.102814962713747,14.590388624721548,5.863631426765659,79.00293713747944,10.222907157046244
718,diferenca,32.23000000000002,21.551225225225256,6.7900000000000205,5.108959233030698,0.8679,0.7843159420289855,0.6726000000000001,0.04300803303188773,69.16329,5.3675857,0.0,11.742231421124586,14.590388624721548,5.863631426765659,79.00293713747944,10.222907157046244
723,diferenca,30.590000000000032,19.814499054820445,3.910000000000025,4.6551022259377515,0.8727,0.7937855072463769,0.31120000000000003,0.08292648092880339,61.10599,5.2017694,0.0,11.266998814549877,13.893278144356257,5.555072260861672,81.84429020180525,9.233464853748083
725,diferenca,31.79000000000002,20.233263598326417,4.910000000000025,5.019241076171193,0.8703000000000001,0.7882724637681158,0.4989,0.06639930784530902,77.21167,5.093757,0.0,11.216839454001786,13.961336969927025,5.633297563590838,81.43642073503568,8.982112060554998
727,diferenca,31.03000000000003,20.2800456621005,4.970000000000027,5.2533394899817045,0.8408,0.7378347826086958,0.4843,0.07629322880298221,75.688065,4.722026,0.0,10.30833200499709,13.880455943443007,5.988970843086308,81.44229738771476,8.42804973796426
728,diferenca,33.25000000000006,20.893847780126865,1.57000000000005,4.91417241048793,0.8224,0.7092826086956521,0.3057,0.09023032999588185,69.77579,4.7736583,0.0,10.740444652739525,13.611717046639345,5.606019311744918,82.2275279496922,8.49174182560699
732,diferenca,31.430000000000007,19.47430769230774,4.4500000000000455,4.951566287199794,0.8502000000000001,0.7625898550724638,0.33580000000000004,0.07980996295535724,72.502815,4.190927,0.0,9.501418201287933,13.095209866730661,5.505369800850152,82.92629122458105,8.96770553300327
736,diferenca,28.57000000000005,18.11979797979802,4.670000000000016,4.645316633541134,0.9151,0.7825449275362323,0.3793,0.0913794105757312,92.49197,4.392606,0.0,10.06939305262614,12.795248639333433,5.604955442097338,84.39646680477496,9.000661965236697
737,diferenca,29.870000000000005,17.818595041322357,5.690000000000055,4.799592149646664,0.8922,0.77131884057971,0.194,0.15202908214860006,98.309265,4.425759,0.0,10.101256824305603,12.753012924264919,5.638962644722519,84.15513292008961,8.755339641127732
739,diferenca,32.910000000000025,21.321746987951848,8.53000000000003,4.974134115707429,0.8501000000000001,0.6849623188405799,0.20370000000000002,0.12533587235492724,77.998314,4.649983,0.0,10.505371380866587,12.460286708739806,5.514299917319039,83.92739731211203,8.452202240785258
742,diferenca,31.950000000000045,20.920986842105293,7.830000000000041,5.110599055918307,0.8410000000000001,0.7428739130434783,0.4055,0.08950198063094471,96.1872,4.5660133,0.0,10.599199578477307,12.301461472210132,5.441806840589918,83.0679182859182,8.112437832790528
743,diferenca,31.690000000000055,20.664392523364516,8.07000000000005,5.058090556987421,0.8501000000000001,0.7590101449275364,0.5362,0.07835964309002531,107.37125,4.7195053,0.0,10.579831007686643,12.41917558727864,5.496509350188232,84.10673539168532,7.915413015693678
745,diferenca,30.99000000000001,19.261337209302347,7.490000000000009,4.7292189804829095,0.8877,0.7701898550724638,0.1464,0.14923098829698467,107.55588,4.731002,0.0,11.089520179982317,12.196477534310594,5.404386296439621,86.3499000061698,7.550401766986612
747,diferenca,31.970000000000027,21.761956521739172,8.010000000000048,4.821339395160492,0.8527,0.7546362318840578,0.279,0.09750826344917682,114.12197,5.025893,0.0,12.37184388252964,11.867376683169054,5.201174849179817,85.6773034073043,7.007788348435283
748,diferenca,35.690000000000055,24.600287356321868,8.650000000000034,5.265151854919051,0.6876,0.6120057971014492,0.3199,0.05630861875507144,119.76727,5.1082215,0.0,12.40779243797008,11.867376683169054,5.201174849179817,85.6773034073043,7.007788348435283
750,diferenca,36.370000000000005,25.043154761904788,10.730000000000018,5.279249094318157,0.7001000000000001,0.6317971014492754,0.3457,0.0569309395290149,126.886406,5.345214,0.0,12.70646913542176,11.900048562621102,5.180268472631467,84.4528847557162,6.7261278761118435
752,diferenca,33.610000000000014,22.01509803921571,10.29000000000002,4.510081803642002,0.8479,0.7500507246376811,0.3594,0.07895733322807691,116.80647,4.946616,0.0,12.4265625520151,11.983895917872243,5.211236264225486,83.22133082095799,7.098345350287941
753,diferenca,33.97000000000003,23.47956097560979,11.050000000000011,4.520159753537667,0.785,0.6593666666666668,0.27190000000000003,0.080829730982034,107.88456,4.8710275,0.0,11.95732599555583,11.880391021068588,5.137563436965821,83.1671053982688,7.455174615925603
784,diferenca,30.630000000000052,19.7404555314534,5.330000000000041,4.778765123424225,0.8487,0.7730710144927538,0.3541,0.07216302216880724,60.68573,4.755544,0.0,10.477994412361351,13.625861567187297,5.60481435781108,82.61736537530925,8.708676496835508
789,diferenca,30.53000000000003,19.52664864864868,6.730000000000018,4.771999140346846,0.8425,0.7470347826086957,0.23770000000000002,0.10506615283396166,73.56623,4.152725,0.0,9.569840779630175,13.006655053945302,5.476889681934684,83.13111052605642,8.871870517963075
793,diferenca,31.010000000000048,18.93005540166207,4.430000000000007,4.94503920503297,0.8773000000000001,0.7545782608695651,0.306,0.11154749410208172,87.05991,4.4150558,0.0,9.851298153109168,12.775320009196452,5.570154314492751,83.90779119662965,8.75819851443231
794,diferenca,30.970000000000027,19.433039513677848,7.710000000000036,4.786990272367325,0.8626,0.7592014492753626,0.17950000000000002,0.1395228841992968,79.84145,4.547717,0.0,10.698849086283857,12.5736607781462,5.5092352309321715,83.73264340654167,8.513037074111683
795,diferenca,30.730000000000018,19.3412804878049,7.330000000000041,4.944351131993829,0.8723000000000001,0.7672608695652174,0.1862,0.13289940100561007,74.7229,4.614154,0.0,10.74919095610597,12.37899025211882,5.427955644426595,83.74755689454025,8.207201455761915
796,diferenca,33.13000000000005,21.470000000000024,8.350000000000023,5.170294013585273,0.8380000000000001,0.7039811594202899,0.10250000000000001,0.11634721682285232,75.708,4.5953975,0.0,10.546593242671939,12.37899025211882,5.427955644426595,83.74755689454025,8.207201455761915
798,diferenca,31.49000000000001,20.17031152647976,7.490000000000009,5.059770711576821,0.8803000000000001,0.7846000000000002,0.3279,0.12860435338721943,85.9479,4.621184,0.0,10.917607123118074,12.623867207369956,5.548041678151204,83.24152066935,8.143438481254616
801,diferenca,31.170000000000016,19.29605042016809,6.9500000000000455,4.774174846530546,0.8813000000000001,0.7822391304347827,0.30810000000000004,0.12180541409802609,115.11584,4.6598167,0.0,10.808602888780532,12.427557937963536,5.493203658872252,85.45305077342432,7.617460745010167
802,diferenca,32.31,20.51027397260276,8.270000000000039,4.70319447621548,0.8673000000000001,0.7756840579710143,0.37270000000000003,0.09036471291414032,111.27509,4.738331,0.0,11.111181121586252,12.25795574618274,5.400324223079899,86.46371629902707,7.388179311960138
803,diferenca,33.110000000000014,21.31123989218332,7.610000000000014,4.805819425390417,0.8364,0.7280753623188407,0.20140000000000002,0.10935312087525667,127.59093,4.9184184,0.0,11.86927278615481,12.139586224721576,5.310467750547476,86.15577958723047,7.2142532382368625
804,diferenca,32.83000000000004,20.6201340482574,6.810000000000002,4.860015030288674,0.8921,0.7916637681159419,0.23650000000000002,0.12496803066084941,123.901375,5.16368,0.0,12.216372358800946,11.921412911479525,5.201863266819541,85.56894600869104,7.034926294407464
807,diferenca,34.99000000000001,22.48541176470589,10.07000000000005,4.762970168964965,0.8577,0.7872304347826089,0.5532,0.05194521446300636,124.11712,5.42692,0.0,13.527209048737296,11.812275004630232,5.175307184415391,83.94377236812858,6.841813904224681
811,diferenca,33.370000000000005,23.375870646766206,10.53000000000003,4.399804084645937,0.6949000000000001,0.6269942028985508,0.5293,0.04036899328157089,99.755905,4.7879386,0.0,11.59843738096384,12.294895326091419,5.3627282110638275,82.95059224654999,8.126199689218868
830,diferenca,30.410000000000025,20.09344000000004,5.970000000000027,5.09301680405628,0.8230000000000001,0.742159420289855,0.6009,0.04903757600589333,65.4912,4.676117,0.0,10.442263393371338,13.694274067643935,5.883468743801701,80.89987135962757,8.248016170597639
832,diferenca,33.27000000000004,22.96715827338136,7.330000000000041,5.005645717276645,0.7918000000000001,0.6985927536231882,0.5678000000000001,0.059917303684526545,72.099464,5.2055235,0.0,11.541591095509261,14.333539369927045,5.746171063392271,80.67392248460934,9.86733837867325
836,diferenca,31.910000000000025,20.798031809145193,6.690000000000055,4.952790957969109,0.801,0.6740304347826089,0.5503,0.06919305340090995,76.775276,5.130235,0.0,11.372524027641607,13.663050447552582,5.484254810796992,82.85841783878827,9.015240659272523
837,diferenca,32.03000000000003,21.242751091703084,5.410000000000025,5.034573379415269,0.8095,0.6842115942028986,0.5309,0.06117703115497651,67.39323,5.0561347,0.0,11.16696329995836,13.677965674949862,5.4998692952432835,82.68611040541059,9.007557065745772
843,diferenca,29.57000000000005,18.85822535211271,5.990000000000009,4.803222856413303,0.879,0.7823695652173914,0.3094,0.09371834353158273,67.1744,4.1519146,0.0,9.075107354888965,13.006655053945302,5.476889681934684,83.13111052605642,8.871870517963075
845,diferenca,30.170000000000016,19.003903133903155,6.2900000000000205,4.955957867433865,0.8725,0.7569231884057968,0.3028,0.09274481921532755,69.39666,4.201145,0.0,9.571708954344535,13.043576591844829,5.553721602671789,83.51855091319675,8.936955191711334
847,diferenca,30.730000000000018,19.25949554896146,4.810000000000002,4.839394478100355,0.8743000000000001,0.7833999999999999,0.3551,0.10503779857953514,56.741543,4.2860274,0.0,9.39175191293847,13.005011247552613,5.642085687127663,84.20478201587564,9.103380005278913
850,diferenca,32.710000000000036,21.608024691358043,9.090000000000032,4.9752963606134895,0.8586,0.731236231884058,0.2159,0.10303547154934345,80.80501,4.668939,0.0,10.876580908875582,12.37899025211882,5.427955644426595,83.74755689454025,8.207201455761915
853,diferenca,31.730000000000018,20.18017647058826,7.470000000000027,5.020425687778402,0.883,0.7717405797101449,0.2906,0.11493934420397828,82.4028,4.674623,0.0,11.111190365143257,12.623867207369956,5.548041678151204,83.24152066935,8.143438481254616
856,diferenca,30.57000000000005,18.812486486486517,5.930000000000007,4.887474369168244,0.8884000000000001,0.7498623188405795,0.36210000000000003,0.11426633153365605,114.039116,4.5349293,0.0,10.710840595893673,12.427557937963536,5.493203658872252,85.45305077342432,7.617460745010167
858,diferenca,31.230000000000018,19.4811405835544,7.9500000000000455,4.737270366921025,0.9067000000000001,0.7836840579710145,0.2917,0.14771081286962515,126.86622,4.924318,0.0,11.553155774659881,12.139586224721576,5.310467750547476,86.15577958723047,7.2142532382368625
865,diferenca,33.690000000000055,22.3118787878788,10.510000000000048,4.199594221073221,0.8911,0.8127913043478262,0.4595,0.07330919972940171,110.46512,4.9643736,0.0,11.73897261559017,11.788639565360794,5.145231230722339,82.97254055170676,7.592999451625438
884,diferenca,36.190000000000055,23.72970149253735,7.750000000000057,5.274421513204326,0.8072,0.654504347826087,0.5207,0.07768143126709882,77.1404,5.3197303,0.0,11.832280631326608,14.233876973579978,5.718874198190915,79.68766184706017,9.930996086996918
886,diferenca,29.870000000000005,20.37566406250006,4.510000000000048,4.797088467200158,0.7834,0.6580942028985507,0.4636,0.06583282711394202,63.62729,4.7070847,0.0,10.508130136663631,13.694274067643935,5.883468743801701,80.89987135962757,8.248016170597639
887,diferenca,31.250000000000057,20.127326732673293,6.130000000000052,4.879553702828842,0.8209000000000001,0.7180318840579708,0.3685,0.08013377672250868,66.089165,4.510249,0.0,10.313891663593205,13.081751879516071,5.458575365722408,83.37543828804857,8.62984642370594
894,diferenca,29.950000000000045,18.332382445141103,5.8700000000000045,4.881238790470869,0.8905000000000001,0.7774840579710143,0.1183,0.13020908784507457,64.05856,4.2362423,0.0,9.741535855179636,12.875097008283172,5.590318378492411,83.47716512757395,8.870221428779928
895,diferenca,33.23000000000002,20.765185185185207,7.350000000000023,5.064255910661446,0.8591000000000001,0.7300594202898549,0.43760000000000004,0.08350837902737764,85.530464,4.417028,0.0,10.037336620662122,12.705982642986381,5.522629072804696,83.35648763092158,8.638492460558155
899,diferenca,31.29000000000002,20.475632183908072,5.03000000000003,5.009297149668474,0.864,0.7661144927536233,0.2927,0.11820354009677335,86.69754,4.5799007,0.0,11.094001840873622,12.496013908739808,5.465820991034025,83.02859453155448,8.16750646526469
901,diferenca,32.01000000000005,19.783314917127107,5.630000000000052,4.856705856211057,0.8473,0.7217173913043481,0.3648,0.09317342557711383,94.79217,4.283743,0.0,10.306025071106745,12.481404840246668,5.47679849832682,83.65576883013632,7.90881523323893
902,diferenca,31.370000000000005,19.350962566844963,5.330000000000041,4.814291017787125,0.8174,0.7078289855072466,0.2901,0.11404428087554315,101.93723,4.2323775,0.0,10.023592273541947,12.410235795497817,5.464904214329467,84.31972725254403,7.75274669981217
905,diferenca,31.690000000000055,19.782947368421098,8.050000000000011,4.889277069300448,0.8896000000000001,0.779978260869565,0.3511,0.13142430550752435,129.6052,4.872169,0.0,11.454121086130419,12.2660311233517,5.39480177147085,85.96834767162274,7.410817189349652
906,diferenca,31.750000000000057,19.679523809523843,8.690000000000055,4.530556077319188,0.8427,0.7133724637681159,0.32180000000000003,0.11541659499905767,117.09209,5.1882114,0.0,12.613915877748996,12.094098279516064,5.3138604303748105,85.07306073530235,7.302835622740258
907,diferenca,33.170000000000016,21.940235294117663,9.750000000000057,4.524881402793085,0.8795000000000001,0.7753782608695651,0.3422,0.10269689589253075,119.1305,5.564915,0.0,13.490616764565718,11.80692599093159,5.200726079859179,84.51056278311871,7.193935851264783
909,diferenca,33.43000000000001,22.277222222222274,12.430000000000007,4.227626183586544,0.8406,0.7005275362318839,0.33180000000000004,0.09626594636818345,107.55949,5.720088,0.0,13.539581938229912,11.705983934310586,5.125739473080447,84.01570526454209,6.88874676077428
912,diferenca,33.410000000000025,23.648637770897874,9.450000000000045,4.339699737305092,0.8384,0.7329565217391308,0.5844,0.050485028569275454,119.84675,5.2995205,0.0,13.047852430821859,11.63136942472155,5.115199049725637,83.04279351539475,7.433243956659209
918,diferenca,37.33000000000004,25.08604355716881,4.53000000000003,5.337447437222029,0.8415,0.7115637681159424,0.611,0.050000011510180256,101.94512,5.5581512,0.0,12.652378957824196,14.46504126216448,5.869422363609109,77.29585560842658,9.418597241522477
926,diferenca,37.63000000000005,25.233680297397832,10.370000000000005,5.313988188759879,0.8583000000000001,0.6723927536231883,0.5362,0.08707416182562498,86.29529,5.4112735,0.0,12.593822917127952,14.302706940703288,5.777833434106518,77.72281277271202,8.827907472959396
933,diferenca,29.470000000000027,18.4728191489362,4.890000000000043,4.674786094691675,0.8898,0.7880231884057972,0.2796,0.12201317598715128,84.56416,4.5135994,0.0,10.536182389014789,13.160572242986376,5.536211010997981,83.47859357217477,8.528946475692702
934,diferenca,30.930000000000007,19.570898876404527,6.53000000000003,4.5995826973513285,0.8636,0.7590420289855071,0.4323,0.10737584999012094,90.60926,4.4836173,0.0,10.701394071932919,13.160572242986376,5.536211010997981,83.47859357217477,8.528946475692702
939,diferenca,30.690000000000055,19.059451219512216,5.930000000000007,4.823252590576039,0.8802000000000001,0.7646768115942028,0.1781,0.12086957894554007,85.57105,4.232822,0.0,10.017239226783426,12.88421005668502,5.559453909218921,82.99372201008505,8.59898170994806
941,diferenca,30.57000000000005,20.78456238361269,4.650000000000034,4.704832834073342,0.7175,0.5601710144927536,0.379,0.0751434359836872,97.90531,4.7480917,0.0,10.876379668643937,13.676129395497803,5.858328121930513,79.6992757462664,7.995759789066745
945,diferenca,32.03000000000003,20.344358974358993,5.630000000000052,5.010693189720187,0.8676,0.7560144927536232,0.3916,0.11090448727263713,102.18935,4.5734005,0.0,11.586161432846799,12.596791937963577,5.483675338340756,82.96950206814373,8.043161213393818
946,diferenca,32.870000000000005,20.491412429378563,6.8700000000000045,4.9748601018814265,0.8438,0.7146014492753622,0.2625,0.11279510665297636,86.89247,4.4256263,0.0,11.021438992520029,12.56882054070326,5.4813666650504755,83.11238936901334,7.9762195761864
949,diferenca,32.47000000000003,20.527863013698674,6.990000000000009,4.8522655443350216,0.7941,0.7005376811594203,0.44730000000000003,0.07010350753376067,93.01022,4.3696265,0.0,10.326996871462793,12.452886432940728,5.472962597496603,85.16032458570345,7.728203493844387
953,diferenca,33.31,22.007868852459058,9.150000000000034,4.493847262399148,0.8737,0.7739188405797099,0.31020000000000003,0.10696492622413431,139.86374,5.5173726,0.0,13.413851301521929,12.103767658511513,5.36693585572106,85.483984749343,7.440557391103324
955,diferenca,38.170000000000016,25.63813056379825,14.07000000000005,5.502992259208746,0.628,0.5700637681159421,0.3911,0.03830278292766855,125.002556,6.1966395,0.0,14.651116028319361,11.719418327004664,5.189751370772987,84.4728331640608,6.873699014075271
959,diferenca,33.97000000000003,23.914451410658334,8.850000000000023,4.60905762166906,0.7976000000000001,0.7042347826086959,0.2651,0.07845409776956533,133.81987,5.753263,0.0,14.174380894104162,11.90979141376265,5.279031190766989,82.98399265462353,7.435546694078829
974,diferenca,31.910000000000025,20.041858407079676,4.430000000000007,4.79605883222196,0.8400000000000001,0.7338318840579711,0.21610000000000001,0.10554336905520179,69.31673,4.5497184,0.0,10.5148157186654,12.893588297780925,5.460827353014397,83.19331097309724,8.32566238578396
976,diferenca,33.97000000000003,21.140849673202673,7.810000000000002,5.295813113484629,0.8509,0.738085507246377,0.374,0.07936548783649569,83.48331,4.209594,0.0,9.915850646130604,12.715455795497778,5.415100746281099,83.12893606772695,8.059992661412199
978,diferenca,32.63000000000005,20.347483443708654,7.8700000000000045,5.097722802674171,0.8609,0.7503724637681155,0.34550000000000003,0.0984025816853211,83.11869,4.326106,0.0,10.159116580168158,12.744160579059436,5.475594984385279,82.32066216565532,8.287901548429323
979,diferenca,33.670000000000016,21.107152542372912,8.270000000000039,5.135613642516886,0.8585,0.6966521739130436,0.4131,0.09102252883843369,81.50961,4.347333,0.0,10.177196438137187,12.685137220155331,5.463999820761111,82.32423340198437,8.210648624480303
982,diferenca,35.73000000000002,22.259281045751656,9.730000000000018,5.239239093655743,0.8741,0.6592985507246375,0.2482,0.10831605591469025,81.0545,4.5226912,0.0,10.677735116089535,12.496950259424743,5.3889194643146725,83.15224342653615,7.542880284965792
984,diferenca,34.610000000000014,21.69328358208958,9.750000000000057,4.987909916737798,0.8488,0.7007855072463771,0.2394,0.11642897601811264,86.684044,4.508427,0.0,10.844863387971182,12.47558595622839,5.408210250757815,83.18683979666959,7.54534550415522
991,diferenca,30.29000000000002,19.18745152354574,4.550000000000011,4.785594049099268,0.8716,0.7685173913043478,0.23170000000000002,0.1453279000678201,100.46854,4.8355346,0.0,11.878418802724092,12.461231722438455,5.491294649602819,85.83378674281313,7.518231075226113
992,diferenca,33.27000000000004,20.978609625668486,8.750000000000057,4.717710594560097,0.8864000000000001,0.7847652173913042,0.2645,0.11505409921724503,109.68914,5.2830396,0.0,12.503401255127688,11.964273428374506,5.2973961276530295,86.03638393461472,7.3772800582015226
993,diferenca,33.650000000000034,22.202030848329066,8.150000000000034,4.741008888875423,0.8855000000000001,0.8177695652173915,0.5088,0.05824738422775718,131.60963,5.5534415,0.0,13.284070228143582,11.964273428374506,5.2973961276530295,86.03638393461472,7.3772800582015226
994,diferenca,31.83000000000004,20.67416422287394,7.990000000000009,4.478652946965694,0.902,0.8117260869565217,0.3884,0.0902774734804962,130.31303,5.9192767,0.0,14.249726512988067,11.951145899607392,5.2775364593205385,85.8436456564819,7.658257113614831
995,diferenca,33.13000000000005,23.60667638483969,10.670000000000016,4.485769339022146,0.8411000000000001,0.7230521739130435,0.48600000000000004,0.0635162825380096,131.58015,6.4356966,0.0,15.424390043012222,11.665966023808318,5.18320754644873,85.38763622960383,7.020512295827964
997,diferenca,34.83000000000004,23.722258064516183,14.170000000000016,4.351891179318179,0.8389000000000001,0.7695057971014492,0.4892,0.05503611958657134,163.38048,6.538177,0.0,16.80938064389652,11.519061715132509,5.19607106268083,84.02170481853621,6.520969103114382
1000,diferenca,31.650000000000034,20.55048417132219,6.850000000000023,5.053067411817456,0.8160000000000001,0.6933376811594203,0.5736,0.05353464570047339,97.49645,4.789798,0.0,11.059544126360125,13.848667296867676,5.909124914114692,79.69153983881932,7.90981505433061
1001,diferenca,37.690000000000055,24.851174311926613,8.150000000000034,5.409457984420712,0.8322,0.6858449275362319,0.5832,0.05149385931093051,96.88963,5.562778,0.0,13.175915366145508,14.518048615589127,5.843283973710657,78.61767907277203,10.388588812990392
1003,diferenca,34.610000000000014,23.15813868613143,8.510000000000048,5.073824070274188,0.8971,0.773226086956522,0.6976,0.04944207752122941,101.06092,5.449415,0.0,12.815733917387895,14.468812761707849,5.820985233220872,78.61426279165937,9.167887398643577
1010,diferenca,35.43000000000001,22.410279720279746,8.190000000000055,5.385234402707717,0.8550000000000001,0.6919884057971013,0.4263,0.0908087216270858,78.44908,4.4423194,0.0,10.599634204939644,12.593376999150756,5.430074686937643,82.31840262217163,7.5136103563544365
1013,diferenca,32.51000000000005,21.29193333333336,8.250000000000057,5.2276013870820695,0.8649,0.6894391304347826,0.40080000000000005,0.09413455866723906,84.224945,4.5420437,0.0,11.015152000377302,12.589913886822012,5.437880006675616,82.7563969264532,7.5753159486790835
1016,diferenca,34.710000000000036,21.603293051359554,8.390000000000043,5.068053342705967,0.8344,0.6846666666666669,0.275,0.10935630326049757,89.848175,4.4091463,0.0,10.925343638159122,12.589692009196428,5.447984340309201,82.61748584839611,7.801519679897319
1019,diferenca,35.13000000000005,21.937305389221592,9.750000000000057,5.076464590546483,0.8551000000000001,0.6644000000000001,0.3029,0.09300302005381529,79.63065,4.4102054,0.0,10.68975952083533,12.507915892301462,5.448592413605524,83.4686669976924,7.476780345546123
1024,diferenca,31.03000000000003,20.03849462365596,3.9500000000000455,4.739458579449202,0.8565,0.7514652173913045,0.1615,0.10567090124476096,108.21954,5.5546184,0.0,12.86617809775404,12.194048401890502,5.387378634266826,85.64637671001867,7.8040950282197175
1025,diferenca,31.77000000000004,20.02433333333338,8.230000000000018,4.716005030154637,0.9058,0.789469565217391,0.15510000000000002,0.12412619140441436,109.149,5.74196,0.0,13.693388820729286,12.066761620155333,5.381522701834456,86.17106017578851,7.718655942357776
1026,diferenca,32.55000000000001,20.126857142857162,8.550000000000011,4.42862408263635,0.874,0.7691579710144929,0.31470000000000004,0.11101034082371025,116.99288,6.3411245,0.0,15.081117656415584,11.990545295041189,5.371681142997131,85.66650307593058,7.097093976704035
1027,diferenca,31.710000000000036,22.39818791946313,10.07000000000005,4.239020726106822,0.8738,0.7799768115942031,0.3063,0.09593221058390758,177.56184,6.6311917,0.0,16.57258461273719,11.753736367187294,5.296954956467781,85.07575677819756,6.631580911923421
1031,diferenca,34.370000000000005,23.27083565459612,8.130000000000052,4.412267827282952,0.8485,0.7611666666666668,0.5492,0.06847496457061174,161.33635,6.7805123,0.0,16.972801193715952,12.473978652118808,5.629840837056431,82.00405263394646,7.037883144937219
1034,diferenca,35.190000000000055,22.10929328621913,9.630000000000052,5.301808698197787,0.8478,0.6991333333333333,0.392,0.0946469253757984,86.65391,4.5586247,0.0,10.927888946703991,12.601438288648502,5.4051782835830675,82.04218594620842,7.412465923982194
1042,diferenca,35.07000000000005,22.02202453987734,7.390000000000043,5.149511878649688,0.8188000000000001,0.6720797101449276,0.3251,0.09032297536162619,75.10546,4.30714,0.0,10.520876859002707,12.57880776810055,5.428553855856153,82.31380068714918,7.37882555841855
1047,diferenca,32.150000000000034,20.02416666666669,6.4500000000000455,4.736283631592268,0.88,0.7802507246376811,0.1983,0.12293101827081042,113.575325,5.5050945,0.0,13.195708975989247,12.004254120611956,5.358330721379961,85.90232027686035,7.970062610661667
1048,diferenca,32.27000000000004,19.96318750000005,8.950000000000045,4.414581502231314,0.8821,0.7606449275362316,0.2525,0.143496651009987,133.38762,6.09354,0.0,14.882486470548486,11.716302358054877,5.3065378010121345,85.47753288037761,6.795776329128977
1052,diferenca,31.170000000000016,21.840028169014136,7.53000000000003,4.100124731774228,0.896,0.809813043478261,0.40040000000000003,0.07956715131885889,156.70016,7.1314187,0.0,17.83031897308805,12.352823433853981,5.636451218750139,83.97052705348612,6.14600742096894
1055,diferenca,34.150000000000034,22.52689045936399,7.710000000000036,5.374383049021709,0.8766,0.6821014492753624,0.46090000000000003,0.08656337293642949,95.01429,4.6558313,0.0,11.140617987155213,12.668676440246678,5.398799500747095,81.96970417664193,7.360553210163829
1059,diferenca,32.35000000000002,20.80828382838288,7.710000000000036,4.927798130452382,0.8612000000000001,0.7142260869565216,0.3972,0.09709855691128302,85.825005,4.581722,0.0,10.908330666365151,12.974903421068571,5.547589956163281,81.66108923942723,7.957863294602017
1061,diferenca,36.05000000000001,22.370316455696237,9.130000000000052,5.2582262159239885,0.8544,0.6578289855072463,0.4491,0.09203608634022897,80.64703,4.49488,0.0,10.875917797666645,12.780731459424752,5.4617300186976285,81.4471813938722,7.724193597309438
1062,diferenca,32.49000000000001,20.660760667903592,5.7900000000000205,5.216912981259683,0.8565,0.791955072463768,0.6959000000000001,0.04380216239858928,97.92594,4.7817807,0.0,11.020880195696433,13.76680436536081,5.8658467663288185,78.72713887223553,8.08850100761297
1063,diferenca,33.43000000000001,21.31777479892765,8.57000000000005,4.765962048127315,0.8425,0.707659420289855,0.2318,0.10879704988386571,103.6083,5.0435343,0.0,12.2782577210864,12.10930563294073,5.3178312131501135,85.18602820868139,8.049902930432536
1065,diferenca,30.630000000000052,19.44247126436784,7.470000000000027,4.579612703443636,0.8605,0.7460681159420293,0.1834,0.1470614004596227,124.947105,5.9799776,0.0,14.281484390717656,11.89946639641104,5.328383188210984,86.21909013170854,7.511173588134919
1066,diferenca,32.410000000000025,21.835370370370402,12.150000000000034,4.379198252187437,0.9065000000000001,0.778544927536232,0.1854,0.15716717079504597,104.11486,6.0148344,0.0,14.16158343331845,11.773110358054907,5.322729501894571,85.69765460939294,7.045189112153049
1068,diferenca,31.83000000000004,22.88640000000003,12.510000000000048,3.9667353485850088,0.7766000000000001,0.6479869565217392,0.3307,0.0825010002803524,205.0404,7.346221,0.0,19.444173193023033,11.823366743442998,5.423346194091439,85.46060629637647,6.075518703904001
1069,diferenca,32.03000000000003,22.23063492063494,11.090000000000032,4.146031750893408,0.8984000000000001,0.7956463768115946,0.4636,0.09101817556935315,218.44295,7.306564,0.0,18.879377641974354,11.581245132484108,5.254931704491175,84.89729749631094,6.236442960662243
1072,diferenca,32.150000000000034,22.635786163522045,11.190000000000055,4.183806665995075,0.8586,0.7512478260869567,0.2263,0.12634349958180802,180.63385,6.488553,0.0,16.35346950686607,11.578726999150769,5.318482271552371,86.1785043158955,6.938905685753648
1073,diferenca,33.33000000000004,23.83201892744481,11.410000000000025,4.393251890113956,0.8494,0.7611144927536235,0.3497,0.08872355580778528,212.49707,6.949197,0.0,17.40687937129747,11.520959970840268,5.27885172275001,85.74751534131173,6.089031294852609
1074,diferenca,32.93000000000001,23.741012658227866,10.470000000000027,4.478877881321338,0.8478,0.7532681159420291,0.40090000000000003,0.06503678890399593,153.24738,7.091273,0.0,17.907562045715768,11.66047154526951,5.32370921343849,85.52632641753995,5.831669331450337
1123,diferenca,33.410000000000025,21.85521072796938,4.190000000000055,5.341675700105337,0.8465,0.7608115942028989,0.6721,0.05006874849363478,87.84398,4.8545175,0.0,11.177752367811527,13.91693236353434,5.910651450149649,78.25361723673755,8.176427847653601
1187,diferenca,36.450000000000045,22.662198019802,5.190000000000055,5.802515818347656,0.811,0.7082492753623186,0.5710000000000001,0.04976244035906619,84.74427,4.910788,0.0,11.16514471563707,13.953764144356246,5.878855981473254,77.78444469948428,8.427385164255192
1188,diferenca,35.39000000000004,22.533420523138876,5.430000000000007,5.593719995724178,0.7902,0.6929594202898551,0.5968,0.048277519954914534,85.84523,4.9236054,0.0,11.442128028093292,13.953764144356246,5.878855981473254,77.78444469948428,8.427385164255192
1190,diferenca,33.39000000000004,21.590083682008412,4.3700000000000045,5.386259753786145,0.8255,0.7393028985507245,0.42500000000000004,0.06134654702734518,75.47014,4.9023614,0.0,10.95978279798196,13.88380817175349,5.860662210914403,78.29504646786978,8.28192841953604
1191,diferenca,34.55000000000001,21.589354838709692,4.630000000000052,5.656576780535203,0.8306,0.7193724637681159,0.6105,0.058816688660144265,79.15042,4.8585324,0.0,11.076261882644122,13.75708564755261,5.817410652718558,79.15439802762283,7.891673201719536
1195,diferenca,33.53000000000003,20.968741865509784,5.830000000000041,5.647056951474178,0.8077000000000001,0.6748318840579708,0.3381,0.0826192866081451,98.047386,4.808372,0.0,11.134471809113109,13.674073019242103,5.802151842318034,79.70764188410043,7.752784193323871
1249,diferenca,33.650000000000034,21.95459203036055,6.610000000000014,5.494734910856228,0.808,0.7138608695652174,0.6168,0.05265803878344823,76.21889,4.9392676,0.0,11.015869378697865,14.257184034767217,5.992982217280888,77.12908899110127,8.154732919687742
1318,diferenca,31.510000000000048,21.35010928961751,5.2900000000000205,5.035225206902961,0.8494,0.752986956521739,0.6367,0.05188509297810149,68.94111,4.885668,0.0,10.939426526901412,14.257184034767217,5.992982217280888,77.12908899110127,8.154732919687742
1388,diferenca,33.93000000000001,22.334270833333377,6.890000000000043,5.4175876610847755,0.7975,0.6844434782608694,0.5928,0.0463599823631697,61.054516,4.807158,0.0,10.534344950522193,14.417478951662176,6.005529265671232,76.12330658257727,8.277995923396997
1461,diferenca,35.410000000000025,23.841735241502708,5.53000000000003,5.536335887291799,0.7937000000000001,0.7161304347826084,0.5658000000000001,0.04618874731005593,73.15319,4.9865637,0.0,11.19768194209252,14.769448292301444,6.186737757609669,76.67490824465236,8.103325798266395
1536,diferenca,34.110000000000014,22.688682842287722,4.310000000000002,5.6618758793414345,0.7357,0.6431086956521739,0.557,0.04362332091077401,73.92464,5.1424675,0.0,11.369119278707656,14.950844173580004,6.22894806236757,77.07547247288385,8.02617311278601
1542,diferenca,34.57000000000005,23.364148148148157,6.690000000000055,5.501845196899445,0.8389000000000001,0.7515304347826087,0.6341,0.045315925806441164,61.693245,4.8205175,0.0,10.565355931291249,14.375897833854001,5.9276689188188305,76.36138126365321,8.169875392571432
1616,diferenca,34.85000000000002,23.11651408450708,6.890000000000043,5.758892740351421,0.8141,0.735553623188406,0.6382,0.03944033313977736,79.13049,5.157814,0.0,11.485645679234214,14.643055163534331,6.062546345657608,76.54400090904427,8.142164056694712
1618,diferenca,34.870000000000005,22.942696629213525,6.230000000000018,5.4630257212977575,0.8242,0.7412637681159421,0.6597000000000001,0.04011510601667365,74.67084,5.0655484,0.0,11.312268647702835,14.550133150748946,5.999294629686364,76.6654486789701,8.089961970870206
1619,diferenca,35.03000000000003,23.189235181644392,7.8700000000000045,5.353147872913514,0.8165,0.750463768115942,0.6615,0.03938222570834847,69.84808,4.9352913,0.0,10.903071305605076,14.550133150748946,5.999294629686364,76.6654486789701,8.089961970870206
1693,diferenca,34.690000000000055,23.41688524590166,2.150000000000034,5.502322605099072,0.8103,0.746178260869565,0.6575000000000001,0.037293030275382784,79.411896,5.307917,0.0,11.953528712691655,14.711698374493224,6.0470884604885935,77.06469269647484,8.149257512994696
1694,diferenca,35.110000000000014,23.763570093457997,8.130000000000052,5.397990259644488,0.8154,0.7469231884057972,0.6241,0.04206765821976131,77.3668,5.262871,0.0,11.81989521002,14.488944937050332,5.926600264220244,76.55197765080871,8.33841823275545
1703,diferenca,34.51000000000005,23.51860759493673,3.2100000000000364,5.61661405080922,0.8142,0.7274101449275363,0.6032000000000001,0.05140210096909435,77.01264,4.512144,0.0,10.374422767819475,14.198265483169038,5.780580864890704,77.54277545540275,8.05901711825695
1770,diferenca,38.05000000000001,24.333523489932915,6.670000000000016,6.199430613694423,0.8173,0.7024637681159419,0.5800000000000001,0.057357867107613925,91.63564,5.0957775,0.0,12.021864100063507,14.447289574493235,6.123606269376067,76.56209203888943,8.847341141127467
1774,diferenca,33.710000000000036,23.379445438282676,5.810000000000002,5.654520778817443,0.764,0.6677014492753622,0.5634,0.04330498680241926,82.95881,5.312074,0.0,12.043040687824984,15.134875589105105,6.332055662572701,77.85751004752022,7.961065511865755
1775,diferenca,33.49000000000001,22.719018932874405,4.770000000000039,5.3039937443322085,0.6925,0.6058884057971015,0.4938,0.04640794702132233,80.188095,5.3286724,0.0,12.111264903739185,15.134875589105105,6.332055662572701,77.85751004752022,7.961065511865755
1787,diferenca,35.670000000000016,23.216353383458685,4.710000000000036,5.508884916022164,0.8331000000000001,0.7348637681159422,0.4868,0.05654318337165829,104.23527,4.616219,0.0,10.491283869637547,14.351418253945276,5.836360176140301,77.25186167098903,8.078137582308031
1859,diferenca,34.110000000000014,23.436608084358575,7.010000000000048,5.5241510260108075,0.7963,0.6905159420289856,0.4535,0.053620544470657616,102.77844,5.184043,0.0,12.230901645026057,14.610726001890486,6.1442944668595905,77.71659870008321,8.3523461513736
1861,diferenca,38.43000000000001,24.123868092691676,4.7900000000000205,5.925306268735927,0.7863,0.679227536231884,0.451,0.05683879794560267,104.28044,5.2317176,0.0,12.210087676052645,14.669829992758087,6.1270811326185,77.90465524740495,8.214556446768395
1864,diferenca,35.05000000000001,24.65207156308857,4.810000000000002,5.764345328357457,0.8273,0.7329072463768118,0.6095,0.04137683423436196,81.97037,5.2968845,0.0,12.10150800613294,14.668212562621084,6.087989439991837,77.81550772870696,8.171736996938813
1869,diferenca,34.53000000000003,23.762393320964765,7.050000000000011,5.587458194672204,0.8284,0.7586507246376808,0.6886,0.03393224546186412,87.312164,5.4197574,0.0,12.257024381322038,14.546710955315156,5.954582099171129,77.20171785654473,8.389488027876112
1959,diferenca,35.51000000000005,24.018007889546386,8.79000000000002,5.254257799687632,0.8546,0.754172463768116,0.6333000000000001,0.04875065777054118,88.9517,5.292727,0.0,12.336424837522783,14.532805583625661,6.130049588619984,76.64983853289196,8.945955119634469
1961,diferenca,42.710000000000036,24.043831417624553,6.150000000000034,5.388870135340492,0.863,0.7710710144927537,0.5308,0.0457398000079544,101.17885,5.292466,0.0,12.246180646577319,14.610726001890486,6.1442944668595905,77.71659870008321,8.3523461513736
1965,diferenca,34.85000000000002,24.049519038076205,6.470000000000027,5.486985711073465,0.8289000000000001,0.7364565217391303,0.642,0.04330834668109306,72.76329,5.419398,0.0,12.173203920002258,14.668212562621084,6.087989439991837,77.81550772870696,8.171736996938813
1970,diferenca,35.53000000000003,24.218401486988892,6.190000000000055,5.499666435521761,0.8325,0.7516942028985506,0.6538,0.04204658522059216,83.86767,5.4345865,0.0,12.397964427008656,14.546710955315156,5.954582099171129,77.20171785654473,8.389488027876112
1980,diferenca,35.370000000000005,22.4774115456239,4.510000000000048,5.358295210636956,0.8529,0.7411333333333334,0.6347,0.05604724111599825,73.55011,5.0382767,0.0,11.101794024767921,14.363644445726123,5.786423192413451,77.32071874647708,8.395306170850848
2001,diferenca,30.310000000000002,19.838125000000037,5.230000000000018,4.994834758242985,0.8711000000000001,0.7156826086956523,0.267,0.11499687450890875,86.629395,4.621099,0.0,11.149999815946824,12.938921738876799,5.582096123370524,81.80539676635391,7.798405261821159
2002,diferenca,30.310000000000002,19.838125000000037,5.230000000000018,4.994834758242985,0.8711000000000001,0.7156826086956523,0.267,0.11499687450890875,86.629395,4.621099,0.0,11.149999815946824,12.938921738876799,5.582096123370524,81.80539676635391,7.798405261821159
2051,diferenca,34.650000000000034,24.05567272727278,6.210000000000036,5.6656038916012115,0.7180000000000001,0.6379217391304349,0.4868,0.043407692731585415,100.67717,4.967668,0.0,12.033639163387317,14.707424067643919,6.251466488814942,76.6813799372039,9.959509490256865
2056,diferenca,36.670000000000016,24.841006944444473,2.730000000000018,5.918857137944418,0.8332,0.7379492753623189,0.6508,0.03796086704767411,99.41852,5.0916924,0.0,12.357106783644097,14.635147620155331,6.220049466573796,76.22254412027313,9.410922139634476
2077,diferenca,36.43000000000001,23.67831372549021,5.590000000000032,5.398581503924781,0.8504,0.7714202898550722,0.5893,0.045832595766539946,101.17885,5.292466,0.0,12.246180646577319,14.610726001890486,6.1442944668595905,77.71659870008321,8.3523461513736
2079,diferenca,35.31,24.00709803921573,5.130000000000052,5.45935981758289,0.8503000000000001,0.7339086956521741,0.47550000000000003,0.05758522037419482,74.950935,5.3756127,0.0,12.174009350027877,14.669829992758087,6.1270811326185,77.90465524740495,8.214556446768395
2081,diferenca,35.650000000000034,24.139560000000046,6.210000000000036,5.889627272281268,0.7741,0.6983405797101447,0.6183000000000001,0.03874834197048273,72.76329,5.419398,0.0,12.173203920002258,14.668212562621084,6.087989439991837,77.81550772870696,8.171736996938813
2083,diferenca,35.690000000000055,23.57941176470593,5.630000000000052,5.646855314960365,0.8309000000000001,0.7603144927536235,0.6666000000000001,0.03707827707080561,75.38281,5.4607663,0.0,12.210351096294747,14.698702949835715,6.066468566715489,77.52287046989025,8.250924534909792
2088,diferenca,34.55000000000001,23.244809437386596,4.270000000000039,5.180174119762237,0.8666,0.7930898550724642,0.7251000000000001,0.03523782200957427,77.99459,5.459554,0.0,12.285022379679035,14.513228874949856,5.911825393967828,76.91768763476982,8.532880882889003
2099,diferenca,34.450000000000045,23.109924528301896,5.230000000000018,5.40437879714071,0.7956000000000001,0.7154695652173916,0.5624,0.04838193849231685,72.78065,5.124996,0.0,11.378174446395093,14.30436109230146,5.76865007714642,78.08926226202537,8.106480256408739
2100,diferenca,34.07000000000005,22.891940298507503,5.250000000000057,5.155541212177879,0.8516,0.7596420289855073,0.611,0.053559365426306994,72.78065,5.124996,0.0,11.378174446395093,14.30436109230146,5.76865007714642,78.08926226202537,8.106480256408739
2101,diferenca,34.75000000000006,22.996082089552274,5.330000000000041,5.164331705401025,0.8501000000000001,0.7432057971014493,0.5748,0.054594438544752336,72.07452,5.207952,0.0,11.63028401910584,14.108736042073144,5.706343373011806,77.80094753362329,8.347313303639053
2166,diferenca,37.910000000000025,26.08834896810512,4.330000000000041,5.9736367889335105,0.8245,0.7296275362318844,0.6045,0.0451838815818107,89.77629,5.116556,0.0,12.03673471824453,14.430903790018363,6.105377241715149,76.32834629672446,9.671286730673089
2170,diferenca,36.870000000000005,24.558868940754063,3.390000000000043,5.805868353510936,0.8426,0.7518710144927537,0.507,0.04893206796960597,99.166954,5.1980352,0.0,12.366453167652459,14.597658073123364,6.19775699572719,75.62387264857729,9.535369106093153
2172,diferenca,37.03000000000003,24.551124780316357,3.5500000000000114,5.910508243625278,0.8143,0.7302507246376814,0.6365000000000001,0.039745533422146664,99.99847,5.1736145,0.0,12.422627935109743,14.69072670508686,6.258391921316013,75.88093044414337,9.211129091493923
2179,diferenca,37.09000000000003,25.25485268630852,6.8700000000000045,5.877343275077545,0.8082,0.7255333333333335,0.5889,0.04805513640876866,96.67034,5.039915,0.0,11.956246333613407,14.715249348009225,6.280341202686423,76.10127574796573,8.914477958969924
2194,diferenca,35.110000000000014,23.800919117647073,6.330000000000041,5.738089509065436,0.8426,0.743014492753623,0.6528,0.04141717516509049,73.30019,5.4488444,0.0,12.075130538843574,14.540542637506931,6.038325253658871,77.1806717002884,8.534951551255395
2195,diferenca,34.13000000000005,23.214708097928487,6.850000000000023,5.588172172481215,0.8485,0.7636014492753624,0.6754,0.038395597168913415,82.62992,5.486668,0.0,12.265209158934194,14.557347527004652,5.992893495365196,77.3539663896094,8.486166174832755
2216,diferenca,33.97000000000003,22.580442804428078,4.010000000000048,5.190272567430236,0.8468,0.7608898550724639,0.6659,0.04609234003740509,69.55671,5.2377267,0.0,11.578666070010858,14.184052957141644,5.7229096689778,78.27238906752875,8.459256452665572
2281,diferenca,38.43000000000001,25.874126984127045,4.9500000000000455,6.039284919018097,0.8282,0.7341188405797101,0.6113000000000001,0.04003572779537363,94.10176,5.1275163,0.0,12.039456518984256,14.430903790018363,6.105377241715149,76.32834629672446,9.671286730673089
2287,diferenca,37.27000000000004,25.404528301886817,5.490000000000009,5.739977603676482,0.8088000000000001,0.730417391304348,0.47590000000000005,0.05186355274506002,96.95056,5.2143016,0.0,12.38208937112251,14.69072670508686,6.258391921316013,75.88093044414337,9.211129091493923
2294,diferenca,39.07000000000005,25.258592057761764,7.690000000000055,5.8726962764648585,0.8112,0.719368115942029,0.47790000000000005,0.05778464891364769,93.57073,5.078582,0.0,12.058969884605217,14.715249348009225,6.280341202686423,76.10127574796573,8.914477958969924
2310,diferenca,35.33000000000004,23.65725952813071,4.470000000000027,5.660277702506039,0.8295,0.7326768115942028,0.6289,0.044625274390996915,94.62253,5.5665894,0.0,12.854457794612221,14.540542637506931,6.038325253658871,77.1806717002884,8.534951551255395
2406,diferenca,38.01000000000005,25.52555977229604,5.8700000000000045,5.905276386654938,0.8386,0.7448115942028983,0.4531,0.058331100254316384,92.67909,5.1825457,0.0,12.070444978310222,14.511401072210136,6.115462743347078,75.7103119145273,9.11862152427959
2414,diferenca,36.13000000000005,25.140105263157935,5.53000000000003,5.554446202862859,0.8424,0.7595086956521742,0.6584,0.0415671858426585,95.50444,5.129572,0.0,11.852946062080456,14.545140876776346,6.114329376965066,76.10003354440155,8.862607691507064
2425,diferenca,34.910000000000025,24.179153153153198,3.650000000000034,5.6373513527046075,0.807,0.7339333333333337,0.6639,0.03868056721653066,95.8283,5.8098593,0.0,13.25168774670471,14.480034958968137,5.967605758115841,76.72371316544253,8.844133011437119
2510,diferenca,36.670000000000016,25.22428015564207,5.330000000000041,5.921889418696555,0.8202,0.734549275362319,0.4698,0.05044784542644472,83.1724,5.1938705,0.0,12.07255471629743,14.509057415589114,6.091357499749488,76.6904274397752,9.882937452874613
2512,diferenca,37.25000000000006,25.56508571428578,6.670000000000016,5.751768278189383,0.8489,0.7511391304347828,0.6683,0.03878857674883805,96.16631,5.272903,0.0,12.27407135952651,14.374377492301447,6.036569835171273,76.13878005787429,9.763614147519423
2515,diferenca,37.75000000000006,25.570154440154482,7.230000000000018,5.730053128589289,0.8027000000000001,0.7208217391304346,0.5921000000000001,0.04448503369744381,89.19486,5.3122644,0.0,12.401103270082228,14.419435373579994,6.064320226410852,75.9375463758872,9.47519326672721
2530,diferenca,35.29000000000002,24.41148672566371,6.750000000000057,5.631174471745749,0.8449000000000001,0.7694463768115944,0.7036,0.036660208573725685,91.94615,5.144456,0.0,12.064733665031522,14.517910688648495,6.098074624215122,75.6251233132785,9.135596081519518
2623,diferenca,35.35000000000002,24.60323076923083,3.2700000000000387,5.859780937804056,0.8410000000000001,0.7452202898550727,0.5633,0.045790384345037946,85.22574,5.2362247,0.0,12.069342499827915,14.657481371753532,6.122319586366497,77.14816903751438,10.096897082375001
2645,diferenca,35.25000000000006,24.24855379188716,6.910000000000025,5.5825079566995015,0.8627,0.7713753623188403,0.6756,0.041490412392759975,94.85718,5.202814,0.0,11.866533837047665,14.500410038420176,6.017251313658294,76.40398695972677,8.704934421868108
2987,diferenca,35.79000000000002,23.883427561837472,4.830000000000041,5.316113173791071,0.8686,0.7831478260869567,0.6857000000000001,0.04281808032269032,101.55748,5.548256,0.0,12.751349769166092,14.262794400064024,5.848248221876112,76.41335741138192,9.193786382928625
3001,diferenca,31.190000000000055,20.23938356164385,7.410000000000025,4.872991082051938,0.8861,0.7709318840579709,0.32580000000000003,0.10959838210584454,84.224945,4.5420437,0.0,11.015152000377302,12.589913886822012,5.437880006675616,82.7563969264532,7.5753159486790835
3002,diferenca,31.190000000000055,20.23938356164385,7.410000000000025,4.872991082051938,0.8861,0.7709318840579709,0.32580000000000003,0.10959838210584454,84.224945,4.5420437,0.0,11.015152000377302,12.589913886822012,5.437880006675616,82.7563969264532,7.5753159486790835
3082,diferenca,37.450000000000045,25.66052224371374,8.07000000000005,5.6705229801546615,0.8540000000000001,0.7402144927536233,0.6359,0.04710834959488727,90.930984,5.379989,0.0,12.376261982148408,14.48548880919643,5.9628446087696,76.03590515525536,9.598636038031975
3197,diferenca,39.950000000000045,25.88228682170545,4.050000000000011,5.5643699193982386,0.8458,0.7342275362318843,0.5285000000000001,0.05431986287377019,86.8552,5.274689,0.0,12.046997011758716,14.500934443899622,5.959052427507764,76.67651565977842,9.222035172555906
3309,diferenca,38.31,25.95890130353821,7.53000000000003,5.570541072745518,0.8151,0.71848115942029,0.6379,0.044227007537894714,84.39791,5.3466544,0.0,12.14075338888474,14.500934443899622,5.959052427507764,76.67651565977842,9.222035172555906
3414,diferenca,39.110000000000014,25.2269080234834,8.29000000000002,5.6755076351967215,0.8478,0.7495362318840577,0.6506000000000001,0.039884823204241464,93.59329,5.4631977,0.0,12.407899179702191,14.450823265817435,5.894343559170325,76.61447601008315,9.599771207843892
3416,diferenca,37.410000000000025,25.5238549618321,4.03000000000003,5.579083178151629,0.8254,0.7081985507246373,0.5821000000000001,0.05080185861245581,91.16799,5.4232945,0.0,12.45389158890588,14.469882443899644,5.901129836467676,77.17344107793856,9.212650471607512
3427,diferenca,37.650000000000034,24.999465648854994,5.230000000000018,5.501181179615632,0.8023,0.7151536231884059,0.6005,0.04560172123534526,86.00411,5.299548,0.0,12.01041561331493,14.458331494127933,5.874962837342867,76.977013655278,8.93542153159124
3520,diferenca,39.73000000000002,25.620039062500027,6.890000000000043,5.5307701767903925,0.8273,0.7300985507246377,0.6181,0.044327884026281676,98.1575,5.414566,0.0,12.54255982402384,14.450823265817435,5.894343559170325,76.61447601008315,9.599771207843892
4000,diferenca,32.77000000000004,20.58518279569895,1.910000000000025,5.12281668352844,0.8274,0.7395028985507246,0.5447000000000001,0.05996579452769538,63.35773,4.7556186,0.0,10.712555665332774,13.694750958968129,5.643385890977281,81.11173178082808,8.575698541645867
5000,diferenca,33.59000000000003,21.91514285714292,4.750000000000057,5.5080279518504645,0.8008000000000001,0.7059942028985507,0.45420000000000005,0.05998126974328461,90.383095,4.824987,0.0,11.135928582949973,13.630189095954412,5.8138386363448,79.21778368923334,7.887852642039694
6001,diferenca,34.610000000000014,23.15813868613143,8.510000000000048,5.073824070274188,0.8971,0.773226086956522,0.6976,0.04944207752122941,101.06092,5.449415,0.0,12.815733917387895,14.468812761707849,5.820985233220872,78.61426279165937,9.167887398643577
6002,diferenca,34.910000000000025,23.66438848920866,6.930000000000007,5.352766798193145,0.8301000000000001,0.6756521739130433,0.562,0.06034975741386249,92.68869,5.41874,0.0,12.526770395606466,14.468812761707849,5.820985233220872,78.61426279165937,9.167887398643577
6003,diferenca,35.370000000000005,23.80694545454551,9.250000000000057,5.1997090247896125,0.8673000000000001,0.731773913043478,0.6478,0.04438637227921111,93.60469,5.466327,0.0,12.579703604705243,14.521364449379087,5.868081295411001,77.74042861353917,9.333025551552923
6004,diferenca,33.33000000000004,22.554751773049706,3.9500000000000455,5.052000808830522,0.8904000000000001,0.7743782608695648,0.6996,0.040825694770547684,96.283165,5.502936,0.0,12.646219033301564,14.521364449379087,5.868081295411001,77.74042861353917,9.333025551552923
6005,diferenca,35.97000000000003,24.98407942238269,3.7900000000000205,5.37935292307071,0.8273,0.7152072463768114,0.49200000000000005,0.06538910807417898,99.24518,5.526638,0.0,12.86291554512194,14.462150038420193,5.863845031520297,76.74555190617295,9.742059039714814
7001,diferenca,37.63000000000005,25.233680297397832,10.370000000000005,5.313988188759879,0.8583000000000001,0.6723927536231883,0.5362,0.08707416182562498,86.29529,5.4112735,0.0,12.593822917127952,14.302706940703288,5.777833434106518,77.72281277271202,8.827907472959396
7002,diferenca,37.63000000000005,25.233680297397832,10.370000000000005,5.313988188759879,0.8583000000000001,0.6723927536231883,0.5362,0.08707416182562498,86.29529,5.4112735,0.0,12.593822917127952,14.302706940703288,5.777833434106518,77.72281277271202,8.827907472959396
8003,diferenca,32.75000000000006,20.821423220973834,8.310000000000002,4.169596464714645,0.8644000000000001,0.7625521739130434,0.4903,0.07339237137764036,170.65587,5.108843,0.0,13.964878365246463,13.918569981799177,5.900596608205517,81.70676554999454,7.236308958169671
8009,diferenca,37.89000000000004,22.232175732217623,7.270000000000039,4.660569249184017,0.8540000000000001,0.7984971014492752,0.2626,0.07484559559522881,98.601456,5.1787863,0.0,12.394833860252044,12.255046319698712,5.2569881915432415,82.82073058857715,6.357677489878715
8010,diferenca,35.77000000000004,22.00431635388741,10.670000000000016,4.0985934783114475,0.8377,0.6768550724637682,0.3804,0.10680654262138493,163.34622,6.437847,0.0,15.62493089945737,12.473978652118808,5.629840837056431,82.00405263394646,7.037883144937219
8011,diferenca,33.33000000000004,23.83201892744481,11.410000000000025,4.393251890113956,0.8494,0.7611144927536235,0.3497,0.08872355580778528,212.49707,6.949197,0.0,17.40687937129747,11.520959970840268,5.27885172275001,85.74751534131173,6.089031294852609
8012,diferenca,31.610000000000014,22.202671755725213,11.79000000000002,3.9632293662245055,0.8352,0.7144130434782608,0.39740000000000003,0.08867482676798127,157.46295,6.209737,0.0,15.388743493834683,12.613502091388233,5.672021691788799,82.70803068590915,7.208047573541547
8013,diferenca,34.910000000000025,23.25388758782205,10.970000000000027,4.356635453475779,0.7895000000000001,0.7214014492753624,0.4922,0.04775521973975281,111.55812,4.621248,0.0,11.634709010664173,12.464408226548045,5.386080192410001,83.04872912841435,7.987860803702142
405,diferenca,34.370000000000005,21.021205357142897,5.490000000000009,5.611030779122202,0.8398,0.7291115942028983,0.43260000000000004,0.06061470270830034,114.574585,4.826284,0.0,11.470506105369951,13.698330045726102,5.750821762879195,79.49262974059491,8.41080452731312
491,diferenca,35.13000000000005,22.57600375234527,4.250000000000057,5.240851367325137,0.8348,0.7302144927536234,0.6316,0.05438361399465034,83.268425,5.119596,0.0,11.292166831862389,14.33987398362565,5.7842205360206,76.94705371313593,8.528265433666407
938,diferenca,31.510000000000048,19.20640117994102,5.810000000000002,5.116016843837563,0.8766,0.756953623188406,0.2742,0.10173777828491459,64.324814,4.192751,0.0,9.792623314959755,12.941955844812883,5.555706986607928,83.12189789492827,8.631475994643715
1056,diferenca,34.89000000000004,22.49424460431658,7.090000000000032,5.370855066151707,0.8448,0.6815942028985505,0.4169,0.09211143988505643,113.470474,4.698538,0.0,11.37167481347194,12.755957121525208,5.447244697552964,81.75794244434327,7.489129791540934
1021,diferenca,33.110000000000014,21.2449326145553,7.150000000000034,5.102148184890289,0.8051,0.6870246376811595,0.1487,0.11827932354596797,84.887955,4.594783,0.0,11.097097574938598,12.497875042986392,5.4941205874374575,84.61920836954214,8.025404090120494
2531,diferenca,35.23000000000002,24.476809269162256,7.970000000000027,5.436715741560337,0.8460000000000001,0.7563304347826085,0.6465000000000001,0.04188720293092759,91.94615,5.144456,0.0,12.064733665031522,14.517910688648495,6.098074624215122,75.6251233132785,9.135596081519518
3097,diferenca,36.75000000000006,25.941098265896002,6.110000000000014,5.647397831038503,0.8343,0.6976130434782609,0.5870000000000001,0.06121593027736183,84.75024,5.33201,0.0,12.245254779774315,14.483795563534338,5.929590807720152,76.63808561076027,8.849876427206857
797,diferenca,30.79000000000002,20.138359133126965,6.930000000000007,4.879883084405061,0.8609,0.7401753623188408,0.16090000000000002,0.13132760166165278,76.61856,4.533754,0.0,10.360955392987826,12.432103269470428,5.4462584259880895,83.38803321533204,8.159502853372375
852,diferenca,32.25000000000006,20.78760736196321,5.710000000000036,5.003614930572012,0.8598,0.7220898550724637,0.1993,0.12718876892461414,78.867775,4.5101514,0.0,10.503684808186915,12.432103269470428,5.4462584259880895,83.38803321533204,8.159502853372375
21,diferenca,34.81,22.355066079295167,7.970000000000027,4.887189211367301,0.8692000000000001,0.7526289855072463,0.6309,0.06366241605383495,95.07035,5.176013,0.0,12.422416271979822,13.505440290474985,5.767387838624395,83.23668778274062,8.084232444478372
214,diferenca,28.310000000000002,17.22848812095036,2.0100000000000477,4.886136102070641,0.8697,0.7663710144927536,0.2745,0.09351081329620782,133.89389,4.8349237,0.0,11.9082710834772,13.294479285908777,5.701294643571905,83.83387201491396,9.089885829509374
217,diferenca,29.33000000000004,17.857314814814842,5.730000000000018,4.951027410488654,0.8735,0.7641434782608695,0.2538,0.10213752518868911,83.27961,4.7648096,0.0,11.243968630879403,13.0514867215252,5.591151881329838,84.45856010383247,8.403335693399013
308,diferenca,30.650000000000034,19.119775561097295,6.810000000000002,4.845511813798067,0.8693000000000001,0.7845579710144931,0.5263,0.0672640253265388,95.35684,4.482798,0.0,10.558299688010825,12.729565954401899,5.55309534791182,83.7026505292228,7.479655707273675
142,diferenca,32.89000000000004,20.516831460674194,8.750000000000057,4.832340683065793,0.9083,0.8194202898550723,0.4006,0.0845150695416301,103.61957,4.684961,0.0,11.219429317137754,12.943611421068583,5.576733963098233,83.58848896779695,7.667021534127402
1049,diferenca,32.09000000000003,21.00472312703587,11.270000000000039,4.212659628410399,0.8959,0.7672420289855073,0.2243,0.1524031566162853,160.84038,6.2953,0.0,15.616477029896377,11.716302358054877,5.3065378010121345,85.47753288037761,6.795776329128977
863,diferenca,33.170000000000016,22.015159420289898,9.450000000000045,4.522305945150182,0.8922,0.816272463768116,0.5930000000000001,0.059187674696330246,124.63169,5.1286488,0.0,12.532363679158019,11.835462173579991,5.19115412149541,83.38889338413058,6.870302667145291
384,diferenca,30.970000000000027,19.664186666666716,7.430000000000007,4.810979810650669,0.8613000000000001,0.7790405797101452,0.28700000000000003,0.09220634911466159,72.09451,4.5023513,0.0,10.630358195481975,12.375733636593699,5.363190620472407,85.46080986916196,6.972423037763384
385,diferenca,31.850000000000023,20.122071611253233,7.090000000000032,4.737497969685505,0.8532000000000001,0.7685985507246377,0.257,0.08617124758841022,74.59708,4.423571,0.0,10.47849586169785,12.373332381799177,5.365151123173315,86.32291061180958,7.108802358373719
397,diferenca,34.55000000000001,23.793003802281387,6.430000000000007,5.46405127871361,0.8381000000000001,0.706685507246377,0.5940000000000001,0.056985676500253955,63.18209,4.6111307,0.0,10.21604087615236,14.375897833854001,5.9276689188188305,76.36138126365321,8.169875392571432
403,diferenca,38.31,23.057800829875525,6.2900000000000205,5.780463209353444,0.8332,0.6569579710144926,0.47040000000000004,0.08362862592524284,68.69763,5.0089493,0.0,11.551408922847678,13.625006432940737,5.668482429521116,79.50408902465617,7.911980507965021
857,diferenca,31.57000000000005,19.89078740157482,6.410000000000025,4.790224123047666,0.8993,0.7818710144927535,0.37770000000000004,0.11739085847115081,113.28532,4.6932545,0.0,11.26780912876571,12.25795574618274,5.400324223079899,86.46371629902707,7.388179311960138
860,diferenca,32.85000000000002,21.20702005730662,7.310000000000002,4.826049925365378,0.8735,0.7792072463768116,0.36460000000000004,0.09556135644726117,116.28389,5.2960415,0.0,12.683712773370868,11.921412911479525,5.201863266819541,85.56894600869104,7.034926294407464
930,diferenca,34.89000000000004,23.018524590163977,8.53000000000003,4.9950668751561365,0.8726,0.7521289855072463,0.6337,0.05800589950368403,93.24081,5.4633765,0.0,12.55167474229949,14.32453952517816,5.761577986854175,79.4090653591095,9.914270654879248
951,diferenca,31.03000000000003,19.66357142857146,6.670000000000016,4.724720980523545,0.8681000000000001,0.7704405797101448,0.1867,0.13374713901189525,100.876076,4.906727,0.0,11.456264154036859,12.341960062164476,5.443404122882011,85.8980409879984,7.564082573930721
