Unnamed: 0,UA,sorensen,bray_curtis,legendre,podani,n_especies_ingresso,n_especies_egresso,abundancia_ingresso,abundancia_egresso,abund_total_c1,abund_total_c2,taxa_rel_ingresso,taxa_rel_egresso,taxa_rel_ingresso_pct,taxa_rel_egresso_pct,ganho_liquido_especies,ganho_liquido_individuos,taxa_liquida_abund_pct,PD,MPD,MNTD,q0_riqueza_c1,q1_shannon_c1,q2_simpson_c1,q0_riqueza_c2,q1_shannon_c2,q2_simpson_c2,diff_q0,diff_q1,diff_q2,ganho_liquido,trajetoria,PD_ciclo1,MPD_ciclo1,MNTD_ciclo1,PD_ciclo2,MPD_ciclo2,MNTD_ciclo2,PD_delta,MPD_delta,MNTD_delta
0,1,0.1186440677966101,0.1611479028697571,0.1186440677966101,0.1611479028697571,6,1,6,1,195,258,0.0232558139534883,0.0051282051282051,2.3255813953488373,0.5128205128205128,5,5,1.8127608825283248,2364.964423003,236.961754591,117.91608200023076,27,18.65267611465464,15.119284294234596,32,19.284549166570045,14.818343722172752,5,0.6318730519154059,-0.3009405720618439,5,Regeneração,2364.964423003,236.961754591,117.91608200023076,2672.207212003,237.5589208216989,109.8453236454516,307.2427890000004,0.5971662306989174,-8.070758354779159
1,10,0.0617283950617283,0.1555555555555555,0.0617283950617283,0.1555555555555555,2,3,2,6,213,237,0.0084388185654008,0.028169014084507,0.8438818565400843,2.8169014084507045,-1,-4,-1.97301955191062,3155.671881402,267.969414186439,90.12578291731708,41,20.289223767587224,12.16001072098633,40,18.35870241774708,11.15571002979146,-1,-1.930521349840145,-1.0043006911948709,-4,Declínio,3155.671881402,267.969414186439,90.12578291731708,3086.755896506,267.15081290414616,93.58741692545,-68.91598489599983,-0.8186012822928319,3.4616340081329184
2,1001,0.1063829787234042,0.1099476439790576,0.1063829787234042,0.1099476439790576,1,4,1,4,102,89,0.0112359550561797,0.0392156862745098,1.1235955056179776,3.92156862745098,-3,-3,-2.7979731218330026,2673.111269,275.69861091333337,154.16103592,25,12.777285456677491,8.24405705229794,22,12.64340922753929,8.890011223344557,-3,-0.1338762291382007,0.6459541710466166,-3,Declínio,2673.111269,275.69861091333337,154.16103592,2453.530802,280.1028913766234,160.90857368181818,-219.58046699999977,4.404280463290036,6.747537761818194
3,1003,0.04,0.2027027027027027,0.04,0.2027027027027027,2,0,4,0,258,334,0.0119760479041916,0.0,1.1976047904191618,0.0,2,4,1.1976047904191618,2428.898993996,284.1771172061884,139.23706408316667,24,12.18364857308025,8.425822784810126,26,11.656864276987678,7.183258209916291,2,-0.5267842960925719,-1.2425645748938354,4,Regeneração,2428.898993996,284.1771172061884,139.23706408316667,2638.411140996,283.49529794738464,142.42332623046153,209.5121469999999,-0.6818192588037846,3.1862621472948547
4,1010,0.037037037037037,0.1131221719457013,0.037037037037037,0.1131221719457013,0,1,0,1,101,120,0.0,0.0099009900990099,0.0,0.99009900990099,-1,-1,-0.99009900990099,1918.141141,304.2692272967033,199.06493807142857,14,6.8283667549435645,4.694431661297745,13,6.681970970498891,5.077574047954866,-1,-0.1463957844446737,0.3831423866571208,-1,Estagnação,1918.141141,304.2692272967033,199.06493807142857,1840.177954,309.69422523076923,207.7275982307692,-77.96318700000006,5.424997934065914,8.662660159340618
5,1013,0.2142857142857142,0.6065573770491803,0.2142857142857142,0.6065573770491803,5,1,9,1,47,136,0.0661764705882353,0.0212765957446808,6.61764705882353,2.127659574468085,4,8,4.489987484355445,1555.1730960000002,304.86263856060606,155.88565625,12,7.468296216240838,5.322891566265059,16,4.195164793132513,2.173953925716973,4,-3.273131423108325,-3.1489376405480862,8,Regeneração,1555.1730960000002,304.86263856060606,155.88565625,1870.648936,285.3569427916667,144.754182125,315.47583999999983,-19.505695768939347,-11.131474125000013
6,1016,0.1904761904761904,0.2700729927007299,0.1904761904761904,0.2700729927007299,3,5,5,6,99,107,0.0467289719626168,0.0606060606060606,4.672897196261682,6.0606060606060606,-2,-1,-1.3877088643443782,2289.51004,276.50585351082253,132.66989054545454,22,12.23931901013962,8.298899237933952,20,7.794540009958153,4.093314265284233,-2,-4.444779000181468,-4.205584972649719,-1,Estagnação,2289.51004,276.50585351082253,132.66989054545454,2203.0645750000003,279.1016911526316,141.3995668,-86.44546499999979,2.595837641809055,8.729676254545467
7,1019,0.0666666666666666,0.2021182700794351,0.0666666666666666,0.2021182700794351,3,1,26,2,86,104,0.25,0.0232558139534883,25.0,2.3255813953488373,2,24,22.67441860465116,2590.807668,267.27106530158727,124.92311385714284,29,21.03438348301653,16.148471615720528,31,19.11342306953956,11.680345572354211,2,-1.920960413476969,-4.468126043366317,24,Regeneração,2590.807668,267.27106530158727,124.92311385714284,2707.7302010032,266.54173459791446,116.20603470021334,116.9225330032,-0.7293307036728152,-8.7170791569295
8,1024,0.0410958904109589,0.0867823765020026,0.0410958904109589,0.0867823765020026,3,0,6,0,183,195,0.0307692307692307,0.0,3.076923076923077,0.0,3,6,3.076923076923077,3064.820978,308.8693727260504,110.25162014285712,35,18.043945176211487,12.0075295804948,38,20.112419591186296,13.272251308900524,3,2.0684744149748084,1.2647217284057248,6,Regeneração,3064.820978,308.8693727260504,110.25162014285712,3148.680556,352.1387570611664,86.8012165,83.8595779999996,43.269384335116,-23.450403642857125
9,1025,0.087378640776699,0.141439205955335,0.087378640776699,0.141439205955335,7,2,7,2,183,220,0.0318181818181818,0.0109289617486338,3.1818181818181817,1.092896174863388,5,5,2.0889220069547934,3705.191821006,280.0726609832381,96.2787178369796,49,29.26372191133562,19.391430225825133,54,28.188123143095915,16.58670322138451,5,-1.075598768239704,-2.804727004440622,5,Regeneração,3705.191821006,280.0726609832381,96.2787178369796,3917.815134006,278.97917931608526,88.04760533355555,212.62331300000005,-1.0934816671528438,-8.231112503424043
10,1026,0.1058823529411764,0.1241830065359477,0.1058823529411764,0.1241830065359477,3,6,3,6,157,149,0.0201342281879194,0.0382165605095541,2.013422818791946,3.821656050955414,-3,-3,-1.808233232163468,3306.035076902,284.616606096074,76.3674766275,44,18.42606209042985,8.296533153820263,41,20.640270889632987,10.226163058498386,-3,2.2142087992031385,1.929629904678123,-3,Declínio,3306.035076902,284.616606096074,76.3674766275,3376.351392902,306.02224637790243,89.64860038065854,70.31631599999992,21.405640281828425,13.28112375315854
11,1027,0.119047619047619,0.122077922077922,0.119047619047619,0.122077922077922,8,2,10,2,176,209,0.0478468899521531,0.0113636363636363,4.784688995215311,1.1363636363636365,6,8,3.6483253588516735,3608.954912899,272.19712919266124,119.58567955379488,39,20.817876832045226,12.36073423782921,45,24.053520716934884,14.382943694435305,6,3.235643884889658,2.022209456606093,8,Regeneração,3608.954912899,272.19712919266124,119.58567955379488,3839.643716899,266.6211298563192,106.48056625773332,230.6888039999999,-5.575999336342022,-13.10511329606156
12,1031,0.0294117647058823,0.0259365994236311,0.0294117647058823,0.0259365994236311,1,1,1,1,171,176,0.0056818181818181,0.0058479532163742,0.5681818181818182,0.5847953216374269,0,0,-0.0166135034556086,2866.389596003,257.25932982905346,112.4418180592647,34,18.53134217615068,13.142022471910114,34,18.63195803030778,13.271636675235644,0,0.1006158541571053,0.1296142033255307,0,Estagnação,2866.389596003,257.25932982905346,112.4418180592647,2839.1619680030003,257.0446537916203,110.00872785338235,-27.22762799999964,-0.2146760374331506,-2.433090205882351
13,1034,0.1034482758620689,0.2777777777777778,0.1034482758620689,0.2777777777777778,2,1,5,1,41,31,0.1612903225806451,0.024390243902439,16.129032258064516,2.4390243902439024,1,4,13.690007867820611,1541.762820996,243.11275013129668,137.52961449971428,14,7.924665444257245,5.017910447761192,15,11.92435781260593,9.90721649484536,1,3.999692368348685,4.889306047084169,4,Regeneração,1541.762820996,243.11275013129668,137.52961449971428,1941.313593996,299.2683409328,189.98954993306663,399.550773,56.15559080150334,52.45993543335234
14,104,0.0886075949367088,0.1071566731141199,0.0886075949367088,0.1071566731141199,4,3,5,4,209,223,0.0224215246636771,0.0191387559808612,2.242152466367713,1.9138755980861244,1,1,0.3282768682815884,3452.049174996,280.2916550659217,116.43162510246154,39,20.823268264453823,12.996429634037488,40,20.846095994247623,12.460285642696068,1,0.0228277297938035,-0.5361439913414205,1,Estagnação,3452.049174996,280.2916550659217,116.43162510246154,3502.501939996,279.7199847600564,116.0806695249,50.452765,-0.5716703058653252,-0.3509555775615354
15,1042,0.1739130434782608,0.2769953051643192,0.1739130434782608,0.2769953051643192,7,1,24,1,95,118,0.2033898305084746,0.0105263157894736,20.33898305084746,1.0526315789473684,6,23,19.28635147190009,2210.547402,317.57082139473687,126.17128945,20,14.22604950575074,11.705577172503242,26,16.74517474646626,12.86876155268022,6,2.519125240715521,1.163184380176979,23,Regeneração,2210.547402,317.57082139473687,126.17128945,2411.249563996,296.36899279353844,102.85453253830768,200.70216199599963,-21.20182860119843,-23.316756911692323
16,1047,0.2631578947368421,0.5252525252525253,0.2631578947368421,0.5252525252525253,12,3,38,5,57,141,0.2695035460992908,0.087719298245614,26.95035460992908,8.771929824561402,9,33,18.178424785367675,1970.3773649992,234.03455186225216,100.6334731251,24,19.419888891459447,16.164179104477615,33,21.405020438104344,15.23448275862069,9,1.985131546644897,-0.9296963458569252,33,Regeneração,1970.3773649992,234.03455186225216,100.6334731251,3222.8073000022,324.93028084861817,122.81363339419394,1252.429935003,90.895728986366,22.180160269093943
17,1049,0.0697674418604651,0.14375,0.0697674418604651,0.14375,9,0,12,0,142,178,0.0674157303370786,0.0,6.741573033707865,0.0,9,12,6.741573033707865,4393.420968003001,240.8993006465073,101.73632027123728,60,45.47138473879774,35.128919860627185,69,49.64749576355828,37.71904761904762,9,4.176111024760537,2.5901277584204365,12,Regeneração,4393.420968003001,240.8993006465073,101.73632027123728,4660.725394006,239.5236503026348,91.27345075017648,267.3044260029992,-1.3756503438725076,-10.462869521060796
18,1052,0.125,0.1849710982658959,0.125,0.1849710982658959,5,7,6,8,149,197,0.0304568527918781,0.0536912751677852,3.045685279187817,5.369127516778524,-2,-2,-2.3234422375907062,3937.773201999,301.6770438230884,100.33183734704082,49,32.80873258834109,23.39409905163329,47,30.579678119019952,21.96321448783248,-2,-2.2290544693211345,-1.430884563800813,-2,Declínio,3937.773201999,301.6770438230884,100.33183734704082,3926.966425899,307.5560220811785,98.80951760846808,-10.806776099999752,5.878978258090115,-1.5223197385727332
19,1055,0.2352941176470588,0.2655086848635236,0.2352941176470588,0.2655086848635236,6,2,17,2,151,252,0.0674603174603174,0.0132450331125827,6.746031746031746,1.3245033112582782,4,15,5.421528434773467,1807.989246,293.7493875428572,158.521206,15,7.256264817958621,5.356119332863518,19,8.508952505192513,5.704635285662954,4,1.252687687233891,0.3485159527994366,15,Regeneração,1807.989246,293.7493875428572,158.521206,1889.880607,277.6630886432749,119.96086152631578,81.89136099999996,-16.086298899582346,-38.56034447368423
20,1056,0.0888888888888888,0.1069418386491557,0.0888888888888888,0.1069418386491557,6,2,6,2,259,274,0.0218978102189781,0.0077220077220077,2.18978102189781,0.7722007722007722,4,4,1.417580249697038,3605.577736996,282.97001304964783,112.17399167423255,43,20.36026061480158,12.602104076648509,47,20.64991483719299,11.56795069337442,4,0.2896542223914125,-1.034153383274086,4,Regeneração,3605.577736996,282.97001304964783,112.17399167423255,3677.016902996,279.9970827244638,102.55002849982608,71.43916600000011,-2.972930325184052,-9.62396317440647
21,1059,0.15,0.1890660592255125,0.15,0.1890660592255125,9,3,19,4,200,239,0.0794979079497908,0.02,7.949790794979079,2.0,6,15,5.949790794979079,3074.082819996,258.68292004783183,109.76768859437838,37,24.131874926812905,18.29826166514181,43,26.15376972826149,18.384615384615383,6,2.0218948014485925,0.0863537194735712,15,Regeneração,3074.082819996,258.68292004783183,109.76768859437838,3693.783650996,301.0775081229221,108.24980361885714,619.7008309999997,42.39458807509027,-1.5178849755212411
22,1061,0.1692307692307692,0.1516483516483516,0.1692307692307692,0.1516483516483516,6,5,22,6,211,244,0.0901639344262295,0.0284360189573459,9.01639344262295,2.843601895734597,1,16,6.172791546888353,2824.5274725,264.8795918731183,135.5446649354839,32,13.112309574289592,7.817559262510974,33,15.2563711109216,9.465182829888713,1,2.1440615366320053,1.6476235673777389,16,Regeneração,2824.5274725,264.8795918731183,135.5446649354839,2930.688818,325.21729034274193,104.23621828125,106.16134550000017,60.33769846962366,-31.30844665423389
23,1062,0.0833333333333333,0.1689860834990059,0.0833333333333333,0.1689860834990059,3,1,3,2,220,283,0.0106007067137809,0.009090909090909,1.060070671378092,0.9090909090909092,2,1,0.1509797622871828,2448.8502350000003,273.5591039604743,138.70475060869566,23,10.996427638673817,6.820744081172491,25,10.753905263068994,6.714932506078643,2,-0.2425223756048211,-0.1058115750938482,1,Estagnação,2448.8502350000003,273.5591039604743,138.70475060869566,2598.569869,271.70758415333336,140.73160444,149.7196339999996,-1.85151980714096,2.0268538313043507
24,1063,0.0379746835443038,0.1483622350674373,0.0379746835443038,0.1483622350674373,1,2,1,2,286,233,0.0042918454935622,0.0069930069930069,0.4291845493562232,0.6993006993006993,-1,-1,-0.2701161499444761,3361.0031870000003,277.8746065923077,104.22947555,40,12.823274982193563,5.731221973094169,39,15.40461895427789,8.177285735803585,-1,2.5813439720843263,2.446063762709416,-1,Estagnação,3361.0031870000003,277.8746065923077,104.22947555,3309.11614,279.5919936194332,105.61302435897436,-51.887047000000166,1.7173870271254827,1.3835488089743535
25,1068,0.1058823529411764,0.1742424242424242,0.1058823529411764,0.1742424242424242,2,7,3,8,149,115,0.0260869565217391,0.0536912751677852,2.608695652173913,5.369127516778524,-5,-5,-2.7604318646046107,3476.2381599990003,240.2916559757132,111.23832553337778,45,29.1260370521701,20.055103884372176,40,28.39403540071803,21.22792937399679,-5,-0.7320016514520731,1.1728254896246142,-5,Declínio,3476.2381599990003,240.2916559757132,111.23832553337778,3138.7927158990005,240.85375729841152,108.57687666495,-337.4454440999998,0.5621013226983109,-2.661448868427769
26,1069,0.094017094017094,0.1002331002331002,0.094017094017094,0.1002331002331002,6,5,6,6,217,212,0.0283018867924528,0.0276497695852534,2.830188679245284,2.7649769585253456,1,0,0.0652117207199376,4530.488268825,257.23254019260435,118.18076959163793,58,36.55650871974164,25.68957992362247,59,38.46950005725775,27.57300613496933,1,1.912991337516111,1.8834262113468585,0,Estagnação,4530.488268825,257.23254019260435,118.18076959163793,4986.7706617250005,273.6506766586616,128.7591895611356,456.28239290000056,16.418136466057263,10.578419969497672
27,1072,0.1153846153846153,0.1372549019607843,0.1153846153846153,0.1372549019607843,9,3,13,4,216,243,0.0534979423868312,0.0185185185185185,5.349794238683128,1.851851851851852,6,9,3.497942386831276,4150.347430003,306.13787133515643,107.33941444916329,49,24.87973709369216,16.428169014084506,55,27.0113016940183,16.647589512263885,6,2.131564600326147,0.2194204981793781,9,Regeneração,4150.347430003,306.13787133515643,107.33941444916329,4279.580477003,296.68793678529426,93.58996460010908,129.23304699999971,-9.449934549862178,-13.7494498490542
28,1073,0.1153846153846153,0.2015503875968992,0.1153846153846153,0.2015503875968992,6,6,6,8,142,116,0.0517241379310344,0.056338028169014,5.172413793103448,5.633802816901409,0,-2,-0.4613890237979605,3594.890085999,235.23216045923755,93.69580423086538,52,38.4001924351857,29.13872832369941,52,37.9998347408515,27.12903225806451,0,-0.400357694334204,-2.009696065634909,-2,Declínio,3594.890085999,235.23216045923755,93.69580423086538,3830.774011999,274.94114086949395,92.45941675009615,235.883926,39.7089804102564,-1.236387480769224
29,1074,0.0655737704918032,0.0817941952506596,0.0655737704918032,0.0817941952506596,6,2,7,2,181,198,0.0353535353535353,0.011049723756906,3.535353535353535,1.1049723756906076,4,5,2.4303811596629274,3983.016041996,238.2199335463285,94.11941994908474,59,40.50821441880623,29.17275155832592,63,42.16693528804057,29.344311377245507,4,1.6587208692343367,0.1715598189195937,5,Regeneração,3983.016041996,238.2199335463285,94.11941994908474,4210.548590896,237.85883144267893,91.54122942209524,227.53254890000017,-0.3611021036495572,-2.578190526989502
30,113,0.0967741935483871,0.0642673521850899,0.0967741935483871,0.0642673521850899,1,2,1,3,202,187,0.0053475935828877,0.0148514851485148,0.53475935828877,1.4851485148514851,-1,-2,-0.9503891565627152,1972.349821,340.054570075,130.711889,16,7.4840193502820656,5.293720809548521,15,7.417252142531043,5.2561250563655495,-1,-0.0667672077510221,-0.0375957531829715,-2,Declínio,1972.349821,340.054570075,130.711889,1836.874125,345.1006416571429,117.37033333333332,-135.47569599999997,5.046071582142872,-13.341555666666691
31,114,0.1764705882352941,0.0541871921182266,0.1764705882352941,0.0541871921182266,1,2,1,2,98,105,0.0095238095238095,0.0204081632653061,0.9523809523809524,2.0408163265306123,-1,-1,-1.0884353741496595,1481.9705740000002,403.7259219444445,199.9378213333333,9,2.7219685043620925,1.750637987604812,8,2.733839535646548,1.7947257040533944,-1,0.0118710312844552,0.0440877164485824,-1,Estagnação,1481.9705740000002,403.7259219444445,199.9378213333333,1424.359415,423.3313975,225.769120375,-57.61115900000027,19.605475555555472,25.83129904166671
32,117,0.0428571428571428,0.0852534562211981,0.0428571428571428,0.0852534562211981,3,3,4,4,286,295,0.0135593220338983,0.0139860139860139,1.3559322033898304,1.3986013986013983,0,0,-0.042669195211568,5206.741230003,282.9755924191333,95.45241475727144,70,40.50563124327669,25.868437697659704,70,42.05326268517842,26.884460920605505,0,1.5476314419017283,1.016023222945801,0,Estagnação,5206.741230003,282.9755924191333,95.45241475727144,5242.149236003,280.73159869656604,97.22296671441428,35.40800599999966,-2.243993722567268,1.7705519571428423
33,118,0.079136690647482,0.1138790035587188,0.079136690647482,0.1138790035587188,6,5,6,6,289,273,0.0219780219780219,0.0207612456747404,2.197802197802198,2.0761245674740483,1,0,0.1216776303281497,4714.660146006,309.85366696948336,87.73298429015942,69,31.09784345339102,15.56775396085741,70,33.25767466763632,17.417387240009347,1,2.159831214245294,1.8496332791519376,0,Estagnação,4714.660146006,309.85366696948336,87.73298429015942,4509.670557006,305.51450270948817,81.85011794311428,-204.9895889999998,-4.3391642599951865,-5.8828663470451374
34,1187,0.0930232558139534,0.0923725565350709,0.0930232558139534,0.0923725565350709,5,3,5,3,212,224,0.0223214285714285,0.0141509433962264,2.232142857142857,1.4150943396226416,2,2,0.8170485175202156,3580.0392969960003,244.02037001606968,118.98271730933332,42,20.402605599659207,12.01068947087119,44,21.577749901360697,12.845878136200716,2,1.17514430170149,0.8351886653295271,2,Regeneração,3580.0392969960003,244.02037001606968,118.98271730933332,3667.874388996,243.78150541208032,113.43548390890908,87.8350919999998,-0.2388646039893558,-5.547233400424247
35,119,0.2682926829268293,0.3741229301150715,0.2682926829268293,0.3741229301150715,7,15,17,26,384,221,0.0769230769230769,0.0677083333333333,7.6923076923076925,6.770833333333333,-8,-9,0.9214743589743596,3546.150754899,266.2730090219757,101.57581179106668,45,17.565478343690405,10.11358024691358,37,15.4476435694433,8.804939606994772,-8,-2.117834774247104,-1.3086406399188082,-9,Declínio,3546.150754899,266.2730090219757,101.57581179106668,3230.1242398992,298.2993013359928,91.49338120536216,-316.0265149998,32.0262923140171,-10.082430585704529
36,1191,0.0704225352112676,0.082051282051282,0.0704225352112676,0.082051282051282,3,2,3,3,187,203,0.0147783251231527,0.0160427807486631,1.477832512315271,1.6042780748663104,1,0,-0.1264455625510394,2858.3861149960003,240.64599239548664,109.91195211741176,35,19.90523115227533,13.161083929243508,36,19.457896424082165,13.02845399936769,1,-0.4473347281931694,-0.1326299298758169,0,Estagnação,2858.3861149960003,240.64599239548664,109.91195211741176,2890.593134996,240.73908246363692,104.54793599977144,32.20701999999983,0.0930900681503033,-5.364016117640318
37,1195,0.0793650793650793,0.2760736196319018,0.0793650793650793,0.2760736196319018,4,1,4,1,214,275,0.0145454545454545,0.0046728971962616,1.4545454545454546,0.4672897196261681,3,3,0.9872557349192864,2757.648865,266.0696149218391,124.09617223333332,30,13.87134636020863,8.739694656488549,33,15.77879793889046,9.879163945133902,3,1.9074515786818296,1.139469288645353,3,Regeneração,2757.648865,266.0696149218391,124.09617223333332,2907.7258540000003,262.86729801136363,119.47220451515152,150.07698900000014,-3.2023169104754743,-4.623967718181802
38,122,0.0666666666666666,0.0909090909090909,0.0666666666666666,0.0909090909090909,3,1,3,1,185,200,0.015,0.0054054054054054,1.5,0.5405405405405406,2,2,0.9594594594594594,2405.001710899,243.3822497728374,84.69502546889656,29,16.532833120772484,11.896072297532148,31,15.24785889266328,9.407337723424272,2,-1.2849742281092045,-2.488734574107875,2,Regeneração,2405.001710899,243.3822497728374,84.69502546889656,2575.578480899,243.48974348337632,89.03725482574194,170.57677000000012,0.107493710538904,4.34222935684538
39,123,0.0891089108910891,0.1895614353026459,0.0891089108910891,0.1895614353026459,9,0,9,0,199,266,0.0338345864661654,0.0,3.3834586466165413,0.0,9,9,3.3834586466165413,4111.899762003,288.1511939421594,111.9637961957174,46,28.33949324104672,19.970247100353,55,34.26008413168955,23.32102834541859,9,5.920590890642831,3.3507812450655905,9,Regeneração,4111.899762003,288.1511939421594,111.9637961957174,4458.124810899,281.6645141452835,98.03378139263636,346.22504889599986,-6.486679796875933,-13.93001480308105
40,134,0.0833333333333333,0.0778443113772455,0.0833333333333333,0.0778443113772455,4,0,4,0,237,264,0.0151515151515151,0.0,1.5151515151515151,0.0,4,4,1.5151515151515151,2108.843287,298.96337895238094,98.45417786363636,22,12.509272720943088,9.11094890510949,26,12.795913737555274,9.172940247433534,4,0.2866410166121866,0.0619913423240436,4,Regeneração,2108.843287,298.96337895238094,98.45417786363636,2430.431985,290.65660913846153,108.0449733846154,321.588698,-8.306769813919402,9.590795520979045
41,137,0.0,0.0513833992094861,0.0,0.0513833992094861,0,0,0,0,244,262,0.0,0.0,0.0,0.0,0,0,0.0,2189.922915,324.35350573099413,127.7810437368421,19,11.669610637456282,9.46819338422392,19,12.24140515897605,10.04154476301931,0,0.5717945215197684,0.5733513787953903,0,Estagnação,2189.922915,324.35350573099413,127.7810437368421,2189.922915,324.35350573099413,127.7810437368421,0.0,0.0,0.0
42,1388,0.1020408163265306,0.2253968253968254,0.1020408163265306,0.2253968253968254,8,2,12,2,125,190,0.0631578947368421,0.016,6.315789473684211,1.6,6,10,4.715789473684211,3609.649563996,238.8767044745697,109.05404584435556,46,32.23460909394786,23.49624060150376,52,35.79171734439678,26.90014903129657,6,3.55710825044892,3.403908429792814,10,Regeneração,3609.649563996,238.8767044745697,109.05404584435556,3879.752598996,237.4933435956229,101.1889422306923,270.1030350000001,-1.383360878946803,-7.865103613663251
43,139,0.1428571428571428,0.0886075949367088,0.1428571428571428,0.0886075949367088,1,1,1,2,38,41,0.024390243902439,0.0526315789473684,2.4390243902439024,5.263157894736842,0,-1,-2.824133504492939,1202.070742,425.9507454285714,173.76419485714283,7,3.27043358186942,2.168168168168168,7,2.872454970533065,1.912400455062572,0,-0.397978611336355,-0.255767713105596,-1,Estagnação,1202.070742,425.9507454285714,173.76419485714283,1202.070742,425.95074542857145,173.76419485714283,0.0,5.684341886080803e-14,0.0
44,140,0.125,0.1690821256038647,0.125,0.1690821256038647,2,0,2,0,88,119,0.0168067226890756,0.0,1.680672268907563,0.0,2,2,1.680672268907563,1133.285706,349.84466790476193,186.49146628571427,7,3.5745747270960875,2.736395759717315,9,3.53020279892533,2.7154362416107385,2,-0.0443719281707575,-0.0209595181065767,2,Regeneração,1133.285706,349.84466790476193,186.49146628571427,1369.36067,331.62957950000003,194.97813066666663,236.0749640000001,-18.2150884047619,8.486664380952362
45,141,0.0843373493975903,0.1012505042355788,0.0843373493975903,0.1012505042355788,3,4,3,4,207,209,0.0143540669856459,0.0193236714975845,1.4354066985645932,1.932367149758454,-1,-1,-0.4969604511938608,3800.046353003,270.1120662905029,130.35929995259522,42,21.39977502899813,11.9656520524993,41,20.58469057584401,12.490992279096368,-1,-0.8150844531541175,0.5253402265970681,-1,Estagnação,3800.046353003,270.1120662905029,130.35929995259522,3588.722806003,269.4221244147805,122.40927478078048,-211.323547,-0.6899418757224112,-7.950025171814744
46,142,0.1789473684210526,0.1865443425076452,0.1789473684210526,0.1865443425076452,12,5,18,8,150,177,0.1016949152542373,0.0533333333333333,10.16949152542373,5.333333333333334,7,10,4.836158192090396,3617.5758015092,335.63136510452534,100.43817307019536,44,23.12926041518955,12.335526315789474,51,27.053223434420232,14.756947715496937,7,3.9239630192306834,2.4214213997074605,10,Regeneração,3617.5758015092,335.63136510452534,100.43817307019536,4058.0161200092,324.07645899057206,101.173728060368,440.4403185000001,-11.55490611395328,0.7355549901726448
47,143,0.0943396226415094,0.1767441860465116,0.0943396226415094,0.1767441860465116,7,3,8,4,191,239,0.0334728033472803,0.0209424083769633,3.3472803347280333,2.094240837696335,4,4,1.2530394970316985,3855.583201006,285.02123502611767,84.37944668662745,51,22.588325986870725,10.51022760011524,55,23.413929694852065,11.947500522903155,4,0.8256037079813403,1.4372729227879155,4,Regeneração,3855.583201006,285.02123502611767,84.37944668662745,4270.833914006,281.4590958008916,95.12853283663635,415.2507129999999,-3.562139225226076,10.749086150008909
48,146,0.1325301204819277,0.1602209944751381,0.1325301204819277,0.1602209944751381,6,5,9,6,178,184,0.0489130434782608,0.0337078651685393,4.891304347826087,3.3707865168539324,1,3,1.5205178309721543,3544.380682899,270.5661053021463,110.33101442921952,41,22.358218847407564,14.90310442144873,42,21.580504895035247,13.773799837266068,1,-0.7777139523723164,-1.1293045841826626,3,Regeneração,3544.380682899,270.5661053021463,110.33101442921952,3489.790377899,267.4425111634831,104.2803955380476,-54.59030500000017,-3.12359413866318,-6.050618891171922
49,147,0.1494252873563218,0.1574279379157428,0.1494252873563218,0.1574279379157428,9,4,12,5,231,227,0.052863436123348,0.0216450216450216,5.286343612334802,2.1645021645021645,5,7,3.121841447832637,3201.5937573990004,243.96138911556096,95.11752938036584,41,17.85639909635606,9.402819383259912,46,23.35430913867532,12.552740560292326,5,5.497910042319258,3.1499211770324145,7,Regeneração,3201.5937573990004,243.96138911556096,95.11752938036584,3187.523594402,243.59483612453133,73.97157333921739,-14.070162997000352,-0.3665529910296072,-21.14595604114845
50,148,0.0526315789473684,0.1535048802129547,0.0526315789473684,0.1535048802129547,2,3,2,3,254,312,0.0064102564102564,0.0118110236220472,0.641025641025641,1.1811023622047243,-1,-1,-0.5400767211790833,4046.669455003,316.9620796260116,116.96348108352085,48,25.600420562071385,16.500255754475702,47,23.226306664773272,14.477096966091615,-1,-2.3741138972981126,-2.023158788384088,-1,Estagnação,4046.669455003,316.9620796260116,116.96348108352085,3853.514793003,316.7595409011452,111.20484814912766,-193.1546620000004,-0.2025387248663719,-5.758632934393191
51,15,0.088,0.0769230769230769,0.088,0.0769230769230769,9,2,9,2,267,292,0.0308219178082191,0.0074906367041198,3.0821917808219177,0.7490636704119851,7,7,2.3331281104099326,4141.169187396,244.92213729859165,83.41076390675862,59,33.174005047391546,20.23531081464661,66,35.39937575687861,20.555448408871747,7,2.2253707094870663,0.3201375942251374,7,Regeneração,4141.169187396,244.92213729859165,83.41076390675862,4415.543503396,243.50785736853075,81.42143940910769,274.3743160000004,-1.4142799300609,-1.9893244976509263
52,1536,0.1506849315068493,0.2520775623268698,0.1506849315068493,0.2520775623268698,5,6,18,10,152,209,0.0861244019138756,0.0657894736842105,8.61244019138756,6.578947368421052,-1,8,2.0334928229665072,3260.627060996,266.5874108196036,124.94140837827028,37,23.52093613587905,16.597701149425287,36,21.31848741558278,15.119764624437524,-1,-2.202448720296271,-1.4779365249877632,8,Regeneração,3260.627060996,266.5874108196036,124.94140837827028,3164.292540996,267.4160276934286,121.71537380544444,-96.33452000000034,0.8286168738250126,-3.2260345728258386
53,1619,0.1489361702127659,0.1847826086956521,0.1489361702127659,0.1847826086956521,3,4,3,4,83,101,0.0297029702970297,0.0481927710843373,2.9702970297029703,4.819277108433735,-1,-1,-1.848980078730765,2113.5864409960004,235.25082387317,120.972862652,24,11.554491244896363,6.167412712623096,23,9.56232064961048,5.31025507548152,-1,-1.9921705952858844,-0.8571576371415759,-1,Estagnação,2113.5864409960004,235.25082387317,120.972862652,2136.925285996,238.80488015775487,119.87614869547824,23.338844999999765,3.554056284584874,-1.0967139565217678
54,165,0.037037037037037,0.068041237113402,0.037037037037037,0.068041237113402,1,0,1,0,231,254,0.0039370078740157,0.0,0.3937007874015747,0.0,1,1,0.3937007874015747,1762.7500100000002,305.5013915897436,201.22906046153847,13,5.271909320594363,3.758081555039088,14,4.936920570328691,3.6006250697622506,1,-0.3349887502656719,-0.1574564852768358,1,Estagnação,1762.7500100000002,305.5013915897436,201.22906046153847,1804.034831,298.859251978022,185.5120887857143,41.28482099999974,-6.642139611721632,-15.716971675824167
55,166,0.0769230769230769,0.1027027027027027,0.0769230769230769,0.1027027027027027,1,1,1,1,94,91,0.0109890109890109,0.0106382978723404,1.098901098901099,1.0638297872340423,0,0,0.0350713116670564,1677.528326,300.5513485384615,189.51818361538463,13,8.017324345163333,5.938172043010753,13,8.569552228484238,6.793273174733388,0,0.5522278833209047,0.8551011317226349,0,Estagnação,1677.528326,300.5513485384615,189.51818361538463,1658.5573410000002,298.505393974359,186.9180953076923,-18.970984999999928,-2.0459545641025443,-2.6000883076923174
56,167,0.0416666666666666,0.0769230769230769,0.0416666666666666,0.0769230769230769,2,0,2,0,197,206,0.0097087378640776,0.0,0.9708737864077668,0.0,2,2,0.9708737864077668,2023.756673,267.2172742055336,100.69824908695652,23,9.811603003109044,6.002938901778809,25,10.339593811729497,6.121754183496828,2,0.5279908086204532,0.1188152817180183,2,Regeneração,2023.756673,267.2172742055336,100.69824908695652,2245.901621,267.6582922466667,109.05475752,222.14494799999989,0.4410180411330771,8.356508433043473
57,170,0.0909090909090909,0.1769646070785843,0.0909090909090909,0.1769646070785842,7,3,10,5,271,287,0.0348432055749128,0.018450184501845,3.484320557491289,1.8450184501845013,4,5,1.6393021073067873,4378.3216819022,264.1116438700395,110.85310982278114,53,29.803604420728785,19.854284941876184,57,28.762611335927875,17.228404099560763,4,-1.0409930848009097,-2.6258808423154214,5,Regeneração,4378.3216819022,264.1116438700395,110.85310982278114,4377.9033799022,279.20917651060347,85.03474501065614,-0.4183020000000397,15.097532640563998,-25.818364812125
58,172,0.2151898734177215,0.2692307692307692,0.2151898734177215,0.2692307692307692,7,10,18,23,153,159,0.1132075471698113,0.1503267973856209,11.320754716981131,15.032679738562091,-3,-5,-3.7119250215809583,3353.837714896,245.1824768824878,105.40490030712196,41,24.532891263538065,16.358490566037734,38,21.262388368051635,14.405128205128204,-3,-3.2705028954864304,-1.95336236090953,-5,Declínio,3353.837714896,245.1824768824878,105.40490030712196,3113.161175896,244.5531944973713,101.859449884,-240.67653900000005,-0.629282385116511,-3.545450423121963
59,174,0.08,0.1913357400722021,0.08,0.1913357400722021,5,3,5,4,131,146,0.0342465753424657,0.0305343511450381,3.424657534246576,3.0534351145038165,2,1,0.3712224197427587,3889.301937999,286.8855935951973,90.57634546942856,49,30.743041391609644,18.59263271939328,51,33.92298350464642,22.871244635193136,2,3.1799421130367733,4.278611915799857,1,Estagnação,3889.301937999,286.8855935951973,90.57634546942856,3871.382953902,285.21223967364705,79.14167342366666,-17.918984097000248,-1.6733539215502446,-11.4346720457619
60,175,0.1058823529411764,0.2339901477832512,0.1058823529411764,0.2339901477832512,7,2,9,5,125,148,0.0608108108108108,0.04,6.081081081081082,4.0,5,4,2.0810810810810816,3589.364569899,292.2781926778987,103.500229965025,40,28.62267976409637,21.55172413793104,45,28.35902093462233,18.915371329879104,5,-0.2636588294740463,-2.636352808051932,4,Regeneração,3589.364569899,292.2781926778987,103.500229965025,3903.311492899,288.0029809532889,105.0904682578,313.946923,-4.27521172460979,1.5902382927749985
61,177,0.0357142857142857,0.218961625282167,0.0357142857142857,0.218961625282167,1,1,2,1,177,266,0.0075187969924812,0.0056497175141242,0.7518796992481203,0.5649717514124294,0,1,0.1869079478356908,2675.250136,290.54395004761903,109.69930421428572,28,11.468958921677991,6.605313092979127,28,11.51640310566566,6.642508449117536,0,0.04744418398767,0.037195356138409,1,Estagnação,2675.250136,290.54395004761903,109.69930421428572,2662.148178,289.0318165343915,108.76345007142858,-13.101958000000195,-1.5121335132275249,-0.9358541428571384
62,1770,0.1134020618556701,0.2132963988919667,0.1134020618556701,0.2132963988919667,7,4,10,5,152,209,0.0478468899521531,0.0328947368421052,4.784688995215311,3.289473684210526,3,5,1.495215311004785,3640.250325999,238.1962186327049,106.04128638302129,47,31.76196741968215,22.47470817120622,50,33.16711269046235,23.47178936055884,3,1.4051452707802028,0.9970811893526204,5,Regeneração,3640.250325999,238.1962186327049,106.04128638302129,3896.431779999,238.58118001383755,107.97169240004,256.18145400000003,0.3849613811326549,1.9304060170187116
63,1774,0.1785714285714285,0.3189189189189189,0.1785714285714285,0.3189189189189189,4,6,5,8,71,114,0.043859649122807,0.1126760563380281,4.385964912280701,11.267605633802818,-2,-3,-6.881640721522117,2432.270529996,238.2632223145291,106.50225417842856,29,17.547632260723255,11.69605568445476,27,14.421217967911597,10.2654028436019,-2,-3.12641429281166,-1.4306528408528614,-3,Declínio,2432.270529996,238.2632223145291,106.50225417842856,2238.1749600000003,234.28907661538463,107.32627942307693,-194.09556999599957,-3.974145699144458,0.824025244648368
64,188,0.1428571428571428,0.3255813953488372,0.1428571428571428,0.3255813953488372,2,4,5,8,96,162,0.0308641975308641,0.0833333333333333,3.08641975308642,8.333333333333332,-2,-3,-5.246913580246913,2149.310647,274.0177942337662,124.33185113636364,22,16.233497391821054,12.320855614973263,20,13.788034434293207,10.607922392886016,-2,-2.4454629575278464,-1.7129332220872475,-3,Declínio,2149.310647,274.0177942337662,124.33185113636364,2057.582515,279.9488044736842,115.7740023,-91.72813199999972,5.93101023991801,-8.557848836363632
65,191,0.0980392156862745,0.1651376146788991,0.0980392156862745,0.1651376146788991,4,1,8,2,100,118,0.0677966101694915,0.02,6.779661016949152,2.0,3,6,4.779661016949152,2208.428575,271.4654675724637,114.26930654166668,24,10.81414002454041,5.643340857787811,27,14.730170976573811,8.768261964735515,3,3.9160309520334025,3.1249211069477045,6,Regeneração,2208.428575,271.4654675724637,114.26930654166668,2412.694225,269.0680128262108,112.5022144074074,204.26565000000028,-2.3974547462528903,-1.7670921342592862
66,192,0.12,0.2125,0.12,0.2125,0,3,0,5,156,164,0.0,0.032051282051282,0.0,3.205128205128205,-3,-5,-3.205128205128205,1789.616404,300.3538503626374,179.10652357142857,14,5.0437267415462825,3.260450160771704,11,5.174162836328858,3.714917127071824,-3,0.1304360947825751,0.4544669663001199,-5,Declínio,1789.616404,300.3538503626374,179.10652357142857,1675.498645,322.7188480363637,227.70698781818183,-114.1177590000002,22.364997673726293,48.60046424675326
67,193,0.037037037037037,0.0356394129979035,0.037037037037037,0.0356394129979035,1,0,1,0,235,242,0.0041322314049586,0.0,0.4132231404958678,0.0,1,1,0.4132231404958678,1662.987204,303.7507258974359,174.6876763846154,13,2.858201458463362,1.7744112071458409,14,3.0377262702983723,1.8674744897959177,1,0.1795248118350101,0.0930632826500768,1,Estagnação,1662.987204,303.7507258974359,174.6876763846154,1756.2206520000002,299.6506755604396,175.29335707142857,93.23344800000018,-4.100050336996333,0.605680686813173
68,194,0.0784313725490196,0.1122807017543859,0.0784313725490196,0.1122807017543859,6,2,8,2,271,299,0.0267558528428093,0.007380073800738,2.6755852842809364,0.7380073800738007,4,6,1.937577904207136,4127.5560450092,321.39023422656595,104.51165881669796,49,22.569400935312927,13.056177777777776,53,23.893925664357084,14.463840802459153,4,1.3245247290441569,1.4076630246813764,6,Regeneração,4127.5560450092,321.39023422656595,104.51165881669796,4386.1262590092,316.2572488450496,104.45334598147548,258.5702140000003,-5.132985381516335,-0.0583128352224804
69,1959,0.0617283950617283,0.1522633744855967,0.0617283950617283,0.1522633744855967,2,3,3,5,225,261,0.0114942528735632,0.0222222222222222,1.1494252873563218,2.2222222222222223,-1,-2,-1.0727969348659006,3733.251353,262.9811909195122,131.54261487804877,41,13.309806203251254,6.011756323477022,40,10.814339616051331,4.484890381196918,-1,-2.495466587199923,-1.5268659422801043,-2,Declínio,3733.251353,262.9811909195122,131.54261487804877,3651.031449,264.51060421410256,129.1240882,-82.21990400000004,1.5294132945903698,-2.418526678048778
70,1961,0.0843373493975903,0.2915360501567398,0.0843373493975903,0.2915360501567398,5,2,5,2,165,154,0.0324675324675324,0.0121212121212121,3.2467532467532463,1.2121212121212122,3,3,2.0346320346320343,3350.531883996,291.589218590888,98.24368248707692,40,21.792521664823653,12.051792828685262,43,27.458146871735075,18.674015748031497,3,5.665625206911422,6.622222919346235,3,Regeneração,3350.531883996,291.589218590888,98.24368248707692,3336.288883996,286.74798232965856,87.25537669038096,-14.242999999999938,-4.841236261229426,-10.988305796695968
71,1965,0.1351351351351351,0.2702518720217834,0.1351351351351351,0.2702518720217835,8,2,11,2,97,149,0.0738255033557047,0.0206185567010309,7.38255033557047,2.061855670103093,6,9,5.320694665467378,3158.796747,273.65857426136364,136.41647439393938,34,20.84005073558448,12.732070365358595,40,22.080756003357823,14.095873015873014,6,1.2407052677733432,1.363802650514419,9,Regeneração,3158.796747,273.65857426136364,136.41647439393938,3554.98689,268.7448572442645,124.4420142051282,396.19014300000026,-4.913717017099145,-11.97446018881118
72,1970,0.1489361702127659,0.1843575418994413,0.1489361702127659,0.1843575418994413,5,2,5,2,164,194,0.0257731958762886,0.0121951219512195,2.5773195876288657,1.2195121951219512,3,3,1.3578073925069143,1998.548452996,240.2641678914113,115.63300477236363,22,10.544667951466854,7.28888888888889,25,11.780743200426071,8.4613309352518,3,1.2360752489592173,1.1724420463629102,3,Regeneração,1998.548452996,240.2641678914113,115.63300477236363,2160.1417059960004,240.56684451968,98.25762403968,161.59325300000046,0.3026766282686992,-17.375380732683638
73,199,0.0612244897959183,0.1125265392781316,0.0612244897959183,0.1125265392781316,7,2,7,2,222,249,0.0281124497991967,0.009009009009009,2.8112449799196786,0.9009009009009008,5,5,1.9103440790187776,5035.996800003,286.82804654897785,91.15375364797184,71,47.155716027051,34.225,76,50.66870123563625,36.44973544973545,5,3.512985208585249,2.224735449735448,5,Regeneração,5035.996800003,286.82804654897785,91.15375364797184,5094.574522,282.6775694631579,84.94402978947369,58.57772199699957,-4.150477085819944,-6.209723858498151
74,2001,0.1818181818181818,0.2289156626506024,0.1818181818181818,0.2289156626506024,5,3,71,4,177,238,0.2983193277310924,0.0225988700564971,29.831932773109244,2.2598870056497176,2,67,27.572045767459528,2250.289612996,277.1894069615238,140.12576185695238,21,5.987694662080784,2.95194572693866,23,7.384032930838543,4.38285360569483,2,1.3963382687577583,1.4309078787561704,67,Regeneração,2250.289612996,277.1894069615238,140.12576185695238,2819.583541996,399.8102106083479,155.43400630417392,569.2939289999999,122.62080364682411,15.30824444722154
75,206,0.037037037037037,0.0735294117647058,0.037037037037037,0.0735294117647058,2,0,2,0,133,139,0.014388489208633,0.0,1.4388489208633095,0.0,2,2,1.4388489208633095,2426.717731,262.27223920307694,128.0142806923077,26,16.002509432727294,10.102227298686463,28,16.917383041118537,10.727928928373126,2,0.9148736083912432,0.6257016296866613,2,Regeneração,2426.717731,262.27223920307694,128.0142806923077,2553.346676,260.1254793386244,123.25671014285714,126.62894499999992,-2.14675986445252,-4.7575705494505485
76,208,0.0,0.0514573587621446,0.0,0.0514573587621446,0,0,0,0,232,240,0.0,0.0,0.0,0.0,0,0,0.0,2788.5128795,291.7510184873563,111.34823256666668,30,16.019157800854664,9.69801801801802,30,16.17274257499813,10.073452256033576,0,0.1535847741434644,0.375434238015556,0,Estagnação,2788.5128795,291.7510184873563,111.34823256666668,2788.5128795,291.7510184873563,111.34823256666668,0.0,0.0,0.0
77,21,0.1304347826086956,0.25512104283054,0.1304347826086956,0.25512104283054,10,5,13,8,214,323,0.0402476780185758,0.0373831775700934,4.024767801857585,3.738317757009345,5,5,0.2864500448482401,4112.945729399,261.9265734491593,98.94163812212965,55,36.65763573705254,26.594657375145182,60,36.53474372522913,26.02369668246445,5,-0.12289201182341,-0.5709606926807318,5,Regeneração,4112.945729399,261.9265734491593,98.94163812212965,4283.608478503,277.55349223096084,86.2656110678983,170.6627491039999,15.62691878180152,-12.67602705423134
78,211,0.081967213114754,0.0890052356020942,0.081967213114754,0.0890052356020942,2,3,2,3,281,292,0.0068493150684931,0.0106761565836298,0.684931506849315,1.0676156583629894,-1,-1,-0.3826841515136744,2946.293409,287.8367289548387,112.15279225806452,31,12.846144655023805,7.838876203712894,30,12.26999029266941,7.691141980876781,-1,-0.5761543623543925,-0.1477342228361129,-1,Estagnação,2946.293409,287.8367289548387,112.15279225806452,2845.137599,289.1775115241379,114.8733002,-101.15580999999976,1.340782569299222,2.7205079419354803
79,214,0.0833333333333333,0.1693989071038251,0.0833333333333333,0.1693989071038251,1,1,1,1,103,80,0.0125,0.0097087378640776,1.25,0.9708737864077668,0,0,0.2791262135922331,1418.062008,244.20229048484848,140.72968516666666,12,4.0942614270918405,2.3219522871525493,12,5.531975479425011,3.319502074688797,0,1.4377140523331704,0.9975497875362476,0,Estagnação,1418.062008,244.20229048484848,140.72968516666666,1470.010635,245.5398383333333,159.3474855,51.94862699999999,1.3375478484848315,18.61780033333335
80,217,0.0566037735849056,0.1724137931034483,0.0566037735849056,0.1724137931034483,1,2,1,10,190,245,0.0040816326530612,0.0526315789473684,0.4081632653061224,5.263157894736842,-1,-9,-4.854994629430719,2074.90792,234.92750535692304,75.55866738461539,27,10.079179423004986,5.224312590448626,26,9.495139232683012,5.099396822699858,-1,-0.5840401903219732,-0.1249157677487682,-9,Declínio,2074.90792,234.92750535692304,75.55866738461539,1941.661815,232.53781981333333,73.86639892000001,-133.24610500000017,-2.389685543589706,-1.6922684646153812
81,2179,0.1692307692307692,0.2159090909090909,0.1692307692307692,0.2159090909090909,6,5,10,7,86,90,0.1111111111111111,0.0813953488372093,11.11111111111111,8.13953488372093,1,3,2.97157622739018,2656.572145999,239.98424869348588,104.7022728125625,32,23.989080518664128,18.676767676767675,33,24.375831196881013,17.76315789473684,1,0.3867506782168846,-0.9136097820308358,3,Regeneração,2656.572145999,239.98424869348588,104.7022728125625,2731.2761019990003,236.53200151130304,105.8177785151212,74.70395600000029,-3.4522471821828447,1.115505702558707
82,218,0.0909090909090909,0.1025331724969843,0.0909090909090909,0.1025331724969843,4,2,4,2,207,211,0.0189573459715639,0.0096618357487922,1.895734597156398,0.966183574879227,2,2,0.9295510222771712,3026.543079,271.59525148817204,136.21294596774192,32,21.67156586090113,16.38585086042065,34,21.66721239131292,16.680779318096665,2,-0.0043534695882065,0.2949284576760149,2,Regeneração,3026.543079,271.59525148817204,136.21294596774192,3273.438877,273.87419868939395,134.83686724242423,246.895798,2.2789472012219107,-1.376078725317683
83,2194,0.1294117647058823,0.2969283276450511,0.1294117647058823,0.2969283276450511,9,2,16,2,111,182,0.0879120879120879,0.018018018018018,8.791208791208792,1.8018018018018016,7,14,6.98940698940699,2963.894076996,234.2801909571152,96.38064947357894,39,26.85090498674786,18.4170403587444,46,27.62847209777362,18.671927846674187,7,0.7775671110257605,0.2548874879297891,14,Regeneração,2963.894076996,234.2801909571152,96.38064947357894,3396.076130996,234.83703087456968,92.67952119991112,432.1820539999999,0.5568399174544822,-3.70112827366782
84,221,0.1076923076923077,0.1329305135951661,0.1076923076923077,0.1329305135951661,11,3,11,4,204,239,0.0460251046025104,0.0196078431372549,4.602510460251046,1.96078431372549,8,7,2.6417261465255555,4241.386629506,274.2825936619453,79.70904859040984,61,38.05111606161216,25.009615384615383,69,40.25564563010769,24.462955032119904,8,2.2045295684955306,-0.5466603524954792,7,Regeneração,4241.386629506,274.2825936619453,79.70904859040984,4620.081927506,269.9737018616402,74.9215518407971,378.69529800000055,-4.308891800305105,-4.787496749612743
85,2216,0.1071428571428571,0.2205567451820128,0.1071428571428571,0.2205567451820128,5,1,5,2,197,270,0.0185185185185185,0.0101522842639593,1.851851851851852,1.015228426395939,4,3,0.8366234254559126,2551.431711996,241.61919128892308,137.71696907676923,26,15.025520833924228,11.123244482659787,30,18.73750503613316,14.662107803700726,4,3.711984202208926,3.538863321040939,3,Regeneração,2551.431711996,241.61919128892308,137.71696907676923,2710.775999996,239.2497381928368,121.30812019986666,159.34428799999978,-2.369453096086289,-16.408848876902567
86,225,0.0434782608695652,0.1629213483146067,0.0434782608695652,0.1629213483146067,1,2,1,3,306,406,0.0024630541871921,0.0098039215686274,0.2463054187192118,0.9803921568627452,-1,-2,-0.7340867381435332,2546.7964485,281.2626111277311,82.16245925714286,35,18.97806958224504,11.41345685031692,34,18.504992185226463,11.440588561910053,-1,-0.4730773970185744,0.0271317115931317,-2,Declínio,2546.7964485,281.2626111277311,82.16245925714286,2522.8121295,282.8757704741533,87.85376699999999,-23.98431900000014,1.6131593464222078,5.691307742857134
87,228,0.1111111111111111,0.1836734693877551,0.1111111111111111,0.1836734693877551,3,1,4,1,104,141,0.0283687943262411,0.0096153846153846,2.8368794326241136,0.9615384615384616,2,3,1.875340971085652,2092.316729003,298.4477260591765,180.13931805935297,17,8.34133371273345,5.627471383975026,19,8.00113883985057,5.004027183488547,2,-0.3401948728828792,-0.6234442004864791,3,Regeneração,2092.316729003,298.4477260591765,180.13931805935297,2147.900784003,293.41312894768424,149.129937211,55.58405499999981,-5.034597111492246,-31.009380848352976
88,23,0.054054054054054,0.1157556270096463,0.054054054054054,0.1157556270096463,3,1,3,1,288,334,0.0089820359281437,0.0034722222222222,0.8982035928143712,0.3472222222222222,2,2,0.550981370592149,2760.615956899,242.2151053774048,95.1554770998611,36,6.278617103744873,2.4362333313751985,38,5.784163516851533,2.256574156485152,2,-0.4944535868933402,-0.1796591748900464,2,Regeneração,2760.615956899,242.2151053774048,95.1554770998611,2883.877934899,243.03757453024608,93.77285083144736,123.261978,0.8224691528412791,-1.3826262684137447
89,2310,0.2,0.2718446601941747,0.2,0.2718446601941747,4,11,4,14,120,86,0.0465116279069767,0.1166666666666666,4.651162790697675,11.666666666666666,-7,-10,-7.015503875968991,3767.459476996,267.97529109082564,132.2357420998,41,29.006113975358065,22.085889570552148,34,23.33389880149065,16.290748898678416,-7,-5.672215173867407,-5.795140671873732,-10,Declínio,3767.459476996,267.97529109082564,132.2357420998,3206.367763,271.0307075037879,138.7990598787879,-561.0917139959997,3.055416412962245,6.56331777898788
90,2406,0.1044776119402985,0.1696428571428571,0.1044776119402985,0.1696428571428571,7,0,14,0,94,130,0.1076923076923077,0.0,10.76923076923077,0.0,7,14,10.76923076923077,2617.880057996,239.11031438134253,111.39264939986668,30,21.73560658758917,17.60159362549801,37,25.44512376613303,19.92924528301887,7,3.709517178543852,2.3276516575208603,14,Regeneração,2617.880057996,239.11031438134253,111.39264939986668,3093.771543996,237.62651218897292,110.24590562151351,475.8914860000005,-1.4838021923695806,-1.146743778353169
91,242,0.2195121951219512,0.4531835205992509,0.2195121951219512,0.4531835205992509,8,1,24,1,80,187,0.1283422459893048,0.0125,12.834224598930485,1.25,7,23,11.584224598930485,1716.010463,274.1652394117648,125.51708382352942,17,9.408301828104165,6.5979381443298974,24,9.34287928712545,4.810702985279955,7,-0.0654225409787123,-1.787235159049942,23,Regeneração,1716.010463,274.1652394117648,125.51708382352942,2222.450036,267.8301490434783,126.9477575,506.4395730000001,-6.335090368286501,1.430673676470576
92,2425,0.1139240506329113,0.1009174311926605,0.1139240506329113,0.1009174311926605,5,4,5,5,106,112,0.0446428571428571,0.0471698113207547,4.464285714285714,4.716981132075472,1,0,-0.2526954177897575,3248.332014996,240.70879881629017,112.60199273673685,39,23.361181735327328,12.21304347826087,40,24.690524474456627,13.260042283298098,1,1.329342739129299,1.0469988050372283,0,Estagnação,3248.332014996,240.70879881629017,112.60199273673685,3295.2788329960003,240.285295762278,109.36964510246152,46.94681800000035,-0.4235030540121727,-3.232347634275328
93,246,0.1111111111111111,0.2464631422189128,0.1111111111111111,0.2464631422189128,6,1,25,1,89,136,0.1838235294117647,0.0112359550561797,18.38235294117647,1.1235955056179776,5,24,17.258757435558493,2559.566177,240.00919254679803,111.7963004137931,29,20.13887480350659,15.08761904761904,34,21.281775639805016,15.135842880523734,5,1.142900836298427,0.0482238329046929,24,Regeneração,2559.566177,240.00919254679803,111.7963004137931,3229.208822,273.0877477932264,128.7484277647059,669.6426449999999,33.07855524642838,16.95212735091279
94,249,0.074074074074074,0.106060606060606,0.074074074074074,0.106060606060606,3,1,3,2,128,136,0.0220588235294117,0.015625,2.2058823529411766,1.5625,2,1,0.6433823529411766,2530.845642,243.23233398,153.7607234,26,17.78158763298604,13.585406301824213,28,18.00681816020579,13.21142857142857,2,0.2252305272197503,-0.3739777303956426,1,Estagnação,2530.845642,243.23233398,153.7607234,2626.786322,240.93821065527064,146.18231996296296,95.9406799999997,-2.2941233247293558,-7.578403437037025
95,251,0.0303030303030303,0.0779327317473338,0.0303030303030303,0.0779327317473338,2,0,3,0,197,214,0.014018691588785,0.0,1.4018691588785046,0.0,2,3,1.4018691588785046,3032.885141003,272.8591241894409,135.82006051632257,32,13.221238808986255,7.590260121259534,34,14.69447441475048,8.257482870537324,2,1.4732356057642215,0.6672227492777898,3,Regeneração,3032.885141003,272.8591241894409,135.82006051632257,3191.915934003,270.9321553676061,134.33504615169696,159.0307929999999,-1.926968821834805,-1.4850143646256129
96,2530,0.0508474576271186,0.1812080536912751,0.0508474576271186,0.1812080536912751,3,0,4,0,132,166,0.0240963855421686,0.0,2.409638554216868,0.0,3,4,2.409638554216868,2532.662541996,232.37942848384125,127.79345774985714,28,18.839353859677104,14.352553542009884,31,20.702670173192026,15.90993071593534,3,1.8633163135149184,1.5573771739254545,4,Regeneração,2532.662541996,232.37942848384125,127.79345774985714,2694.128128996,232.88023036525053,126.3386885332,161.46558700000014,0.5008018814092736,-1.4547692166571409
97,254,0.1111111111111111,0.2472981563890655,0.1111111111111111,0.2472981563890655,9,1,11,2,109,157,0.0700636942675159,0.018348623853211,7.006369426751593,1.834862385321101,8,9,5.171507041430491,3081.4248700030003,286.9997553855122,81.44735317095122,41,31.27819753650688,25.6609071274298,49,32.451660460658566,23.363981042654025,8,1.1734629241516927,-2.2969260847757766,9,Regeneração,3081.4248700030003,286.9997553855122,81.44735317095122,3445.7745385030003,277.8492067441701,81.80951128589795,364.3496685,-9.150548641342084,0.3621581149467374
98,260,0.0666666666666666,0.0609107037256061,0.0666666666666666,0.0609107037256061,3,1,3,1,139,144,0.0208333333333333,0.0071942446043165,2.083333333333333,0.7194244604316548,2,2,1.3639088729016784,2791.270709,267.4993161970443,128.85728124137933,29,19.19860880920208,13.890007189072607,31,19.81567105567187,14.029769959404602,2,0.6170622464697892,0.139762770331993,2,Regeneração,2791.270709,267.4993161970443,128.85728124137933,3078.059241,268.5886810150538,139.15415829032258,286.78853200000003,1.0893648180094715,10.29687704894326
99,261,0.625,0.52,0.625,0.52,2,8,2,16,36,14,0.1428571428571428,0.4444444444444444,14.285714285714285,44.44444444444444,-6,-14,-30.15873015873016,1412.8970900000002,239.00533050909087,182.4483403636364,11,7.866135534050369,6.29126213592233,5,3.9592526601050366,3.3793103448275863,-6,-3.906882873945333,-2.911951791094744,-14,Declínio,1412.8970900000002,239.00533050909087,182.4483403636364,857.5729840000001,246.8832412,224.70149440000003,-555.324106,7.877910690909118,42.25315403636364
100,2623,0.2580645161290322,0.3376623376623376,0.2580645161290322,0.3376623376623376,10,6,16,7,62,92,0.1739130434782608,0.1129032258064516,17.391304347826086,11.29032258064516,4,9,6.100981767180926,2252.0719549960004,234.1634856240529,93.06772228557142,29,25.66472346392809,23.1566265060241,33,24.943659888140413,20.152380952380952,4,-0.721063575787678,-3.0042455536431483,9,Regeneração,2252.0719549960004,234.1634856240529,93.06772228557142,2821.124990996,236.0543735111212,110.10484790896967,569.0530359999998,1.8908878870683168,17.037125623398254
101,2645,0.0434782608695652,0.1317365269461078,0.0434782608695652,0.1317365269461078,2,1,2,2,151,183,0.0109289617486338,0.0132450331125827,1.092896174863388,1.3245033112582782,1,0,-0.2316071363948901,2979.459924996,239.0570606165205,119.0644127057647,34,24.22270153756533,19.176619007569386,35,24.395371526586644,18.782389231632084,1,0.1726699890213083,-0.3942297759373012,0,Estagnação,2979.459924996,239.0570606165205,119.0644127057647,3003.4497519960005,238.734121673721,113.09265902845712,23.98982700000033,-0.3229389427994817,-5.971753677307575
102,27,0.074074074074074,0.0673234811165845,0.074074074074074,0.0673234811165845,2,2,3,2,292,317,0.0094637223974763,0.0068493150684931,0.946372239747634,0.684931506849315,0,1,0.261440732898319,2599.808716899,277.3272315207236,124.33001157792592,27,10.052105305211242,6.317723770005928,27,10.4340864859567,6.558049990210795,0,0.3819811807454574,0.2403262202048663,1,Estagnação,2599.808716899,277.3272315207236,124.33001157792592,2482.132262899,275.5415724153105,107.70479020744445,-117.67645399999992,-1.7856591054131172,-16.62522137048147
103,279,0.1549295774647887,0.316504854368932,0.1549295774647887,0.316504854368932,10,1,19,1,137,208,0.0913461538461538,0.0072992700729927,9.134615384615383,0.7299270072992701,9,18,8.404688377316113,2584.454943,238.146114511828,101.88486512903224,31,19.016998788964013,13.770359501100511,40,26.019495603567385,19.719234275296262,9,7.002496814603369,5.948874774195749,18,Regeneração,2584.454943,238.146114511828,101.88486512903224,3339.981102996,264.8253407203128,110.8497891499,755.5261599959999,26.67922620848481,8.96492402086777
104,28,0.074074074074074,0.1369294605809128,0.074074074074074,0.1369294605809128,3,5,3,5,240,242,0.012396694214876,0.0208333333333333,1.2396694214876034,2.083333333333333,-2,-2,-0.8436639118457296,4017.057117402,317.4584237622276,82.5959675564909,55,35.66769264375726,27.118644067796613,53,34.742552297245915,26.261883408071743,-2,-0.9251403465113484,-0.8567606597248698,-2,Declínio,4017.057117402,317.4584237622276,82.5959675564909,3892.914938902,319.6888878591466,80.09017910579246,-124.14217850000024,2.230464096918979,-2.5057884506984465
105,281,0.1830985915492957,0.1689401888772298,0.1830985915492957,0.1689401888772298,11,2,23,4,202,276,0.0833333333333333,0.0198019801980198,8.333333333333332,1.98019801980198,9,19,6.353135313531352,2972.769429999,277.2346513246667,123.88743361296774,31,11.375051837448824,5.642146017699117,40,16.011798429300104,7.882450331125828,9,4.63674659185128,2.240304313426712,19,Regeneração,2972.769429999,277.2346513246667,123.88743361296774,3601.266355999,269.57914765379616,120.16364040005,628.4969260000003,-7.65550367087053,-3.723793212917741
106,284,0.0416666666666666,0.2107253351667239,0.0416666666666666,0.2107253351667239,2,2,2,2,211,275,0.0072727272727272,0.0094786729857819,0.7272727272727273,0.9478672985781992,0,0,-0.2205945713054717,4096.6241269022,308.8943744236732,94.69936192919585,48,28.20449108917034,17.646056282203727,48,23.289931178964228,13.65318649575736,0,-4.914559910206112,-3.992869786446368,0,Estagnação,4096.6241269022,308.8943744236732,94.69936192919585,4026.7345309022,309.7157737454817,92.5298103458625,-69.88959600000044,0.821399321808542,-2.1695515833333445
107,285,0.0886075949367088,0.134575569358178,0.0886075949367088,0.134575569358178,5,2,5,3,229,254,0.0196850393700787,0.0131004366812227,1.968503937007874,1.310043668122271,3,2,0.6584602688856034,3356.330303896,324.1643847463044,98.25592551557897,38,16.87219214139655,9.95274245587398,41,15.652102113910557,9.015651201788708,3,-1.220090027485993,-0.9370912540852724,2,Regeneração,3356.330303896,324.1643847463044,98.25592551557897,3389.134978896,318.35856729697946,92.9461987398,32.80467500000032,-5.805817449324934,-5.3097267757789695
108,286,0.1111111111111111,0.1136363636363636,0.1111111111111111,0.1136363636363636,5,3,5,4,171,181,0.0276243093922651,0.023391812865497,2.7624309392265194,2.3391812865497075,2,1,0.4232496526768119,3371.533708,320.91189535462183,127.20575262857145,35,22.704299151108703,16.36317851147174,37,20.352634065947267,13.290466531440163,2,-2.351665085161436,-3.0727119800315776,1,Estagnação,3371.533708,320.91189535462183,127.20575262857145,3313.735663,287.5425303363363,130.55618732432433,-57.798045,-33.36936501828552,3.350434695752881
109,287,0.0454545454545454,0.1289640591966173,0.0454545454545454,0.1289640591966173,3,1,5,1,212,261,0.0191570881226053,0.0047169811320754,1.9157088122605364,0.4716981132075472,2,4,1.4440106990529893,3647.338471996,292.4262934063136,113.28116866657145,43,22.068064413905603,13.975124378109454,45,21.682545683321816,13.097673524322245,2,-0.3855187305837866,-0.8774508537872112,4,Regeneração,3647.338471996,292.4262934063136,113.28116866657145,3684.211151896,290.7166643093319,103.048805718,36.872679900000094,-1.7096290969817003,-10.23236294857145
110,297,0.0746268656716417,0.1096736254042928,0.0746268656716417,0.1096736254042928,2,3,2,4,291,277,0.0072202166064981,0.0137457044673539,0.7220216606498195,1.3745704467353952,-1,-2,-0.6525487860855756,3088.33007,286.3539985472371,105.23347170588237,34,14.544933672850735,8.532090680100755,33,12.371846442369376,7.029683921209344,-1,-2.173087230481361,-1.5024067588914107,-2,Declínio,3088.33007,286.3539985472371,105.23347170588237,3070.317601996,288.88691788612124,108.71515709078788,-18.012468003999857,2.532919338884142,3.481685384905518
111,30,0.0495049504950495,0.1076388888888889,0.0495049504950495,0.1076388888888889,2,3,2,5,283,293,0.0068259385665529,0.0176678445229682,0.6825938566552902,1.76678445229682,-1,-3,-1.08419059564153,3757.243206006,318.0786682865098,94.51433723558824,51,15.840737912147292,6.9709287144224925,50,12.28890583426936,5.174431920920981,-1,-3.5518320778779326,-1.796496793501512,-3,Declínio,3757.243206006,318.0786682865098,94.51433723558824,3684.990693006,301.38779793166856,89.4045482203,-72.25251299999991,-16.690870354841252,-5.109789015288243
112,301,0.0909090909090909,0.1851851851851851,0.0909090909090909,0.1851851851851851,2,0,2,0,26,28,0.0714285714285714,0.0,7.142857142857142,0.0,2,2,7.142857142857142,1550.1600990000002,326.92752673333337,225.0148614,10,7.467736213245535,5.633333333333334,12,10.117664281358987,8.909090909090908,2,2.6499280681134536,3.2757575757575745,2,Regeneração,1550.1600990000002,326.92752673333337,225.0148614,1603.3280060000002,306.830907030303,171.00407333333334,53.167907000000014,-20.096619703030346,-54.01078806666666
113,304,0.1428571428571428,0.2849740932642487,0.1428571428571428,0.2849740932642487,5,1,23,1,73,120,0.1916666666666666,0.0136986301369863,19.166666666666668,1.36986301369863,4,22,17.796803652968038,2122.531167,283.45318844444444,153.60960994736843,19,11.196821266456032,7.33012379642366,23,10.704114226010688,6.509945750452079,4,-0.4927070404453442,-0.8201780459715806,22,Regeneração,2122.531167,283.45318844444444,153.60960994736843,2468.511031,273.44651353359683,151.5530379565217,345.9798639999999,-10.006674910847607,-2.05657199084672
114,308,0.1136363636363636,0.2489795918367346,0.1136363636363636,0.2489795918367346,7,3,19,6,223,268,0.0708955223880597,0.0269058295964125,7.08955223880597,2.690582959641256,4,13,4.398969279164714,3657.596090996,370.6420619998095,105.3744205475238,42,25.131303046226265,17.189422744555827,46,23.7662751702638,15.216949152542378,4,-1.3650278759624648,-1.9724735920134489,13,Regeneração,3657.596090996,370.6420619998095,105.3744205475238,4037.395695996,363.0089194983768,110.03275178252174,379.79960500000016,-7.633142501432701,4.658331234997945
115,3082,0.2121212121212121,0.2727272727272727,0.2121212121212121,0.2727272727272727,11,3,13,3,89,142,0.0915492957746478,0.0337078651685393,9.15492957746479,3.3707865168539324,8,10,5.784143060610857,2609.214909996,239.478673192836,122.43954271414285,29,17.56152213751013,10.436100131752308,37,20.447114176093145,11.16500553709856,8,2.885592038583013,0.7289054053462536,10,Regeneração,2609.214909996,239.478673192836,122.43954271414285,2940.8236689960004,237.44108111406348,103.61672583322222,331.6087590000002,-2.0375920787725192,-18.822816880920627
116,309,0.0638297872340425,0.1067503924646781,0.0638297872340425,0.1067503924646781,6,0,9,0,202,225,0.04,0.0,4.0,0.0,6,9,4.0,3528.069043996,325.67506288142494,96.79060577263635,44,24.06130430250449,14.946520146520143,50,25.31732398766123,14.815627743634764,6,1.256019685156737,-0.1308924028853777,9,Regeneração,3528.069043996,325.67506288142494,96.79060577263635,3716.913024996,314.94956529861554,83.92326807991999,188.843981,-10.725497582809396,-12.867337692716362
117,3097,0.054054054054054,0.0891089108910891,0.054054054054054,0.0891089108910891,1,3,1,3,148,155,0.0064516129032258,0.0202702702702702,0.6451612903225806,2.027027027027027,-2,-2,-1.381865736704447,3305.834486996,235.65823415057184,124.20608676305262,38,26.0658868977974,20.47102803738317,36,25.882393557548504,20.657781599312127,-2,-0.1834933402488943,0.1867535619289491,-2,Declínio,3305.834486996,235.65823415057184,124.20608676305262,3045.802261996,234.11206687755555,111.23055138877776,-260.0322249999999,-1.5461672730162943,-12.97553537427487
118,310,0.0465116279069767,0.0839041095890411,0.0465116279069767,0.0839041095890411,1,3,1,3,189,205,0.0048780487804878,0.0158730158730158,0.4878048780487805,1.5873015873015872,-2,-2,-1.0994967092528067,4000.586992496,284.72443586874,135.09486879536362,44,28.60236501654312,21.12418687167357,42,27.212083766363644,20.51000488042948,-2,-1.3902812501794737,-0.6141819912440916,-2,Declínio,4000.586992496,284.72443586874,135.09486879536362,3846.098308996,285.4271939823879,134.25629669038094,-154.4886835000002,0.7027581136479171,-0.8385721049826884
119,311,0.0465116279069767,0.1787234042553191,0.0465116279069767,0.1787234042553191,3,1,3,1,205,268,0.0111940298507462,0.0048780487804878,1.1194029850746268,0.4878048780487805,2,2,0.6315981070258463,2992.8537335030005,238.1227297411417,81.87915711919048,42,24.725097053453663,17.329896907216494,44,24.552468765817544,17.44147644487615,2,-0.1726282876361189,0.111579537659658,2,Regeneração,2992.8537335030005,238.1227297411417,81.87915711919048,3073.379148503,238.04423160161627,77.08411261377273,80.52541499999961,-0.0784981395254362,-4.795044505417749
120,312,0.1,0.14540059347181,0.1,0.14540059347181,8,0,10,0,150,187,0.053475935828877,0.0,5.347593582887701,0.0,8,10,5.347593582887701,3407.389853996,273.7857308267619,137.22518719433333,36,24.20410919544987,18.0,44,27.42087800993422,19.203185063152112,8,3.2167688144843503,1.2031850631521124,10,Regeneração,3407.389853996,273.7857308267619,137.22518719433333,3731.276522496,289.58508584654123,104.42554693172728,323.8866684999998,15.79935501977934,-32.79964026260605
121,316,0.0654205607476635,0.1919191919191919,0.0654205607476635,0.1919191919191919,3,4,3,4,277,317,0.0094637223974763,0.0144404332129963,0.946372239747634,1.444043321299639,-1,-1,-0.497671081552005,4254.876669902,332.7801822731698,96.16263878907408,54,23.98794936154724,13.606845185316542,53,25.649715581185824,16.745375770704882,-1,1.661766219638583,3.13853058538834,-1,Estagnação,4254.876669902,332.7801822731698,96.16263878907408,4234.508214902,318.4016556835297,98.76872842660376,-20.368454999999813,-14.378526589640105,2.606089637529678
122,317,0.1428571428571428,0.1843971631205673,0.1428571428571428,0.1843971631205673,4,6,4,7,138,144,0.0277777777777777,0.0507246376811594,2.7777777777777777,5.072463768115942,-2,-3,-2.2946859903381647,3453.901169899,299.06338757581744,114.91583909986112,36,22.018630511431866,15.923076923076923,34,20.21406440278024,14.832618025751072,-2,-1.804566108651624,-1.0904588973258509,-3,Declínio,3453.901169899,299.06338757581744,114.91583909986112,3554.776168899,305.126078302615,136.46334298817646,100.87499900000012,6.062690726797541,21.547503888315347
123,318,0.081081081081081,0.148231079265562,0.081081081081081,0.148231079265562,3,3,3,4,174,200,0.015,0.0229885057471264,1.5,2.2988505747126435,0,-1,-0.7988505747126435,3624.786063002,295.0146366817898,131.93078745991892,37,15.774955502430188,8.022257551669318,37,15.894647532330216,7.905138339920948,0,0.1196920299000297,-0.1171192117483697,-1,Estagnação,3624.786063002,295.0146366817898,131.93078745991892,3690.522923002,295.96490806016817,130.97168548694594,65.73685999999998,0.9502713783783748,-0.9591019729729736
124,321,0.0833333333333333,0.1104815864022662,0.0833333333333333,0.1104815864022662,3,3,3,3,169,184,0.0163043478260869,0.0177514792899408,1.6304347826086956,1.7751479289940828,0,0,-0.1447131463853872,3204.6746860000003,261.6259205650793,115.26160594444444,36,23.7150469473891,17.68482972136223,36,23.26587029636925,17.469556243550052,0,-0.4491766510198509,-0.2152734778121789,0,Estagnação,3204.6746860000003,261.6259205650793,115.26160594444444,3194.9370830000003,260.4854513619048,120.89649933333334,-9.737603000000036,-1.1404692031745185,5.634893388888898
125,328,0.0602409638554216,0.0945945945945946,0.0602409638554216,0.0945945945945946,4,1,5,1,244,251,0.0199203187250996,0.0040983606557377,1.99203187250996,0.4098360655737705,3,4,1.5821958069361897,3508.8498949960003,262.0918662100564,119.4936661249,40,24.52281830824901,17.889423076923077,43,26.25211010223956,19.3432606693276,3,1.729291793990548,1.4538375924045257,4,Regeneração,3508.8498949960003,262.0918662100564,119.4936661249,3668.417878996,260.12376417257144,118.5087512092093,159.5679839999998,-1.9681020374849825,-0.9849149156907088
126,3309,0.0512820512820512,0.0743243243243243,0.0512820512820512,0.0743243243243243,2,2,2,2,145,151,0.0132450331125827,0.0137931034482758,1.3245033112582782,1.3793103448275863,0,0,-0.054807033569308,3198.4740029960003,238.2592886448691,98.86854284605128,39,25.56392087443768,18.524229074889867,39,24.350228399861955,17.312832194381173,0,-1.2136924745757227,-1.211396880508694,0,Estagnação,3198.4740029960003,238.2592886448691,98.86854284605128,3232.256423996,238.45104673805403,110.14835594726316,33.782420999999886,0.1917580931849443,11.279813101211872
127,336,0.2,0.2508017960230917,0.2,0.2508017960230917,8,3,18,3,108,153,0.1176470588235294,0.0277777777777777,11.76470588235294,2.7777777777777777,5,15,8.986928104575163,2667.027018,276.88159317333333,150.8423448,25,15.1875179047073,11.024574669187146,30,19.287026895218627,14.441085749537322,5,4.0995089905113264,3.416511080350176,15,Regeneração,2667.027018,276.88159317333333,150.8423448,2940.1380360000003,268.74431634252875,138.73292676666668,273.11101800000006,-8.13727683080458,-12.109418033333329
128,337,0.0491803278688524,0.0710082385249117,0.0491803278688524,0.0710082385249117,2,1,2,1,204,222,0.009009009009009,0.0049019607843137,0.9009009009009008,0.4901960784313725,1,1,0.4107048224695284,2669.832719,267.3680867034483,102.6132026,30,12.072835280879412,6.068241469816273,31,13.384380626561242,6.716271463614064,1,1.3115453456818305,0.64802999379779,1,Estagnação,2669.832719,267.3680867034483,102.6132026,2760.046946,267.4174929419355,110.07252225806452,90.21422699999994,0.0494062384872222,7.45931965806453
129,340,0.2112676056338028,0.4113475177304964,0.2112676056338028,0.4113475177304964,9,6,48,11,113,169,0.2840236686390532,0.0973451327433628,28.402366863905325,9.734513274336283,3,37,18.66785358956904,2509.8017910030003,238.5519006882335,85.212266559,34,24.30174270442559,17.858741258741258,37,23.81147428860104,17.010720667063726,3,-0.490268415824552,-0.8480205916775319,37,Regeneração,2509.8017910030003,238.5519006882335,85.212266559,2832.669976003,291.6160984295916,82.60526070278378,322.8681849999998,53.0641977413581,-2.607005856216219
130,341,0.1392405063291139,0.3484162895927601,0.1392405063291139,0.3484162895927601,5,6,5,19,102,119,0.042016806722689,0.1862745098039215,4.201680672268908,18.62745098039216,-1,-14,-14.425770308123251,3271.926078003,266.1828856465776,119.42495456441026,40,30.31270668885881,23.432432432432435,39,27.83018536704919,21.55403348554033,-1,-2.4825213218096245,-1.878398946892105,-14,Declínio,3271.926078003,266.1828856465776,119.42495456441026,2683.1966180030004,235.48525451082645,88.56011405278947,-588.7294599999996,-30.697631135751124,-30.864840511620784
131,344,0.1076923076923077,0.1475409836065573,0.1076923076923077,0.1475409836065573,5,2,5,3,140,165,0.0303030303030303,0.0214285714285714,3.0303030303030303,2.142857142857143,3,2,0.8874458874458875,2832.687223,307.7911963096774,79.82385070967742,31,15.679842309137165,7.980456026058632,34,17.512597961723056,10.154792987691163,3,1.832755652585892,2.174336961632533,2,Regeneração,2832.687223,307.7911963096774,79.82385070967742,2863.175065,327.3838204812834,77.70961552941176,30.487842,19.59262417160602,-2.114235180265652
132,345,0.1351351351351351,0.2534181240063593,0.1351351351351351,0.2534181240063593,9,1,13,1,215,312,0.0416666666666666,0.0046511627906976,4.166666666666666,0.4651162790697674,8,12,3.701550387596898,3218.325530999,306.01879967039395,109.54912403045456,33,17.01440789217401,11.040124193933604,41,16.401829848753387,8.838205919738517,8,-0.6125780434206227,-2.201918274195087,12,Regeneração,3218.325530999,306.01879967039395,109.54912403045456,3593.625184999,292.8812799145854,98.18967400004878,375.2996539999999,-13.137519755808569,-11.359450030405782
133,349,0.0482758620689655,0.1286589516678012,0.0482758620689655,0.1286589516678012,3,4,3,5,348,387,0.0077519379844961,0.014367816091954,0.7751937984496124,1.4367816091954022,-1,-2,-0.6615878107457898,4770.306584902,284.635915550207,75.60709440553424,73,41.76779912517031,25.668503603221705,72,42.71197621518101,28.985678343332687,-1,0.9441770900106974,3.317174740110982,-2,Declínio,4770.306584902,284.635915550207,75.60709440553424,4823.738503902,284.8483360113232,79.89847955005555,53.43191899999965,0.2124204611162099,4.291385144521314
134,35,0.1320754716981132,0.1176470588235294,0.1320754716981132,0.1176470588235294,6,1,9,4,176,198,0.0454545454545454,0.0227272727272727,4.545454545454546,2.272727272727273,5,5,2.272727272727273,2246.202844996,243.19414924604348,113.1929990415,24,8.695654318989206,5.098090849242923,29,9.591186835891472,5.3822075782537055,5,0.8955325169022661,0.2841167290107824,5,Regeneração,2246.202844996,243.19414924604348,113.1929990415,2693.636685996,243.53133917706404,125.902472724,447.433841,0.3371899310205606,12.709473682500004
135,351,0.1559633027522936,0.192200557103064,0.1559633027522936,0.192200557103064,15,2,24,2,153,206,0.116504854368932,0.0130718954248366,11.650485436893204,1.30718954248366,13,22,10.343295894409543,4031.613582902,266.5928840681684,112.59267340847916,48,25.035752026362257,13.50778995960762,61,29.867887419440432,14.889824561403511,13,4.832135393078175,1.3820346017958922,22,Regeneração,4031.613582902,266.5928840681684,112.59267340847916,4484.223917402,259.7899658343825,95.83568287880328,452.6103344999997,-6.802918233785931,-16.756990529675875
136,352,0.1875,0.2233676975945017,0.1875,0.2233676975945017,4,8,5,8,128,163,0.0306748466257668,0.0625,3.067484662576687,6.25,-4,-3,-3.182515337423313,3263.990059,277.3352308467023,134.4899752352941,34,18.835243968589264,12.226865671641791,30,15.671401308006736,11.038221852928958,-4,-3.163842660582528,-1.1886438187128334,-3,Declínio,3263.990059,277.3352308467023,134.4899752352941,2910.422284,247.5784066827586,139.78179896666666,-353.567775,-29.75682416394369,5.291823731372546
137,365,0.0769230769230769,0.0983606557377049,0.0769230769230769,0.0983606557377049,2,2,2,2,122,122,0.0163934426229508,0.0163934426229508,1.639344262295082,1.639344262295082,0,0,0.0,2728.1380470000004,273.1274334984615,142.5994383076923,26,14.405206733638268,8.371203599550057,26,13.097892895768906,7.35375494071146,0,-1.307313837869362,-1.017448658838597,0,Estagnação,2728.1380470000004,273.1274334984615,142.5994383076923,2718.28937,273.2837265692308,148.56747373076922,-9.848677000000407,0.1562930707692658,5.968035423076913
138,367,0.0985915492957746,0.0848126232741617,0.0985915492957746,0.0848126232741617,4,3,4,10,259,248,0.0161290322580645,0.0386100386100386,1.6129032258064515,3.861003861003861,1,-6,-2.2481006351974093,3074.949932996,287.0300890451496,99.45345502845714,35,22.73443584412417,17.6111840378052,36,22.198481879887247,17.02768549280177,1,-0.5359539642369242,-0.5834985450034296,-6,Declínio,3074.949932996,287.0300890451496,99.45345502845714,3016.535922996,285.7135098521587,86.52343399988888,-58.41400999999996,-1.3165791929909003,-12.930021028568262
139,369,0.1470588235294117,0.2546916890080429,0.1470588235294117,0.2546916890080429,7,3,7,3,196,177,0.03954802259887,0.0153061224489795,3.954802259887006,1.530612244897959,4,4,2.4241900149890467,2867.290061,262.7929728225806,126.75952578125,32,15.683074935026363,9.666834423754404,36,21.194373192970072,14.954176610978516,4,5.511298257943709,5.287342187224112,4,Regeneração,2867.290061,262.7929728225806,126.75952578125,3204.013383,259.9122368619048,127.5904789722222,336.7233219999998,-2.8807359606758496,0.8309531909721954
140,37,0.0229007633587786,0.0613598673300165,0.0229007633587786,0.0613598673300165,2,1,2,1,298,305,0.0065573770491803,0.0033557046979865,0.6557377049180327,0.3355704697986577,1,1,0.320167235119375,4573.607097003,275.22414012062944,85.28529834379687,65,40.930067538377926,29.38583719391132,66,39.56170905782907,27.530334418467,1,-1.3683584805488564,-1.8555027754443143,1,Estagnação,4573.607097003,275.22414012062944,85.28529834379687,4675.115680003,274.7026248000923,85.83574741543076,101.50858300000073,-0.5215153205371621,0.5504490716338921
141,377,0.1666666666666666,0.1428571428571428,0.1666666666666666,0.1428571428571428,7,5,9,6,139,141,0.0638297872340425,0.0431654676258992,6.382978723404255,4.316546762589928,2,3,2.066431960814328,3087.025470996,275.1353055719572,122.13038897047058,35,20.90745214519633,14.942768754833716,37,21.887232629085688,14.914478619654917,2,0.9797804838893532,-0.0282901351787998,3,Regeneração,3087.025470996,275.1353055719572,122.13038897047058,2845.945393999,242.0837723555,91.86956711116666,-241.0800769970001,-33.05153321645719,-30.26082185930392
142,383,0.2,0.18881654538491,0.2,0.18881654538491,5,16,6,21,243,194,0.0309278350515463,0.0864197530864197,3.09278350515464,8.641975308641975,-11,-15,-5.549191803487336,4022.5602985,273.7392737247429,83.16402205172413,58,29.010074254756173,16.818285388778126,47,22.82196503908852,13.646120377084843,-11,-6.188109215667652,-3.1721650116932807,-15,Declínio,4022.5602985,273.7392737247429,83.16402205172413,3559.680903,281.60974197317296,87.60159408510638,-462.8793955000001,7.870468248430086,4.437572033382253
143,384,0.036144578313253,0.08,0.036144578313253,0.08,3,0,5,0,288,312,0.016025641025641,0.0,1.6025641025641024,0.0,3,5,1.6025641025641024,3212.187396006,289.6945281374795,93.49491682545,40,14.364695171581584,6.887892376681614,43,15.76173925169085,7.280777860882573,3,1.397044080109266,0.392885484200959,5,Regeneração,3212.187396006,289.6945281374795,93.49491682545,3259.566230506,286.36350364479733,81.72812411662791,47.37883449999981,-3.331024492682161,-11.766792708822097
144,385,0.1235955056179775,0.1278195488721804,0.1235955056179775,0.1278195488721804,7,4,10,4,305,318,0.0314465408805031,0.0131147540983606,3.1446540880503147,1.3114754098360657,3,6,1.8331786782142487,3225.899318,306.4730182746401,90.4316380232558,43,20.558216674183186,13.519110594390352,46,23.51688181980057,15.605555555555553,3,2.958665145617392,2.086444961165201,6,Regeneração,3225.899318,306.4730182746401,90.4316380232558,3387.79156,303.9112281010101,92.80213084444443,161.8922419999999,-2.561790173629958,2.370492821188634
145,386,0.024390243902439,0.0676416819012797,0.024390243902439,0.0676416819012797,2,1,3,1,271,277,0.0108303249097472,0.003690036900369,1.083032490974729,0.3690036900369003,1,2,0.7140288009378287,4220.365842006,290.6484212023825,83.21710381986885,61,30.106345132593948,18.255282127765348,62,31.8259788405474,20.22910624835223,1,1.7196337079534525,1.9738241205868832,2,Regeneração,4220.365842006,290.6484212023825,83.21710381986885,4254.082054006,289.7585977955399,82.39969245180644,33.71621200000027,-0.889823406842595,-0.8174113680624089
146,387,0.12,0.1313394018205461,0.12,0.1313394018205461,9,3,10,4,173,212,0.0471698113207547,0.0231213872832369,4.716981132075472,2.312138728323699,6,6,2.404842403751773,3951.58195,309.8341693709528,106.08518819148937,47,23.62706519356269,12.250920998772,53,24.00735533560393,11.45945945945946,6,0.3802901420412397,-0.7914615393125395,6,Regeneração,3951.58195,309.8341693709528,106.08518819148937,4086.063803,302.1006079927431,91.78201301886791,134.48185300000023,-7.733561378209686,-14.30317517262145
147,39,0.0967741935483871,0.1234567901234567,0.0967741935483871,0.1234567901234567,5,4,7,4,250,236,0.0296610169491525,0.016,2.9661016949152543,1.6,1,3,1.3661016949152542,3528.027957896,242.01706712910143,96.07085557808696,46,29.07403370048902,22.369362920544024,47,30.93304495354411,23.560067681895084,1,1.8590112530550869,1.1907047613510606,3,Regeneração,3528.027957896,242.01706712910143,96.07085557808696,3587.328523896,241.0959751282294,97.64229307642552,59.300566000000345,-0.9210920008720224,1.571437498338554
148,390,0.1818181818181818,0.1651090342679127,0.1818181818181818,0.1651090342679127,8,4,11,4,141,180,0.0611111111111111,0.0283687943262411,6.111111111111111,2.8368794326241136,4,7,3.274231678486997,2850.376156002,239.27644977217204,126.75514161335484,31,15.476202414326336,8.662745098039217,35,15.642531449994696,8.756756756756758,4,0.1663290356683617,0.094011658717541,7,Regeneração,2850.376156002,239.27644977217204,126.75514161335484,2994.987846002,240.1485289984336,111.85972762888572,144.61169000000018,0.8720792262615475,-14.895413984469116
149,391,0.0,0.1447963800904977,0.0,0.1447963800904977,0,0,0,0,199,243,0.0,0.0,0.0,0.0,0,0,0.0,2544.726712999,271.0771153014615,147.9037221923846,26,16.674014799059194,13.538803418803417,26,16.142987694963495,12.80611581001952,0,-0.5310271040956991,-0.7326876087838965,0,Estagnação,2544.726712999,271.0771153014615,147.9037221923846,2544.726712999,271.0771153014615,147.9037221923846,0.0,0.0,0.0
150,392,0.1290322580645161,0.1582867783985102,0.1290322580645161,0.1582867783985102,7,1,8,1,122,147,0.0544217687074829,0.0081967213114754,5.442176870748299,0.819672131147541,6,7,4.622504739600759,2420.314396999,223.2898702750608,115.06271928578572,28,15.905567250118189,10.222527472527473,34,20.550763955607305,14.207100591715978,6,4.645196705489118,3.9845731191885054,7,Regeneração,2420.314396999,223.2898702750608,115.06271928578572,2991.193322999,232.56990247409445,120.9970351765294,570.8789259999999,9.280032199033656,5.934315890743676
151,395,0.0434782608695652,0.0798722044728434,0.0434782608695652,0.0798722044728434,2,1,2,1,160,153,0.0130718954248366,0.00625,1.30718954248366,0.625,1,1,0.6821895424836601,2866.6625159960004,242.41414209066667,107.12890184824242,34,19.12957580794389,13.487881981032665,35,18.613094231890752,12.51149118118653,1,-0.5164815760531383,-0.9763907998461328,1,Estagnação,2866.6625159960004,242.41414209066667,107.12890184824242,3035.452801996,242.78466918158287,116.8407239115294,168.79028599999947,0.3705270909161982,9.711822063286974
152,397,0.1525423728813559,0.1983805668016194,0.1525423728813559,0.1983805668016194,9,0,9,0,103,144,0.0625,0.0,6.25,0.0,9,9,6.25,2200.031485996,236.29240257213044,122.4040615415,25,15.192644110779607,10.230472516875604,34,17.74271780986644,11.196544276457884,9,2.550073699086832,0.966071759582281,9,Regeneração,2200.031485996,236.29240257213044,122.4040615415,2656.394041996,234.6239550679394,106.08724233321212,456.362556,-1.6684475041910505,-16.316819208287882
153,398,0.131578947368421,0.1037181996086105,0.131578947368421,0.1037181996086105,7,3,10,3,239,272,0.0367647058823529,0.0125523012552301,3.6764705882352944,1.2552301255230125,4,7,2.421240462712282,2634.035260996,238.38249603338488,88.85358702845714,36,16.472352293613636,10.417836950574504,40,18.976213672073005,11.807213533354613,4,2.5038613784593693,1.389376582780109,7,Regeneração,2634.035260996,238.38249603338488,88.85358702845714,2932.4648209960005,239.45471734595384,89.3860040749,298.4295600000005,1.0722213125689564,0.532417046442859
154,4,0.0517241379310344,0.0803043110735418,0.0517241379310344,0.0803043110735418,5,1,5,1,284,311,0.0160771704180064,0.0035211267605633,1.607717041800643,0.352112676056338,4,4,1.255604365744305,3929.757076896,243.6877682340633,85.79811966530909,56,29.683969444778054,17.564459930313593,60,30.99287303827733,18.44061010486177,4,1.3089035934992808,0.8761501745481759,4,Regeneração,3929.757076896,243.6877682340633,85.79811966530909,4099.395830396,243.4883660985201,84.3276601117288,169.6387534999999,-0.1994021355431812,-1.4704595535802838
155,40,0.0526315789473684,0.0893371757925072,0.0526315789473684,0.0893371757925072,4,1,5,1,165,182,0.0274725274725274,0.006060606060606,2.747252747252748,0.6060606060606061,3,4,2.1411921411921413,3749.085755999,242.36462689754103,115.3435567175652,46,29.80419872963285,19.4048467569494,49,31.837664283904264,21.044472681067344,3,2.0334655542714124,1.6396259241179472,4,Regeneração,3749.085755999,242.36462689754103,115.3435567175652,3766.401193999001,242.14562469893875,102.16946061234694,17.315438000000995,-0.2190021986022827,-13.174096105218268
156,403,0.08,0.1059907834101382,0.08,0.1059907834101382,1,3,1,3,103,114,0.0087719298245614,0.029126213592233,0.8771929824561403,2.912621359223301,-2,-2,-2.0354283767671606,2117.25858,236.13968448,102.34483426923076,26,14.362066419606014,8.534995977473855,24,12.7821192793154,7.400911161731208,-2,-1.5799471402906151,-1.1340848157426473,-2,Declínio,2117.25858,236.13968448,102.34483426923076,2012.312084,235.3829298586957,110.04350995833332,-104.94649600000024,-0.7567546213043101,7.698675689102558
157,405,0.2608695652173913,0.4585152838427948,0.2608695652173913,0.4585152838427948,11,1,27,1,64,165,0.1636363636363636,0.015625,16.363636363636363,1.5625,10,26,14.801136363636363,1907.623873,273.3295125620915,140.30821088888888,18,13.70676214982065,10.556701030927837,28,16.535204815715133,11.07157381049207,10,2.8284426658944835,0.5148727795642358,26,Regeneração,1907.623873,273.3295125620915,140.30821088888888,2596.245553,266.7783878968254,116.17902746428572,688.6216800000002,-6.551124665266116,-24.12918342460316
158,409,0.0454545454545454,0.1070615034168565,0.0454545454545454,0.1070615034168565,3,1,8,1,211,228,0.0350877192982456,0.0047393364928909,3.508771929824561,0.4739336492890995,2,7,3.0348382805354617,3598.5576060000003,257.0186244111498,127.46431354761904,43,27.25032098817028,20.67858801672085,45,29.36448416498652,22.387596899224807,2,2.1141631768162377,1.7090088825039516,7,Regeneração,3598.5576060000003,257.0186244111498,127.46431354761904,3743.276874,272.941236384778,119.90127625,144.71926799999983,15.922611973628191,-7.563037297619047
159,41,0.0933333333333333,0.1289893617021276,0.0933333333333333,0.1289893617021276,5,2,7,2,244,263,0.026615969581749,0.0081967213114754,2.6615969581749046,0.819672131147541,3,5,1.841924827027364,3599.362152999,272.3420245475635,151.5291531945,36,15.348653217517962,9.747216764898496,39,17.36917512007403,10.768955316830144,3,2.020521902556068,1.0217385519316498,5,Regeneração,3599.362152999,272.3420245475635,151.5291531945,3788.851386999,269.4100953629717,148.2115846410769,189.48923400000007,-2.9319291845918087,-3.3175685534230865
160,413,0.1044776119402985,0.1151079136690647,0.1044776119402985,0.1151079136690647,5,2,6,2,136,142,0.0422535211267605,0.0147058823529411,4.225352112676056,1.4705882352941175,3,4,2.7547638773819383,2609.8721695000004,239.6919852365592,103.83611148387098,32,21.76392302351797,16.426287744227352,35,23.425910292390245,17.442906574394463,3,1.6619872688722737,1.0166188301671113,4,Regeneração,2609.8721695000004,239.6919852365592,103.83611148387098,2691.9885285,237.03136361140812,96.44329088235294,82.11635899999965,-2.660621625151037,-7.392820601518039
161,415,0.0389610389610389,0.1482649842271293,0.0389610389610389,0.1482649842271293,3,0,3,0,139,178,0.0168539325842696,0.0,1.6853932584269662,0.0,3,3,1.6853932584269662,2897.900228,264.75561054654656,99.98076143243244,37,28.539339447888352,23.083632019115885,40,25.20611017786711,15.937625754527163,3,-3.333229270021242,-7.146006264588721,3,Regeneração,2897.900228,264.75561054654656,99.98076143243244,2934.906324,260.990483974359,94.332509125,37.00609600000007,-3.765126572187569,-5.648252307432443
162,419,0.1009174311926605,0.1338912133891213,0.1009174311926605,0.1338912133891213,9,2,11,2,210,268,0.0410447761194029,0.0095238095238095,4.104477611940299,0.9523809523809524,7,9,3.152096659559346,4031.5987215,274.7616604619608,111.36596943137256,51,25.40588081264177,13.323262839879156,58,23.85802150054297,11.32870662460568,7,-1.547859312098801,-1.9945562152734748,9,Regeneração,4031.5987215,274.7616604619608,111.36596943137256,4149.2762205,302.7976797144586,88.07129624137932,117.6774989999999,28.036019252497795,-23.294673189993247
163,421,0.0256410256410256,0.0605226960110041,0.0256410256410256,0.0605226960110041,2,1,2,1,233,254,0.0078740157480314,0.0042918454935622,0.7874015748031495,0.4291845493562232,1,1,0.3582170254469263,4401.356609503,296.43563863669675,91.90442777203508,58,21.43697328773859,7.489170920126914,59,19.511419009085444,6.4918494666934965,1,-1.925554278653145,-0.9973214534334174,1,Estagnação,4401.356609503,296.43563863669675,91.90442777203508,4487.269745503,295.3964799020998,93.28239060355172,85.91313600000012,-1.0391587345969242,1.3779628315166406
164,423,0.0980392156862745,0.0919765166340508,0.0980392156862745,0.0919765166340508,9,1,10,1,262,249,0.0401606425702811,0.0038167938931297,4.016064257028113,0.381679389312977,8,9,3.634384867715136,3337.945105005,284.17520250530066,62.4688398300851,47,22.69905999335492,12.188210227272732,55,25.48736309789636,12.343420266772842,8,2.788303104541434,0.1552100395001101,9,Regeneração,3337.945105005,284.17520250530066,62.4688398300851,3568.641768005,279.47692195573734,61.19273178207273,230.6966629999997,-4.6982805495633215,-1.2761080480123752
165,424,0.0588235294117647,0.1234939759036144,0.0588235294117647,0.1234939759036144,2,4,14,7,322,342,0.0409356725146198,0.0217391304347826,4.093567251461988,2.1739130434782608,-2,7,1.9196542079837275,4055.634223009,304.11703599407844,95.4462046082549,52,23.8928299232904,12.576904415332365,50,23.81476552723528,12.565964761495486,-2,-0.0780643960551259,-0.0109396538368784,7,Regeneração,4055.634223009,304.11703599407844,95.4462046082549,3957.227736009,306.8339899799592,93.3496942657347,-98.40648699999974,2.716953985880764,-2.0965103425202045
166,425,0.1009174311926605,0.1030042918454935,0.1009174311926605,0.1030042918454935,6,5,8,6,221,245,0.0326530612244898,0.0271493212669683,3.26530612244898,2.7149321266968327,1,2,0.550373995752147,4118.579698506,312.0080968059525,96.85585518557409,54,34.61069513383174,25.77361477572559,55,36.02011466848782,26.713395638629283,1,1.409419534656081,0.9397808629036924,2,Regeneração,4118.579698506,312.0080968059525,96.85585518557409,4395.066377509,311.71551268786936,104.79006027316365,276.48667900300006,-0.2925841180831412,7.934205087589561
167,427,0.0655737704918032,0.152875175315568,0.0655737704918032,0.152875175315568,5,3,6,3,160,197,0.0304568527918781,0.01875,3.045685279187817,1.875,2,3,1.1706852791878175,4833.659696003,322.1623037560322,115.49993230015,60,45.58478222546152,33.42036553524804,62,42.86642143207863,29.24566691785984,2,-2.7183607933828853,-4.174698617388202,3,Regeneração,4833.659696003,322.1623037560322,115.49993230015,4797.385580003,318.73713779808725,108.23486809691936,-36.2741160000005,-3.425165957944955,-7.2650642032306365
168,428,0.0357142857142857,0.048780487804878,0.0357142857142857,0.048780487804878,2,2,3,3,204,206,0.0145631067961165,0.0147058823529411,1.4563106796116505,1.4705882352941175,0,0,-0.014277555682467,4082.048512402,279.1941033103312,80.11613493946429,56,32.856801134861804,22.69138495092694,56,33.72848009625245,23.680803571428573,0,0.8716789613906428,0.9894186205016346,0,Estagnação,4082.048512402,279.1941033103312,80.11613493946429,4104.984032902,279.1915550116299,82.62523888578572,22.93552049999971,-0.0025482987012992,2.5091039463214315
169,429,0.0222222222222222,0.063063063063063,0.0222222222222222,0.063063063063063,3,0,4,0,241,259,0.0154440154440154,0.0,1.5444015444015444,0.0,3,4,1.5444015444015444,4866.425184003,301.29897854694406,98.01588736377272,66,45.12348107884012,33.20811892510006,69,45.82233505661778,32.64282238442822,3,0.6988539777776595,-0.565296540671838,4,Regeneração,4866.425184003,301.29897854694406,98.01588736377272,5219.942211003,300.9218405218261,103.49547527549277,353.51702699999987,-0.3771380251179721,5.479587911720046
170,430,0.1147540983606557,0.2142857142857142,0.1147540983606557,0.2142857142857142,7,0,7,0,136,172,0.0406976744186046,0.0,4.069767441860465,0.0,7,7,4.069767441860465,2877.824193825,350.5843214573504,125.32983375218518,27,14.6847008744396,9.156435643564356,34,16.702947571280927,9.822045152722444,7,2.018246696841328,0.665609509158088,7,Regeneração,2877.824193825,350.5843214573504,125.32983375218518,3203.483103725,358.10514825685385,109.50733717967648,325.65890990000025,7.520826799503425,-15.822496572508696
171,435,0.081967213114754,0.1636363636363636,0.081967213114754,0.1636363636363636,5,0,6,0,116,159,0.0377358490566037,0.0,3.7735849056603774,0.0,5,6,3.7735849056603774,2361.924179996,238.60483577748147,118.7605278885926,28,18.566083308846988,13.349206349206344,33,21.01036034381565,14.504302925989672,5,2.444277034968664,1.155096576783329,6,Regeneração,2361.924179996,238.60483577748147,118.7605278885926,2798.504553996,240.93490258241127,123.531762281,436.5803740000001,2.3300668049298,4.771234392407393
172,438,0.125,0.1758241758241758,0.125,0.1758241758241758,6,4,7,4,160,204,0.034313725490196,0.025,3.431372549019608,2.5,2,3,0.931372549019608,3059.271370996,239.5553718006429,103.64900568410526,39,21.92385598589928,13.034623217922604,41,21.857623272690667,12.26163818503241,2,-0.0662327132086062,-0.7729850328901939,3,Regeneração,3059.271370996,239.5553718006429,103.64900568410526,3043.581684996,240.4150742113385,89.7103995999,-15.68968599999971,0.8597024106956042,-13.93860608420526
173,442,0.1566265060240964,0.2031662269129287,0.1566265060240964,0.2031662269129287,8,5,9,15,169,210,0.0428571428571428,0.0887573964497041,4.285714285714286,8.875739644970414,3,-6,-4.590025359256129,3539.57726,257.7254009038461,123.972970975,40,23.081613321499688,15.581560283687942,43,22.149229971305537,14.14368184733804,3,-0.9323833501941508,-1.4378784363499033,-6,Declínio,3539.57726,257.7254009038461,123.972970975,3703.446458996,258.6977921149856,116.8506360696744,163.8691989959998,0.9723912111394952,-7.1223349053256015
174,450,0.0985915492957746,0.1232876712328767,0.0985915492957746,0.1232876712328767,1,6,1,7,169,196,0.0051020408163265,0.0414201183431952,0.5102040816326531,4.142011834319527,-5,-6,-3.6318077526868735,3410.6185060000003,259.2594301711712,140.59641724324325,38,19.99556369690379,11.915310805173128,33,18.2038727472917,11.849475632325726,-5,-1.7916909496120894,-0.065835172847402,-6,Declínio,3410.6185060000003,259.2594301711712,140.59641724324325,2977.009096,258.99893321590906,129.66383203030304,-433.60941,-0.2604969552621128,-10.93258521294021
175,456,0.0344827586206896,0.1210340775558166,0.0344827586206896,0.1210340775558166,1,1,2,1,72,71,0.028169014084507,0.0138888888888888,2.8169014084507045,1.3888888888888888,0,1,1.4280125195618156,2479.942151,241.93574315763547,96.63795672413794,29,21.78055998776831,17.395973154362416,29,21.682814574193888,17.204778156996586,0,-0.0977454135744224,-0.1911949973658302,1,Estagnação,2479.942151,241.93574315763547,96.63795672413794,2517.403835,241.83738856157635,102.51210524137932,37.46168399999988,-0.0983545960591243,5.87414851724138
176,460,0.1,0.1048387096774193,0.1,0.1048387096774193,8,2,9,2,236,260,0.0346153846153846,0.0084745762711864,3.4615384615384617,0.847457627118644,6,7,2.6140808344198176,3747.650461003,329.4520715199372,92.49195908715215,47,18.046776481891456,7.4840096748186,53,20.176134031629303,9.02777777777778,6,2.129357549737847,1.5437681029591808,7,Regeneração,3747.650461003,329.4520715199372,92.49195908715215,4076.391101003,318.7699029345045,95.98176971171154,328.74064,-10.682168585432692,3.4898106245593823
177,464,0.0535714285714285,0.1073684210526315,0.0535714285714285,0.1073684210526315,5,1,5,1,229,246,0.0203252032520325,0.0043668122270742,2.032520325203252,0.4366812227074235,4,4,1.5958391024958285,4181.460403506,282.5055215089347,103.56620281166038,54,32.3490403382456,21.18828282828284,58,36.09641568142441,25.32050209205021,4,3.7473753431788097,4.132219263767372,4,Regeneração,4181.460403506,282.5055215089347,103.56620281166038,4428.294203506,279.61951147147124,98.37891584513793,246.83379999999943,-2.88601003746345,-5.18728696652245
178,465,0.0542635658914728,0.0913461538461538,0.0542635658914728,0.0913461538461538,4,3,6,3,197,219,0.0273972602739726,0.015228426395939,2.73972602739726,1.5228426395939088,1,3,1.2168833878033514,4335.835139006,256.70488224084585,96.26873511149206,64,29.69383124015284,13.99531193653083,65,30.10897955997504,14.372490260713215,1,0.415148319822201,0.3771783241823865,3,Regeneração,4335.835139006,256.70488224084585,96.26873511149206,4320.807452506,255.4994547174494,96.81971817225,-15.027686499999618,-1.2054275233964518,0.5509830607579431
179,468,0.0841121495327102,0.1128241065171689,0.0841121495327102,0.1128241065171688,2,7,2,8,249,228,0.0087719298245614,0.0321285140562249,0.8771929824561403,3.212851405622489,-5,-6,-2.335658423166349,4457.506247503,290.5496407559513,110.95977244653572,56,35.386955137392604,24.930036188178526,51,33.731954584711445,24.38273921200751,-5,-1.6550005526811589,-0.5472969761710154,-6,Declínio,4457.506247503,290.5496407559513,110.95977244653572,4211.172162003,295.8988686244314,114.18910313737256,-246.33408549999967,5.349227868480057,3.229330690836832
180,47,0.0714285714285714,0.1135831381733021,0.0714285714285714,0.1135831381733021,5,3,5,3,270,304,0.0164473684210526,0.0111111111111111,1.644736842105263,1.1111111111111112,2,2,0.5336257309941519,3905.586294899,243.49575363644087,87.03735821483333,55,35.07061712404671,25.83274273564848,57,34.235232978362376,23.33737373737374,2,-0.8353841456843369,-2.495368998274742,2,Regeneração,3905.586294899,243.49575363644087,87.03735821483333,4159.989958399,261.98289726412014,90.95494745716071,254.40366349999977,18.487143627679277,3.917589242327381
181,470,0.0,0.1262135922330097,0.0,0.1262135922330097,0,0,0,0,163,146,0.0,0.0,0.0,0.0,0,0,0.0,3814.885079899,318.34851194456536,126.303017340025,40,22.032743360236328,14.200427578834846,40,24.670531595450427,17.190322580645162,0,2.6377882352141,2.989895001810316,0,Estagnação,3814.885079899,318.34851194456536,126.303017340025,3814.885079899,318.34851194456536,126.303017340025,0.0,0.0,0.0
182,487,0.1666666666666666,0.215311004784689,0.1666666666666666,0.215311004784689,2,8,5,13,118,91,0.0549450549450549,0.1101694915254237,5.494505494505495,11.016949152542372,-6,-8,-5.522443658036877,2737.622777996,236.35550637878225,108.068430593625,33,21.246098445204392,13.65098039215686,27,19.591531549020186,14.55360281195079,-6,-1.6545668961842068,0.9026224197939304,-8,Declínio,2737.622777996,236.35550637878225,108.068430593625,2555.797688996,236.15282819343588,136.78093770355554,-181.82508899999996,-0.2026781853463717,28.71250710993054
183,49,0.1372549019607843,0.1615384615384615,0.1372549019607843,0.1615384615384615,4,10,8,12,129,131,0.0610687022900763,0.0930232558139534,6.106870229007633,9.30232558139535,-6,-4,-3.1954553523877163,4317.892769899,294.2204446133801,89.83509578885185,54,40.48619554712294,31.57685009487665,48,34.57013660952935,26.52395672333849,-6,-5.91605893759359,-5.052893371538161,-4,Declínio,4317.892769899,294.2204446133801,89.83509578885185,3666.418340899,285.19305601642367,78.86160003399999,-651.4744289999999,-9.027388596956428,-10.973495754851854
184,491,0.1794871794871795,0.1093117408906882,0.1794871794871795,0.1093117408906882,5,2,7,2,119,128,0.0546875,0.0168067226890756,5.46875,1.680672268907563,3,5,3.7880777310924367,1694.9973,236.76555681699347,114.60891983333332,18,11.798787989415976,9.679425837320574,21,13.623314066123816,10.879150066401062,3,1.8245260767078408,1.1997242290804877,5,Regeneração,1694.9973,236.76555681699347,114.60891983333332,1880.503208,241.7706435428572,93.5995751904762,185.5059080000001,5.005086725863691,-21.00934464285712
185,494,0.2142857142857142,0.2094240837696335,0.2142857142857142,0.2094240837696335,9,3,11,4,193,189,0.0582010582010582,0.0207253886010362,5.82010582010582,2.072538860103627,6,7,3.747566960002192,2303.878626996,241.67755358634668,125.05198075968,25,9.05341102098174,5.156998477087084,31,13.146751316155592,8.083503054989817,6,4.093340295173853,2.926504577902733,7,Regeneração,2303.878626996,241.67755358634668,125.05198075968,2605.945988996,239.3987998492043,105.75193264490322,302.0673619999998,-2.278753737142381,-19.300048114776786
186,495,0.1489361702127659,0.1567164179104477,0.1489361702127659,0.1567164179104477,5,2,6,2,121,147,0.0408163265306122,0.0165289256198347,4.081632653061225,1.6528925619834711,3,4,2.4287400910777537,2161.267953996,242.98877378318613,135.32875027254545,22,8.192503817919402,4.29985315712188,25,8.755290069597041,4.33480441323972,3,0.5627862516776396,0.0349512561178402,4,Regeneração,2161.267953996,242.98877378318613,135.32875027254545,2335.4321869960004,241.97644706634665,123.84512311984,174.16423300000042,-1.0123267168394818,-11.483627152705452
187,50,0.131578947368421,0.2279069767441861,0.131578947368421,0.227906976744186,5,5,5,12,140,149,0.0335570469798657,0.0857142857142857,3.355704697986577,8.571428571428571,0,-7,-5.215723873441994,3178.663072902,245.29217118474253,99.1659177528158,38,25.38643959503102,17.499999999999996,38,25.786753277092128,19.188418323249778,0,0.4003136820611068,1.6884183232497811,-7,Declínio,3178.663072902,245.29217118474253,99.1659177528158,3176.3277899020004,245.8362214393656,101.69159827913158,-2.335282999999436,0.5440502546230732,2.525680526315781
188,51,0.0123456790123456,0.0469135802469135,0.0123456790123456,0.0469135802469135,0,1,0,1,202,203,0.0,0.0049504950495049,0.0,0.495049504950495,-1,-1,-0.495049504950495,3564.202088003,268.9363283977073,123.6713094880244,41,21.303692893963603,11.197585071350163,40,20.22013870403825,10.50981892374394,-1,-1.083554189925355,-0.687766147606224,-1,Estagnação,3564.202088003,268.9363283977073,123.6713094880244,3538.746491003,270.65481534373976,125.490312375225,-25.455597000000125,1.718486946032442,1.8190028872005968
189,513,0.0222222222222222,0.0460992907801418,0.0222222222222222,0.0460992907801418,1,1,1,1,282,282,0.0035460992907801,0.0035460992907801,0.3546099290780142,0.3546099290780142,0,0,0.0,3822.634358003,312.47502565764165,104.44544836377273,45,21.316812246281373,12.654996817313814,45,21.64225885379736,13.22754491017964,0,0.325446607515989,0.5725480928658264,0,Estagnação,3822.634358003,312.47502565764165,104.44544836377273,3828.313625003,312.32527957941755,106.48687236377272,5.679266999999982,-0.1497460782240978,2.041423999999992
190,516,0.05,0.0868686868686868,0.05,0.0868686868686868,2,2,8,2,237,258,0.0310077519379844,0.0084388185654008,3.10077519379845,0.8438818565400843,0,6,2.256893337258365,3419.608271003,306.47215859630387,107.68209862515,40,22.71973124961557,16.24790280590107,40,23.736071666972816,17.11156812339332,0,1.0163404173572452,0.8636653174922486,6,Regeneração,3419.608271003,306.47215859630387,107.68209862515,3508.067450003,331.3146027911756,114.41199160015,88.45917899999995,24.842444194871742,6.729892974999999
191,517,0.0099009900990099,0.0757946210268948,0.0099009900990099,0.0757946210268948,1,0,2,0,200,209,0.0095693779904306,0.0,0.9569377990430622,0.0,1,2,0.9569377990430622,3865.157349003,282.447400277671,102.51025018012,50,27.937723053222737,16.077170418006432,51,28.518641832984688,16.42760436254231,1,0.5809187797619515,0.3504339445358795,2,Regeneração,3865.157349003,282.447400277671,102.51025018012,3960.040642003,282.0359057522745,103.53655341188237,94.88329299999988,-0.4114945253965061,1.0263032317623697
192,519,0.0359712230215827,0.0401891252955082,0.0359712230215827,0.0401891252955082,2,3,2,3,211,212,0.0094339622641509,0.0142180094786729,0.9433962264150944,1.4218009478672986,-1,-1,-0.4784047214522042,4324.1505089082,242.25407461008933,77.34006560889144,70,52.58919550184412,41.41488372093024,69,51.5315454893949,40.200357781753134,-1,-1.0576500124492156,-1.2145259391771075,-1,Estagnação,4324.1505089082,242.25407461008933,77.34006560889144,4566.8930389082,257.6186247137074,88.17956077713623,242.74252999999956,15.364550103618058,10.839495168244795
193,520,0.0638297872340425,0.0862944162436548,0.0638297872340425,0.0862944162436548,3,3,5,6,198,196,0.0255102040816326,0.0303030303030303,2.5510204081632653,3.0303030303030303,0,-1,-0.479282622139765,3696.677122003,301.735977470988,86.49506338323404,47,19.793912795226653,10.09891808346213,47,20.43776415465987,10.019822639540951,0,0.6438513594332171,-0.0790954439211795,-1,Estagnação,3696.677122003,301.735977470988,86.49506338323404,3798.396518003,301.9314015819963,93.01046395770211,101.71939599999996,0.1954241110082648,6.5154005744680745
194,522,0.0222222222222222,0.0984848484848484,0.0222222222222222,0.0984848484848484,1,1,17,1,121,143,0.1188811188811188,0.0082644628099173,11.888111888111888,0.8264462809917356,0,16,11.061665607120151,4235.269597003,270.47127950114344,147.69079953353332,45,27.786697179413988,14.396263520157325,45,26.35160670028619,14.872000000000002,0,-1.4350904791277976,0.4757364798426788,16,Regeneração,4235.269597003,270.47127950114344,147.69079953353332,4213.604367003,271.21309631326466,145.05905333353334,-21.66522999999961,0.7418168121212148,-2.6317461999999807
195,523,0.0232558139534883,0.0717299578059071,0.0232558139534883,0.0717299578059071,1,2,1,2,238,236,0.0042372881355932,0.0084033613445378,0.423728813559322,0.8403361344537815,-1,-1,-0.4166073208944595,4517.228073,289.2578535355769,83.79233712307692,65,40.81411427839027,28.29370629370629,64,40.92540380773289,28.76859504132232,-1,0.1112895293426206,0.4748887476160242,-1,Estagnação,4517.228073,289.2578535355769,83.79233712307692,4423.376079,289.52928459970235,80.739035828125,-93.85199400000056,0.2714310641254656,-3.053301294951922
196,526,0.1282051282051282,0.0689655172413793,0.1282051282051282,0.0689655172413793,3,2,3,3,252,270,0.0111111111111111,0.0119047619047619,1.1111111111111112,1.1904761904761905,1,0,-0.0793650793650793,1989.691727999,232.6052461753333,156.44945252657894,19,6.290156852367118,3.2144158736586346,20,6.857306185206999,3.635547576301616,1,0.5671493328398807,0.4211317026429815,0,Estagnação,1989.691727999,232.6052461753333,156.44945252657894,1918.063729899,237.30205338832104,117.3951310802,-71.62799810000001,4.69680721298775,-39.054321446378935
197,529,0.1724137931034483,0.1578947368421052,0.1724137931034483,0.1578947368421052,6,5,10,5,184,209,0.0478468899521531,0.0271739130434782,4.784688995215311,2.717391304347826,1,5,2.067297690867485,2734.968654996,294.2535940933202,114.30219693089656,29,15.136363748842973,10.59987476518472,30,14.517270066233278,10.141862084977944,1,-0.6190936826096927,-0.4580126802067745,5,Regeneração,2734.968654996,294.2535940933202,114.30219693089656,2832.8020610000003,293.24677322167486,127.7933371724138,97.83340600400015,-1.0068208716453455,13.491140241517243
198,537,0.0666666666666666,0.1547169811320754,0.0666666666666666,0.1547169811320754,4,1,6,1,121,144,0.0416666666666666,0.0082644628099173,4.166666666666666,0.8264462809917356,3,5,3.34022038567493,2824.6281849960005,239.1541404172381,83.04394927766667,36,22.99426487029323,15.79395900755124,39,26.26356964018151,19.23562152133581,3,3.269304769888283,3.441662513784573,5,Regeneração,2824.6281849960005,239.1541404172381,83.04394927766667,3091.948906996,239.7294714492916,94.60547092094735,267.3207219999995,0.5753310320534979,11.561521643280685
199,551,0.1612903225806451,0.2779306549257016,0.1612903225806451,0.2779306549257016,8,2,12,2,119,185,0.0648648648648648,0.0168067226890756,6.486486486486487,1.680672268907563,6,10,4.805814217578924,2436.4937440000003,237.09953724338624,108.60290921428572,28,16.232547501657038,10.10778015703069,34,18.769644655861192,11.854866643574644,6,2.5370971542041545,1.7470864865439548,10,Regeneração,2436.4937440000003,237.09953724338624,108.60290921428572,2748.004084,239.63517170075755,92.40556306060606,311.5103399999998,2.535634457371316,-16.19734615367966
200,555,0.1648351648351648,0.2948659700136302,0.1648351648351648,0.2948659700136302,5,10,7,41,197,171,0.0409356725146198,0.2081218274111675,4.093567251461988,20.81218274111676,-5,-34,-16.718615489654766,3473.197140999,240.62257852212144,83.89177402087499,48,26.78584997248887,17.925635103926098,43,29.12330892708432,20.871520342612424,-5,2.3374589545954443,2.9458852386863263,-34,Declínio,3473.197140999,240.62257852212144,83.89177402087499,3220.711011996,241.96615669086643,89.3739563332381,-252.48612900300031,1.3435781687449833,5.482182312363108
201,561,0.1384615384615384,0.1428571428571428,0.1384615384615384,0.1428571428571428,5,4,7,4,203,196,0.0357142857142857,0.0197044334975369,3.571428571428571,1.9704433497536944,1,3,1.6009852216748766,2910.584511996,289.58420101587905,107.213230156125,32,14.40096904479434,9.14739178690344,33,16.4972965129626,11.039080459770114,1,2.09632746816826,1.8916886728666729,3,Regeneração,2910.584511996,289.58420101587905,107.213230156125,2908.886806996,284.7379830300606,103.51246554533331,-1.6977050000000418,-4.846217985818441,-3.70076461079168
202,566,0.1081081081081081,0.2065217391304347,0.1081081081081081,0.2065217391304347,4,4,15,5,95,89,0.1685393258426966,0.0526315789473684,16.853932584269664,5.263157894736842,0,10,11.590774689532822,2440.347181006,236.26016432464863,72.07420605454054,37,25.63323509338747,18.086172344689377,37,27.324195139170005,21.122666666666664,0,1.6909600457825356,3.036494321977287,10,Regeneração,2440.347181006,236.26016432464863,72.07420605454054,2976.481511006,294.18190482314714,87.46062513562163,536.1343299999999,57.92174049849851,15.386419081081089
203,570,0.0666666666666666,0.1094890510948905,0.0666666666666666,0.1094890510948905,7,1,7,1,193,218,0.0321100917431192,0.005181347150259,3.211009174311927,0.5181347150259068,6,6,2.69287445928602,4001.477285902,279.7829235278636,75.4395620465,57,35.57546521797659,24.298108284409658,63,32.69795700285525,17.920060331825038,6,-2.8775082151213454,-6.37804795258462,6,Regeneração,4001.477285902,279.7829235278636,75.4395620465,4089.871698402,273.7336495806039,68.18499333232258,88.39441250000027,-6.049273947259678,-7.254568714177424
204,571,0.1272727272727272,0.2878787878787879,0.1272727272727272,0.2878787878787879,7,7,15,8,191,205,0.073170731707317,0.0418848167539267,7.317073170731707,4.18848167539267,0,7,3.128591495339037,4234.317483503,299.34167263108554,98.4616456546,55,31.91800691021845,19.90234588106928,55,33.9599723478371,20.136559655007183,0,2.0419654376186536,0.2342137739379062,7,Regeneração,4234.317483503,299.34167263108554,98.4616456546,4306.991576003,298.7404650129037,97.49892076374545,72.67409249999946,-0.6012076181818315,-0.9627248908545596
205,573,0.04,0.0775681341719077,0.04,0.0775681341719077,2,1,3,1,232,245,0.0122448979591836,0.0043103448275862,1.2244897959183674,0.4310344827586206,1,2,0.7934553131597467,2926.530002503,292.76149152418617,83.09706675691892,37,18.13958715022018,10.624555862613503,38,17.96513331571925,9.85146889873625,1,-0.1744538345009303,-0.7730869638772546,2,Regeneração,2926.530002503,292.76149152418617,83.09706675691892,3040.394999503,292.42150730030016,90.59628565805264,113.86499699999968,-0.339984223886006,7.499218901133716
206,575,0.131578947368421,0.2334494773519163,0.131578947368421,0.2334494773519163,8,2,14,2,114,173,0.0809248554913294,0.0175438596491228,8.092485549132949,1.7543859649122806,6,12,6.338099584220668,3187.164872002,330.16259700851765,106.05229865737142,35,22.601073570632952,16.747422680412374,41,26.45965089514083,20.04621567314133,6,3.858577324507877,3.298792992728952,12,Regeneração,3187.164872002,330.16259700851765,106.05229865737142,3698.700969002,296.63815286839025,110.85612578082927,511.53609700000015,-33.5244441401274,4.80382712345785
207,576,0.1041666666666666,0.1392405063291139,0.1041666666666666,0.1392405063291139,9,1,14,1,145,171,0.0818713450292397,0.0068965517241379,8.187134502923977,0.6896551724137931,8,13,7.497479330510183,3559.518697503,265.4956274145127,106.23011540922728,44,29.184904419624782,21.003996003996008,52,32.288293083538846,21.6119733924612,8,3.103388663914064,0.6079773884651942,13,Regeneração,3559.518697503,265.4956274145127,106.23011540922728,4010.633145503,282.9717834307337,91.75847130786538,451.1144479999998,17.47615601622101,-14.471644101361903
208,579,0.0265486725663716,0.0719550719550719,0.0265486725663716,0.0719550719550719,0,3,0,3,233,243,0.0,0.0128755364806866,0.0,1.2875536480686696,-3,-3,-1.2875536480686696,4463.158915006,296.8260201236189,95.3029300520862,58,33.041790249903976,19.95185593531789,55,29.078447622699244,16.05901550176775,-3,-3.963342627204732,-3.892840433550148,-3,Declínio,4463.158915006,296.8260201236189,95.3029300520862,4372.070835003,300.1194952001091,99.56839278203636,-91.08808000299996,3.2934750764902105,4.265462729950158
209,58,0.0804597701149425,0.1222690686086623,0.0804597701149425,0.1222690686086623,5,2,6,3,208,232,0.0258620689655172,0.0144230769230769,2.586206896551724,1.4423076923076923,3,3,1.143899204244032,3935.016747899,271.108023651288,124.97646532369048,42,18.88086155555598,10.080149114631874,45,19.128887749285965,9.843452816386243,3,0.2480261937299843,-0.2366962982456293,3,Regeneração,3935.016747899,271.108023651288,124.97646532369048,4045.048060899,268.320462494703,118.34392959106664,110.03131299999995,-2.7875611565850136,-6.632535732623836
210,582,0.3214285714285714,0.3662337662337662,0.3214285714285714,0.3662337662337662,33,3,52,3,157,228,0.2280701754385964,0.019108280254777,22.807017543859647,1.910828025477707,30,49,20.89618951838194,3767.583362896,336.2852099922439,110.78192091678048,41,18.97581352460593,9.983394086674767,71,40.25320623833125,19.324907063197028,30,21.277392713725323,9.34151297652226,49,Regeneração,3767.583362896,336.2852099922439,110.78192091678048,5107.619319999,322.5313993907163,95.1706854226338,1340.0359571030003,-13.753810601527618,-15.611235494146683
211,584,0.0333333333333333,0.1480996068152031,0.0333333333333333,0.1480996068152031,2,0,2,0,118,138,0.0144927536231884,0.0,1.4492753623188406,0.0,2,2,1.4492753623188406,2484.3104339990005,240.1607485171724,102.16241793120687,29,19.869771880963143,15.402654867256636,31,20.64666400754632,15.686985172981876,2,0.7768921265831779,0.2843303057252413,2,Regeneração,2484.3104339990005,240.1607485171724,102.16241793120687,2546.816831899,241.08943648552687,90.45789311616127,62.50639789999968,0.9286879683544668,-11.704524815045602
212,59,0.1063829787234042,0.2450133968442989,0.1063829787234042,0.2450133968442988,4,6,6,9,260,304,0.0197368421052631,0.0346153846153846,1.973684210526316,3.4615384615384617,-2,-3,-1.487854251012146,3922.736781899,306.3624864696392,92.3668744916875,48,28.98417680663133,19.13929784824462,46,22.35724930940642,14.332506203473946,-2,-6.626927497224909,-4.806791644770675,-3,Declínio,3922.736781899,306.3624864696392,92.3668744916875,3852.195992899,309.5988098074927,93.5606397087174,-70.54078900000013,3.2363233378535483,1.193765217029906
213,597,0.1525423728813559,0.18796992481203,0.1525423728813559,0.18796992481203,4,5,7,6,175,224,0.03125,0.0342857142857142,3.125,3.428571428571429,-1,1,-0.3035714285714288,2860.671478,264.46535627586206,132.46786756666663,30,13.138244958878948,7.786676837020087,29,12.873952777312915,7.422485207100593,-1,-0.2642921815660326,-0.3641916299194943,1,Estagnação,2860.671478,264.46535627586206,132.46786756666663,2557.539423,265.47671660098524,108.69371486206896,-303.13205500000004,1.011360325123178,-23.774152704597668
214,602,0.075,0.2738853503184713,0.075,0.2738853503184713,4,2,11,3,121,193,0.0569948186528497,0.024793388429752,5.699481865284974,2.479338842975207,2,8,3.220143022309767,3215.747725996,266.45497282840483,107.02568099989745,39,21.555160032115595,11.79774375503626,41,16.97248176417761,7.42455650787323,2,-4.582678267937986,-4.37318724716303,8,Regeneração,3215.747725996,266.45497282840483,107.02568099989745,3220.023894996,264.2791898656585,104.51682660965854,4.276168999999754,-2.175782962746325,-2.508854390238909
215,605,0.0526315789473684,0.0606060606060606,0.0526315789473684,0.0606060606060606,0,3,0,3,268,260,0.0,0.0111940298507462,0.0,1.1194029850746268,-3,-3,-1.1194029850746268,2355.6857550000004,235.4434889310345,96.51862693333334,30,12.646477536300765,6.944884935215621,27,12.67449978354521,7.292340884573894,-3,0.0280222472444453,0.3474559493582729,-3,Declínio,2355.6857550000004,235.4434889310345,96.51862693333334,2212.7667810000003,235.49275665527065,100.387209,-142.91897400000016,0.0492677242361594,3.8685820666666615
216,615,0.3333333333333333,0.42,0.3333333333333333,0.42,2,8,4,12,66,34,0.1176470588235294,0.1818181818181818,11.76470588235294,18.181818181818183,-6,-8,-6.417112299465243,1875.461969,242.8228371111111,130.99800605555555,18,12.26473701879707,9.18987341772152,12,10.102947757043474,8.757575757575756,-6,-2.161789261753597,-0.432297660145764,-8,Declínio,1875.461969,242.8228371111111,130.99800605555555,1445.412958,237.1379415,153.68810866666666,-430.04901100000006,-5.684895611111102,22.690102611111115
217,619,0.0943396226415094,0.1287671232876712,0.0943396226415094,0.1287671232876712,3,2,6,2,182,183,0.0327868852459016,0.0109890109890109,3.278688524590164,1.098901098901099,1,4,2.179787425689065,2553.726664922,299.9495861866462,102.77799141169233,26,16.15514031204356,11.070855614973263,27,15.976272395021647,10.541076487252123,1,-0.1788679170219129,-0.5297791277211399,4,Regeneração,2553.726664922,299.9495861866462,102.77799141169233,2601.510979922,297.7710666656752,101.20272169274074,47.78431499999988,-2.178519520970952,-1.5752697189515883
218,631,0.102803738317757,0.1820580474934037,0.102803738317757,0.1820580474934037,7,4,9,5,174,205,0.0439024390243902,0.028735632183908,4.390243902439024,2.8735632183908044,3,4,1.5166806840482194,3823.450524,302.55034149960784,85.07438370588235,52,28.97603947030556,17.360091743119263,55,28.92035408004136,15.582128290693358,3,-0.0556853902642053,-1.7779634524259045,4,Regeneração,3823.450524,302.55034149960784,85.07438370588235,3851.972963003,298.20589291555484,78.72259429635184,28.522439003000272,-4.344448584052998,-6.351789409530511
219,634,0.0857142857142857,0.1636363636363636,0.0857142857142857,0.1636363636363636,4,5,6,5,222,273,0.0219780219780219,0.0225225225225225,2.197802197802198,2.2522522522522523,-1,1,-0.0544500544500543,3976.428322503,280.11381607631057,89.22512601909433,53,26.86029453126536,14.615658362989327,52,25.193340279266344,13.702702702702704,-1,-1.6669542519990124,-0.912955660286622,1,Estagnação,3976.428322503,280.11381607631057,89.22512601909433,3685.932700503,280.1995875589389,78.31579271171154,-290.4956219999999,0.0857714826283313,-10.909333307382797
220,636,0.0416666666666666,0.0865344027015618,0.0416666666666666,0.0865344027015618,1,3,1,4,196,200,0.005,0.0204081632653061,0.5,2.0408163265306123,-2,-3,-1.5408163265306123,4093.082797,320.817512410461,118.82544325,49,27.87814207399826,17.50957155879672,47,25.067179433476664,15.094339622641508,-2,-2.810962640521595,-2.4152319361552106,-3,Declínio,4093.082797,320.817512410461,118.82544325,4023.100059,304.0791304376812,119.03077213043478,-69.98273800000015,-16.73838197277979,0.2053288804347772
221,637,0.2037037037037037,0.2036613272311213,0.2037037037037037,0.2036613272311213,2,20,2,23,259,178,0.0112359550561797,0.0888030888030888,1.1235955056179776,8.880308880308881,-18,-21,-7.756713374690904,4477.687566,289.2143001423451,91.50524495238096,63,29.964485041688203,16.799649386426246,45,24.537301371637096,15.08761904761905,-18,-5.427183670051107,-1.712030338807196,-21,Declínio,4477.687566,289.2143001423451,91.50524495238096,3742.576156,310.89806803232324,103.835725,-735.1114099999995,21.683767889978128,12.330480047619034
222,638,0.0909090909090909,0.1514285714285714,0.0909090909090909,0.1514285714285714,2,5,2,9,125,109,0.018348623853211,0.072,1.834862385321101,7.199999999999999,-3,-7,-5.365137614678899,3176.872369899,239.13329650482177,100.933553690025,40,25.313959054580263,17.303433001107418,37,21.56327780321227,13.485811577752548,-3,-3.750681251367997,-3.81762142335487,-7,Declínio,3176.872369899,239.13329650482177,100.933553690025,3384.079785899,269.340035341988,122.79013666489188,207.2074159999997,30.206738837166256,21.85658297486688
223,639,0.0857142857142857,0.1699779249448123,0.0857142857142857,0.1699779249448123,6,0,11,0,206,247,0.0445344129554655,0.0,4.453441295546559,0.0,6,11,4.453441295546559,3240.464074899,278.18220958824395,147.17823623753125,32,19.54689397568964,14.404616429056349,38,22.04880325334832,15.037959083066308,6,2.5019092776586795,0.6333426540099598,11,Regeneração,3240.464074899,278.18220958824395,147.17823623753125,3586.751603899,273.7488013225647,133.6708004631842,346.2875290000002,-4.433408265679248,-13.507435774347044
224,640,0.0294117647058823,0.1058020477815699,0.0294117647058823,0.1058020477815699,2,0,3,0,153,140,0.0214285714285714,0.0,2.142857142857143,0.0,2,3,2.142857142857143,3171.029513999,329.89377497342423,109.81587239390907,33,18.233172423609066,11.852658227848105,35,21.8902641743203,15.62998405103668,2,3.6570917507112384,3.777325823188578,3,Regeneração,3171.029513999,329.89377497342423,109.81587239390907,3286.545128999,324.606849630195,108.5200310572,115.51561500000024,-5.286925343229257,-1.2958413367090742
225,642,0.135593220338983,0.1626382630069643,0.135593220338983,0.1626382630069643,15,1,23,1,178,234,0.0982905982905982,0.0056179775280898,9.82905982905983,0.5617977528089888,14,22,9.26726207625084,4049.230480222,259.2836646077315,105.58081796338462,52,26.56583444861145,14.80560747663551,66,35.19957402504404,19.59770937723694,14,8.633739576432593,4.792101900601429,22,Regeneração,4049.230480222,259.2836646077315,105.58081796338462,4448.996363222,253.59438388099764,83.55632963781818,399.7658829999996,-5.68928072673387,-22.02448832556644
226,660,0.0714285714285714,0.1701244813278008,0.0714285714285714,0.1701244813278008,2,4,2,6,132,109,0.018348623853211,0.0454545454545454,1.834862385321101,4.545454545454546,-2,-4,-2.710592160133445,3078.0701120000003,237.17497501045293,82.55646866666666,43,28.364501891422627,17.70731707317073,41,27.99316710802792,18.13893129770992,-2,-0.3713347833947082,0.4316142245391887,-4,Declínio,3078.0701120000003,237.17497501045293,82.55646866666666,3012.1311940000005,237.49730379615383,88.646896175,-65.93891799999983,0.322328785700904,6.090427508333335
227,668,0.2580645161290322,0.3258426966292135,0.2580645161290322,0.3258426966292135,5,11,6,17,154,113,0.0530973451327433,0.1103896103896103,5.3097345132743365,11.03896103896104,-6,-11,-5.729226525686703,2858.9611399960004,237.3719357649091,105.62738766654545,34,22.353590158302165,17.21044992743106,28,18.560009521865734,13.83423618634886,-6,-3.793580636436431,-3.3762137410822,-11,Declínio,2858.9611399960004,237.3719357649091,105.62738766654545,2435.472468,236.44817164672364,113.31687762962964,-423.4886719960005,-0.92376411818546,7.689489963084199
228,669,0.125,0.1352718078381795,0.125,0.1352718078381795,4,4,6,4,184,216,0.0277777777777777,0.0217391304347826,2.7777777777777777,2.1739130434782608,0,2,0.6038647342995169,2660.664800996,242.1640308900645,112.86490148374192,32,18.882231155797136,13.466984884645983,32,18.84947601462868,13.484393063583816,0,-0.0327551411684545,0.017408178937833,2,Regeneração,2660.664800996,242.1640308900645,112.86490148374192,2604.1268469960005,241.86240575458064,104.2434173224516,-56.537953999999445,-0.3016251354838744,-8.621484161290311
229,672,0.1428571428571428,0.2075042637862421,0.1428571428571428,0.2075042637862422,3,4,7,6,247,342,0.0204678362573099,0.0242914979757085,2.046783625730994,2.42914979757085,-1,1,-0.3823661718398559,2366.561497996,239.4196186554637,138.2515160415,25,11.77992643100236,8.026443888961978,24,10.573675788475729,7.53439835094048,-1,-1.2062506425266315,-0.4920455380214985,1,Estagnação,2366.561497996,239.4196186554637,138.2515160415,2631.751452996,274.71533603227533,157.01730912483333,265.1899549999998,35.29571737681164,18.76579308333333
230,673,0.0175438596491228,0.0365853658536585,0.0175438596491228,0.0365853658536585,1,0,1,0,164,164,0.0060975609756097,0.0,0.6097560975609756,0.0,1,1,0.6097560975609756,2488.557292,267.88764225396824,111.55017485714286,28,13.118490876541946,8.704207119741099,29,13.384593968140026,8.941489361702127,1,0.2661030915980795,0.2372822419610276,1,Estagnação,2488.557292,267.88764225396824,111.55017485714286,2581.79074,267.378045,114.01972768965516,93.23344799999995,-0.5095972539682521,2.469552832512292
231,682,0.0654205607476635,0.1024096385542168,0.0654205607476635,0.1024096385542168,4,3,5,3,155,177,0.0282485875706214,0.0193548387096774,2.824858757062147,1.935483870967742,1,2,0.8893748860944051,3686.886238003,281.7949530732677,69.99491538473077,53,32.746419229537004,19.328238133547867,54,32.575829185488175,19.232044198895025,1,-0.1705900440488292,-0.0961939346528417,2,Regeneração,3686.886238003,281.7949530732677,69.99491538473077,3884.697653003,280.66957533973374,72.55590448159259,197.81141500000007,-1.1253777335339803,2.5609890968618174
232,686,0.125,0.1720116618075801,0.125,0.1720116618075801,9,3,10,3,166,177,0.0564971751412429,0.0180722891566265,5.649717514124294,1.8072289156626504,6,7,3.842488598461644,3500.431904999,328.83750199793536,86.70942457782222,45,21.764305553040685,11.92900432900433,51,29.648893389691484,18.998787143723465,6,7.884587836650798,7.069782814719135,7,Regeneração,3500.431904999,328.83750199793536,86.70942457782222,3751.496806999,319.4151654525098,79.52850441180392,251.06490200000007,-9.422336545425535,-7.180920166018296
233,687,0.2289156626506024,0.2,0.2289156626506024,0.2,6,13,8,18,227,173,0.0462427745664739,0.079295154185022,4.624277456647398,7.929515418502203,-7,-10,-3.3052379618548047,3828.292351003,310.0094997617495,99.98306380013334,45,14.19735491418158,5.147238038158025,38,9.744452429951876,3.4255465262675986,-7,-4.452902484229705,-1.7216915118904264,-10,Declínio,3828.292351003,310.0094997617495,99.98306380013334,3565.310142003,326.87176731848047,122.91020178402702,-262.98220900000024,16.862267556730956,22.927137983893687
234,688,0.0793650793650793,0.1735849056603773,0.0793650793650793,0.1735849056603773,8,2,9,2,231,299,0.0301003344481605,0.0086580086580086,3.0100334448160537,0.8658008658008658,6,7,2.144232579015188,4158.701177003,292.28277558654065,81.1087602501,60,27.30473115918744,12.49964862965566,66,33.25443636698308,18.137756137147488,6,5.949705207795642,5.638107507491828,7,Regeneração,4158.701177003,292.28277558654065,81.1087602501,4364.315237003,286.25456321594174,74.42728698493939,205.61405999999988,-6.028212370598908,-6.681473265160619
235,69,0.1612903225806451,0.1710526315789473,0.1612903225806451,0.1710526315789473,5,0,8,0,192,264,0.0303030303030303,0.0,3.0303030303030303,0.0,5,8,3.0303030303030303,1804.736587,297.97118025641026,207.20699246153845,13,3.7235717681247977,2.683750728013978,18,3.789726807997442,2.649836514333511,5,0.0661550398726449,-0.0339142136804668,8,Regeneração,1804.736587,297.97118025641026,207.20699246153845,2380.913878,330.85769177124183,184.17678022222225,576.1772909999997,32.88651151483157,-23.0302122393162
236,690,0.0833333333333333,0.0995195607412491,0.0833333333333333,0.0995195607412491,7,1,7,1,235,253,0.0276679841897233,0.0042553191489361,2.766798418972332,0.425531914893617,6,6,2.341266504078715,3693.2540140062,290.8556745154271,91.11036775589778,45,24.48989789788012,15.83739604244336,51,26.731090367579096,15.723163841807914,6,2.241192469698984,-0.1142322006354472,6,Regeneração,3693.2540140062,290.8556745154271,91.11036775589778,3804.1061850062,304.7607671782072,87.295368740308,110.852171,13.905092662780078,-3.814999015589777
237,70,0.0909090909090909,0.0948012232415902,0.0909090909090909,0.0948012232415902,2,1,2,1,150,177,0.0112994350282485,0.0066666666666666,1.1299435028248588,0.6666666666666667,1,1,0.463276836158192,1945.873976,328.3111213166667,149.5285160625,16,6.485747532379793,4.62772521596051,17,6.395573436439966,4.550326797385621,1,-0.0901740959398269,-0.077398418574889,1,Estagnação,1945.873976,328.3111213166667,149.5285160625,1986.859138,323.0488483382353,139.55582817647058,40.985161999999946,-5.262272978431383,-9.972687886029403
238,712,0.088235294117647,0.0917874396135265,0.088235294117647,0.0917874396135265,3,3,3,3,197,217,0.0138248847926267,0.015228426395939,1.3824884792626728,1.5228426395939088,0,0,-0.1403541603312359,2966.6588089960005,242.6422358393369,112.3328091762353,34,19.019928193987653,14.16903979554582,34,20.108778205450765,15.030003191828916,0,1.088850011463112,0.8609633962830952,0,Estagnação,2966.6588089960005,242.6422358393369,112.3328091762353,2914.012458996,243.5758579355936,100.39834270564704,-52.64635000000044,0.9336220962566985,-11.934466470588262
239,714,0.0508474576271186,0.1126760563380281,0.0508474576271186,0.1126760563380281,1,2,2,2,141,143,0.0139860139860139,0.0141843971631205,1.3986013986013983,1.4184397163120568,-1,0,-0.0198383177106582,2896.774393,265.32708074712644,139.2791971,30,18.978410630753768,13.85435540069687,29,17.3105716375608,11.909726266744318,-1,-1.6678389931929694,-1.9446291339525512,0,Estagnação,2896.774393,265.32708074712644,139.2791971,2856.976407,266.6600661921182,143.70739944827585,-39.79798600000004,1.3329854449917775,4.428202348275846
240,717,0.064516129032258,0.0716049382716049,0.064516129032258,0.0716049382716049,1,3,5,5,201,204,0.0245098039215686,0.0248756218905472,2.450980392156863,2.4875621890547266,-2,0,-0.0365817968978636,2820.47755,263.2336417862903,113.95556240625,32,15.372405165733818,8.196591600730372,30,14.963091427611635,8.493061224489793,-2,-0.4093137381221829,0.2964696237594211,0,Estagnação,2820.47755,263.2336417862903,113.95556240625,2826.0746399960003,267.1650414526069,134.13912066653333,5.59708999600025,3.931399666316565,20.18355826028333
241,718,0.09375,0.2622950819672131,0.09375,0.2622950819672131,3,3,25,3,112,132,0.1893939393939394,0.0267857142857142,18.939393939393938,2.6785714285714284,0,22,16.26082251082251,3490.837880996,324.4639809916855,149.08862268725,32,21.182796628680173,15.372549019607842,32,21.073866545928404,15.474245115452929,0,-0.1089300827517689,0.1016960958450869,22,Regeneração,3490.837880996,324.4639809916855,149.08862268725,3239.796147996,319.6863601549919,133.863299031,-251.041733,-4.777620836693586,-15.225323656249998
242,723,0.1304347826086956,0.127906976744186,0.1304347826086956,0.127906976744186,3,3,5,5,187,157,0.0318471337579617,0.0267379679144385,3.1847133757961785,2.6737967914438503,0,0,0.5109165843523282,2253.728883,273.0342762608696,131.79679708695653,23,12.941948974457002,9.468995396696451,23,13.567208108342992,9.951150585385546,0,0.6252591338859901,0.4821551886890933,0,Estagnação,2253.728883,273.0342762608696,131.79679708695653,2218.757558,271.4855596521739,130.47538230434782,-34.971325000000434,-1.5487166086957131,-1.3214147826087128
243,725,0.081967213114754,0.0846153846153846,0.081967213114754,0.0846153846153846,5,0,9,0,130,130,0.0692307692307692,0.0,6.923076923076923,0.0,5,9,6.923076923076923,2584.024373,261.1200040846561,127.34032592857145,28,16.892933560487815,11.543715846994536,33,19.16427927060593,12.21098265895954,5,2.2713457101181227,0.6672668119650034,9,Regeneração,2584.024373,261.1200040846561,127.34032592857145,2842.602956,256.09563231060605,116.65993663636364,258.578583,-5.024371774050053,-10.680389292207806
244,728,0.1555555555555555,0.1176470588235294,0.1555555555555555,0.1176470588235294,6,1,12,1,128,144,0.0833333333333333,0.0078125,8.333333333333332,0.78125,5,11,7.552083333333332,2025.676855,312.46769504736847,110.0320334,20,12.049033937246104,8.733475479744136,25,14.071998204206022,9.671641791044776,5,2.022964266959919,0.9381663113006392,11,Regeneração,2025.676855,312.46769504736847,110.0320334,2463.135263,301.2375346333333,115.75751904,437.4584080000002,-11.23016041403514,5.725485640000002
245,732,0.044776119402985,0.1513944223107569,0.044776119402985,0.1513944223107569,1,2,1,3,232,270,0.0037037037037037,0.0129310344827586,0.3703703703703704,1.293103448275862,-1,-2,-0.9227330779054916,2946.4290650000003,259.4142966613191,121.96535897058824,34,18.821548765730395,13.1921568627451,33,18.06370064026656,13.18264014466546,-1,-0.7578481254638376,-0.009516718079638,-2,Declínio,2946.4290650000003,259.4142966613191,121.96535897058824,2798.6005170000003,259.0445635265152,115.97177827272726,-147.82854799999996,-0.3697331348038801,-5.993580697860978
246,736,0.0222222222222222,0.0708661417322834,0.0222222222222222,0.0708661417322834,1,0,1,0,189,192,0.0052083333333333,0.0,0.5208333333333333,0.0,1,1,0.5208333333333333,1808.372376,259.38878675324673,99.91916409090908,22,13.103116383251855,7.887171561051004,23,12.230417762506187,6.984463812050019,1,-0.8726986207456697,-0.9027077490009852,1,Estagnação,1808.372376,259.38878675324673,99.91916409090908,1828.943206,259.87229339920947,88.84120534782609,20.570829999999887,0.4835066459627342,-11.077958743082988
247,739,0.1034482758620689,0.1265597147950089,0.1034482758620689,0.1265597147950089,7,2,7,2,256,305,0.0229508196721311,0.0078125,2.295081967213114,0.78125,5,5,1.5138319672131146,3186.187481496,260.8061527766341,97.98905463404878,41,19.1999125810682,11.998535335042108,46,20.539270301927512,12.283771292750563,5,1.339357720859315,0.2852359577084566,5,Regeneração,3186.187481496,260.8061527766341,97.98905463404878,3836.514970496,303.7725833930628,98.10905310860868,650.3274889999998,42.96643061642868,0.1199984745598925
248,74,0.0833333333333333,0.1469681397738952,0.0833333333333333,0.1469681397738951,8,2,10,2,148,178,0.0561797752808988,0.0135135135135135,5.617977528089887,1.351351351351351,6,8,4.266626176738535,4415.129826003,296.734292244263,98.97304982164286,57,40.11221224469573,28.745406824146976,63,44.69478685863408,33.07306889352818,6,4.582574613938348,4.327662069381205,8,Regeneração,4415.129826003,296.734292244263,98.97304982164286,4803.200657003,291.57907234858965,100.8098165162742,388.070831,-5.155219895673326,1.8367666946313363
249,742,0.1666666666666666,0.2840909090909091,0.1666666666666666,0.2840909090909091,14,2,17,2,132,220,0.0772727272727272,0.0151515151515151,7.727272727272727,1.5151515151515151,12,15,6.212121212121211,3465.283760003,336.4192815762172,103.23056357164286,42,25.79486977144696,16.37593984962406,54,28.65578409147926,18.12734082397004,12,2.860914320032297,1.751400974345973,15,Regeneração,3465.283760003,336.4192815762172,103.23056357164286,4045.024449003,315.88879507138995,94.74022768535184,579.7406889999997,-20.53048650482725,-8.490335886291021
250,743,0.1395348837209302,0.2418772563176895,0.1395348837209302,0.2418772563176895,10,2,14,2,115,162,0.0864197530864197,0.017391304347826,8.641975308641975,1.7391304347826086,8,12,6.902844873859366,3202.267304996,268.2249905517098,106.95441818410526,39,27.89991764265243,21.227929373996783,47,29.357962520739388,20.12576687116565,8,1.4580448780869588,-1.1021625028311348,12,Regeneração,3202.267304996,268.2249905517098,106.95441818410526,3138.991193996,237.88358186745893,72.85552513034783,-63.27611099999967,-30.341408684250894,-34.09889305375744
251,745,0.0649350649350649,0.1117478510028653,0.0649350649350649,0.1117478510028653,4,1,5,1,167,182,0.0274725274725274,0.0059880239520958,2.747252747252748,0.5988023952095809,3,4,2.1484503520431666,3316.078657902,272.3958245109048,123.1608968503611,37,17.760978072819437,10.325435024065165,40,19.92080928739612,11.198106828938473,3,2.1598312145766805,0.8726718048733098,4,Regeneração,3316.078657902,272.3958245109048,123.1608968503611,3408.969897902,269.5593309984831,114.29187901571794,92.89123999999993,-2.8364935124216686,-8.86901783464316
252,747,0.1489361702127659,0.1598173515981735,0.1489361702127659,0.1598173515981735,8,6,12,7,197,241,0.0497925311203319,0.0355329949238578,4.979253112033195,3.5532994923857872,2,5,1.425953619647408,4059.296381006,266.51186674808696,129.65220793517392,46,18.55517055492105,9.646781009197118,48,21.342650604465923,11.526294899781702,2,2.787480049544872,1.8795138905845832,5,Regeneração,4059.296381006,266.51186674808696,129.65220793517392,3797.710100006,241.72474119173933,104.124497125375,-261.5862809999999,-24.787125556347632,-25.52771080979892
253,750,0.0866141732283464,0.2136222910216718,0.0866141732283464,0.2136222910216718,3,8,3,17,189,134,0.0223880597014925,0.0899470899470899,2.238805970149253,8.994708994708994,-5,-14,-6.75590302455974,4815.755715902,288.7529890517156,92.08926041828788,66,46.00454082960146,32.09433962264151,61,46.024350256208685,34.267175572519086,-5,0.0198094266072246,2.172835949877573,-14,Declínio,4815.755715902,288.7529890517156,92.08926041828788,4457.577452902,292.6332875726339,90.63344327234428,-358.1782629999998,3.880298520918302,-1.4558171459435982
254,752,0.072,0.2264957264957265,0.072,0.2264957264957265,5,4,5,9,206,262,0.0190839694656488,0.0436893203883495,1.9083969465648856,4.368932038834951,1,-4,-2.460535092270065,4414.569716899,290.5179499776515,86.06365602582258,62,38.75072118102674,23.038002171552662,63,28.9743990470318,11.754109589041098,1,-9.776322133994938,-11.283892582511568,-4,Declínio,4414.569716899,290.5179499776515,86.06365602582258,4668.617099899,258.45860693893394,103.41000858088888,254.04738300000008,-32.05934303871754,17.346352555066304
255,753,0.0444444444444444,0.087719298245614,0.0444444444444444,0.087719298245614,3,1,5,1,138,147,0.0340136054421768,0.0072463768115942,3.401360544217688,0.7246376811594203,2,4,2.676722863058267,3308.514595,285.23559232558137,84.05096788636364,44,28.02899475796464,17.407678244972576,46,28.30522517693393,17.66884709730172,2,0.2762304189692983,0.2611688523291455,4,Regeneração,3308.514595,285.23559232558137,84.05096788636364,3502.905729,284.9964705768116,88.8483664347826,194.391134,-0.2391217487697758,4.797398548418968
256,77,0.1343283582089552,0.1910112359550561,0.1343283582089552,0.1910112359550561,8,1,10,1,152,166,0.0602409638554216,0.006578947368421,6.024096385542169,0.6578947368421052,7,9,5.366201648700064,2452.487594999,237.2738754390137,104.90116500006668,30,17.490119380254406,11.739837398373982,37,20.775801117482,13.084520417853753,7,3.285681737227592,1.3446830194797688,9,Regeneração,2452.487594999,237.2738754390137,104.90116500006668,2775.6614789020005,238.45673776857657,85.19223015145946,323.1738839030004,1.1828623295628518,-19.708934848607228
257,784,0.0638297872340425,0.0924369747899159,0.0638297872340425,0.0924369747899159,1,2,1,3,124,114,0.0087719298245614,0.0241935483870967,0.8771929824561403,2.419354838709677,-1,-2,-1.542161856253537,2207.104291,241.2337712427536,114.60803775,24,15.03607867822545,11.44047619047619,23,14.687384055719678,11.541740674955598,-1,-0.3486946225057732,0.1012644844794081,-2,Declínio,2207.104291,241.2337712427536,114.60803775,2201.593794,241.6625524110672,128.43275256521738,-5.510497000000214,0.4287811683136056,13.82471481521739
258,789,0.15,0.217877094972067,0.15,0.217877094972067,3,3,3,3,144,214,0.014018691588785,0.0208333333333333,1.4018691588785046,2.083333333333333,0,0,-0.6814641744548284,2098.766395,315.7859164368421,113.1872149,20,8.879332322446313,6.314250913520097,20,9.407252670291973,6.724816446402351,0,0.527920347845658,0.4105655328822539,0,Estagnação,2098.766395,315.7859164368421,113.1872149,2231.638143,318.8386127526316,131.19149275,132.87174800000005,3.0526963157894897,18.00427785000001
259,795,0.0943396226415094,0.4494226327944572,0.0943396226415094,0.4494226327944572,8,2,134,3,114,248,0.5403225806451613,0.0263157894736842,54.03225806451613,2.631578947368421,6,131,51.40067911714771,3161.620628002001,234.13656960212245,70.98579714308163,50,38.902329502038334,31.391304347826093,56,16.951902653622195,5.633266165964462,6,-21.95042684841614,-25.758038181861632,131,Regeneração,3161.620628002001,234.13656960212245,70.98579714308163,3863.494686002,327.1812957778505,76.68923047292728,701.874057999999,93.04472617572804,5.703433329845652
260,796,0.0666666666666666,0.0644257703081232,0.0666666666666666,0.0644257703081232,3,3,3,3,175,182,0.0164835164835164,0.0171428571428571,1.6483516483516485,1.7142857142857144,0,0,-0.0659340659340659,2791.0828870000005,233.7481107087486,78.59451588372093,45,22.63994690458806,12.862242755144896,45,24.02871441705569,13.94107744107744,0,1.388767512467627,1.078834685932545,0,Estagnação,2791.0828870000005,233.7481107087486,78.59451588372093,2803.401395,233.9316720177187,76.789153,12.318507999999383,0.1835613089700984,-1.805362883720932
261,803,0.0909090909090909,0.1153526970954356,0.0909090909090909,0.1153526970954357,7,2,7,2,187,217,0.032258064516129,0.0106951871657754,3.225806451612903,1.06951871657754,5,5,2.156287735035363,3625.743657,284.6232309676226,86.90757444680851,47,25.57087601053565,14.232397232397236,52,25.27895645635004,13.968851972708396,5,-0.2919195541856112,-0.2635452596888399,5,Regeneração,3625.743657,284.6232309676226,86.90757444680851,3784.744990503,298.3552212520008,80.49733598082692,159.00133350299984,13.731990284378185,-6.4102384659815925
262,807,0.081081081081081,0.1896103896103896,0.081081081081081,0.1896103896103896,5,1,5,1,162,223,0.0224215246636771,0.0061728395061728,2.242152466367713,0.6172839506172839,4,4,1.6248685157504288,2958.1929910030003,242.9305916673983,105.22402734302857,35,12.635314187901246,6.372996600291404,39,11.10063899697809,5.225281075969317,4,-1.5346751909231564,-1.147715524322087,4,Regeneração,2958.1929910030003,242.9305916673983,105.22402734302857,3610.340910003,268.0871586101404,130.72322323092308,652.1479189999995,25.15656694274213,25.49919588789452
263,81,0.0833333333333333,0.1333333333333333,0.0833333333333333,0.1333333333333333,3,7,3,7,219,231,0.0129870129870129,0.0319634703196347,1.2987012987012987,3.1963470319634704,-4,-4,-1.897645733262172,4162.587941899,240.69159644903823,88.02916169837705,62,37.0056705536679,23.407027818448025,58,34.02535020364291,22.52469396369776,-4,-2.9803203500249893,-0.8823338547502644,-4,Declínio,4162.587941899,240.69159644903823,88.02916169837705,3952.564930896,240.96839732279005,88.952221424,-210.0230110029997,0.2768008737518244,0.9230597256229488
264,811,0.0804597701149425,0.1111111111111111,0.0804597701149425,0.1111111111111111,2,5,3,7,148,140,0.0214285714285714,0.0472972972972973,2.142857142857143,4.72972972972973,-3,-4,-2.586872586872587,3289.821242999,240.42930497773327,93.2650714224,45,30.28164584778831,20.09541284403669,42,29.314516370322423,20.33195020746888,-3,-0.9671294774658854,0.2365373634321805,-4,Declínio,3289.821242999,240.42930497773327,93.2650714224,3495.278348999,265.9489347374669,114.45712657161904,205.4571060000003,25.519629759733647,21.192055149219044
265,830,0.0714285714285714,0.0918918918918919,0.0714285714285714,0.0918918918918919,1,3,1,4,180,190,0.0052631578947368,0.0222222222222222,0.5263157894736842,2.2222222222222223,-2,-3,-1.6959064327485385,2734.586042,269.8050459497355,131.5287049642857,29,10.68947763037053,6.141015921152388,27,10.339979132018328,6.154108421411524,-2,-0.3494984983522027,0.0130925002591366,-3,Declínio,2734.586042,269.8050459497355,131.5287049642857,2757.731776,272.6157610769231,143.85035692592592,23.14573400000017,2.8107151271876205,12.321651961640214
266,836,0.12,0.375,0.12,0.375,4,2,6,3,114,222,0.027027027027027,0.0263157894736842,2.702702702702702,2.631578947368421,2,3,0.0711237553342818,2380.534835,274.2723258514493,128.46642129166668,24,13.529298971266542,9.626666666666669,26,9.419762357721604,5.349978289188015,2,-4.109536613544938,-4.276688377478652,3,Regeneração,2380.534835,274.2723258514493,128.46642129166668,2458.671477,269.72305062153845,127.0763375,78.13664199999994,-4.549275229910847,-1.390083791666683
267,837,0.032258064516129,0.0751445086705202,0.032258064516129,0.0751445086705202,0,1,0,1,81,92,0.0,0.0123456790123456,0.0,1.2345679012345678,-1,-1,-1.2345679012345678,1626.4925050000002,239.6090199583333,116.7011125,16,8.116493508660925,5.074245939675175,15,8.504256756207662,5.575757575757577,-1,0.3877632475467365,0.5015116360824026,-1,Estagnação,1626.4925050000002,239.6090199583333,116.7011125,1613.9783690000002,241.4056051809524,135.37627166666667,-12.514136000000008,1.7965852226190862,18.675159166666678
268,843,0.1707317073170731,0.3739130434782609,0.1707317073170731,0.3739130434782609,4,3,15,6,49,66,0.2272727272727272,0.1224489795918367,22.727272727272727,12.244897959183673,1,9,10.482374768089054,1978.965677,239.0361775368421,132.8163894,20,14.538900493858277,10.766816143497758,21,10.321344695119704,5.839142091152814,1,-4.217555798738573,-4.927674052344944,9,Regeneração,1978.965677,239.0361775368421,132.8163894,2208.512622,279.58172727619046,122.04464052380952,229.54694500000028,40.54554973934836,-10.771748876190472
269,845,0.04,0.1264367816091954,0.04,0.1264367816091954,1,1,1,1,135,126,0.0079365079365079,0.0074074074074074,0.7936507936507936,0.7407407407407408,0,0,0.0529100529100527,2255.8302000000003,269.33882374666666,112.80538036,25,13.74225460280981,8.774675012036592,25,13.808544076029436,8.929133858267717,0,0.0662894732196246,0.1544588462311242,0,Estagnação,2255.8302000000003,269.33882374666666,112.80538036,2273.648104,269.77486192000003,113.98406316,17.817903999999544,0.4360381733333724,1.1786828000000042
270,85,0.1111111111111111,0.1641791044776119,0.1111111111111111,0.1641791044776119,5,1,6,1,87,114,0.0526315789473684,0.0114942528735632,5.263157894736842,1.1494252873563218,4,5,4.11373260738052,2631.939547,272.6974572733333,153.37286324000002,25,15.056753264508634,9.40248447204969,29,17.056241207588947,10.413461538461538,4,1.9994879430803127,1.010977066411849,5,Regeneração,2631.939547,272.6974572733333,153.37286324000002,2912.317243,267.86767772413793,145.92744244827583,280.377696,-4.829779549195393,-7.445420791724189
271,852,0.09375,0.4248021108179419,0.09375,0.424802110817942,2,4,2,7,96,160,0.0125,0.0729166666666666,1.25,7.291666666666667,-2,-5,-6.041666666666667,2987.888330996,271.1691809959697,130.30490560593938,33,27.94757889915549,24.25263157894737,31,13.749642866686203,6.550665301944728,-2,-14.197936032469286,-17.701966277002636,-5,Declínio,2987.888330996,271.1691809959697,130.30490560593938,2938.884672996,274.0887925115699,130.56101264503226,-49.00365800000009,2.919611515600195,0.2561070390928819
272,857,0.0515463917525773,0.0530612244897959,0.0515463917525773,0.0530612244897959,3,2,3,2,247,243,0.0123456790123456,0.0080971659919028,1.2345679012345678,0.8097165991902834,1,1,0.4248513020442844,3612.679522003,301.27620599391935,88.19778189589583,48,19.416301372143327,10.83448765760966,49,20.8549491651778,11.893051359516615,1,1.438647793034466,1.058563701906957,1,Estagnação,3612.679522003,301.27620599391935,88.19778189589583,3681.913242003,319.70864287427213,86.48331624495918,69.23372000000018,18.432436880352785,-1.7144656509366456
273,860,0.1470588235294117,0.3413173652694611,0.1470588235294117,0.3413173652694611,6,4,6,4,124,210,0.0285714285714285,0.032258064516129,2.857142857142857,3.225806451612903,2,2,-0.3686635944700458,3122.475742003,305.80197045472727,107.84377269715152,33,16.859898680096617,10.904964539007093,35,16.788186750010283,9.817453250222618,2,-0.0717119300863338,-1.087511288784473,2,Regeneração,3122.475742003,305.80197045472727,107.84377269715152,3092.789042003,244.09099793294453,116.3351653716,-29.6867000000002,-61.710972521782736,8.491392674448477
274,865,0.1384615384615384,0.0989010989010989,0.1384615384615384,0.0989010989010989,5,4,7,4,87,95,0.0736842105263157,0.0459770114942528,7.368421052631578,4.597701149425287,1,3,2.770719903206291,2871.469286006,302.28942081892336,97.3405520943125,32,18.56458509188644,10.645569620253164,33,19.407254291264632,11.64516129032258,1,0.842669199378193,0.9995916700694174,3,Regeneração,2871.469286006,302.28942081892336,97.3405520943125,3147.408844006,269.24369079960604,132.90969081872728,275.93955800000003,-33.04573001931732,35.569138724414785
275,87,0.0181818181818181,0.0783098591549295,0.0181818181818181,0.0783098591549295,1,0,1,0,142,155,0.0064516129032258,0.0,0.6451612903225806,0.0,1,1,0.6451612903225806,2612.0678900000003,293.4292353789174,120.80204548148149,27,15.129482385031256,9.722275795564128,28,14.82074630343701,9.25105891413169,1,-0.3087360815942457,-0.4712168814324382,1,Estagnação,2612.0678900000003,293.4292353789174,120.80204548148149,2691.216292,291.2230317169312,122.08614839285714,79.1484019999998,-2.206203661986194,1.2841029113756548
276,884,0.1379310344827586,0.5503875968992248,0.1379310344827586,0.5503875968992248,6,2,29,4,66,192,0.1510416666666666,0.0606060606060606,15.104166666666666,6.0606060606060606,4,25,9.043560606060606,2408.507150996,245.9013562950769,119.04541403815384,27,21.92430670065983,18.615384615384617,31,13.747795916815608,7.616528925619834,4,-8.176510783844222,-10.998855689764785,25,Regeneração,2408.507150996,245.9013562950769,119.04541403815384,2770.8589269960003,245.40886462042292,126.4438489664,362.3517760000004,-0.4924916746539622,7.398434928246161
277,887,0.0909090909090909,0.2,0.0909090909090909,0.2,4,0,5,0,111,109,0.0458715596330275,0.0,4.587155963302752,0.0,4,5,4.587155963302752,2022.426048,272.82001239473686,131.4443359,20,14.323868217277017,11.767908309455583,24,14.749207884561551,10.830446672743845,4,0.4253396672845362,-0.93746163671174,5,Regeneração,2022.426048,272.82001239473686,131.4443359,2400.726563,270.96177726449275,133.59824220833335,378.3005150000001,-1.8582351302441111,2.1539063083333474
278,89,0.0857142857142857,0.0294695481335952,0.0857142857142857,0.0294695481335952,2,1,2,1,252,257,0.0077821011673151,0.0039682539682539,0.7782101167315175,0.3968253968253968,1,1,0.3813847199061207,2237.017134,293.9737879411765,197.8535105882353,17,9.050270370449278,6.810810810810811,18,9.01648597811726,6.683092178488314,1,-0.0337843923320164,-0.1277186323224972,1,Estagnação,2237.017134,293.9737879411765,197.8535105882353,2225.2281860000003,291.96241632026147,169.5314515,-11.788947999999891,-2.0113716209150425,-28.322059088235303
279,894,0.1875,0.2456140350877192,0.1875,0.2456140350877192,3,9,3,14,129,99,0.0303030303030303,0.1085271317829457,3.0303030303030303,10.852713178294572,-6,-11,-7.822410147991543,2718.103548999,236.930527761082,101.12885261770587,35,20.00985260627376,12.99063231850117,29,16.67810844527481,11.049605411499432,-6,-3.3317441609989515,-1.9410269070017367,-11,Declínio,2718.103548999,236.930527761082,101.12885261770587,2677.472009996,267.2622070314603,124.06086282128572,-40.63153900299994,30.33167927037832,22.93201020357985
280,895,0.1764705882352941,0.187122736418511,0.1764705882352941,0.187122736418511,9,3,17,4,215,282,0.0602836879432624,0.0186046511627906,6.028368794326241,1.8604651162790693,6,13,4.167903678047171,2796.241827996,243.957864976086,121.7192608384516,31,20.384399698523566,16.179558977948897,37,21.338921321824337,15.797377830750891,6,0.9545216233007708,-0.3821811471980059,13,Regeneração,2796.241827996,243.957864976086,121.7192608384516,3354.260915996,299.92575147120635,109.35342194422222,558.019088,55.967886495120354,-12.365838894229384
281,899,0.05,0.1057943925233645,0.05,0.1057943925233644,2,4,3,6,214,233,0.0128755364806866,0.02803738317757,1.2875536480686696,2.803738317757009,-2,-3,-1.5161846696883396,3887.258011506,272.06889037669947,64.29595211495082,61,37.37665048494307,20.797456857402363,59,34.25205471276691,19.354367201426022,-2,-3.124595772176157,-1.4430896559763404,-3,Declínio,3887.258011506,272.06889037669947,64.29595211495082,3836.551736506,274.52689768986204,69.25929584503449,-50.706275000000005,2.458007313162568,4.963343730083665
282,902,0.15625,0.6174496644295302,0.15625,0.6174496644295302,9,1,142,1,66,232,0.6120689655172413,0.0151515151515151,61.206896551724135,1.5151515151515151,8,141,59.69174503657262,2585.578151,268.9500617989418,110.85024675,28,21.91095108355412,17.707317073170735,36,7.480796115648757,3.023820224719101,8,-14.430154967905365,-14.683496848451634,141,Regeneração,2585.578151,268.9500617989418,110.85024675,3130.911866,307.8269802650794,91.53776761111112,545.3337149999998,38.87691846613757,-19.312479138888875
283,906,0.0555555555555555,0.1299093655589124,0.0555555555555555,0.1299093655589124,1,3,1,3,149,182,0.0054945054945054,0.0201342281879194,0.5494505494505495,2.013422818791946,-2,-2,-1.4639722693413966,3540.124827499,316.9627130735195,123.39342651356756,37,21.5983774876625,13.678989525569936,35,20.678759254608728,13.90596137699412,-2,-0.9196182330537715,0.2269718514241834,-2,Declínio,3540.124827499,316.9627130735195,123.39342651356756,3390.140364499,320.3127528923798,118.25136348577144,-149.98446299999978,3.350039818860296,-5.142063027796127
284,907,0.1830985915492957,0.2080924855491329,0.1830985915492957,0.2080924855491329,11,2,21,3,155,191,0.1099476439790576,0.0193548387096774,10.99476439790576,1.935483870967742,9,18,9.059280526938018,2647.0053549020004,242.83982602980643,105.0491638904516,31,16.72728685387871,10.45019573727708,40,22.35207042498649,13.85529813900494,9,5.6247835711077805,3.40510240172786,18,Regeneração,2647.0053549020004,242.83982602980643,105.0491638904516,3176.3202280060004,238.16401379132563,99.4332450753,529.3148731040001,-4.675812238480802,-5.615918815151602
285,912,0.04,0.0523560209424083,0.04,0.0523560209424083,2,1,2,1,187,195,0.0102564102564102,0.0053475935828877,1.0256410256410255,0.53475935828877,1,1,0.4908816673522556,3004.695236003,267.4488817479099,107.72678462186488,37,16.946973644294715,9.080498571799533,38,17.01450193789998,9.116518820426752,1,0.0675282936052639,0.0360202486272207,1,Estagnação,3004.695236003,267.4488817479099,107.72678462186488,3117.458804003,267.09049956772543,112.17196692128948,112.76356799999984,-0.3583821801844919,4.4451822994246015
286,913,0.1168831168831168,0.2233009708737864,0.1168831168831168,0.2233009708737864,8,1,10,1,125,184,0.0543478260869565,0.008,5.434782608695652,0.8,7,9,4.6347826086956525,2893.444227003,266.2150847026924,112.42091100025716,35,20.135102000673893,11.168691922802,42,20.810683286388112,10.606516290726818,7,0.6755812857142196,-0.5621756320751832,9,Regeneração,2893.444227003,266.2150847026924,112.42091100025716,3438.634430999,268.049276162554,106.36670871440477,545.190203996,1.8341914598615856,-6.054202285852398
287,918,0.1219512195121951,0.1457905544147844,0.1219512195121951,0.1457905544147843,10,0,14,0,179,228,0.0614035087719298,0.0,6.140350877192982,0.0,10,14,6.140350877192982,3124.365394996,241.74779123787303,116.86629777755556,36,12.73642539469537,5.444519966015292,46,16.533623244878797,6.425710754017303,10,3.7971978501834265,0.981190788002011,14,Regeneração,3124.365394996,241.74779123787303,116.86629777755556,3645.909411996,238.9238163418551,106.34863739113044,521.5440170000002,-2.823974896017944,-10.51766038642512
288,926,0.0666666666666666,0.1111111111111111,0.0666666666666666,0.1111111111111111,3,1,3,1,161,181,0.0165745856353591,0.0062111801242236,1.6574585635359116,0.6211180124223602,2,2,1.0363405511135513,3053.059366922,306.57241523555666,150.781915576,29,14.427079581663062,9.374683544303798,31,14.497841628988608,9.59888661002051,2,0.0707620473255463,0.2242030657167131,2,Regeneração,3053.059366922,306.57241523555666,150.781915576,3225.380742922,302.9300809755269,149.89651870012904,172.32137599999987,-3.64233426002977,-0.8853968758709527
289,930,0.0566037735849056,0.1404011461318051,0.0566037735849056,0.1404011461318051,3,0,6,0,85,96,0.0625,0.0,6.25,0.0,3,6,6.25,2583.0567490000003,273.15829950666665,149.55947772,25,16.91792998806625,12.392795883361922,28,19.440735139659257,14.536277602523656,3,2.5228051515930083,2.143481719161734,6,Regeneração,2583.0567490000003,273.15829950666665,149.55947772,2829.486242,271.6817276137566,144.95969675,246.42949299999964,-1.4765718929100444,-4.599780969999983
290,933,0.1351351351351351,0.1758793969849246,0.1351351351351351,0.1758793969849246,6,4,10,11,178,188,0.0531914893617021,0.0617977528089887,5.319148936170213,6.179775280898876,2,-1,-0.8606263447286633,2919.5955590000003,259.84062733968256,93.53771980555555,36,19.2796042349692,10.367801047120418,38,19.45731967775072,9.72592184920198,2,0.177715442781519,-0.6418791979184366,-1,Estagnação,2919.5955590000003,259.84062733968256,93.53771980555555,3172.401875,260.1845325817923,108.8151375263158,252.8063159999997,0.3439052421097699,15.27741772076024
291,934,0.1111111111111111,0.1790393013100436,0.1111111111111111,0.1790393013100436,4,4,4,11,113,116,0.0344827586206896,0.0973451327433628,3.4482758620689653,9.734513274336283,0,-7,-6.286237412267318,2576.525488,236.6612770111111,74.99768952777778,36,27.18397758882114,20.236133122028527,36,25.60812342075354,17.4300518134715,0,-1.5758541680676004,-2.806081308557026,-7,Declínio,2576.525488,236.6612770111111,74.99768952777778,2614.487037,236.99437519206347,78.221264,37.96154899999965,0.3330981809523621,3.223574472222225
292,938,0.1764705882352941,0.2712166172106824,0.1764705882352941,0.2712166172106825,12,0,28,0,105,177,0.1581920903954802,0.0,15.819209039548024,0.0,12,28,15.819209039548024,2780.903302,272.14970773809523,141.227415,28,14.796114986526575,9.225941422594143,40,21.174679761565187,13.91781430475344,12,6.37856477503861,4.691872882159297,28,Regeneração,2780.903302,272.14970773809523,141.227415,3356.504441996,263.59247396390253,109.1793117499,575.6011399959998,-8.557233774192696,-32.04810325010001
293,939,0.173076923076923,0.4037267080745341,0.173076923076923,0.4037267080745341,13,5,41,15,113,209,0.1961722488038277,0.1327433628318584,19.61722488038277,13.274336283185844,8,26,6.342888597196932,3202.520336003,257.12650374665867,84.13855787240425,48,33.9172708754993,24.79417475728155,56,32.58943801594066,22.0722587165235,8,-1.3278328595586402,-2.7219160407580496,26,Regeneração,3202.520336003,257.12650374665867,84.13855787240425,3901.108945003,294.64437817384646,82.24703221823637,698.5886089999999,37.51787442718779,-1.8915256541678789
294,941,0.1578947368421052,0.2139303482587064,0.1578947368421052,0.2139303482587064,4,2,4,2,81,120,0.0333333333333333,0.0246913580246913,3.333333333333333,2.469135802469136,2,2,0.8641975308641978,2094.974262,281.880597372549,169.1555476111111,18,10.94083309151508,7.464163822525598,20,12.167936916381498,8.228571428571428,2,1.2271038248664166,0.7644076060458298,2,Regeneração,2094.974262,281.880597372549,169.1555476111111,2308.715105,279.86988216842104,168.3313225,213.74084300000004,-2.010715204127962,-0.8242251111111045
295,945,0.2903225806451613,0.4123222748815165,0.2903225806451613,0.4123222748815165,9,9,15,22,128,83,0.180722891566265,0.171875,18.072289156626507,17.1875,0,-7,0.8847891566265069,2831.566595,241.55373377634407,128.60679264516128,31,15.829631182188669,9.277463193657985,31,21.29393926005646,15.207505518763798,0,5.464308077867795,5.930042325105813,-7,Declínio,2831.566595,241.55373377634407,128.60679264516128,3457.748739,300.95265882580645,166.0958459032258,626.1821440000003,59.39892504946238,37.48905325806453
296,946,0.0909090909090909,0.1193848644273573,0.0909090909090909,0.1193848644273573,3,2,5,2,195,218,0.0229357798165137,0.0102564102564102,2.293577981651376,1.0256410256410255,1,3,1.2679369560103506,2327.353713,266.9771445185185,110.4235938148148,27,9.990473150058188,4.9070847851335655,28,9.602762766054854,4.689559897375172,1,-0.3877103840033342,-0.2175248877583939,3,Regeneração,2327.353713,266.9771445185185,110.4235938148148,2303.373075,265.6485315669516,108.87572196296296,-23.980638,-1.3286129515669245,-1.5478718518518375
297,949,0.1481481481481481,0.3125,0.1481481481481481,0.3125,7,2,10,3,116,205,0.048780487804878,0.0258620689655172,4.878048780487805,2.586206896551724,5,7,2.291841883936081,2409.473072,271.87957616666665,121.05911088,25,15.574521718708656,10.696343402225754,30,15.2115646255066,10.561698919326464,5,-0.3629570932020556,-0.1346444828992883,7,Regeneração,2409.473072,271.87957616666665,121.05911088,2728.6781750032,267.28132093618126,126.39044037942068,319.2051030032003,-4.5982552304853925,5.331329499420676
298,95,0.0930232558139534,0.2012102874432677,0.0930232558139534,0.2012102874432677,6,2,8,7,158,176,0.0454545454545454,0.0443037974683544,4.545454545454546,4.430379746835443,4,1,0.1150747986191031,3295.932303899,242.0385107411707,94.36950742929268,41,29.3425425038998,23.59546313799622,45,31.74695762880041,24.86035313001605,4,2.4044151249006127,1.264889992019835,1,Estagnação,3295.932303899,242.0385107411707,94.36950742929268,3453.5717838990004,242.46831811086463,88.51900005773334,157.63948000000028,0.4298073696939184,-5.850507371559345
299,951,0.04,0.0766301761066158,0.04,0.0766301761066158,3,1,3,1,172,184,0.0163043478260869,0.005813953488372,1.6304347826086956,0.5813953488372093,2,2,1.0490394337714863,4166.602734003,316.7517922577755,117.11943442863266,49,24.861541254015133,13.496350364963504,51,26.81430583696653,15.361161524500904,2,1.952764582951396,1.8648111595374013,2,Regeneração,4166.602734003,316.7517922577755,117.11943442863266,4254.141798003,314.3427888307059,112.47779256868628,87.53906400000051,-2.4090034270695924,-4.641641859946375
300,955,0.3698630136986301,0.4550724637681159,0.3698630136986301,0.4550724637681159,10,17,25,24,144,201,0.1243781094527363,0.1666666666666666,12.437810945273633,16.666666666666664,-7,1,-4.228855721393032,3454.769245006,268.4955809297872,114.521745475375,40,25.49594461407773,17.84509466437177,33,17.56772295922215,12.442562365260242,-7,-7.928221654855584,-5.402532299111529,1,Estagnação,3454.769245006,268.4955809297872,114.521745475375,2925.690943006,302.44637017460605,91.19546018227273,-529.0783019999999,33.95078924481885,-23.326285293102277
301,959,0.0689655172413793,0.1304347826086956,0.0689655172413793,0.1304347826086956,2,2,2,2,193,244,0.0081967213114754,0.0103626943005181,0.819672131147541,1.0362694300518136,0,0,-0.2165972989042726,2724.917391999,275.26617766495565,126.91314213810344,29,14.569975657359173,9.01694504962479,29,13.509585395779787,8.20733388475324,0,-1.060390261579384,-0.8096111648715496,0,Estagnação,2724.917391999,275.26617766495565,126.91314213810344,2724.102760999,276.8748873201281,127.13005124155173,-0.8146309999997356,1.6087096551724471,0.2169091034482875
302,97,0.12,0.1542553191489361,0.12,0.1542553191489361,7,5,11,5,177,199,0.0552763819095477,0.0282485875706214,5.527638190954774,2.824858757062147,2,6,2.702779433892627,3858.248696002,282.2311592721905,88.20646926553061,49,24.51199697703061,13.180058897770298,51,25.12149183377285,13.774260869565218,2,0.6094948567422449,0.5942019717949201,6,Regeneração,3858.248696002,282.2311592721905,88.20646926553061,3899.576285902,282.68949076541173,74.10110628641176,41.32758990000002,0.4583314932212374,-14.105362979118851
303,974,0.1777777777777777,0.4476744186046512,0.1777777777777777,0.4476744186046512,12,4,109,5,105,239,0.4560669456066946,0.0476190476190476,45.60669456066946,4.761904761904762,8,104,40.8447897987647,2991.9651229990004,240.41178158584745,95.51758007505,41,32.03116808200702,25.941176470588232,49,21.57040785849657,8.971415109156586,8,-10.460760223510452,-16.969761361431644,104,Regeneração,2991.9651229990004,240.41178158584745,95.51758007505,4156.204575002,301.5477333023883,108.68686112522916,1164.239452002999,61.13595171654083,13.169281050179151
304,976,0.1842105263157894,0.2085561497326203,0.1842105263157894,0.2085561497326203,8,6,15,8,174,200,0.075,0.0459770114942528,7.5,4.597701149425287,2,7,2.902298850574713,2799.1160639990003,237.4421999428889,83.93365132429729,37,17.38372526015761,9.791720569210868,39,22.271267888669573,13.764624913971094,2,4.887542628511962,3.9729043447602272,7,Regeneração,2799.1160639990003,237.4421999428889,83.93365132429729,3220.147861996,291.2370599485128,79.8911478716923,421.0317979969996,53.79486000562392,-4.04250345260499
305,978,0.1333333333333333,0.2285714285714285,0.1333333333333333,0.2285714285714285,3,5,4,5,78,62,0.064516129032258,0.0641025641025641,6.451612903225806,6.41025641025641,-2,-1,0.0413564929693963,2540.369347,238.61024068387096,109.82428622580645,31,23.9323991366232,19.13207547169811,29,23.90202812935919,20.231578947368423,-2,-0.0303710072640015,1.099503475670314,-1,Estagnação,2540.369347,238.61024068387096,109.82428622580645,2528.545943,239.83240516748768,112.06404751724138,-11.823403999999757,1.222164483616723,2.239761291434931
306,979,0.1489361702127659,0.1400651465798045,0.1489361702127659,0.1400651465798045,4,3,7,3,153,154,0.0454545454545454,0.0196078431372549,4.545454545454546,1.96078431372549,1,4,2.5846702317290555,2232.095521,273.8849852252965,110.36879495652174,23,13.488259857263197,10.44578313253012,24,14.481862846529664,10.959334565619224,1,0.9936029892664688,0.513551433089102,4,Regeneração,2232.095521,273.8849852252965,110.36879495652174,2296.227597,271.57400230072466,125.80295533333332,64.13207599999987,-2.3109829245718174,15.434160376811576
307,98,0.046875,0.0836833602584814,0.046875,0.0836833602584814,3,3,4,3,250,267,0.0149812734082397,0.012,1.49812734082397,1.2,0,1,0.2981273408239702,4581.904834402,262.02261799125654,93.70232534292064,64,28.510434093127103,11.472099853157118,64,26.19573013303713,9.361654629021666,0,-2.314703960089972,-2.110445224135452,1,Estagnação,4581.904834402,262.02261799125654,93.70232534292064,4643.270784506,260.39228751631947,98.25958776209524,61.36595010400015,-1.6303304749370682,4.557262419174592
308,982,0.5675675675675675,0.8181818181818182,0.5675675675675675,0.8181818181818182,7,14,7,57,84,26,0.2692307692307692,0.6785714285714286,26.923076923076923,67.85714285714286,-7,-50,-40.93406593406594,2233.857707,278.88100994285713,138.0779421904762,22,11.312821624762364,6.03076923076923,15,10.857622709560088,7.347826086956521,-7,-0.4551989152022759,1.3170568561872908,-50,Declínio,2233.857707,278.88100994285713,138.0779421904762,1472.724118,234.59946862857143,111.57582013333334,-761.133589,-44.2815413142857,-26.502122057142856
309,984,0.1034482758620689,0.1170568561872909,0.1034482758620689,0.1170568561872909,1,2,2,3,140,159,0.0125786163522012,0.0214285714285714,1.257861635220126,2.142857142857143,-1,-1,-0.8849955076370168,1869.950700996,295.32910005660955,171.8954504664,15,5.808848520157776,4.152542372881356,14,5.754296925479958,4.193232708575219,-1,-0.0545515946778181,0.0406903356938634,-1,Estagnação,1869.950700996,295.32910005660955,171.8954504664,1839.332323996,297.1024859664616,194.8416156425714,-30.61837700000001,1.7733859098520384,22.946165176171405
310,991,0.075268817204301,0.0660146699266503,0.075268817204301,0.0660146699266503,6,1,7,1,196,213,0.0328638497652582,0.0051020408163265,3.286384976525822,0.5102040816326531,5,6,2.776180894893169,3104.102895006,259.89272231845456,85.4572840003409,44,19.83198970875439,10.377093462992976,49,21.86664431197072,11.117128154864004,5,2.034654603216328,0.7400346918710294,6,Regeneração,3104.102895006,259.89272231845456,85.4572840003409,3483.479452002,259.14569021606803,90.61587165328572,379.3765569960001,-0.7470321023865267,5.158587652944817
311,992,0.0933333333333333,0.1590909090909091,0.0933333333333333,0.1590909090909091,6,1,7,1,82,94,0.0744680851063829,0.0121951219512195,7.446808510638298,1.2195121951219512,5,6,6.227296315516346,3192.141010006,302.06878175832605,99.92606994328573,35,25.352208910090084,18.8876404494382,40,26.81243500806924,18.485355648535567,5,1.460226097979156,-0.4022848009026347,6,Regeneração,3192.141010006,302.06878175832605,99.92606994328573,3448.852118006,294.9611001426077,93.880240725375,256.711108,-7.107681615718377,-6.045829217910722
312,994,0.0851063829787234,0.1211267605633802,0.0851063829787234,0.1211267605633802,7,1,9,1,165,191,0.0471204188481675,0.006060606060606,4.712041884816754,0.6060606060606061,6,8,4.105981278756148,4184.682128,284.0404685602537,143.93414454545453,44,28.29998108271116,20.64063684609553,50,31.130969355983154,21.91051051051051,6,2.830988273271995,1.2698736644149804,8,Regeneração,4184.682128,284.0404685602537,143.93414454545453,4444.442444,298.59154789387753,116.73211466,259.7603159999999,14.551079333623818,-27.202029885454536
313,995,0.0444444444444444,0.0330188679245283,0.0444444444444444,0.0330188679245283,2,2,2,2,210,214,0.0093457943925233,0.0095238095238095,0.9345794392523364,0.9523809523809524,0,0,-0.0178015131286161,3530.0477870060004,239.1922938386505,109.48300140033334,45,25.39103106230464,14.39295039164491,45,24.83490879140969,14.143298332303884,0,-0.5561222708949529,-0.2496520593410238,0,Estagnação,3530.0477870060004,239.1922938386505,109.48300140033334,3542.212853006,239.87336331137777,113.96951533366666,12.16506599999957,0.6810694727272733,4.486513933333328
314,997,0.0847457627118644,0.0853658536585365,0.0847457627118644,0.0853658536585365,2,3,2,4,165,163,0.0122699386503067,0.0242424242424242,1.2269938650306749,2.4242424242424243,-1,-2,-1.1972485592117494,2693.277135999,268.33968657234715,129.3584613336,30,13.67558961413156,8.870967741935484,29,14.321013339537158,9.472014260249557,-1,0.6454237254055979,0.601046518314071,-2,Declínio,2693.277135999,268.33968657234715,129.3584613336,2701.346372499,273.3479925590443,131.39099293131034,8.069236499999988,5.008305986697167,2.0325315977103457
