UA,anom_lst_max,anom_lst_mean,anom_lst_min,anom_lst_sd,anom_ndvi_max,anom_ndvi_mean,anom_ndvi_min,anom_ndvi_sd,anom_prec_max,anom_prec_mean,anom_prec_min,anom_prec_sd,anom_rad_mean,anom_rad_sd,anom_umid_mean,anom_umid_sd
1,0.9600000000000364,1.0581668027027717,-1.879999999999996,0.0905788470167499,0.014699999999999935,0.006960455486541783,-0.45890000000000003,0.026531690546113804,-3.363315,0.5408783000000001,0.0,0.023582890500016163,0.429336965125124,0.0987931532044426,-1.1114824843792377,0.19020169633130912
4,3.1999999999999886,1.0918801519738892,-1.6200000000000037,0.07362699142781715,0.0033000000000000806,0.0015550724637686253,-0.3052000000000001,0.006097716793523902,17.829279999999997,0.2926019999999996,0.0,-0.49271395255323114,0.4526351848841603,0.10475536953503184,-1.0417473910916186,0.12346418140527682
10,1.919999999999959,0.9595800906318743,-0.8600000000000136,0.07758985000090401,0.015800000000000036,0.015726086956521668,-0.3415,0.010659589749521997,22.725109999999987,0.04450140000000058,0.0,-1.2035719250848498,0.47354149773388343,0.11422084850804737,-0.9613698319445518,0.12476848481971814
15,4.039999999999964,0.9750759334934003,1.2199999999999704,0.09298212928941041,0.0016000000000000458,0.0011799171842646894,-0.28830000000000006,0.021607193940194995,-3.1148199999999946,-0.17158100000000065,0.0,-1.6695260395137304,0.4847866486867396,0.12217332876912756,-1.1366093693364974,0.19395011510132587
21,2.900000000000041,0.684220877226597,1.939999999999996,-0.019471951947390487,0.010599999999999943,0.007118840579710239,-0.1543,0.006198154123203001,4.699709999999996,-0.16288500000000017,0.0,-1.8327672406365867,0.5032776844425442,0.13485677209854163,-1.2645934066841136,0.2207542063334742
23,0.6200000000000045,0.8820484985896435,-1.8000000000000131,-0.008440561228658439,0.034499999999999975,0.004951552795031122,0.01369999999999999,-0.01340659145623141,-30.636205000000004,-0.2736889999999992,0.0,-2.362685215877745,0.48390177436900217,0.13371216246913775,-0.9080971914895741,0.09718489902208827
28,3.2799999999999727,0.7251942683285826,-1.2600000000000495,0.12499283407993911,0.010700000000000043,0.012695238095238204,-0.18800000000000006,0.009201762308493198,12.225250000000003,-0.1341467000000005,0.0,-1.3282867465802415,0.526124431264444,0.14779286747168197,-1.3707988721854463,0.20630782169900463
30,2.9399999999999977,0.771195281174375,-1.5399999999999654,0.05784851189172091,0.009299999999999975,0.005276190476190656,-0.012400000000000022,-0.010222804677427907,-11.216459999999998,-0.28936399999999995,0.0,-2.2203391106278154,0.5050910210708093,0.1424257623429055,-1.149089295833818,0.14936045531022035
37,2.659999999999968,0.7888484882544375,-1.0600000000000023,0.2347922666603699,0.012099999999999889,0.01793105590062094,-0.042200000000000015,-0.007006099553428992,-30.613800000000012,-0.36646849999999986,0.0,-2.310750843510938,0.5362717963532795,0.15579142971556248,-1.3696257409326478,0.1845244485432147
39,2.9599999999999795,0.8151254734379876,-0.8600000000000136,0.029472408490682334,0.02190000000000003,0.013102691511387543,-0.01749999999999996,-0.007932294849580093,-24.725399999999993,-0.3542170000000002,0.0,-2.1609440875224077,0.5026929849977684,0.13968333541812328,-1.3209470202643416,0.32283454608661444
40,1.420000000000016,0.8444493153588866,-1.8999999999999773,0.20267553755086265,0.02739999999999998,0.010496273291925262,0.0011999999999999789,-0.011011736322971394,-20.075090000000003,-0.4565520000000003,0.0,-2.6295166483093837,0.4876516742468251,0.13835270424793222,-1.4718812086477726,0.5224201948985279
41,5.919999999999959,1.276200500944384,-2.2800000000000296,0.5697624370823524,-0.0034999999999999476,-0.012821325051760035,-0.133,0.005510549005150203,-37.909850000000006,-0.5231980000000007,0.0,-3.3794725556563723,0.4779376573196661,0.12780354021654894,-1.6787270522593474,0.682982072472007
47,0.21999999999997044,0.8778130300065001,-1.420000000000016,0.06018105650994343,0.0024000000000000687,0.005852173913043712,-0.10200000000000004,0.005087443619251196,-13.039723999999993,-0.29553079999999987,0.0,-2.474305360982857,0.5228745321390651,0.14430942091353227,-1.4841724068928244,0.3704531657208978
49,4.460000000000036,1.0650248334627577,0.08000000000003915,0.2830637716811353,0.0010000000000000009,-0.0010861283643895936,-0.23020000000000007,0.008213112985397196,10.189910999999995,-0.49331380000000014,0.0,-2.5620938888222664,0.493480734966683,0.13337420917267462,-1.7861502961192173,0.7929748036797095
50,4.740000000000009,1.0709116133131005,-2.079999999999984,0.4015416938073688,0.0046999999999999265,0.0007383022774327674,-0.05689999999999995,0.0017264981522215964,-10.409266000000002,-0.4998760999999998,0.0,-2.462606824515367,0.46047092398852385,0.12544817863075064,-1.839121000458178,0.7475619183030453
51,4.840000000000032,0.9313337517107385,0.30000000000001315,0.46845728193938196,0.022599999999999953,0.006527536231884512,-0.19540000000000007,0.013936366177544401,-10.409266000000002,-0.4998760999999998,0.0,-2.462606824515367,0.46047092398852385,0.12544817863075064,-1.839121000458178,0.7475619183030453
58,3.240000000000002,0.8052128132058485,0.30000000000001315,0.11453975332019439,0.017999999999999905,0.008626915113871925,-0.2333,0.021897377981961,-7.057719999999989,-0.3622961,0.0,-1.7140209702999538,0.5180803138742185,0.14327330168121932,-1.7420489662716676,0.6335522244675182
59,3.9600000000000364,0.7660924491094185,3.319999999999993,0.17217569858799475,0.007899999999999907,0.008029606625258645,-0.132,0.0022762357546285,6.419505000000001,-0.4028337000000004,0.0,-2.215838303405718,0.5001856318925437,0.13714344417905,-1.8960911228283521,0.8584304270872645
69,0.5799999999999841,0.9260543897311813,1.3799999999999955,-0.00196228049972369,0.019100000000000006,0.02565921325051801,-0.135,-0.005837977578041199,4.003584000000004,0.08369439999999972,0.0,-0.4046986706025457,0.5379631675346825,0.18965629505252668,-1.4556642528023787,0.29759438825471385
70,2.079999999999984,1.1740527926594275,-4.319999999999993,0.16691400430717795,0.024399999999999977,0.0070428571428574616,-0.2891,0.004184619228419506,8.718320000000006,-0.043537999999999855,0.0,-0.9602101562429901,0.5433372235340279,0.18266616640633782,-1.446658749193233,0.26678557643594836
74,0.4600000000000364,1.0692852932508217,-0.5400000000000205,0.08254296973938757,0.0043999999999999595,0.018881159420289673,0.13840000000000002,-0.020122568421055906,-7.391829999999999,-0.38203560000000003,0.0,-1.9876472789955297,0.5180803138742185,0.14327330168121932,-1.7420489662716676,0.6335522244675182
77,3.180000000000007,1.0709780663261093,-0.12000000000000455,0.13479811915271434,0.023700000000000054,0.01163954451345739,-0.06479999999999997,-0.0020800282706361015,-4.370913999999999,-0.4433750000000005,0.0,-2.726133528549825,0.47942091458383373,0.13414738301802487,-2.097026568550916,0.9560330583324443
81,2.079999999999991,0.7973013649425056,-5.099999999999966,0.4155746126120645,-0.0020999999999999908,0.01536583850931672,0.04520000000000002,-0.004702833751695397,-38.884725,-0.35861000000000054,0.0,-2.7125849969846367,0.40743254714968025,0.13452027479689388,-1.5181615458031956,0.3649653299161493
85,0.8199999999999932,0.3765081967212751,-3.1999999999999886,0.14906052033572426,0.031200000000000006,0.062327950310559044,0.015100000000000002,-0.0219068202201615,46.238844,0.4836830000000001,0.0,1.175139855688851,0.4990924661219758,0.22499390312652512,-1.200926508963704,0.9181885107462282
87,0.6200000000000045,0.7364863318108341,1.420000000000016,0.18961910943197147,0.042100000000000026,0.022736645962732838,0.0024999999999999467,-0.008957943950426199,5.158060000000006,0.3201697000000001,0.0,0.3460028157346038,0.507106865060825,0.21520293382368827,-1.265690268950678,0.7124213162245034
89,2.1200000000000045,1.0452501473882734,-1.9399999999999977,0.18254805314763622,0.009199999999999986,0.015436853002070317,-0.04910000000000003,-0.012003452493316094,9.065339999999992,0.29692900000000044,0.0,0.7054968978666629,0.512328580240796,0.20748787949124203,-1.265954282798205,0.5418278715921634
95,1.9600000000000364,1.0696455870720243,-0.6200000000000045,0.1463270098459457,0.008400000000000074,0.04251966873706037,0.2686,-0.04987099737872469,-11.782260000000008,-0.21726230000000069,0.0,-1.7552674652117766,0.5097915878833081,0.14952143278007846,-1.6644215864378253,0.5878289136097621
97,1.6799999999999997,1.0252539527943654,3.1999999999999886,0.15141774003188146,0.00869999999999993,0.012417391304347603,-0.031399999999999983,-0.0027491805277225986,-3.5584499999999935,-0.23663800000000013,0.0,-1.5743184540575985,0.47219229820331243,0.139206711009491,-2.020776533772505,0.9611285942348227
98,3.240000000000009,1.0497841806528783,5.100000000000023,0.18493638427925507,0.024600000000000066,0.009268530020704158,-0.12490000000000001,0.0020045171010511995,-7.622009999999989,-0.27234669999999994,0.0,-2.028398354949328,0.47219229820331243,0.139206711009491,-2.020776533772505,0.9611285942348227
104,0.8199999999999967,0.6504591002137694,2.2800000000000296,-0.1492942250494611,0.02850000000000008,0.02171552795031062,0.02210000000000001,-0.0060976960830849,26.752374000000003,0.7524815,0.0,1.071759018187068,0.4844514559519322,0.2460909405469769,-1.2454629703567548,1.0287936981585766
113,0.9200000000000159,0.8320912478680391,-0.2400000000000091,0.2559584997838087,0.024699999999999944,0.022449068322981325,-0.3121,0.0025775815850185985,30.235600000000005,0.09715359999999951,0.0,-0.34935731828173466,0.5001867840288448,0.19929603957066,-1.2554484600982931,0.36555264365751583
114,-0.10000000000002629,0.8449543939032971,-0.30000000000001137,0.23264987828058104,0.018299999999999983,0.019843685300206637,-0.21530000000000005,-0.0001521470407723005,-1.5196450000000112,0.049475600000000064,0.0,-0.820498208124512,0.5125641043881064,0.18924551699950065,-1.2281914817927628,0.23632003312255456
117,-0.5600000000000023,0.611914458391464,-2.2800000000000296,0.05693986986705646,0.024800000000000044,0.04764658385093179,0.0645,-0.025304504237349895,-0.06488999999999123,-0.07723239999999976,0.0,-1.0883185475113155,0.4997392869935986,0.15435284658872828,-1.4958865571873048,0.49238836257075924
118,1.920000000000016,0.7557920423430708,0.819999999999995,0.20038574585055358,0.017900000000000027,0.023030848861283593,0.15960000000000002,-0.015349724096295994,-5.774914999999993,-0.09505559999999935,0.0,-1.2800631571623384,0.4871057852121723,0.14381878038578133,-1.5861046017288913,0.6828902585001027
119,2.2199999999999704,0.8521117124364359,0.660000000000025,0.21370121188241153,0.022199999999999998,0.013522567287784781,0.058499999999999996,-0.007954380566914304,-8.481139999999996,-0.12434040000000035,0.0,-2.43043398371894,0.46871179094887516,0.14514110205769626,-1.8629403761066072,0.8506304587012137
122,0.3199999999999861,0.9502601491300702,1.7000000000000455,0.21716207247945096,0.06320000000000003,0.006600621118012184,0.02410000000000001,0.0020447241354326004,-11.317525000000003,-0.2214077999999997,0.0,-2.2663243167473546,0.43520136499219575,0.15592107842865754,-2.5175292366181594,1.2427063383769514
123,2.1399999999999864,1.055043640897761,1.0400000000000205,0.21748979279719993,0.04200000000000004,0.01375693581780546,0.10619999999999996,-0.004361662584045398,27.679990000000004,-0.23188350000000035,0.0,-2.3612423090610903,0.42586580586943334,0.1622504854374931,-2.2644921670279246,1.028979589546143
134,2.240000000000009,1.337867221620808,-1.2399999999999523,0.038901410749573984,0.03079999999999994,0.028453623188406274,0.012900000000000023,-0.015904299738983003,11.91622000000001,0.1316790999999995,0.0,-0.5677618093049883,0.47004959116321565,0.22740501695988868,-1.1077363090142711,0.6818390652663027
137,0.8799999999999955,0.7354088646169572,-0.30000000000001137,-0.002267662809313009,0.028200000000000003,0.02707556935817812,0.15170000000000006,-0.015078056972997897,-10.828395999999998,0.06521370000000015,0.0,-0.8453587265844984,0.4788150317875264,0.20983326586518025,-1.0849830271662455,0.32742998807088775
139,0.3199999999999932,0.9121479865215392,-0.01999999999998181,0.04007150373573154,0.02169999999999994,0.024336231884057535,-0.1356,-0.0070384642242806925,-0.5889039999999994,-0.05961850000000002,0.0,-0.7809829234752694,0.4944100707460457,0.1853025151722365,-1.0797377773496066,0.0954400238943851
140,0.0,0.8101089152393293,-3.319999999999993,0.2351607951957515,0.01770000000000005,0.01693312629399557,-0.13890000000000002,-0.004400648294657604,-18.444255999999996,-0.07178169999999984,0.0,-1.283697619864542,0.4903739957123161,0.17451996232853606,-1.191281904801997,0.23593832393787828
141,0.160000000000025,0.9385284031731302,-1.420000000000016,0.08086862975925779,0.016100000000000003,0.03126997929606645,0.1748,-0.0452371590110274,-1.1981850000000094,-0.15796279999999996,0.0,-1.1438232539337978,0.48546627311494817,0.162167088378677,-1.3309016620538898,0.4336046612178386
142,0.8000000000000114,0.8390996955482422,-4.660000000000025,0.12821733712662375,0.0026000000000000467,0.023674741200828353,0.09659999999999996,-0.0243616933191603,-7.061433999999991,-0.15000700000000045,0.0,-1.4386550991642029,0.47872550142330006,0.1547524072355131,-1.4446840448866567,0.580494684672324
143,-0.07999999999998408,0.9660950782669993,0.30000000000001137,0.04685565693460614,0.006500000000000061,0.023653830227743144,0.04910000000000003,-0.013503120727346295,-13.131979999999999,-0.23590669999999925,0.0,-2.007280095296707,0.4643909627433853,0.15485755315980665,-1.7075699166905025,0.7407733139360726
146,0.8000000000000114,1.0213465549727339,0.5199999999999818,0.04988533347126278,0.031100000000000017,0.010007660455487066,0.17159999999999997,-0.009496163167851498,-43.35706999999999,-0.4046140000000005,0.0,-2.9766392520589076,0.4357729978903677,0.1655907806656396,-2.3389689365482695,1.0456378092689116
147,2.4799999999999613,1.0238505983880763,-1.6200000000000063,0.11767585311695328,0.013700000000000045,0.009218633540372556,0.21760000000000007,-0.013809421175448297,-2.208439999999996,-0.3073864999999998,0.0,-2.627104836161907,0.42168059346776054,0.17219753874911792,-2.188300172020476,1.032292690926873
148,0.20000000000004547,0.5945791527313276,-1.6999999999999886,0.1421907123136137,0.013500000000000068,0.012072049689441533,0.2596,-0.027738648798363595,-6.359290000000001,-0.4486990000000004,0.0,-2.335158135922777,0.419560191967145,0.1849309534507384,-1.726116754955342,0.5726785987154352
165,0.10000000000002274,0.9063749219433141,-1.3600000000000136,0.19161789314814026,0.010800000000000032,0.01384658385093207,0.1068,-0.013656409770897396,-39.80186400000001,-0.11720730000000046,0.0,-1.5912010167034403,0.4652084175443729,0.18792932573756005,-1.0460158792362506,0.24021898204138736
166,-0.1399999999999899,0.8002237717280991,-1.0600000000000018,0.12685266968361653,0.03480000000000005,0.040577432712215034,0.1532,-0.0269486326832067,-50.68962499999999,-0.10981440000000031,0.0,-1.9139925832584268,0.46334693060199683,0.17728759601109179,-1.1663014797512261,0.42687315334420806
167,0.5,0.8641131741821653,-2.920000000000016,0.21798244463222005,0.043399999999999994,0.03560082815734911,0.17930000000000001,-0.0303762451316641,5.082239999999999,-0.19556709999999988,0.0,-1.277752065488965,0.4652052428278388,0.17317208294126996,-1.2923552237860747,0.5007483770516652
170,-0.15999999999996817,0.627531388079209,-3.019999999999982,0.28294112903534696,0.04730000000000001,0.03251739130434794,0.39880000000000004,-0.037120752886345,-2.671745999999999,-0.47904269999999993,0.0,-2.8295812779628644,0.4383100238770048,0.18177694107718168,-1.947205784246819,0.8496931320122201
172,0.5,0.5268753100015147,0.9799999999999631,0.21606021780737272,0.05410000000000004,0.025044099378882412,0.2777,-0.019594098742895402,-22.403329999999997,-0.4439663999999999,0.0,-2.7387460139945006,0.4279629014575903,0.18777259059984353,-1.8429285910356157,0.807335847875736
173,1.6000000000000227,0.6894652738565412,-3.839999999999975,0.12959747397193322,0.017799999999999927,0.01638240165631455,0.18860000000000002,-0.024485770878230194,8.820509999999999,-0.5742614000000001,0.0,-2.3416813971766413,0.4224569451902731,0.1964717833704217,-1.5701777254526803,0.5449302618226417
174,2.0400000000000205,0.7513616653879396,3.0600000000000023,0.17700401595775528,0.008099999999999996,0.018181573498964987,0.2539,-0.030898926477728593,-7.008989999999997,-0.5485837,0.0,-1.96230437762242,0.41460150902932114,0.203369880697168,-1.0500423729001795,0.2948355885641991
175,2.3799999999999955,0.7405125523012259,2.1000000000000227,0.1804938409062622,0.02440000000000009,0.01829523809523803,0.43900000000000006,-0.042795124624031296,3.5109500000000082,-0.5677394000000007,0.0,-2.0270201634719456,0.40340852983023545,0.1993976771908521,-0.5384334361826291,0.24974429828824185
177,1.5399999999999636,1.3227927927927503,3.6999999999999886,-0.021988022552971387,0.014800000000000035,0.02725734989648021,-0.023499999999999965,-0.0025909036889172968,10.745620000000002,0.5575970000000003,0.0,0.7781621049398506,0.45248563871829717,0.2645523536894263,-1.1787450515209486,1.0124019619434552
188,1.7199999999999669,0.9343698858853884,-2.7800000000000296,0.29642524965525396,-0.0024999999999999467,0.004042028985507651,-0.3375,0.009389988763053303,-4.965623999999991,-0.05788299999999946,0.0,-0.9216875243295419,0.4274545957229936,0.22480979402851275,-0.7224201054618646,0.18847728046303835
191,0.4600000000000364,1.2280453625274639,-1.3000000000000114,0.09133087630601278,0.014900000000000024,0.01876790890269142,0.06159999999999999,-0.022436715074915903,-45.527969999999996,-0.2908950000000008,0.0,-2.0740332892268256,0.4414449748385021,0.1917748202832641,-1.0129862904250047,0.35407328842434715
192,1.1200000000000045,1.1325071486927953,-1.4200000000000155,0.1536214423612723,0.027899999999999925,0.02388012422360286,0.22960000000000008,-0.03737463036493589,22.900394000000006,-0.3459759,0.0,-1.737553202959072,0.44730456121486917,0.18463094298484695,-1.118404012462591,0.36742561760377423
193,0.10000000000002274,1.035407133692562,0.6800000000000068,-0.08251174668855299,0.009299999999999975,0.020932091097308203,0.0681,-0.007880883349437998,1.628789999999995,-0.38722860000000026,0.0,-1.6797373080036024,0.4478520020664014,0.1865601816091802,-1.2884567411010153,0.4468040203015837
194,-0.3199999999999932,0.8668628058916354,-4.5,-0.11422650853766214,0.04239999999999999,0.027670186335403857,-0.11849999999999994,0.0084608187179568,-8.910793999999996,-0.4412598000000001,0.0,-1.9938414553041586,0.4478520020664014,0.1865601816091802,-1.2884567411010153,0.4468040203015837
196,-0.0999999999999659,0.616637012538451,-4.8799999999999955,0.1620149657336727,0.03849999999999998,0.024893995859213147,0.19319999999999998,-0.028717026407241206,-25.856439999999992,-0.526573,0.0,-2.302702267049705,0.44128492495532257,0.19560145648537564,-1.5601651260821399,0.595417751304141
197,0.060000000000002274,0.5910233552824842,-1.8799999999999955,0.16293507439902744,0.019199999999999995,0.03259979296066262,0.4011,-0.0389172672920307,-32.58354,-0.5462599999999993,0.0,-2.6357714895461193,0.43732580992327286,0.20225787919813953,-1.451383492170038,0.5726862970659683
198,1.6800000000000068,0.774333449680018,-1.579999999999984,0.10128274685966776,0.01430000000000009,0.028970393374741166,0.5492,-0.059960630075502105,-9.585560000000001,-0.6164717,0.0,-2.2576612012869113,0.4333920208050319,0.2085721755619625,-1.1935287563386794,0.481693196309112
199,0.6599999999999682,0.7823587695948113,-0.36000000000001364,0.22733502077454215,0.005300000000000082,0.015251759834368439,0.301,-0.039238628254312,-9.268050000000002,-0.5768329999999997,0.0,-2.5142969482710775,0.43060770156901285,0.21588949755901954,-0.8908417786201852,0.3782863340946312
206,1.160000000000025,1.2041452934662082,0.020000000000038654,-0.05479878263252491,0.04479999999999995,0.008851345755693685,-0.16859999999999997,0.004460094951443894,22.829634,0.4442972999999997,0.0,0.4737973537123157,0.4171355611848888,0.26050385273654353,-1.047650376378769,0.7900229817249311
208,0.0,0.6234408866995444,-1.6200000000000045,0.052356448174893266,0.03739999999999999,0.03545051759834372,-0.17620000000000002,0.0146615836567002,17.395920000000004,0.34163370000000004,0.0,0.18130888585420557,0.3988507704373241,0.25861205985778035,-0.9216723773238016,0.6250401518141864
211,2.0600000000000023,1.199432041741531,0.01999999999998181,0.08430934322374206,0.038000000000000034,0.02239627329192595,-0.011099999999999999,-0.013880373711641997,-13.144280000000009,0.015221499999999999,0.0,-1.1441989410631308,0.38802202319955725,0.2552754668638606,-0.7090348104691344,0.3651332638255287
214,1.7800000000000331,1.0294902183998502,-0.06000000000000294,0.14824424148450444,0.0008000000000000229,0.02360973084886131,0.020299999999999985,-0.02114575230943931,-60.29648,-0.11242190000000019,0.0,-1.7098453443157027,0.40388577586321084,0.25094407847803346,-0.6462019303439064,0.23657397304821082
217,0.8600000000000101,1.0797881688232849,-0.6200000000000045,0.12229590001297552,-0.0012999999999999678,0.021408074534161048,0.2127,-0.03520082002933719,-9.486500000000007,-0.28544190000000036,0.0,-1.7140574458657252,0.4167996923594295,0.2150115009882967,-0.8011056546393718,0.20116041537951013
218,0.4000000000000341,0.8957827490124224,-2.159999999999968,0.11652517066287515,0.034399999999999986,0.020151138716355987,0.02959999999999996,-0.0074514215513998006,-21.554095000000004,-0.2445283000000007,0.0,-1.3324952326823212,0.42277271206706324,0.208158105645464,-0.9183963508774724,0.24574524184944657
221,0.8000000000000114,0.8278606218178481,-1.2199999999999704,-0.04743488958924136,0.03159999999999996,0.030749689440993877,-0.12200000000000005,-0.004261739334149098,-5.333484999999996,-0.43309199999999937,0.0,-1.6179567973476985,0.43204601967525846,0.19985703333048743,-1.0198202725034378,0.3031623026916854
225,1.7799999999999727,0.7054335291706337,-2.2800000000000296,0.17261068355494924,0.036599999999999966,0.026160662525879452,0.3005,-0.0497168508407731,-58.847689999999986,-0.6369047999999999,0.0,-2.9274613158429084,0.44094723235128974,0.21624939565355028,-0.9658591378897654,0.3470671774061369
242,1.5400000000000205,1.0898554561717297,0.12000000000000455,0.1540765272467466,0.021299999999999986,0.006544927536231815,-0.07790000000000002,0.014680676241659703,3.3024800000000027,-0.14396900000000024,0.0,-1.0911134224642574,0.3719197067033502,0.2586466821014133,-0.6083780661444393,0.2128552623724822
246,3.8799999999999955,1.0306581190813375,-2.240000000000009,0.4649825209813683,0.027700000000000058,0.01122774327122189,0.0030000000000000027,-0.008451942866093493,-15.62966999999999,-0.34745459999999984,0.0,-2.0287186776125985,0.39087929767382157,0.22351817625300363,-0.7849413773347607,0.16537540619257918
249,0.9800000000000182,0.854206185567012,0.9200000000000159,0.05323765487960319,0.013000000000000012,0.02412443064182168,0.10769999999999999,-0.017502412300345202,-11.803250000000006,-0.34998660000000026,0.0,-1.2116840139021754,0.41376382252000354,0.2128666796821843,-0.8765512330889891,0.0936358907659649
251,1.4399999999999977,0.4118097346762113,-1.1000000000000227,-0.06376810396250221,0.011299999999999977,0.025462525879916598,-0.05509999999999998,-0.025672614968289112,30.519970000000015,-0.48428870000000046,0.0,-1.282028763021275,0.43009892102370095,0.21585961995801028,-0.9043573543216183,0.17440142803039205
253,1.4600000000000364,0.9249249851315433,-0.34000000000003183,-0.049661786847338796,0.011500000000000066,0.010504347826086557,-0.0892,-0.008766171590205707,1.4465200000000067,-0.6282863000000001,0.0,-2.1510212128173425,0.43912579443891886,0.21813430385143118,-0.9572360229834942,0.31361542023012046
254,2.0,0.7218516519757543,3.1200000000000045,-0.05590877320526211,0.010499999999999954,0.014722774327122212,0.0005999999999999894,-0.015555446216239305,-3.5741439999999898,-0.6478060000000001,0.0,-2.2011286493006583,0.4484335065147178,0.22248364291983957,-0.6557844781520998,0.2648910838701717
255,2.2200000000000273,0.5976430527955152,-0.9799999999999613,0.05474280863844694,0.015000000000000013,0.015060869565217794,-0.1482,-0.00048093165962290185,-3.5741439999999898,-0.6478060000000001,0.0,-2.2011286493006583,0.4484335065147178,0.22248364291983957,-0.6557844781520998,0.2648910838701717
256,1.579999999999984,0.667625221214319,0.15999999999996817,0.03631126271887286,0.006999999999999895,0.024434161490683337,0.203,-0.0336706714488442,1.8736859999999922,-0.6767475000000003,0.0,-2.3083821823583826,0.4361876407934364,0.21155172367067987,-0.4998334241568614,0.25696392229589726
260,0.9399999999999977,0.6174846326976002,1.5600000000000023,-0.05807168164861132,0.045399999999999996,0.028879917184264525,-0.30640000000000006,0.006125818161692699,-23.26169,0.42761470000000035,0.0,-0.26135101584956644,0.4159132420303795,0.2351236038876685,-1.042460443317097,0.9792505727373326
261,-0.3599999999999568,0.8219645030494043,0.8600000000000136,-0.14525486535809318,0.0393,0.02562008281573469,-0.034600000000000075,-0.0009392856200503008,-3.919070000000005,0.4792246000000002,0.0,-0.2139784434683243,0.4255805870558209,0.2476698844868519,-1.0014408014978784,0.9058231325011077
279,1.0199999999999783,1.1159591194968321,-2.7799999999999723,0.25074991384834533,0.0024999999999999467,0.00011014492753647076,-0.4238,0.0336323310308325,9.757909999999995,-0.18799599999999916,0.0,-0.45374399881311867,0.39010748421531183,0.2215615910668518,-0.7846663316355773,0.09342932684037386
281,2.3999999999999773,0.861908866112369,-0.7800000000000296,0.260922895179065,9.999999999998899e-05,0.01266811594202899,-0.01319999999999999,0.0014940456317941025,28.192589999999996,-0.3102729999999996,0.0,-0.6185911514041003,0.4046165375713464,0.2213746731561459,-0.7465136302990345,0.04746213378800945
284,1.4799999999999613,0.6541327199362428,-1.1000000000000227,0.1270215594952253,0.009000000000000008,0.00876749482401673,-0.1699,0.003613213772060697,3.1072540000000117,-0.7421350000000002,0.0,-2.2908913329207987,0.4364280543527119,0.2172550870659995,-0.7131166233559014,0.15869439829851384
285,1.5600000000000023,0.7237986340389568,0.22000000000002728,0.11680094143357689,0.0242,0.0005610766045549553,0.020500000000000018,0.004512442041448406,-13.143540000000002,-0.7826833000000004,0.0,-3.0715597543656035,0.44100012147384504,0.2165517320475514,-0.7329809706075707,0.18141034621494612
286,1.740000000000009,0.7765574460805773,0.600000000000021,-0.042938824531273845,0.01079999999999992,0.022515734989647873,0.24860000000000002,-0.033774672890054404,-11.093729999999994,-0.7922789999999997,0.0,-2.8606474447879595,0.4348793050161781,0.2075048866340472,-0.6019970270422306,0.2356032777104291
287,1.3600000000000136,0.7808903082078018,0.21999999999997044,-0.009732696613427017,0.017899999999999916,0.013395859213249595,0.17049999999999998,-0.011552397182362395,-33.91068000000001,-0.9567223,0.0,-3.4912687805736056,0.4310861647392308,0.19896410078055204,-0.4998086333529699,0.2572640594505682
297,-0.020000000000038654,0.7200419048336073,-3.8999999999999773,-0.006304387269824296,0.05410000000000004,0.024116770186335623,-0.03920000000000001,-0.015683460601743207,26.801984000000004,0.34709460000000014,0.0,0.5107975838230665,0.38336375106202425,0.23964675129568036,-0.8699325389126074,0.5661849094180393
301,1.7400000000000126,1.1539308112846882,-2.480000000000018,0.1264464687868978,0.018999999999999906,0.02122629399585907,0.012699999999999989,-0.024098462925535996,1.425370000000001,0.13346000000000036,0.0,-0.38542824600391334,0.3491250618473192,0.25053615711554045,-0.7249538474520847,0.2788230624349364
304,0.67999999999995,0.5722174999774587,0.5799999999999841,0.13206469815901922,0.01539999999999997,0.01559047619047571,-0.28859999999999997,0.024927274543392497,-24.30986,-0.35940500000000064,0.0,-2.371663987786686,0.3469780391298585,0.2522635297845994,-0.6504212674301044,0.10583455762395921
308,1.5799999999999805,0.8305505258592767,-1.339999999999975,0.20557480005280926,0.018399999999999972,0.010537060041407531,-0.3648,0.02225243542508,-17.139140000000012,-0.20012700000000017,0.0,-1.636744811512214,0.37410324508522663,0.23300475013128086,-0.707933152830563,0.12390048756332028
309,0.780000000000026,0.11846219761554622,-5.5,0.08021369441242499,0.014100000000000001,0.03485693581780547,-0.24689999999999998,-4.632708060209323e-05,-31.66511,-0.1735981999999998,0.0,-1.639204070765846,0.38083833941283984,0.22491783836952806,-0.7987544417373726,0.10935113201688296
310,1.660000000000025,1.1609587921499376,0.8799999999999955,0.25655018032091714,0.0032000000000000917,0.005062318840580282,-0.37529999999999997,0.014440896424178,-14.215924999999999,-0.1189979999999995,0.0,-1.0450956438080379,0.3923330422747604,0.22292114905296234,-0.7403922955142974,0.02956840404404293
311,1.8400000000000318,0.9940171471363044,-5.419999999999959,0.20704479166644862,0.0048000000000000265,-0.003703312629399713,-0.0413,0.004415696176819708,-11.812432000000001,-0.23537300000000005,0.0,-0.8348292357528333,0.40731442790087335,0.22597578242747662,-0.6560204461476644,-0.01760339287529078
312,3.240000000000009,0.5536911778088474,-1.3800000000000523,0.08694756234814349,-0.0018000000000000238,0.023179917184265597,-0.025900000000000006,-0.014379487885913603,19.439229999999995,-0.2679407000000005,0.0,-0.6833492105892169,0.40731442790087335,0.22597578242747662,-0.6560204461476644,-0.01760339287529078
313,2.0,0.630841410259741,-0.8599999999999568,0.1179422560353709,-0.0034000000000000696,0.00541304347826066,-0.0338,-0.007837153518794299,5.027720000000002,-0.37761960000000006,0.0,-1.2012700284948075,0.4178787459791842,0.22480904592188544,-0.5940838776108421,-0.01586590708214075
314,1.3800000000000523,0.5026296385690223,-2.6999999999999877,0.21483285886871695,0.0009000000000000119,0.01452111801242184,-0.08809999999999998,-0.019821031590044308,28.255049999999997,-0.5231967000000006,0.0,-1.3875145701103442,0.4239543527191696,0.21848018130012736,-0.5782399548594981,0.012763347068589503
316,1.6999999999999886,0.6811827194836191,-1.25999999999999,0.04313268719662666,0.010500000000000065,0.012106004140787108,0.18820000000000003,-0.021685753561603807,-3.2930899999999923,-0.7247783999999999,0.0,-2.2543909766158787,0.43423081795591756,0.21149172893580914,-0.6780201120333089,0.138544585251128
317,0.9800000000000182,0.6672372523980741,-1.6399999999999864,-0.03473477428059013,0.008399999999999963,0.004066873706003893,-0.2071,0.009884825979025201,-18.374300000000005,-0.7930183,0.0,-2.424403869586456,0.4309269934656541,0.20160563547513277,-0.7409748885709462,0.21199453637167842
318,4.020000000000039,1.1850362923637263,-4.0,0.2208742679609692,-0.03530000000000011,-0.04820393374741161,-0.08269999999999997,-0.009310212941384198,-3.9872839999999883,-0.8977696000000002,0.0,-2.8774787141734155,0.43026324459435195,0.19184999381317525,-0.6336464830098834,0.310127757205537
321,2.160000000000025,0.26557260161889573,-2.5600000000000023,-0.014903624677134353,0.020199999999999996,0.023684265010352257,-0.49639999999999995,0.0171321847119848,21.73557000000001,-0.04150450000000028,0.0,-0.5972702902976952,0.3526495661284095,0.16696290706441985,-1.0890470063340274,1.2007594023375638
328,1.1999999999999886,0.6226462629808331,1.759999999999991,-0.18670910312004363,0.0393,0.006761904761904747,-0.07480000000000003,0.006719762409721906,24.709594999999993,0.44403600000000054,0.0,0.18779745842474327,0.4196419289620241,0.23976728486716592,-0.9660514752151954,0.7810624564894297
336,1.7400000000000055,1.2194973280789512,-1.580000000000041,0.09330852135406431,0.0035000000000000586,-0.003001035196687485,-0.030299999999999994,-0.006817170696008207,-0.15874499999999614,0.07927799999999952,0.0,-0.6007087907805975,0.34342051863979073,0.25153843440496537,-0.6884543816698994,0.1863410359593587
337,-0.36000000000001364,0.6753588588588535,-3.300000000000011,-0.15334537296981665,0.05269999999999997,0.035530227743271525,-0.2075,0.009976460623284403,15.29571,0.05579439999999991,0.0,-1.063730166103639,0.34342051863979073,0.25153843440496537,-0.6884543816698994,0.1863410359593587
340,1.079999999999984,0.6429694534287123,-1.579999999999984,0.07681242760925766,0.016100000000000003,0.009759627329192333,-0.11899999999999997,0.004413778936856197,-26.825460000000007,-0.1656051000000005,0.0,-1.8367366257020716,0.3622650948569266,0.24957457628125734,-0.560988401300591,-0.007735819556081935
341,3.680000000000007,1.1549737357676548,-3.019999999999982,0.30080135717581324,0.017400000000000082,-0.0018060041407866878,-0.17020000000000002,0.0067739335525967975,-29.51907,-0.1971097000000004,0.0,-1.8241654695404321,0.368844428361772,0.24371937581676395,-0.6109385738623416,0.04840238424794663
344,2.3799999999999955,0.8847987913903204,-1.1000000000000227,0.22879014374969575,0.013600000000000056,-0.005512629399586189,-0.2021,0.006639531280140207,-17.78358,-0.04672199999999993,0.0,-0.873509390251753,0.3923330422747604,0.22292114905296234,-0.7403922955142974,0.02956840404404293
345,3.5799999999999805,1.3352790762902167,-0.8400000000000318,0.27138936528579194,0.01990000000000003,-0.0012743271221534735,-0.0754,-0.017924728975047613,5.913174999999995,-0.2621330999999998,0.0,-0.6478632921890046,0.40731442790087335,0.22597578242747662,-0.6560204461476644,-0.01760339287529078
346,1.420000000000016,0.7627611457516252,-0.9200000000000159,0.10607187549466968,0.010299999999999976,0.010773498964803285,-0.1916,-0.005908099333383501,5.913174999999995,-0.2621330999999998,0.0,-0.6478632921890046,0.40731442790087335,0.22597578242747662,-0.6560204461476644,-0.01760339287529078
347,1.2799999999999656,0.8655224621867923,-4.67999999999995,0.11760455450144391,0.019000000000000017,0.004126501035196628,-0.07260000000000003,-0.011908767419681401,0.31577000000000055,-0.30260640000000016,0.0,-1.2236569070190022,0.4178787459791842,0.22480904592188544,-0.5940838776108421,-0.01586590708214075
348,1.3400000000000318,0.8198655596824374,0.339999999999975,0.04736953451870196,0.02870000000000006,0.019420289855072603,-0.0866,-0.027091509439850503,11.167560000000009,-0.4830427000000004,0.0,-1.2310232125307987,0.4239543527191696,0.21848018130012736,-0.5782399548594981,0.012763347068589503
349,1.0,0.6344701027768416,-1.0600000000000014,0.08296387900401747,0.008600000000000052,0.00943188405797113,-0.06289999999999998,0.000214608781731504,-31.183450000000008,-0.5084819999999999,0.0,-1.7857195702415556,0.43078197133344354,0.21528949483379023,-0.5806747268635064,0.08707912779542504
350,1.1599999999999682,0.7125807183184278,-2.5199999999999836,0.07767636919382959,0.00649999999999995,0.01934927536231912,0.33119999999999994,-0.04438122905328341,-14.696264999999997,-0.6680770000000003,0.0,-1.9049094205584076,0.43423081795591756,0.21149172893580914,-0.6780201120333089,0.138544585251128
351,1.0400000000000205,0.9010194552529072,-5.399999999999977,0.0020347081933707045,0.010299999999999976,0.0006853002070396075,0.009199999999999986,-0.022749210966126997,-7.759694999999994,-0.7469248999999998,0.0,-2.199717310504939,0.4309269934656541,0.20160563547513277,-0.7409748885709462,0.21199453637167842
352,-7.860000000000014,0.7651169811320493,-2.4799999999999613,-0.14810610649353517,0.01189999999999991,0.006141200828157167,0.139,-0.032752555273041196,-3.005679999999998,-0.8664883999999997,0.0,-2.714417561705945,0.43026324459435195,0.19184999381317525,-0.6336464830098834,0.310127757205537
365,0.12000000000000455,0.5824412837823054,0.660000000000025,-0.132009418696593,0.02849999999999997,0.02292049689440967,0.01319999999999999,0.00030023960191899457,-29.826229999999995,0.33320229999999995,0.0,-0.4759224387685457,0.4224036986406645,0.22295846834641608,-1.0533969744887202,0.7938475177763884
367,0.18000000000000682,0.24797216451086967,2.2199999999999704,-0.25390623431470605,0.07509999999999994,0.034922153209110074,0.13100000000000006,-0.012834068009904505,14.9328,0.3571863000000004,0.0,-0.11064095598035806,0.4095557582500913,0.22516792632674676,-0.9608556312144287,0.6675311609291006
369,-0.2400000000000091,0.6861572042296977,-1.079999999999984,0.06280295709157979,0.03759999999999997,0.02852443064182142,0.2153,-0.021883368661898703,23.316275000000005,0.3716552000000002,0.0,0.4583734458369708,0.38004532858044016,0.22309075822552504,-0.9012537633135338,0.5251809377285301
377,1.8199999999999932,0.9184260845193037,-3.3600000000000136,0.19948403617545996,0.02510000000000001,0.007584886128364499,-0.0587,-0.010476884410491799,-18.548215,-0.16532569999999946,0.0,-1.690731258749448,0.35933574041178673,0.2364527991407872,-0.6430561577457041,0.04906547977169229
378,1.7999999999999545,0.6406780826011698,-5.640000000000045,0.30106173744013365,0.009199999999999986,0.01727950310559001,-0.061,-0.0011487218849351999,-16.045186,-0.0506530000000005,0.0,-1.9437719897637447,0.3634728513964678,0.2327224608775973,-0.6139871477627565,0.007935692620056223
383,2.519999999999982,0.8078310536032909,-0.5199999999999818,0.15275602699281077,0.008099999999999996,-0.014822360248446853,-0.31439999999999996,0.028631408992710494,12.208950000000002,-0.18136300000000016,0.0,-0.7687583135695135,0.41067854098419865,0.22115060516100193,-0.5808540887752116,-0.061084573661582375
384,2.0400000000000205,0.9934896339113521,-0.8599999999999568,0.26117418554405436,0.019299999999999984,0.0030457556935815644,-0.19149999999999998,0.017291803963664698,31.48146,-0.2462093000000003,0.0,-0.7217072548835173,0.41067854098419865,0.22115060516100193,-0.5808540887752116,-0.061084573661582375
385,1.8400000000000318,0.7686045065221343,0.0,0.21395242871012776,0.02189999999999992,0.009488405797101529,-0.2019,0.012254680123839998,12.786685999999989,-0.25294599999999967,0.0,-0.9432798408442515,0.42045403834526773,0.219862184439652,-0.5486811644499738,-0.11035061621909925
386,1.259999999999991,0.8366548752534548,1.4600000000000364,-0.12378173597713449,0.015499999999999958,0.021911594202898232,-0.11170000000000001,-0.0060668960614898015,-7.099159999999998,-0.40174429999999983,0.0,-1.0278175944241177,0.4243688640339691,0.2187019650504034,-0.5091889173761217,-0.011880607997783343
387,0.7599999999999909,0.6743942168942141,-2.180000000000007,-0.01579939940547881,0.03049999999999997,0.027306625258799566,-0.0645,-0.022017698057636703,-28.21974999999999,-0.5060297,0.0,-1.502068369981508,0.4323336935771227,0.21843863441935607,-0.5853016126119996,0.003912040741508527
388,0.5199999999999818,0.7791163160936527,0.9999999999999991,-0.1371213877552897,0.014700000000000046,0.008681159420289353,-0.0916,0.009845511853775288,-34.71029999999999,-0.5734667999999994,0.0,-1.8761546287061304,0.4337841244279481,0.21111517825935344,-0.7046232263667918,0.03577405146645507
390,1.3600000000000136,0.7000212922264275,-0.51999999999998,0.07192158713157681,0.009800000000000031,-0.009627743271221512,-0.21510000000000007,0.0063932567494697015,-35.220749999999995,-0.7891680000000001,0.0,-2.2763826877260964,0.4129916168776475,0.18127990523590398,-0.7863343413703916,0.36825942208368456
391,-0.6599999999999682,0.4227547013218782,0.8799999999999937,0.06891066167540938,0.037899999999999934,0.0021335403726709945,-0.0947,0.0008908043357426024,-27.65971499999999,-0.9591260000000004,0.0,-2.826485231937159,0.40295686181297974,0.14284906313535295,-0.6253417853584011,0.23817789543651635
395,1.6999999999999886,0.24375687397000334,-2.0399999999999636,0.006047388013461941,0.03909999999999991,0.014210559006210932,-0.329,0.014567145644785298,7.930209999999988,0.022706000000000337,0.0,-0.7919571038817459,0.24879903830022698,0.0955098507813128,-0.8891778315102954,1.0883578578467077
397,3.6000000000000227,0.38908811530976806,0.26000000000004775,0.14503439170643873,0.01100000000000001,0.025779089026914948,-0.2673000000000001,0.005099886989021897,10.328040000000001,-0.1278410000000001,0.0,-0.6959406470542753,0.2843911113295494,0.11848623109932355,-1.0487867049302508,1.1826721247012628
398,3.079999999999984,0.1531597005181382,-1.140000000000045,0.3071630114025883,0.038999999999999924,0.0339225672877842,-0.0677000000000001,-0.000770128511047595,-13.437280000000001,-0.1508434999999997,0.0,-1.242595859979339,0.30297040778805595,0.13039688762059853,-1.1033603854745735,1.2313559582810516
403,0.660000000000025,0.5952840030293807,0.9600000000000364,0.05049380653744073,0.038899999999999935,0.028599171842650484,0.05250000000000005,-0.0002943654394235995,27.910629999999998,0.12599699999999991,0.0,-0.4225797563014382,0.4024576358734908,0.19465591950610328,-1.0941973764875428,0.8732857652974069
405,-0.3599999999999568,0.7474613095237963,0.28000000000002956,-0.08405341481157524,0.03500000000000003,0.026879710144927516,-0.05099999999999999,0.010120009786452097,-24.135895000000005,0.2961891999999997,0.0,-0.33666329903836,0.4216112241835823,0.2041165370552882,-1.1400508991961402,0.767405177542674
409,-1.0399999999999636,0.7284078864986405,-2.0,0.12039782150550771,0.031500000000000083,0.016331469979296354,0.008699999999999986,-0.0025238690357684,22.855586000000002,0.32321879999999936,0.0,0.30092671458859854,0.38402421310463275,0.20643110573684886,-0.9466831651113239,0.4873724118186482
413,1.4800000000000182,0.7479487062082342,-5.100000000000023,0.022139194446566535,0.036900000000000044,0.02467619047619085,-0.0643,-0.0008258891798348933,23.00404599999999,0.2764033999999995,0.0,0.47330571335199423,0.3520769959116734,0.21323436638186877,-0.8119678522184017,0.13370900393058704
415,2.3000000000000114,1.3281875230712359,-6.300000000000011,-0.05986540797615181,0.014600000000000057,0.007433954451346203,-0.1261,-0.0039700548615271,26.113580000000013,0.16057129999999997,0.0,-0.1253975425888605,0.35404150502477094,0.21996515481134526,-0.7367627811264867,0.04498903133848664
419,1.2399999999999523,0.8833964516664032,1.8999999999999773,0.08753026877073466,0.0005999999999999339,0.00031552795031075664,-0.2033,0.005633417354991899,-12.217781000000002,0.007472000000000811,0.0,-1.094977438534487,0.3763169548993517,0.2114060205408883,-0.7808675116102393,0.07927108282965012
421,2.919999999999959,0.8486666220844867,0.9599999999999795,0.06296414958564078,-0.018900000000000028,0.01585507246376794,-0.21700000000000003,-0.005994003739124704,-1.9364450000000062,-0.04149280000000033,0.0,-1.3720664034628776,0.3982140375756362,0.21007534562116792,-0.8039865212481345,0.11180442954827452
422,2.0600000000000023,0.7629915453645602,0.0,0.07431885130251548,-0.0015000000000000568,-0.005586956521738684,-0.1714,0.017932721443537997,9.723916000000003,-0.046583400000000275,0.0,-1.1844201714784877,0.40885359753877637,0.21424076472701703,-0.7068785694771975,-0.017818127293876884
423,2.840000000000032,0.9676305021548472,0.1999999999999904,0.3304300130065583,-0.015899999999999914,-0.019770807453416417,-0.1532,0.012360589986772696,19.533695999999992,-0.04480229999999974,0.0,-0.8130283933135889,0.4210921079017318,0.221326365495484,-0.5746706215093695,-0.1388147065334575
424,1.9800000000000182,0.9086693856428063,-1.579999999999984,0.1291398600016027,0.016599999999999948,-0.01194037267080783,-0.1152,0.0049967706986635135,33.04854,-0.17420800000000014,0.0,-0.9368880044672938,0.4210921079017318,0.221326365495484,-0.5746706215093695,-0.1388147065334575
425,1.6399999999999864,0.7194918840949676,-0.5600000000000023,0.004070571336020734,0.01739999999999997,0.0063250517598342215,-0.2785,0.01959194080499599,20.153440000000003,-0.22098969999999962,0.0,-1.0546222175263065,0.43003229763310635,0.2224091504739807,-0.470280857960347,-0.03987567548218429
426,1.4600000000000364,0.6327091648566245,-3.3799999999999955,0.12837313555091967,0.019499999999999962,0.013508488612836267,-0.1466,0.0040593309212167,24.150080000000003,-0.28945240000000005,0.0,-0.9484716100824198,0.43003229763310635,0.2224091504739807,-0.470280857960347,-0.03987567548218429
427,1.240000000000009,0.5841224604073112,0.07999999999998408,0.012456360245866271,0.014499999999999957,0.013736024844720252,-0.07169999999999999,-0.006010637447713199,-4.553659999999994,-0.36783830000000073,0.0,-1.418461891441975,0.43301008592816004,0.21807612759951844,-0.5278762570119682,0.07492557011990542
428,0.5,0.8429726090654839,0.020000000000038654,-0.05376466593635154,0.01990000000000003,0.00014989648033081338,-0.15280000000000005,0.019294087340233204,-56.65262000000001,-0.40071350000000017,0.0,-1.7472411580908158,0.42000776462132094,0.19423113220112054,-0.7731642704526109,0.23601859253708923
429,2.2799999999999727,0.6663901418274314,-2.1399999999999864,0.0976258822694156,0.015199999999999991,0.0046939958592132625,-0.16609999999999997,0.006043814045556289,-56.65262000000001,-0.40071350000000017,0.0,-1.7472411580908158,0.42000776462132094,0.19423113220112054,-0.7731642704526109,0.23601859253708923
430,0.8199999999999932,0.7014023048792808,-0.6800000000000068,0.06085423062815032,0.012199999999999989,0.0052184265010351005,-0.1998000000000001,0.0066372137075405985,-42.147165,-0.5217757000000001,0.0,-1.9815161663769416,0.40478650403865757,0.17484683367124632,-0.874189707479573,0.38037092724640686
435,2.9799999999999613,-0.10725065540990641,-2.1200000000000045,0.11201751844836227,0.05040000000000011,0.016969151138716665,-0.2545,0.013625527276825103,12.737830000000002,0.19921729999999993,0.0,-0.4320404547216121,0.22527355738827382,0.07991226512189176,-0.8683445167752524,0.9829905136188337
438,1.5199999999999818,0.11449127349439792,0.4399999999999977,0.2336401567661408,0.0373,0.017981780538301795,-0.42680000000000007,0.019261298296182096,5.609939999999995,0.057458899999999424,0.0,-0.4668678224776137,0.255765331191542,0.09914431770572918,-1.0768811961733604,1.1139447474517006
442,0.5999999999999659,0.5133070905376727,-0.060000000000002274,0.11745887541556321,0.01440000000000008,0.028919047619047178,0.026799999999999935,-0.011522966268941101,3.3658860000000033,-0.06607680000000027,0.0,-0.9184247834740553,0.34503565205454123,0.1481202203364349,-1.14397948383521,1.0483571098692561
450,-0.6200000000000045,0.6198978191761704,1.4399999999999977,-0.08782430950811104,0.01200000000000001,0.033872877846790606,0.2556,-0.029067619272089104,2.5216799999999893,0.3807912999999994,0.0,0.5437009809693176,0.4026161841724587,0.18665735842366793,-1.0377096765307385,0.6158023738397702
453,2.0600000000000023,1.3079861950420693,0.6200000000000045,0.31506414277857964,-0.007800000000000029,-0.015618840579709747,-0.22940000000000002,0.004812955503638902,29.593370000000007,0.3744299999999994,0.0,0.4738142991685681,0.3702069166418305,0.19201893858087882,-0.9699700644038955,0.29133661720253556
455,-0.3400000000000354,0.3260652121649308,-0.9000000000000341,0.13447428276294282,0.028199999999999892,0.031210144927536487,-0.21589999999999998,0.011693066961172796,11.292690000000007,0.22662859999999974,0.0,0.3100303893903682,0.3659072931569156,0.19704512162333288,-0.856861644634435,0.1093436946547861
456,1.3400000000000283,0.8387536180021549,-0.37999999999999545,0.015579104266180366,-0.0013000000000000789,0.009477225672878009,-0.1907,-0.019931257418679876,31.995225000000005,0.07908239999999989,0.0,0.042502756236689976,0.3642151749820908,0.19654024124194525,-0.7925099616599596,0.056221752166441874
457,0.9800000000000111,0.8474812684477833,-0.9599999999999795,0.013432947459531164,0.0532999999999999,0.01835714285714285,-0.179,-0.0241613279695531,15.190734000000006,0.07258399999999998,0.0,0.09435562864124591,0.3642151749820908,0.19654024124194525,-0.7925099616599596,0.056221752166441874
460,0.7400000000000091,0.9010206353776482,2.4599999999999795,0.1635639935489399,0.008400000000000074,0.018193788819875323,-0.13300000000000003,-0.0033326202631056984,17.989835,-0.07764009999999999,0.0,-1.1742450929814314,0.38444040661328316,0.19720829128083128,-0.9321439304835906,0.08450542213337542
464,1.7199999999999704,0.7381627356909384,-0.2400000000000091,0.054965054182058104,0.0039000000000000146,0.00043084886128397226,-0.2696,0.022927075430277694,8.451313999999996,-0.056239099999999986,0.0,-1.2318134345952565,0.4255326840030591,0.2094349461836238,-0.7258726959869364,-0.05108388007791653
465,4.740000000000009,0.6882527127612192,-3.0200000000000387,0.22424422691521073,0.009800000000000031,-0.015041614906832201,-0.46230000000000004,0.057866553864646196,2.957483999999994,-0.06941980000000036,0.0,-1.2470044993022178,0.4297538364072597,0.21487237156280425,-0.5354027622444875,-0.140420762501555
466,1.0199999999999818,0.7385759340685034,-1.6999999999999886,0.08641892179478727,-0.0014999999999999458,0.0028830227743265047,-0.14959999999999998,0.018093348847133303,-0.043986000000003855,-0.10336300000000076,0.0,-1.090049386761935,0.4297538364072597,0.21487237156280425,-0.5354027622444875,-0.140420762501555
467,1.740000000000009,1.0784180098557599,-0.5399999999999636,-0.04123507101932855,0.015499999999999958,0.008148861283644115,-0.083,-0.010762662713058799,-9.640039999999999,-0.11219399999999968,0.0,-1.3163611783735245,0.436159308424779,0.21986711889458732,-0.4612898989676495,-0.13611212796438288
468,1.3999999999999773,0.8075609812839417,-0.3599999999999568,0.0006259688420415799,0.01980000000000004,0.0107973084886126,-0.1464,0.001857641136718588,-11.467504000000005,-0.19276439999999972,0.0,-1.5151814123008922,0.43881621898710144,0.22071373618489787,-0.5585822889502197,-0.0436764124205995
470,0.8999999999999773,0.802227471840542,-1.1200000000000045,0.03631468440577734,0.006199999999999983,-0.012037888198757729,-0.11460000000000001,-0.0013544079329953912,-1.2224199999999996,-0.36187919999999973,0.0,-1.5179402954292023,0.4189134153963039,0.2028292376460037,-0.6175668187094345,0.1518324333076606
483,0.45999999999997954,0.7763773054733818,1.919999999999959,-0.03739846954500248,0.029900000000000038,0.0211550724637678,-0.04420000000000002,-0.0005394849887307984,37.67089,0.7364639999999998,0.0,1.0627368424678973,0.4683926886185752,0.2514358837809567,-1.2315638113834098,1.0516535245625747
487,2.4599999999999795,0.12534830309240164,2.0,0.2505794549009295,0.02849999999999997,0.007859627329192875,-0.2619000000000001,0.014833193360899,16.907573999999997,0.18176140000000007,0.0,-0.5094015940474605,0.2136298480115073,0.07133046424632372,-0.9813557033140654,0.9714806873536439
491,-0.660000000000025,0.2435238697524511,2.9399999999999977,0.17173076445856417,0.04940000000000011,0.029159420289854854,-0.26500000000000007,0.005518288754855903,-7.1973549999999875,-0.048202999999999996,0.0,-0.6327059768050614,0.2654103825281524,0.098601028939032,-1.1963412503325657,1.0673317952617438
494,0.7799999999999727,0.5021853281853268,-3.4399999999999977,0.11186569602714336,0.020399999999999974,0.022955693581780623,-0.1269,0.0025107182699457,19.423434999999998,-0.12146100000000004,0.0,-0.7795879044602358,0.3410523796362348,0.13352240372163937,-1.1531206548423398,0.9154489390151621
495,-0.17999999999994998,0.23535297896640728,0.2400000000000091,0.07518618199750726,0.031100000000000017,0.022483643892338923,-0.15609999999999996,0.004794207639383097,21.31150000000001,-0.14198500000000003,0.0,-0.9251347334096494,0.36970975537528794,0.1473672272812383,-1.104618589109137,0.8567329415662996
507,2.159999999999968,0.836895615971951,-3.2600000000000477,-0.05878444583864617,0.01660000000000006,0.019660869565217842,-0.054099999999999995,-0.02202018497311059,-3.414360000000002,0.14573130000000045,0.0,0.09648562699943497,0.37608141463954325,0.16905613435734335,-0.8891186514526908,0.08949793822493746
508,1.4199999999999626,0.7571972164643341,-2.8799999999999955,-0.1295813658112932,-0.0030000000000000027,0.004472256728778712,-0.1256,-0.014853088479735196,-9.824880000000007,0.056604399999999444,0.0,-0.5992910515157686,0.37316351844687645,0.1694662203367301,-0.8294824824701408,0.034892613884206725
513,1.2200000000000273,0.6603117980862585,-1.5399999999999636,0.33367404457125893,0.01980000000000004,0.015575983436852847,-0.12040000000000003,0.005948830365811203,14.766849999999991,-0.014431000000000083,0.0,-0.9375158789945974,0.41610842988167995,0.18262885211233915,-1.001987927232733,0.12538629046253202
516,0.2199999999999669,0.7360214382782644,-3.519999999999982,0.07918932300387116,0.008299999999999974,-0.004566459627329045,-0.3325,0.025929096039121996,-7.524379999999994,-0.07955929999999967,0.0,-1.3892641326423796,0.4437225208521731,0.20046032785483003,-0.7002983390609074,-0.055568148950851715
517,0.40000000000004476,0.8910407102162914,0.6399999999999864,0.2113698009615339,0.007499999999999951,-0.003361697722567447,-0.1515,0.0121654114561493,-14.43250599999999,-0.1719444000000001,0.0,-1.6445605339134044,0.44704584617639753,0.2121636178184474,-0.5542073046508165,-0.06890250523680486
518,0.7799999999999727,0.7377258620689453,3.7000000000000455,0.154165350777558,0.020999999999999908,0.013840993788819755,-0.05210000000000001,0.01627114647064351,-16.511255000000006,-0.2575402000000002,0.0,-1.885016309721605,0.44704584617639753,0.2121636178184474,-0.5542073046508165,-0.06890250523680486
519,0.6600000000000321,0.7608647990985808,-5.220000000000027,0.2131028993522568,0.03359999999999996,0.016707867494824002,-0.25,-0.012589040750414893,-15.82172,-0.17410710000000051,0.0,-1.7203306141805452,0.4485849837308127,0.21743540325987354,-0.43448918974760886,-0.10001779614813788
520,1.3000000000000185,0.865570509524904,2.0,-0.0845455306091587,0.02179999999999993,0.004928778467908956,-0.3556,0.0020219490698846904,-1.2088099999999997,-0.18577449999999995,0.0,-1.2959154478459602,0.43902735776988244,0.21235353432772186,-0.5368554270056052,-0.020296382374815458
522,1.2600000000000477,0.955053596020317,-0.33999999999997677,-0.04645185148348663,0.018400000000000083,0.009043685300207271,0.04359999999999997,-0.017219016137443796,-7.519734,-0.31439470000000025,0.0,-1.4681780515736467,0.4131313923915556,0.1980511517974266,-0.6789366483673689,0.17866393152401816
523,0.3800000000000523,0.646105687911124,0.2599999999999909,-0.019135215183477605,0.011599999999999944,0.014302898550724641,0.181,-0.019453286622448503,14.833580000000012,-0.34432129999999983,0.0,-1.162429679382985,0.4000198409520568,0.17968132610906107,-0.8113159208461553,0.24365011817357995
529,0.8000000000000114,0.7165929405829559,3.160000000000025,-0.14011173390438714,0.03270000000000006,0.01569213250517565,-0.06040000000000001,0.0026750934719485045,26.366265,0.7843940000000007,0.0,1.1704833387645959,0.4728843181982434,0.2546408760948813,-1.2137609880701064,1.0736004393938963
537,1.759999999999991,-0.283688431723359,-1.7999999999999545,-0.05044210877137978,0.014100000000000001,0.027334368530020137,-0.04189999999999994,-0.0002642375845730016,9.546959999999999,0.5435699999999999,0.0,-0.12871015215464254,0.15320982958584928,-0.0005699742903617633,-0.7293835638873531,1.090033698314576
551,1.0199999999999818,0.4802716342072557,0.37999999999999545,0.15625820992513795,0.028699999999999948,0.02498861283643894,-0.1629,-0.0032729823298056,17.085762000000003,-0.03939039999999938,0.0,-0.6963781902139363,0.2874636661005354,0.09935538872303074,-1.2381150550812379,0.9550039676230462
555,-0.2400000000000091,0.6957441120480397,2.9599999999999795,-0.12747589267358173,0.0232,0.025329813664595746,-0.21380000000000005,-0.005472745002297705,18.426845999999998,0.04936770000000035,0.0,-0.13578264116548056,0.39847619153626823,0.13693205420115895,-1.0950579213315592,0.773196457938301
561,0.8400000000000318,0.48017335834897423,3.4599999999999795,-0.02783042392689694,0.04620000000000002,0.02662360248447171,0.12269999999999998,-0.0082950632710138,1.441369999999992,0.4129073999999999,0.0,0.26423097558177133,0.42286960192058665,0.1483059908943094,-1.1992585426888382,0.6418628920965688
562,-0.13999999999998636,0.7535205110247816,-1.3199999999999932,0.1147649974536975,0.020400000000000085,0.016241407867494728,-0.05399999999999999,-0.011500990466600691,19.311386,0.37823729999999944,0.0,0.6344480809574797,0.41188038452612474,0.1474102109216755,-1.1051189926995733,0.5138872777435264
565,0.2799999999999727,1.081582421524704,2.9399999999999977,-0.021690193585387263,0.017199999999999993,-0.016069151138716764,-0.2348,0.007792202436710596,27.218720000000005,0.29575689999999977,0.0,0.3484810533607412,0.3949031536109828,0.14865902876555026,-0.9518579684483655,0.16090800595475052
566,1.920000000000016,0.6574380020957058,0.6999999999999886,-0.05301433375309461,0.01760000000000006,0.01226604554865418,-0.16820000000000002,-0.009669723942585612,-13.109083999999996,0.12185999999999986,0.0,-0.3745906317259706,0.3889402934913342,0.14719817641424537,-0.8965417072197965,0.08973390050957697
568,1.7399999999999558,0.7050097596054918,-0.15999999999996817,-0.15599941122667893,0.045399999999999996,0.01574575569358172,-0.14390000000000003,-0.02190678723100299,-6.844040000000007,-0.19942629999999983,0.0,-1.24145441316778,0.3857747179923976,0.14591608838249037,-0.8880253701549208,0.09078962619614472
570,0.9399999999999977,0.37785827582655784,-4.780000000000029,0.27923247195854817,0.029899999999999927,0.02626997929606667,-0.12760000000000002,-0.004606681344886607,4.183359999999993,-0.1251023999999994,0.0,-1.2415267790297708,0.4061343782513198,0.15231386826246496,-1.10747205029341,0.18937958730519266
571,0.7199999999999704,0.7727949963208154,-1.7200000000000273,0.19506878059261812,0.05169999999999997,0.02289896480331255,-0.18489999999999998,0.010719623339632403,-0.8245699999999943,-0.057034900000000555,0.0,-1.2430264493549803,0.42024612402919637,0.15925422565184277,-1.2081853882129394,0.25000801154123753
573,0.7199999999999704,0.6626092029080297,-0.5799999999999841,-0.002851974988204553,-0.005499999999999949,0.021383229813664473,-0.25,-0.023235538114701693,-0.27094999999999914,-0.01663329999999963,0.0,-1.289442977359565,0.4526300866205535,0.17571098680799846,-1.118880758684071,0.11035538194217676
575,1.0400000000000205,0.66185221477852,-4.259999999999993,0.23036146557813986,0.01759999999999995,0.013093581780538655,-0.1532,-0.003068745688091401,-23.729805,-0.048818000000000694,0.0,-1.4656252072556448,0.4649583609383363,0.19456169968934667,-0.7837656339193302,0.027595495573459417
576,0.34000000000003183,0.6633830873338624,-2.8799999999999955,0.12487453665215487,0.012199999999999878,-0.002973084886127575,-0.2586,0.026686490087134196,-29.659049999999993,-0.10668279999999974,0.0,-1.61725443085186,0.46063074099709134,0.20291444287000715,-0.5701694991119837,-0.02861108259446521
577,0.0,0.7167549547797627,-1.7599999999999891,0.16695906057366106,0.0036000000000000476,0.013289233954450919,-0.2469,0.008486969054489299,-33.310010000000005,-0.15318539999999992,0.0,-1.8455726594081998,0.46063074099709134,0.20291444287000715,-0.5701694991119837,-0.02861108259446521
578,0.7600000000000477,0.8664234422822048,-1.5,0.2611697608303576,0.028799999999999937,0.023721325051759612,-0.1471,-0.010631789256118213,-27.713383,-0.17818559999999994,0.0,-1.8602371646337055,0.455764312232132,0.21027029575300116,-0.43602672314109725,-0.03920282664090724
579,1.6200000000000045,0.8329378329063246,-0.11999999999994593,-0.014162045612112983,0.024399999999999977,0.005978260869564989,-0.10930000000000001,-0.0025274738917308026,-12.785674,-0.1689020000000001,0.0,-1.5492725688049749,0.44270126626988393,0.20905072182307727,-0.4745040780407095,0.013988575490381017
582,1.2800000000000296,0.9040531452855731,1.2200000000000273,0.06923880756311274,0.01860000000000006,0.007539751552795182,-0.043999999999999984,-0.006419000357038809,-12.187389999999994,-0.25175700000000045,0.0,-1.3114694609413373,0.3967598357191555,0.17441855623697666,-0.7882362367593743,0.23631815707048798
597,2.0400000000000205,0.1701395977729021,1.6200000000000045,0.12756057602905368,0.0039999999999998925,0.011223395445134177,-0.013900000000000023,-0.0009056171334685045,38.005566,0.5745309999999995,0.0,-0.17821420099765994,0.16300198314558934,0.015742911126345405,-0.9985876048097992,1.3191370690864463
602,2.0600000000000023,0.4114026263716539,-1.6800000000000068,0.1578017996511738,0.04139999999999999,0.01573457556935831,-0.22290000000000004,0.016793595944793897,38.575540000000004,0.43374489999999977,0.0,-0.3065781804629566,0.20074156121276765,0.05677163794216966,-1.0867551876822716,1.0327640031313887
605,1.740000000000009,0.5504839353631787,-3.659999999999968,0.16160050794008285,0.03499999999999992,0.017614492753623368,-0.1761000000000001,0.012121294734301,19.90921,0.13759760000000032,0.0,-0.6423602171806735,0.240374056022711,0.07301793536329981,-1.311518492708231,0.9035504515722526
615,1.1599999999999682,0.6222256027343533,1.5600000000000023,0.32670150903162387,0.033399999999999985,0.016935817805383557,0.015199999999999991,-0.014799697001630599,27.500829999999993,0.15044019999999936,0.0,-0.22352888774364033,0.46392974400263753,0.14671595316957298,-1.1670533595778636,0.7144881902341869
619,-1.5600000000000023,0.691157926073803,0.839999999999975,0.007313935079535483,0.03920000000000001,0.023058799171842725,-0.07379999999999998,-0.007111329648523498,-9.742525,0.4726889999999999,0.0,0.20914928593441395,0.4524892069648594,0.14892023489711637,-1.1680439202184942,0.5691386595214887
623,3.319999999999993,0.7646640316205762,-2.5200000000000387,0.1458315518761637,0.019100000000000006,0.017140993788819725,-0.02679999999999999,-0.005794152781835801,1.6193899999999957,0.2704994000000003,0.0,-0.1459709062392971,0.4202421452738694,0.14119545749455664,-0.9535104248305828,0.18282834761350486
624,0.3199999999999932,0.6737278911564566,-3.0600000000000023,-0.06339139386806458,0.043199999999999905,0.007351345755693517,-0.010400000000000006,0.0145918685543283,11.237517999999994,0.047054300000000104,0.0,-0.756612703221391,0.4137598170405745,0.1393102934302437,-0.8907601910682956,0.11970127697244592
625,1.5400000000000205,0.7695195160922204,2.1399999999999864,0.11549284822575334,0.03369999999999995,-0.002266666666666861,-0.24509999999999998,0.0267198410597283,-7.882919999999999,-0.15817499999999995,0.0,-1.7711842100255382,0.4100762049197417,0.13664719412573945,-0.9007085293354749,0.12531048530996536
631,0.9200000000000159,0.8701157278932037,-3.480000000000018,0.1257385543687679,0.030200000000000005,0.01633146997929613,-0.14089999999999997,-0.008106998309335499,-11.469393999999994,0.07824730000000013,0.0,-1.3526539291618036,0.46798148202012513,0.16724978853082728,-1.0563151781384903,0.10942418410599597
633,2.5,0.7091808640303441,-3.3799999999999955,0.147370833600049,0.012400000000000078,0.016758178053829953,-0.19649999999999998,-0.0159610429280356,-16.742323999999996,0.0028449999999997644,0.0,-1.6823208412319932,0.47470402813022794,0.18500532452072171,-0.7994029797811493,0.02252394621895526
634,0.4399999999999977,0.6345347201525904,-2.7199999999999704,0.16372315947687,0.0030999999999999917,0.010500207039337517,-0.04219999999999999,-0.007155359835560204,-30.660389999999992,-0.02939700000000034,0.0,-1.9727219788097656,0.46443896970632537,0.1950747745974768,-0.6140597706883995,-0.04742627836621427
635,0.07999999999998408,0.573689670329653,-3.579999999999984,0.2947046613791722,0.04079999999999995,0.0007217391304343845,-0.149,0.017524455090591598,-27.007493999999994,-0.16177200000000003,0.0,-1.924607751410548,0.46443896970632537,0.1950747745974768,-0.6140597706883995,-0.04742627836621427
636,0.8600000000000136,0.680214520008743,-0.6999999999999886,0.07476445499608708,0.024399999999999977,0.011951345755693676,-0.12150000000000001,0.011161436498377794,-39.033052999999995,-0.2064161000000002,0.0,-1.9312377230485591,0.45761730885354623,0.20369956161026703,-0.41805671033118585,-0.05491187178498258
637,1.5199999999999818,0.5558012926388969,-0.23999999999995225,0.11377159472598475,0.026000000000000023,0.011456521739130143,-0.15739999999999998,0.008685059836224598,-16.710080000000005,-0.2680964000000001,0.0,-1.8712045091097025,0.445780089716207,0.20305346499618793,-0.507869809123406,0.03841407909171135
638,0.5199999999999818,0.7237074197943691,0.1199999999999477,0.010528270865333589,0.02210000000000001,0.016274327122153376,-0.2037,-0.008308702883397398,7.509519999999995,-0.2023079999999995,0.0,-1.6217461251195875,0.4301928898276426,0.19780916324359055,-0.6384701949776002,0.1355061426887021
639,1.2799999999999727,1.0375257295533835,-4.680000000000007,0.04218944985403095,-0.008900000000000019,-0.020834368530021186,-0.10910000000000003,-0.0052415832892896,3.125479999999996,-0.22606669999999962,0.0,-1.2693812359641043,0.4079399327156974,0.18664238458977156,-0.7573016397895884,0.25057273394234336
640,0.44000000000000483,0.7322660517596375,-4.039999999999964,0.01911935330649861,0.01770000000000005,0.01987163561076588,0.022799999999999987,-0.019617513425646597,-2.059910000000002,-0.21880529999999965,0.0,-1.2236858770140664,0.39460939721722,0.1711342232891413,-0.6899738923448808,0.24663947664285235
641,1.420000000000016,0.6633846657929041,-1.3199999999999932,0.09120470393303393,0.02080000000000004,0.0003668737060045224,-0.0827,-0.0017380858910914926,-42.900324,-0.19972060000000003,0.0,-1.4201704833288815,0.3951497955579093,0.15788013857840966,-0.6873557021246057,0.25935121463068445
642,0.07999999999998408,0.8045264607515499,-4.920000000000016,0.2690715838440614,0.015599999999999947,-0.0011053830227738537,0.004400000000000015,-0.005035559425395901,-22.310030000000012,-0.1435202999999996,0.0,-0.8819223882423852,0.4189112516322524,0.15529891210715974,-0.6867465878166854,0.2735101163904847
660,1.580000000000041,0.20101003939501538,-2.2599999999999905,0.1717758056146783,0.030399999999999983,0.02133436853002102,-0.026900000000000035,0.0019172803188175977,15.034230000000008,0.46414119999999937,0.0,-0.2088124155734956,0.22768492915068528,0.06370470324690203,-1.2551423634737517,1.041424740039858
668,0.8199999999999932,0.5068257040752222,-0.5800000000000409,0.16055562047780825,0.02310000000000001,0.021321739130434558,-0.02729999999999999,-0.016508253576830195,26.625405,-0.03569310000000048,0.0,-0.31425730765507076,0.3881599441055439,0.11974107450079874,-1.1834677076139002,0.7347840744739607
669,1.1399999999999864,0.5364152194086707,-0.5800000000000409,0.15514995722812852,0.013299999999999979,0.023850724637681564,0.03920000000000001,-0.026374772070555802,29.87183600000001,-0.01667740000000073,0.0,0.13804401239950792,0.4196397798720479,0.13012273282327413,-1.183354895765035,0.7225450161731484
672,1.6399999999999864,0.8930274865684709,-1.839999999999975,0.49064381536754365,0.01869999999999994,0.0063312629399583376,0.05249999999999999,-0.0266927944641194,43.40396,0.20539530000000017,0.0,-0.10446186804253088,0.4923753539775433,0.14769558110140046,-1.1655741310546262,0.7197166473259315
673,0.2400000000000091,0.6982519530450979,1.1800000000000068,0.11097053657381561,0.025800000000000045,0.00652318840579702,-0.14590000000000003,0.004534283317668697,30.752396000000005,0.2964885000000006,0.0,-0.07362905592074931,0.4923753539775433,0.14769558110140046,-1.1655741310546262,0.7197166473259315
677,1.6599999999999682,1.3354100862588396,1.6999999999999886,0.20110983547309846,-0.009299999999999975,-0.019623809523809377,-0.16290000000000004,-0.0026477709975138014,17.48044999999999,0.6657675000000003,0.0,0.8307928174169135,0.45940381238220773,0.2649632579742969,-1.1804410048519713,1.0174938999350527
681,0.8000000000000114,0.9521298727874168,-0.3599999999999568,0.004109662285544324,0.026499999999999968,0.034519254658385345,0.0711,-0.030538711960208992,-17.233466,-0.2845266999999998,0.0,-1.473287448480555,0.44000827230884454,0.13108778021770195,-0.9554504854927899,0.17259541257955568
682,1.3000000000000114,0.7193253082687185,-3.5400000000000205,0.27223413402400354,0.060699999999999976,0.012404554865424355,-0.1433,0.004463461741286201,10.493905000000012,-0.20787699999999987,0.0,-1.1201880722482027,0.4326108434066267,0.13109002397404623,-0.9678793844607014,0.1614680808238269
685,1.3999999999999773,0.9069898979269873,-0.8000000000000114,0.3548067115194655,0.023700000000000054,0.008680124223602426,-0.11550000000000002,-0.023751536968021805,-29.76912999999999,-0.03165930000000028,0.0,-1.5155603837171636,0.4552504576755183,0.1366725465650216,-1.2518561574554212,0.22254316431677612
686,0.8999999999999773,0.8373883072007686,-2.3799999999999955,0.16436150591901733,0.02510000000000001,0.015415527950309982,0.0338,-0.004520250988435101,-7.386389999999992,-0.02224399999999971,0.0,-1.2232393834734054,0.4632359080903523,0.14306020456394997,-1.4511965542111085,0.2457353416140231
687,1.0,0.7007605905665564,0.339999999999975,0.22776625135434525,0.01650000000000007,0.008817184265010547,-0.08420000000000001,-0.00042503872757029826,-16.834778,-0.05281560000000063,0.0,-1.6424333329903202,0.4771956048853987,0.15066898437976128,-1.279856762374152,0.15851945710191195
688,0.10000000000002274,0.7909027888612279,-0.2799999999999727,-0.028794599268617382,0.017900000000000027,0.030133126293995893,-0.14620000000000002,-0.011278645393935305,-0.7642960000000016,-0.08087269999999958,0.0,-1.6616375056266453,0.4936135208521879,0.1618885960826857,-1.0248543518628566,0.059411182875572344
689,0.24000000000001265,0.8876926897236643,-2.8799999999999955,0.029187083245047596,0.005400000000000071,0.031192339544513503,-0.2818,-0.015408518013765915,-30.80496000000001,-0.10682349999999996,0.0,-2.3652830401189817,0.500286812680141,0.17124866057925203,-0.7386797836568775,-0.034616486707652605
690,0.5600000000000058,0.7473624480095147,-4.739999999999952,-0.035090553316089235,0.021299999999999986,0.0001977225672878946,-0.07680000000000001,0.003179034486346488,-34.692499999999995,-0.2630903999999994,0.0,-2.336405103278217,0.4817886363279822,0.17630647972434055,-0.6667691466091981,-0.043431493129545196
712,0.18000000000000682,0.17032370730040114,-3.720000000000028,0.22561488926921847,0.010600000000000054,0.019570600414078765,-0.010699999999999987,-0.0173045075642696,33.54826,0.43268400000000007,0.0,-0.27126356315218914,0.19002148252170414,0.04570046437679931,-1.4551884605371725,1.4619119009546804
714,1.6800000000000068,0.44014563191358747,-4.080000000000041,0.2673604409678516,0.03689999999999993,0.022946997929606527,-0.01869999999999994,-0.0010573020794839016,25.789315000000002,0.3420209999999999,0.0,-0.8089131642007867,0.21120658560233885,0.056720311761973896,-1.3666123889286723,1.2092437168765375
717,0.5399999999999636,0.21689955734295552,-0.3199999999999934,0.33853055045794367,0.03069999999999995,0.03117453416149052,0.005699999999999927,-0.0045015915197334985,4.597394000000008,0.21746929999999942,0.0,-0.7569971753296425,0.26484689088455227,0.07189382851139303,-1.3150266205969103,0.9462361203222702
718,1.1000000000000227,0.46753899008940536,-6.339999999999975,0.16107347994257548,0.0020999999999999908,0.019228157349897024,-0.05380000000000007,-0.0027577834748243046,-0.29307000000000016,-0.0016780000000000683,0.0,-1.0407347746238766,0.26484689088455227,0.07189382851139303,-1.3150266205969103,0.9462361203222702
723,0.339999999999975,0.46918261720531973,0.30000000000001137,0.14020901713701228,0.01860000000000006,0.02821014492753593,0.25110000000000005,-0.0402542004475657,39.3276,0.0007929000000004294,0.0,-0.12522439168593635,0.37822958877724844,0.10990263821612878,-1.2735583655419163,0.7568403895617362
725,0.5,0.7731109721203353,-1.1000000000000236,0.035683328745479415,0.020399999999999974,0.016691511387163738,-0.02479999999999999,-0.010829151243986895,23.273229999999998,0.02661900000000017,0.0,-0.18295931614447447,0.4501272373848675,0.13524641757873201,-1.2178403944695901,0.69024637740808
727,0.4800000000000182,0.5094977168949733,0.01999999999998181,-0.0508831530563123,0.022199999999999998,0.028752795031055878,0.008299999999999974,-0.0200166417029912,12.30619,0.7123360000000005,0.0,1.1484338329775756,0.45940381238220773,0.2649632579742969,-1.1804410048519713,1.0174938999350527
728,1.599999999999966,1.1104432300677445,2.9399999999999977,0.5121672939684512,0.039000000000000035,0.01908260869565226,0.07739999999999997,-0.017484671432230703,18.787490000000005,0.29211169999999953,0.0,0.1274490240847328,0.51923373657241,0.15366814503073822,-1.1932517447815911,0.7208306100793571
732,-1.259999999999991,0.1586594438425415,-3.0600000000000023,-0.17755170472717197,0.04139999999999999,0.03455113871635551,0.09810000000000002,-0.018048765391844697,28.252425000000002,0.6281876999999998,0.0,1.0033447542445373,0.5056596966062425,0.14883873995352026,-1.2110383765220263,0.6179035462204734
736,1.919999999999959,1.1193064978139446,-2.8600000000000136,0.3206332943491006,-0.0403,-0.00373623188405825,-0.08840000000000003,-0.008542802417902895,-30.330429999999993,-0.16704149999999984,0.0,-1.5421924540911327,0.4816619388704666,0.13632754577881556,-1.0381830550550717,0.25284595745826266
737,-0.2399999999999558,0.9943367768595017,-2.840000000000032,0.08829994528697416,0.019100000000000006,0.010374327122153026,-0.02150000000000002,-0.015322264276559805,-35.494918999999996,-0.22945320000000002,0.0,-1.704609734785926,0.48041627443976864,0.13799023918277786,-1.027730331232945,0.21812953003051305
739,2.240000000000009,0.8575156252435221,0.5,0.26444543951456456,0.024499999999999966,0.012001656314699516,-0.023799999999999988,-0.03252924673955912,11.331556000000006,-0.15763699999999936,0.0,-1.184800032905697,0.4686004758803328,0.1291356179455434,-1.0452360831238536,0.19266944612999204
742,1.0,0.5544868421052733,-1.920000000000016,0.14962882956363988,0.03309999999999991,0.02840621118012432,-0.19340000000000002,0.008269460168550805,-15.889195999999998,0.07518769999999986,0.0,-1.1571694009959668,0.489611707715218,0.13933254506209547,-1.469778484240564,0.27446720941895286
743,0.7799999999999763,0.5163367720619689,-0.8600000000000136,0.1134048250727222,0.02849999999999997,0.020335817805382295,-0.32689999999999997,0.036363375764649306,-19.10203,-0.08266129999999983,0.0,-1.1320470046146642,0.5017616787186849,0.14750704255578917,-1.282373996890584,0.1700324720568709
745,0.4399999999999977,0.7341389811738992,-2.1999999999999886,0.12356279533573211,0.027899999999999925,0.04149089026915109,-0.0819,-0.024322491842975413,-12.347570000000005,-0.10253400000000035,0.0,-1.6535340661434734,0.5053026299652696,0.16579308815944316,-0.7373182318667233,-0.007665813958723788
747,0.4200000000000159,0.6339738504097099,-1.6200000000000045,-0.0653196039426005,0.014100000000000001,0.01274140786749467,-0.2076,-0.007577530286921111,-37.20886,-0.2599999999999998,0.0,-2.7129310986989292,0.4764801000426555,0.18326774469840412,-0.5416965072437989,-0.048884221038201225
748,1.579999999999984,0.7377275320156116,-0.7599999999999909,0.06209174258740635,-0.0005999999999999339,-0.004100828157349579,-0.19640000000000002,0.004005215552238199,-35.44762999999999,-0.21424909999999997,0.0,-2.4141153123532604,0.4764801000426555,0.18326774469840412,-0.5416965072437989,-0.048884221038201225
750,1.2200000000000273,0.6141777286135337,-1.3600000000000136,0.23817054107899427,0.026100000000000012,0.010210973084886055,0.006900000000000017,-0.011695051265647204,-51.722685999999996,-0.31650940000000016,0.0,-2.4684770662451747,0.4469510758331907,0.19215602550184396,-0.5477760291974363,0.07709787241562172
752,1.3600000000000136,0.9297731551637121,-3.3999999999999773,-0.013791121152554098,0.017800000000000038,0.021186542443064282,-0.06340000000000001,-0.00177097262376609,-42.643224000000004,-0.1118042999999993,0.0,-2.441751242762445,0.4228873183910977,0.18926546278405798,-0.784783261072505,0.3345005699745789
753,1.839999999999975,0.5753614649279868,-3.1800000000000086,0.0338615916918199,0.03510000000000002,0.038803519668737074,-0.08739999999999998,0.004259312509625704,-33.42107399999999,-0.023985500000000215,0.0,-1.88721536485847,0.40803863460012124,0.17447551827395902,-0.7032035691718619,0.32368067634731457
784,2.799999999999958,1.3533998902333764,-4.220000000000027,0.3158250002023504,-0.016899999999999915,-0.028422567287785028,0.06059999999999999,-0.004492233306174598,34.60751,0.2997557999999998,0.0,0.21626282234525362,0.5342939398115707,0.1651997293475178,-1.2113567904243325,0.7107027169038549
789,-0.3799999999999919,0.46482600572922905,-1.0399999999999636,0.030923130679842536,0.05930000000000002,0.020800621118012175,0.11200000000000002,-0.017161894915239298,4.916089999999997,0.5383545999999999,0.0,0.40824226779015227,0.542084330987862,0.16247195788755509,-1.2248827607855333,0.6400035968340632
793,-0.7400000000000091,0.49150529197956416,1.0,0.0050755473081647295,0.008199999999999985,0.028434782608695586,-0.013399999999999967,-0.026974301037449105,-11.403279999999995,-0.12275029999999987,0.0,-1.245536915250332,0.518040204375195,0.14351487880747626,-1.0541937527778202,0.2840955513078569
794,-0.060000000000002274,0.6392398980868705,0.3199999999999932,0.16080555302530808,0.04069999999999996,0.05213022774327114,0.15950000000000003,-0.051779256076969093,-2.4064799999999877,-0.19363499999999956,0.0,-1.6350760620798521,0.5086716013096471,0.13790012995078005,-1.040198080372079,0.24282428615121887
795,0.5600000000000058,0.8412981285473258,-3.780000000000029,0.19439763451821968,0.023599999999999954,0.029321118012422653,0.275,-0.041980099616996114,6.111190000000008,-0.20149859999999986,0.0,-1.5771677478923163,0.49685741685190976,0.13057593237720155,-1.0513905312662217,0.2087180969333513
796,3.3999999999999773,0.8318806744487546,-1.4800000000000182,0.3623451346203268,0.04039999999999999,0.02319710144927556,0.2655,-0.0355277610325402,3.013596000000007,-0.08821589999999979,0.0,-1.278479089374235,0.49685741685190976,0.13057593237720155,-1.0513905312662217,0.2087180969333513
797,2.480000000000018,0.9947543233374638,-1.6200000000000045,0.44731133036655457,0.00040000000000006697,0.02442091097308441,0.22870000000000001,-0.048439664225332094,1.8228539999999924,-0.1172076999999998,0.0,-1.3469226184221093,0.5022813063860525,0.1304968536548481,-1.2047291106936768,0.24661930999999448
798,1.080000000000041,0.7901488315765164,-3.3999999999999773,0.20053215357115128,0.015899999999999914,0.027242236024844435,0.09859999999999997,-0.0375773669854613,9.82016999999999,0.0024417999999997164,0.0,-1.4383487187322856,0.5155763168433438,0.1365081946359057,-1.3529851078861554,0.2699373682063193
801,0.660000000000025,0.6778872883970308,-3.1800000000000064,0.24348944136467487,0.030999999999999917,0.03186397515527939,-0.1594,-0.007662865963234108,-49.15399000000001,-0.23272030000000044,0.0,-1.9127478669497524,0.518899938362436,0.1549344684345959,-1.0453986707457545,0.13518071975681423
802,1.2800000000000296,0.5244036230256661,-3.3000000000000114,0.21561003222269992,0.03479999999999994,0.011642028985507369,-0.2292,0.002549130515337089,-25.83143000000001,-0.2580743999999999,0.0,-2.135746263660252,0.5152415855422721,0.16212007798780892,-0.7654886667854299,0.03703980932223683
803,1.1800000000000068,0.8137712934990198,0.4800000000000182,-0.0015972250067708416,0.02290000000000003,0.021084886128364344,-0.0857,-0.027906784254101202,-50.693995,-0.3920734000000001,0.0,-2.701070587401162,0.5067109192100183,0.17330740350839235,-0.6690379116950567,-0.0044745518275908225
804,0.8999999999999773,0.608863620740312,1.7000000000000455,-0.1779999019493168,0.01880000000000004,0.019430641821945982,-0.1717,-0.0010804191764448023,-35.032585,-0.4445075000000003,0.0,-2.5977813694851637,0.48990138738168376,0.18281495886945365,-0.5827291082349149,-0.022084882898933067
807,-0.8599999999999568,0.5518723404255255,-3.1200000000000045,0.12129605830608625,0.03080000000000005,0.0022975155279499893,-0.2847,0.0256121866088196,-27.4782,-0.4156766999999997,0.0,-2.916164494270788,0.45530402036555273,0.19646186219199002,-0.5485260306325017,0.07970652162090897
811,1.7200000000000273,1.008378280272435,-3.980000000000018,0.22572346608640803,-0.0016000000000000458,-0.020314078674948055,-0.2689,0.016310062650498898,-18.461874999999992,-0.10357760000000038,0.0,-1.8724593456715404,0.4324432990608198,0.1792523211850714,-0.43868427172019153,0.19141597757783124
830,0.660000000000025,0.4860327891156224,0.10000000000002274,-0.18502404536886985,0.02969999999999995,0.014644306418219344,-0.09019999999999995,-0.0007272953616494979,29.18822999999999,0.6079807000000006,0.0,0.5793329955610549,0.44168721791521115,0.25467966175908696,-1.1695047768797622,0.9658228102248643
832,1.099999999999966,0.13526620376817533,0.4399999999999977,0.07509978260190131,0.04149999999999998,0.02050848861283705,-0.06550000000000011,-0.003686304975205605,7.858776000000006,-0.4193100999999997,0.0,-2.1544389766726155,0.3131415862111222,0.07855555859124763,-1.3600342927289546,0.9757444931568209
836,0.37999999999999545,0.4076752615618986,-2.0200000000000387,0.20080084841073376,0.05030000000000001,0.025072049689440767,-0.009599999999999942,-0.007044238857856905,7.184443999999999,-0.0060074999999999434,0.0,-0.7668371595356245,0.3798350203226839,0.10354403118984745,-1.2431425094474662,0.8239253115695977
837,1.0400000000000205,0.35691647343621824,-0.7799999999999727,0.10391224192120241,0.03850000000000009,0.0397337474120083,-0.18180000000000002,0.005021807241235909,15.835155999999998,0.042880099999999644,0.0,-0.5940855304308652,0.410397705288462,0.11544252757771023,-1.258081764416204,0.8009343209373174
843,-0.4800000000000182,0.30878289288144956,-1.759999999999991,0.058772546134443715,0.021299999999999986,0.004719254658384742,-0.10350000000000001,0.015453548394894295,8.140259999999998,0.48451240000000073,0.0,0.5086568458397043,0.542084330987862,0.16247195788755509,-1.2248827607855333,0.6400035968340632
845,4.560000000000002,2.0652854102496256,-1.9599999999999795,0.4386641615475515,0.022299999999999986,-0.02748467908902652,-0.062100000000000016,-0.006958919997505392,-1.1726460000000003,0.33976760000000006,0.0,-0.24427138496361245,0.5337080552166569,0.15878234269973035,-1.152101760912032,0.549227124321785
847,0.19999999999999218,0.6201035076423196,-0.2599999999999909,0.07645012289471165,0.03509999999999991,0.016788198757764272,0.007699999999999985,-0.0075313570793829054,18.007697,-0.0765994000000001,0.0,-0.7934211900417694,0.5274112782256051,0.1500643074450796,-1.0803249596310707,0.3254882057110766
850,3.4599999999999724,1.160783255661876,-1.1999999999999886,0.4337121819426404,0.021299999999999986,0.015541407867495027,0.09929999999999997,-0.0206524342077051,-6.8803999999999945,-0.1970238000000002,0.0,-1.7921544922645936,0.49685741685190976,0.13057593237720155,-1.0513905312662217,0.2087180969333513
852,1.599999999999966,0.5234730400468735,-0.660000000000025,0.314047054124333,0.05379999999999996,0.047480952380952735,0.0965,-0.032690693989576594,-2.3812049999999942,-0.08228740000000023,0.0,-1.4900347531371683,0.5022813063860525,0.1304968536548481,-1.2047291106936768,0.24661930999999448
853,1.040000000000024,0.5835705461182386,-0.4399999999999977,0.21618219266445315,0.01200000000000001,0.029509109730849192,-0.04820000000000002,-0.010338756860627796,6.200554999999994,-0.051812600000000764,0.0,-1.495418548375543,0.5155763168433438,0.1365081946359057,-1.3529851078861554,0.2699373682063193
856,4.339999999999975,1.741708852026278,-3.5399999999999636,0.3313059984712696,0.0017999999999999128,0.021685507246376745,-0.13319999999999999,-0.0044891076081522985,-27.928656000000004,-0.21333730000000006,0.0,-1.9725396710489669,0.518899938362436,0.1549344684345959,-1.0453986707457545,0.13518071975681423
857,0.7599999999999909,0.742381997332302,1.8000000000000114,0.10690205648849371,0.0021999999999999797,0.030391718426501235,-0.02849999999999997,-0.019173849520613906,-22.175265999999993,-0.24116150000000047,0.0,-2.2256274004113923,0.5152415855422721,0.16212007798780892,-0.7654886667854299,0.03703980932223683
858,1.7400000000000126,0.7852629252175269,-3.840000000000031,0.16461937379779545,0.006200000000000094,0.03952774327122155,-0.13030000000000003,-0.03827039918964539,-44.0938,-0.40861900000000073,0.0,-2.4222271483908564,0.5067109192100183,0.17330740350839235,-0.6690379116950567,-0.0044745518275908225
860,1.160000000000025,0.6417564720317372,-1.3599999999999568,0.020168364353795987,0.01739999999999997,0.01861387163561068,-0.2597,0.0021932611844154015,-26.65997,-0.4507690000000002,0.0,-2.8805233381574205,0.48990138738168376,0.18281495886945365,-0.5827291082349149,-0.022084882898933067
863,3.1000000000000227,1.0785620683055228,-3.1200000000000028,0.1888289407164132,-0.009399999999999964,-0.014455072463768315,-0.4932000000000001,0.039976145823185705,-50.557280000000006,-0.2899697999999997,0.0,-2.6834921141345287,0.4422948944517664,0.19960241850337468,-0.6050029484050583,0.19106453473535812
865,0.2599999999999909,1.0345237278445047,-1.9800000000000182,0.3027950972586515,0.0044000000000000705,-0.004054037267080979,-0.11260000000000003,0.012483932819370297,-17.380265999999992,0.060506399999999516,0.0,-1.3253853428950801,0.4237505668337249,0.18445092419445785,-0.5790418268752404,0.23584310153666355
884,3.7999999999999545,0.4862350153991635,-4.480000000000018,0.45146276694146437,0.046699999999999964,0.02665776397515507,-0.03070000000000006,0.0006818895862693991,-11.976849999999999,-0.39181569999999954,0.0,-2.1393032802398384,0.2962372634658301,0.07585399406518079,-1.3599452504740555,1.0498951201725273
886,0.9600000000000364,0.6175694704340913,2.2199999999999704,-0.056345655154532714,-0.029299999999999993,0.014368530020704151,0.05630000000000002,-0.020402342615934307,12.205219999999997,0.5607432999999995,0.0,0.4646729916118577,0.44168721791521115,0.25467966175908696,-1.1695047768797622,0.9658228102248643
887,0.339999999999975,0.358556843210291,-2.1000000000000227,0.2788156041754757,0.035599999999999965,0.024251966873706343,-0.0524,0.008429139047955808,4.66844900000001,0.1498065999999998,0.0,-0.8234320279033742,0.5714365241964217,0.1798932394948798,-1.2389396388770137,0.72565771919664
894,1.3000000000000114,1.472445986231488,-1.4799999999999613,0.21098954605806153,0.005800000000000027,0.023356314699792713,0.13269999999999998,-0.023913678328323418,-1.2341600000000028,-0.030793300000000023,0.0,-1.355796959134631,0.561550394646849,0.15853256818195227,-1.1171271373779774,0.34578625269870855
895,-0.7400000000000091,-0.20287193217311028,-3.920000000000016,0.11916633869508697,0.05239999999999989,0.043039337474120254,-0.20049999999999998,0.010149760390412904,-22.147067999999997,-0.08306940000000029,0.0,-1.4091932015489572,0.5501594360000013,0.14740275494797483,-1.1125479839462287,0.31870989714227527
899,2.079999999999984,0.7424264241505938,-3.0400000000000205,0.1804173438308201,0.03060000000000007,0.020466873706004196,-0.10390000000000002,-0.021938064641694496,6.299354999999991,-0.09163370000000004,0.0,-1.9097170936933985,0.5323018736894412,0.13258814332428415,-1.1995027972488543,0.2760862340367254
901,0.03999999999996362,0.5774676915685895,-4.939999999999998,0.22593649797500515,0.050000000000000044,0.007634161490683078,-0.17970000000000003,0.009046252066618188,-3.1593349999999987,-0.04218540000000015,0.0,-1.7039706817054352,0.5334240978946152,0.13648232355681866,-1.2778790229420025,0.2689865460246219
902,1.0600000000000023,1.065711322645857,-3.5,0.27797657750051563,0.05130000000000001,0.019964803312629065,-0.12990000000000002,-0.013736579314411287,-20.102283999999997,-0.1782598000000002,0.0,-1.8680286970391933,0.5302515581364222,0.14421663022710618,-1.1711325587746728,0.19703850022522307
905,0.17999999999995353,0.5854221967963333,-8.159999999999968,0.0700629501617378,0.015799999999999925,0.038987577639751914,0.0131,-0.02614033451821439,-32.68307999999999,-0.5091843000000003,0.0,-2.7195574735899086,0.5173745917849164,0.17421598327225585,-0.7217467578960566,0.021749037492925893
906,3.159999999999968,0.8276869342778177,-5.28000000000003,0.4942185844809872,9.999999999998899e-05,0.020797722567287846,-0.08169999999999997,-0.020490233971271504,-12.440035999999992,-0.5784739999999999,0.0,-3.2684698608923473,0.5028195076080149,0.18577266118450542,-0.6313761174345132,0.019729338821092846
907,0.3199999999999932,0.6330543363948884,-0.9800000000000182,0.015209448190372399,0.007299999999999973,0.02797515527950356,-0.2105,0.003535391505628399,-50.127746,-0.8220733000000005,0.0,-3.919525382692388,0.4827884785086365,0.19454718259395687,-0.5703236812894232,0.055075703847343505
909,0.30000000000001137,0.9333499170812338,-6.319999999999995,0.22277288969473563,0.023800000000000043,0.020366873706004096,-0.1662,-0.0008760408847933027,-15.20429,-0.7692429999999995,0.0,-3.3140822422315797,0.46688022292301845,0.19658034207242991,-0.549199214605963,0.0814558810188819
912,1.3400000000000318,0.794372700306365,-1.7200000000000255,0.038132670578112204,0.009399999999999964,0.007527329192546284,-0.2902,0.02396085648369,-17.134010000000004,-0.07506349999999973,0.0,-2.153754968111965,0.4347723224964497,0.19066401844078396,-0.4581268984425009,0.2110319869305446
918,2.0399999999999636,0.23748723004867855,0.9200000000000159,0.12033237581148626,0.02090000000000003,0.03018219461697691,-0.03479999999999994,0.006507873932832302,13.386489999999995,0.1933997999999999,0.0,-0.8469720746214122,0.154304723707666,0.049305427986059414,-1.3444155864231817,1.4371342207963824
926,2.419999999999959,0.23193802321284807,-4.039999999999964,0.3815172073325881,0.023900000000000032,0.02741283643892356,-0.0494,-0.0012263387517974927,-22.623419999999996,-0.06068150000000028,0.0,-2.3221608061903556,0.21784783781360417,0.05875119287209429,-1.3699141987858354,1.3695449300329994
930,0.6200000000000045,0.3925426952188431,-4.720000000000028,0.3470636300818857,0.034399999999999986,0.019444306418219703,0.0033999999999999586,0.002556589919949101,-30.776743999999994,-0.40128710000000023,0.0,-2.800917259926482,0.2972132932448286,0.07399423159520335,-1.3741299615056022,1.092731671070009
933,0.6200000000000045,0.6637577309740585,-2.9600000000000364,0.3728639635563544,0.01739999999999997,-0.0036865424430639893,-0.14900000000000002,-0.0017549240191890997,-21.020160000000004,-0.08241940000000003,0.0,-1.7872369346558283,0.6082421654209487,0.19333216083294236,-1.2682724421921563,0.7110609343444647
934,-1.1399999999999864,-0.5959918996602802,-6.6200000000000045,0.35146817683563203,0.0474,0.03386293995859235,-0.24430000000000002,0.0170464881818444,-24.894450000000006,0.01598770000000016,0.0,-1.6422832013245667,0.6082421654209487,0.19333216083294236,-1.2682724421921563,0.7110609343444647
938,-0.5200000000000387,0.602456657240058,-3.2199999999999704,0.07948641402992607,0.02100000000000002,0.015729606625258463,0.0655,-0.0025250447828719935,-9.72287,0.10960049999999999,0.0,-1.3368612486938805,0.6131249571782202,0.1821433448427605,-1.2743204832566164,0.5888573986139125
939,-0.8400000000000283,0.06542562777847394,-0.8199999999999932,0.13233472824787196,0.03689999999999993,0.03159213250517623,0.016600000000000004,-0.009764429132249203,-31.076124,0.0862450000000008,0.0,-1.4811104318404276,0.6047496920978936,0.17385194261213055,-1.2215079623145897,0.48717911544967585
941,1.0599999999999987,0.546912494831389,3.3999999999999773,-0.00676107922393232,-0.03520000000000001,0.017383643892339595,0.02729999999999999,-0.019003965750607796,-21.251135000000005,0.5236312999999999,0.0,-0.05771140506275607,0.4246330246466119,0.2402587416528883,-1.0939459808855787,1.0244518996957188
945,0.9599999999999795,0.5383534819856415,-1.5,0.166467945068967,0.04299999999999993,0.033254451345756,0.027100000000000013,-0.0193120974805355,-25.438625000000002,-0.09536649999999991,0.0,-2.5171044401977536,0.5637116159836815,0.13259686889918942,-1.183086772814363,0.27852609910046233
946,0.660000000000025,0.5426816882685301,0.5600000000000023,0.18542563490284714,0.05510000000000004,0.024941407867494658,0.020399999999999974,-0.01718030185693771,-5.890520000000009,0.017422700000000013,0.0,-2.120137779394712,0.5584808105836103,0.13085483706473422,-1.2190556544586997,0.27566069569736484
949,0.339999999999975,0.6522503649861626,-4.199999999999989,0.14355912827714867,0.06400000000000006,0.015627536231883843,-0.1104,0.025016463957541396,-6.921990000000008,-0.2813654999999997,0.0,-2.1316875435637357,0.542758415998696,0.14721847317052017,-1.0124671564255294,0.10456102474781037
951,0.16000000000002146,0.45750123578843827,-4.019999999999982,0.1589046630011497,0.025999999999999912,0.0346457556935823,0.21369999999999997,-0.024704822024297496,-4.240415999999996,-0.6210040000000001,0.0,-2.661547239889522,0.5242103431129816,0.17238771979520973,-0.7639569260160783,0.057023973547527085
953,0.9400000000000546,0.8353869614944642,-0.19999999999998863,0.08226615958223338,0.006199999999999983,0.025893581780538133,-0.20659999999999998,-0.014033439567862599,-71.63371000000001,-0.872458,0.0,-4.1015001883256,0.5116384063903681,0.18973880290000178,-0.6690534705236217,0.021613409767491376
955,0.9000000000000341,0.93691774538053,-2.8799999999999937,0.08459821148591384,0.0033000000000000806,-0.00271221532091126,-0.06169999999999998,0.012240123149564401,-46.537896,-1.2903460999999998,0.0,-4.53879827548197,0.485705034454325,0.2038716198070345,-0.6134588085891153,0.08471765244811102
959,2.240000000000016,0.9807886442113976,-0.060000000000002274,0.28964436802159543,-0.03320000000000001,-0.028319254658385362,0.0928,-0.015604264355902203,-19.97984000000001,-0.6803254999999995,0.0,-3.2616198841516564,0.4544696511392132,0.19219944450415571,-0.45490734187059445,0.22542132138459348
974,0.5,0.27031880811023257,0.2400000000000091,0.3571618462469246,0.0674999999999999,0.024492339544513686,-0.011199999999999988,0.024508866401857288,-6.04986000000001,-0.06927400000000006,0.0,-1.6622184496859305,0.6248600965419211,0.19839860213025773,-1.3688952662284777,0.7602300559519346
976,-0.01999999999998181,0.22258662023364195,-2.839999999999975,0.19981787909107052,0.042200000000000015,0.0033107660455485854,-0.09179999999999999,0.02054867836244481,-25.36336,0.09050250000000037,0.0,-1.4614426880450395,0.6244583969471371,0.19151272273759634,-1.3569680565451279,0.7471328282997316
978,-0.4200000000000088,0.4454151070159895,-1.7599999999999891,0.10106382265896663,0.0232,0.0057530020703937534,-0.1793,0.010789663323766699,-17.77901,-0.07140700000000066,0.0,-1.6436408742168673,0.6365844756702934,0.18786759145430754,-1.3431026480621284,0.6282123141172278
979,4.520000000000039,0.4510477282631271,-4.579999999999984,0.26356891305726204,0.010000000000000009,0.013484472049689611,-0.28800000000000003,0.01613352540686419,-15.940399999999997,-0.12795359999999967,0.0,-1.6822199029753104,0.6305793017105721,0.17839465248494424,-1.3214286527943813,0.5839473740923058
982,1.4600000000000364,0.9366280451574518,-1.0199999999999818,0.4011843224179712,0.019500000000000073,0.02049958592132539,-0.06840000000000002,-0.005573410851698504,-18.58603,-0.24904249999999983,0.0,-2.0715308837472133,0.5941425989043374,0.1395980583546974,-1.255024246379378,0.4774104938145687
984,0.7200000000000273,1.0477151848648418,-2.0400000000000205,0.3663958503845244,0.025000000000000022,0.015953002070393074,-0.034,-0.012770136961578901,-18.669914000000006,-0.1902803000000004,0.0,-1.989688867162517,0.5880756986578444,0.13272726987453343,-1.1910162096410062,0.39391518146940285
991,1.920000000000023,1.0007879130740172,-0.6599999999999682,0.14555968832433752,0.02100000000000002,0.030092546583850743,0.03109999999999999,-0.035519176927823,-35.48934,-0.5661556000000001,0.0,-3.333218884293794,0.538646215702844,0.16820430746224968,-0.8589841409018817,0.09331452069635748
992,3.579999999999984,0.7839559387557529,-4.160000000000025,-0.047791288456703995,0.016799999999999926,0.03377204968944103,0.1266,-0.028893622177528902,-44.136799999999994,-0.7627540000000002,0.0,-3.458075174454624,0.5110445794068426,0.17696338647721976,-0.715695238049662,0.0557130392057017
993,1.4399999999999977,0.7796321713646428,1.1999999999999904,-0.103251556196712,0.0009000000000000119,0.000629813664596246,-0.041000000000000036,0.012247886303788598,-65.34377,-0.9322594999999998,0.0,-3.9755117356623284,0.5110445794068426,0.17696338647721976,-0.715695238049662,0.0557130392057017
994,1.0600000000000023,0.7378790463568876,-1.0600000000000023,0.1192625671613019,0.007199999999999984,0.0071720496894410735,-0.05410000000000004,0.016305715078885105,-60.293155,-1.3380302999999998,0.0,-5.0885924190079255,0.515125367954905,0.19579059472291327,-0.7016590423999105,0.04852222555815455
995,1.419999999999959,0.6669643918593451,-0.21999999999997222,0.17674200010236163,-0.010299999999999976,0.0008763975155274828,-0.3145,0.0155344704243911,-56.56125,-1.6062840999999999,0.0,-5.606263059378675,0.5039335583079438,0.2075910563431167,-0.7279334105257647,0.1114597458651927
997,2.3000000000000114,0.6871705069124374,-2.8000000000000114,0.18973250032486533,0.014599999999999946,0.014114078674948183,-0.39130000000000004,0.0344488857987167,-51.93118000000001,-1.3205274999999999,0.0,-5.6621808080999525,0.4814195180009655,0.22549740236299787,-0.733691593459568,0.267542779035006
1000,0.7799999999999692,0.5812383167161137,-0.19999999999998863,-0.009897264468880174,-0.00990000000000002,0.027471014492753687,-0.3392,0.003098602211915595,-14.361710000000002,0.45865370000000016,0.0,-0.1581081731076548,0.4169022320404512,0.22928127890853123,-1.1459146106816576,1.1139522392252266
1001,0.39999999999997726,-0.007581307157156658,-2.180000000000007,0.1161872677466862,-0.00770000000000004,0.01292650103519688,-0.15450000000000003,0.0104695504775658,8.146070000000009,0.4649150000000004,0.0,-0.12890150428009584,0.1258094821765443,0.07140638824475243,-1.3667213318542508,1.475109790452164
1003,0.8600000000000136,0.37584544085270366,-3.5600000000000023,0.20424811864998738,0.02290000000000003,-0.002507453416148775,-0.11699999999999999,0.010970541173133598,-20.67783999999999,-0.03464700000000054,0.0,-2.3109446451961517,0.1669653016290642,0.08587034844809516,-1.2817659223294982,1.4356311587454904
1010,1.0400000000000205,0.49938601788184656,0.01999999999998181,-0.00778018943491432,0.0492999999999999,0.013768115942028869,-0.13540000000000002,0.014027316450608507,-0.44923,0.031296199999999885,0.0,-1.4596649417014245,0.6519287238105775,0.18153907112972423,-1.348000858500967,0.6527797047299266
1013,1.7199999999999704,0.5089567190226987,-5.340000000000032,0.07553072541252348,0.03390000000000004,0.020880124223602636,-0.20149999999999998,0.015013978517785409,-26.960293000000007,-0.28263000000000016,0.0,-2.4580230354714665,0.6300960114131833,0.1479627810977151,-1.3077662714762397,0.5184326940720876
1016,0.09999999999995879,0.5506831391166109,-0.9600000000000364,0.06038296398789811,0.07399999999999995,0.04071594202898532,-0.026900000000000035,-0.009747322046270698,-8.617439000000005,-0.22070450000000008,0.0,-2.346506970521455,0.6124257826224859,0.13353847369430305,-1.2856695460180418,0.3941755961483251
1019,0.9599999999999795,0.6182870278400223,-1.6000000000000227,0.37595336994293316,0.059799999999999964,0.028719254658384763,-0.0791,0.0282576777597279,-1.0401300000000049,-0.2960319999999994,0.0,-2.4123983217567524,0.5780401561684521,0.12638025156045085,-1.162141797362608,0.1620623080301531
1021,0.6200000000000045,0.4807367684481818,-4.079999999999984,0.17700146817840423,0.0726,0.06052070393374731,0.11649999999999999,-0.0318595219630637,-25.484818000000004,-0.36722959999999993,0.0,-2.7054670932877354,0.5585922378779244,0.1424276714585968,-1.1329016910220417,0.09393931888259743
1024,1.5600000000000023,0.5808371996736099,0.7799999999999727,0.105170851309901,0.01649999999999996,0.027788198757763838,0.2582,-0.0220437710879271,-24.999049999999997,-1.0657823999999998,0.0,-3.608523000818943,0.5400676348423428,0.17802907796663536,-0.8885584305989198,0.09662462423290563
1025,2.940000000000005,0.8782763664356708,-0.839999999999975,-0.03893049420029371,-0.00539999999999996,0.03485465838509327,0.17640000000000003,-0.0391996131209808,-32.760400000000004,-1.4158219999999995,0.0,-4.848933181999023,0.5360461802707945,0.2015016823397442,-0.8146981109025688,0.12380763001398076
1026,1.3000000000000114,0.6787817785965089,-4.599999999999966,0.3074880363142638,0.014000000000000012,0.020747619047619126,-0.15039999999999998,0.013771945728003207,-33.280190000000005,-1.7362308000000004,0.0,-5.496622449527532,0.5317963590625503,0.21650343843436826,-0.8239973934695968,0.19332289267714753
1027,1.6399999999999828,0.6928960913770297,-0.6800000000000068,0.10367446639136624,0.009700000000000042,0.009598964803312349,-0.15120000000000003,0.024438340372051406,-83.39115499999998,-1.8364786999999998,0.0,-6.586317279030405,0.5167342712670067,0.224418593261122,-0.8437124438310519,0.27531298487192846
1031,1.740000000000009,1.0328688908584525,0.7599999999999909,0.10244487916883838,0.008500000000000063,-0.0037939958592133616,-0.33420000000000005,0.0243812048378602,6.344599999999986,-1.2207432999999996,0.0,-3.1872736416954357,0.5029958752243786,0.20250980633195592,-0.9499757445525034,0.44863211734706976
1034,1.7199999999999704,0.6286561519831473,-3.7000000000000455,0.14533015058256193,0.04600000000000004,-0.007783643892339542,-0.15700000000000003,0.016618506312230497,1.4297400000000096,0.07814829999999962,0.0,-1.335269528753713,0.6663636001970517,0.1850088855178349,-1.3523676400240703,0.6638321598120163
1042,0.2599999999999909,0.30756729685738904,-0.8400000000000318,0.2568263452006212,0.07719999999999994,0.04508985507246399,-0.1281,0.011611050338641599,-19.596296999999993,-0.14377460000000042,0.0,-2.366447231636206,0.6113564806823888,0.12094192449449714,-1.282645864514933,0.32325052475142524
1047,0.18000000000000682,0.6093384879725221,-1.2200000000000273,0.030579372826228024,0.015100000000000002,0.03394244306418248,0.008699999999999986,-0.0198402621838262,-46.34903000000001,-1.4266804999999998,0.0,-4.9180023315621,0.554452394211669,0.19963100576832193,-0.9768699561851975,0.17760783578819073
1048,1.1200000000000045,0.977096801606887,-2.6000000000000227,0.07049266411647892,0.010200000000000098,0.03561842650103575,-0.036500000000000005,-0.019845712899586185,-59.95276,-1.8429826,0.0,-5.984107463614697,0.5337644470660763,0.2301444297340911,-0.9010907183358228,0.3187304633329129
1049,1.0199999999999818,0.8312768729641675,-3.6200000000000063,0.1144877583015882,0.005900000000000016,0.03482380952380948,-0.1066,-0.018809794233477922,-73.63004000000001,-1.9614158000000002,0.0,-6.45541919433602,0.5337644470660763,0.2301444297340911,-0.9010907183358228,0.3187304633329129
1052,3.340000000000032,0.7333697785343425,0.22000000000002728,0.1531648093121767,0.008299999999999974,-0.007132919254658754,-0.27669999999999995,0.03166456408545469,17.084239999999994,-1.7823447000000003,0.0,-5.335982579571294,0.534678283630047,0.2328110186429928,-0.9815135047454646,0.48736974747976625
1055,3.920000000000016,0.5552494007758781,-1.0400000000000205,0.3083805141318221,0.045499999999999985,0.003071221532091273,-0.20989999999999998,0.0249895496277886,4.669699999999992,0.11480170000000012,0.0,-0.756515188473541,0.6824038116661626,0.1916752895980416,-1.3917182966670225,0.7340853034834982
1056,2.8000000000000114,0.3619757583054515,-3.3600000000000136,0.23182697951698117,0.05930000000000002,0.009657971014493172,-0.18289999999999998,0.017934244635551294,-18.816204,0.027794000000000096,0.0,-1.013083637668295,0.6904300435331248,0.18636860393418786,-1.4592947896628772,0.7623706625520565
1059,0.7800000000000296,0.5507111464915297,-3.2200000000000273,0.17900573533222364,0.04599999999999993,0.027375776397515872,-0.09499999999999997,0.007289899693383006,-18.73780500000001,-0.06524250000000009,0.0,-1.6117827956564454,0.686006640703388,0.1523975996343241,-1.4578516925958382,0.5210822575851015
1061,1.4399999999999977,-0.05906798568398486,-4.5400000000000205,0.2400686044855922,0.03739999999999999,0.020551759834368855,-0.2086,0.017427929991596702,-12.249359999999996,-0.33927900000000033,0.0,-2.368517329172411,0.6640730068855607,0.13781076979737605,-1.400617915982707,0.4620591084814274
1062,0.7800000000000296,0.6958273824108652,-0.03999999999996362,0.10024717545798101,0.026000000000000023,0.014341200828157263,-0.4200000000000001,0.014485039235316799,-20.741879999999995,0.3783770000000004,0.0,-0.3692734993061588,0.4064286924988103,0.2215606835797601,-1.1046180296087726,1.0998043330494394
1063,1.580000000000041,0.43486330704755716,-2.640000000000043,0.2377355054076462,0.025499999999999967,0.03478964803312612,0.021699999999999997,-0.025950926625840795,-30.60346,-0.8205403000000002,0.0,-3.3093591352063036,0.5852045250753584,0.1713680084272582,-1.2904643661607054,0.2344202087579319
1065,1.019999999999989,0.7309753944833197,-4.5400000000000205,0.1012544253226979,0.012800000000000034,0.026608281573498815,-0.016399999999999998,-0.023752948398319207,-48.112264999999994,-1.7010065999999995,0.0,-5.108321383910303,0.5681636504939203,0.2153767904603816,-1.0296258299101027,0.2944902196424879
1066,1.1200000000000045,0.5716112247216643,-5.519999999999982,0.07984554950681044,0.0040999999999999925,0.03633022774327077,-0.0762,-0.03030645633456422,-27.464369999999988,-1.8747600999999996,0.0,-5.241901187344366,0.5573099752350519,0.23093984724994865,-0.9740243368004542,0.35258194431629875
1068,5.019999999999982,0.6609509933774973,-4.0400000000000205,0.23784872110596744,0.016799999999999926,0.013719254658385194,-0.2415,0.0223545322124086,-56.860270000000014,-2.0706169999999995,0.0,-7.504527385885465,0.5472050929768759,0.24169773069535072,-1.011979547327357,0.4723100931424318
1069,5.339999999999975,0.829781220600939,-2.2800000000000296,0.09953229602774716,-0.012700000000000045,0.007530641821946182,-0.4181,0.023961870902907495,-49.757540000000006,-1.9484645,0.0,-6.301033042889957,0.5196200990844098,0.21755649630031293,-1.0295448680868446,0.4695517880001274
1072,1.5400000000000205,0.9198340896425776,-2.660000000000027,0.25032434017068983,0.0026000000000000467,0.020714906832298152,-0.1753,-0.021796580743931482,-79.589424,-1.694203,0.0,-5.657383268112966,0.5696052605867425,0.243460033880031,-1.0387193611003198,0.39843486094737823
1073,1.0,0.8242404241761534,-4.0600000000000005,0.005219304567521732,0.011800000000000033,0.01328302277432658,-0.242,-0.0035764518605691936,-73.50771,-1.6053005999999996,0.0,-5.280447615180771,0.5511406410099582,0.23214467081098444,-0.9462186884643131,0.44225405406986606
1074,1.900000000000034,0.8299071840848988,-1.7799999999999727,0.009201783195258884,0.0032000000000000917,0.010830020703933574,-0.3222,0.03929087425815829,-4.064400000000006,-1.753647,0.0,-5.6949266075730804,0.541613884264569,0.2247422718083083,-0.8745267313255596,0.4807315267437584
1123,1.3600000000000136,0.4591131714016825,2.0,0.15737206041186713,0.016900000000000026,0.018161697722566372,-0.45910000000000006,0.014521356855712403,-9.228949999999998,0.17480350000000033,0.0,-0.6280715526953227,0.39520592671964216,0.2061167715347354,-1.1406957172419396,1.1502233569089757
1187,1.240000000000009,0.46397422900182406,1.0399999999999636,0.08166447229780172,0.02969999999999995,0.025509730848861212,-0.40280000000000005,0.016431008935010205,7.189279999999997,0.06783439999999974,0.0,-0.7137105742355612,0.38730720536564966,0.20031346513046966,-1.1623737377907162,1.1316133651754487
1188,0.12000000000000455,0.31272774438735595,0.82000000000005,-0.05427943158116122,0.03249999999999997,0.04165113871635584,-0.19829999999999998,0.006152966344756303,2.736220000000003,0.1222291000000002,0.0,-0.8498955327392963,0.38730720536564966,0.20031346513046966,-1.1623737377907162,1.1316133651754487
1190,1.1800000000000068,0.5118122911459544,-0.0999999999999659,0.02305557982509665,0.026700000000000057,0.02846169772256757,-0.1336,0.0014729661118716986,-4.8446500000000015,0.24531860000000005,0.0,-0.4797224964455964,0.4026308415052142,0.21517474261786074,-1.1153048652542026,1.035024125185691
1191,1.8400000000000318,0.673577492117392,-1.400000000000034,-0.031379989582613455,0.01200000000000001,0.026715734989648188,-0.24380000000000002,0.005034401087586897,12.454980000000006,0.28041560000000043,0.0,-0.5072078843607155,0.4141761051426851,0.22648631813630526,-1.041799125614375,0.9333039953280533
1195,2.259999999999991,1.1469204721526012,-0.13999999999998636,-0.06435675851869771,0.017999999999999905,0.028718426501035066,-0.05990000000000001,-0.0065157896355552,-15.59902600000001,0.4019284000000001,0.0,-0.29546723888983806,0.423192647381212,0.23651635592895737,-0.9988278755706403,0.847977649238814
1249,1.8999999999999773,0.5598524140839274,-1.419999999999959,-0.08106575429139617,0.03710000000000002,0.020725465838508872,-0.43410000000000004,0.012911533103050904,9.933965,0.011963399999999957,0.0,-0.40695759402741594,0.3526495661284095,0.16696290706441985,-1.0890470063340274,1.2007594023375638
1318,1.6999999999999957,0.38489446695648866,-2.659999999999968,0.11104613227612958,0.025599999999999956,0.02217018633540413,-0.47640000000000005,0.015821292414211707,20.629410000000007,-0.018987000000000087,0.0,-0.3719140109650745,0.3526495661284095,0.16696290706441985,-1.0890470063340274,1.2007594023375638
1388,1.8000000000000114,0.6507402367773238,0.9199999999999591,-0.057935921363584164,0.019400000000000084,0.011313664596272699,-0.3575,0.0181814364864141,20.568034000000004,0.008517999999999581,0.0,-0.17065308044298533,0.32006659054798803,0.1409438705838948,-1.0886703546923542,1.232538997393192
1461,2.6000000000000227,0.0600569271719813,1.6399999999999864,-0.03910697594056067,0.042099999999999915,0.022911801242235796,-0.07640000000000008,0.006564180417426499,14.112070000000003,0.0711233,0.0,-0.22098539467550005,0.28717843848457925,0.12024251020135601,-0.9315227687294936,1.1578286060785494
1536,2.240000000000009,0.15879115474053052,-3.859999999999957,-0.07989477185001537,0.02429999999999999,0.02344906832298177,-0.28670000000000007,0.013200384491292905,8.958219999999997,0.10837219999999981,0.0,-0.18611328558002427,0.238831018864877,0.09095905689190342,-0.7988471355704689,1.0475052636262543
1542,3.2799999999999727,0.619829307568434,-0.7000000000000455,-0.008226431203181228,0.02279999999999993,0.011601863354037234,-0.3202,0.012338156811744196,34.175745,-0.08766549999999995,0.0,-0.30271251822869516,0.2843911113295494,0.11848623109932355,-1.0487867049302508,1.1826721247012628
1616,1.9800000000000182,0.2359138365855067,-4.0400000000000205,-0.008566007491964456,0.05249999999999999,0.022265631469979175,-0.2636,0.011825136593973197,13.890094000000005,0.06143199999999993,0.0,-0.2727301450357249,0.24879903830022698,0.0955098507813128,-0.8891778315102954,1.0883578578467077
1618,1.9399999999999977,0.4812185028921938,-1.0399999999999636,-0.014014076391119623,0.04959999999999998,0.021419461697722464,-0.2875000000000001,0.013890542682622499,11.741200000000006,0.026078599999999952,0.0,-0.3906752924499184,0.26764856830002337,0.10799628635902092,-0.9746334024522127,1.1588892199788372
1619,2.019999999999982,0.35925996398666626,-1.1799999999999482,0.1654869895433455,0.05270000000000008,0.014379089026915093,-0.3097,0.0174520170035252,12.940510000000003,0.020755299999999366,0.0,-0.33874611422139544,0.26764856830002337,0.10799628635902092,-0.9746334024522127,1.1588892199788372
1693,2.079999999999984,0.08793013871372679,3.319999999999993,0.018062990107562626,0.04520000000000002,0.012673913043478868,-0.1946000000000001,0.011433863706656597,8.778813999999997,0.0012639999999999318,0.0,-0.5973758380277552,0.22527355738827382,0.07991226512189176,-0.8683445167752524,0.9829905136188337
1694,2.5200000000000387,-0.08565211238542858,-2.0200000000000387,0.1962277236851664,0.04820000000000002,0.01698861283643871,-0.2789,0.013045090560552502,14.461250000000007,0.003861700000000745,0.0,-0.6392428298861077,0.23640016854010426,0.08669495208819011,-1.0041979928975309,1.0708844812372948
1703,2.019999999999982,0.24482294995969056,1.3199999999999932,-0.12551590584274042,0.03759999999999997,0.029907246376811747,-0.1998000000000001,0.004029112702402304,-4.2006800000000055,-0.10873100000000058,0.0,-1.1338009484073162,0.3189974228908863,0.13305366879755098,-1.1525199025994937,1.0978128176032786
1770,0.6400000000000432,-0.5895060226839846,-0.339999999999975,-0.20836336560200053,0.013900000000000023,0.008694616977225289,-0.07530000000000003,-0.0015566353940849945,3.554860000000005,0.49864820000000076,0.0,-0.08889663987979901,0.15545707491564542,0.02291193920308565,-0.5794629200776598,1.0126485070424067
1774,2.1999999999999815,-0.06332488186843577,-2.4799999999999613,-0.33346997054955363,0.033600000000000074,0.018356935817805398,-0.4071,0.03567738449823501,12.794929999999994,0.26919049999999967,0.0,-0.1347670857370904,0.2047782848734485,0.06669349289109672,-0.6597465235406474,0.8796945770417235
1775,1.2000000000000455,-0.02921786171905083,2.079999999999984,-0.19755437915156726,0.03060000000000007,0.02078240165631462,-0.2492,0.017117338832629996,31.402265,0.21561960000000013,0.0,-0.059283119908196014,0.2047782848734485,0.06669349289109672,-0.6597465235406474,0.8796945770417235
1787,1.080000000000041,0.5023297769563548,-0.7200000000000273,0.11326622934625341,0.025000000000000022,0.015954865424430587,-0.2193,0.004925671747706202,-26.71257,-0.12071599999999982,0.0,-0.9664927990030776,0.2965267053227514,0.12009613696050891,-1.1606388508393906,1.168590528430073
1859,0.28000000000002956,-0.749724363428335,-5.960000000000036,-0.10184059190199601,-0.006299999999999972,0.0008306418219463652,-0.3441,0.031067766067137098,-18.806430000000006,0.5338289999999999,0.0,-0.26521182607475247,0.16926374923986387,0.03744903640146102,-0.6973016317314631,1.0142238395373955
1861,-1.7799999999999727,-0.36070771533316304,1.1999999999999886,-0.2785490249273126,0.017800000000000038,0.019848240165631692,-0.19690000000000002,0.027389705054061998,-13.744569999999996,0.4862660999999999,0.0,-0.20995261136844867,0.17660754632216324,0.0464992366808632,-0.7209799922272424,1.0153885062326395
1864,2.340000000000032,-0.3725695222722081,-1.0999999999999654,-0.19407516334570296,0.01870000000000005,0.01312318840579707,-0.34020000000000006,0.0400884546764742,23.35861,0.4642811,0.0,0.15216454702725812,0.18426656800849806,0.05250203594570557,-0.7437560313428833,0.988946874153541
1869,3.579999999999984,-0.020592677877896648,-0.7400000000000091,0.020960687021603697,0.035700000000000065,0.01681387163561121,-0.2224,0.016817073182328397,3.795876000000007,0.22178659999999972,0.0,-0.1753202396618061,0.20200249769314382,0.06377257143171633,-0.8651401730522537,0.9448669257693361
1959,-0.30000000000000426,-0.5207121860923323,-3.659999999999968,0.3134035213418942,0.007000000000000006,0.0146871635610768,-0.4761000000000001,0.0417897284543332,4.685689999999994,0.5331799999999998,0.0,-0.3016317589445503,0.16271040224647848,0.02706483451593389,-0.713863910634231,1.0318684165400072
1961,-7.459999999999987,-0.7482701931347151,0.040000000000020464,0.0411390750719276,0.012400000000000078,0.030067494824016716,-0.31520000000000004,0.0346763467144411,-14.174750000000003,0.45528480000000027,0.0,-0.42686454782595185,0.16926374923986387,0.03744903640146102,-0.6973016317314631,1.0142238395373955
1965,2.8600000000000207,-0.2380026101065269,-2.9999999999999996,0.06003681123903615,0.039899999999999936,0.0245577639751553,-0.3572,0.025708523933698796,24.201210000000003,0.4595570000000002,0.0,0.016323114265457406,0.18426656800849806,0.05250203594570557,-0.7437560313428833,0.988946874153541
1970,2.2799999999999727,0.1683254866953554,1.079999999999984,0.09700898837564154,0.028000000000000025,0.01746045548654218,-0.23430000000000006,0.008223747275139505,9.11148,0.23365309999999972,0.0,-0.375737274761498,0.20200249769314382,0.06377257143171633,-0.8651401730522537,0.9448669257693361
1980,-0.9399999999999977,0.5354409401136877,3.2199999999999704,0.038030686083708964,0.028200000000000003,0.02579585921325056,-0.26050000000000006,0.0018981933150055003,5.296523999999991,-0.034351400000000254,0.0,-0.5623184933961749,0.28813576549811337,0.10788178441563545,-1.184231047184639,1.0215324861846717
2001,1.1400000000000468,0.6003253311257986,-0.45999999999997954,0.02433549677510438,0.030899999999999928,0.02797267080745336,-0.1603,0.010902439941009603,-13.980795,-0.020186999999999955,0.0,-1.7142658856638349,0.6809462587324191,0.174377301646099,-1.4360175984993617,0.6290144536947206
2002,1.1400000000000468,0.6003253311257986,-0.45999999999997954,0.02433549677510438,0.030899999999999928,0.02797267080745336,-0.1603,0.010902439941009603,-13.980795,-0.020186999999999955,0.0,-1.7142658856638349,0.6809462587324191,0.174377301646099,-1.4360175984993617,0.6290144536947206
2051,1.6999999999999886,-0.4250219336219807,-1.1800000000000068,-0.2847722551087548,0.016699999999999937,0.01636335403726652,-0.041600000000000026,0.0004022741017271972,29.499929999999992,1.053972,0.0,0.999542885045992,0.10535418113900441,0.02839737867048342,-0.3472868734392023,0.7478405055134374
2056,1.5200000000000387,-0.40296166142559997,-0.8600000000000139,-0.14668424096121058,0.01090000000000002,0.028252587991718148,-0.21680000000000005,0.009393094754811399,3.0551300000000055,0.3384089999999995,0.0,-0.9369163741339666,0.11252880468394011,0.0001751460463852439,-0.19694300134210607,0.5374233183893171
2077,-2.4599999999999795,-0.4012980186839421,-0.4800000000000182,0.02396791755365779,0.04139999999999999,0.030097101449275576,-0.38170000000000004,0.035129502232768305,-14.174750000000003,0.45528480000000027,0.0,-0.42686454782595185,0.16926374923986387,0.03744903640146102,-0.6973016317314631,1.0142238395373955
2079,0.12000000000000455,-0.3625802727182226,-4.720000000000027,0.14930610194664506,0.005800000000000027,0.03280807453416146,-0.19849999999999995,0.010529473032520699,19.148235,0.49002930000000067,0.0,-0.031144031381755255,0.17660754632216324,0.0464992366808632,-0.7209799922272424,1.0153885062326395
2081,1.079999999999984,0.043539415204673304,-1.3000000000000114,-0.037683839612454584,0.028900000000000037,0.019245134575569423,-0.30000000000000004,0.019672112901688903,24.201210000000003,0.4595570000000002,0.0,0.016323114265457406,0.18426656800849806,0.05250203594570557,-0.7437560313428833,0.988946874153541
2083,0.5,0.05112969045482885,-0.4600000000000364,0.04640115651308996,0.04619999999999991,0.015482401656314648,-0.27910000000000007,0.020729513698124202,21.969705999999988,0.32565769999999983,0.0,-0.12489559462683175,0.19269232085645527,0.057693611817839496,-0.7725884545478579,0.9400067751502892
2088,1.3199999999999932,0.020647237086471648,3.0,0.15538777493265155,0.026599999999999957,0.01631387163561049,-0.3097000000000001,0.015231984336115605,8.349679999999992,0.05601900000000004,0.0,-0.7203869030452648,0.2136298480115073,0.07133046424632372,-0.9813557033140654,0.9714806873536439
2099,1.6999999999999886,0.5794514716981674,2.7800000000000296,0.19751984623213392,0.019399999999999973,0.012972670807453124,-0.2672,0.0036325478316562992,14.880690000000001,-0.09525380000000006,0.0,-0.6557202091115943,0.3155369287819063,0.12118985315750574,-1.1591773430034635,0.9986206284465329
2100,1.099999999999966,0.27449282251159346,0.839999999999975,0.19392474280210692,0.0262,0.02401821946169791,-0.2892,0.005969992933837105,14.880690000000001,-0.09525380000000006,0.0,-0.6557202091115943,0.3155369287819063,0.12118985315750574,-1.1591773430034635,0.9986206284465329
2101,0.9599999999999866,0.14032293399566242,0.339999999999975,0.34218007661658323,0.020000000000000018,0.010471221532091013,-0.3131,0.013600363946079504,19.423434999999998,-0.12146100000000004,0.0,-0.7795879044602358,0.3410523796362348,0.13352240372163937,-1.1531206548423398,0.9154489390151621
2166,1.6200000000000045,-0.72933511317434,4.279999999999973,-0.10945541103469392,0.020500000000000074,0.023299171842650068,0.06820000000000004,-0.009193445036756301,18.142259999999993,0.3624590000000003,0.0,-0.6519148398079491,0.10962031009473172,0.006083168936555694,-0.47200083395780723,0.7846556121214121
2170,0.5800000000000409,-0.2678315647052223,-3.5600000000000023,-0.12133995181979707,0.016199999999999992,0.022380538302277708,-0.061,-0.0014739895670509012,9.518175999999997,0.2957788000000008,0.0,-0.8082625580558602,0.12198571869554442,-0.018937770263113052,-0.47236066501119467,0.732315748964055
2172,0.5199999999999818,-0.5326806715550205,0.9600000000000359,-0.15740402475167414,0.009099999999999997,0.021436853002070655,-0.029200000000000004,0.001070730778831297,8.443250000000006,0.27954100000000004,0.0,-0.9383293877444352,0.1283394012860466,-0.027858569945767186,-0.4503640232905184,0.721971654509856
2179,2.1000000000000227,-0.36976731140133623,-5.139999999999986,-0.016161836294076082,0.034599999999999964,0.02993933747411992,-0.05789999999999995,0.0008498176615297018,-5.590319999999991,0.3704420000000006,0.0,-0.7435268975436937,0.1416157622760572,-0.03084941901228966,-0.5675324453292205,0.867934633932224
2194,1.1200000000000045,-0.19038296817505085,1.5399999999999618,0.00013038420936428707,0.01660000000000006,0.02089792960662551,-0.38760000000000006,0.025505982547554,29.717889999999997,0.5480843000000002,0.0,0.30121095230042805,0.1742508209786795,0.04074240037496679,-0.8589359878507992,1.0499333929692014
2195,1.5199999999999818,0.2497898612552163,1.2800000000000296,-0.07228206419130334,0.015600000000000058,0.01575693581780535,-0.4067,0.016809168534769096,19.80404,0.5922960000000002,0.0,0.27756014568688236,0.18177682741207057,0.04868743486041538,-0.88475475505183,1.0211776521269744
2216,0.5199999999999818,0.2579118281598092,1.9799999999999613,0.1501369646264683,0.026800000000000046,0.016164182194616683,-0.24590000000000006,0.009256573549527004,25.613100000000003,-0.042207699999999626,0.0,-0.43735722101423846,0.34543310932515325,0.12037912090262726,-1.1150102842375276,0.8174556062211913
2281,1.1800000000000068,-0.21434380979922807,3.0600000000000023,-0.16481908212190355,0.01539999999999997,0.018228985507246276,-0.022500000000000075,0.004765816775048802,18.606544999999997,0.7297744000000002,0.0,0.2699019068106505,0.10962031009473172,0.006083168936555694,-0.47200083395780723,0.7846556121214121
2287,1.5600000000000023,-0.47871815458727696,-2.979999999999961,-0.0996525335362568,0.04589999999999994,0.032408695652173636,0.03500000000000003,0.0009735560404591018,1.0488750000000095,0.29240889999999986,0.0,-0.7701756093105647,0.1283394012860466,-0.027858569945767186,-0.4503640232905184,0.721971654509856
2294,0.839999999999975,-0.37331168392995195,-3.6200000000000045,-0.08010864272126561,0.0131,0.029978467908902462,0.13140000000000007,-0.009335690010847206,3.282740000000004,0.4119447000000003,0.0,-0.7016694706180466,0.1416157622760572,-0.03084941901228966,-0.5675324453292205,0.867934633932224
2310,1.3199999999999932,0.05424601862053535,3.740000000000009,-0.028682548610085234,0.02400000000000002,0.024809523809523948,-0.32280000000000003,0.009881067478205698,35.80278,0.7209696000000001,0.0,0.10069812290110214,0.1742508209786795,0.04074240037496679,-0.8589359878507992,1.0499333929692014
2406,2.159999999999968,-0.3607068311196002,-0.6999999999999886,-0.1630221000440608,0.025900000000000034,0.040196480331262996,0.19019999999999998,-0.0119335901808914,10.207514000000003,0.3521370999999993,0.0,-0.5298005598282138,0.1404160396400833,-0.025480058632401992,-0.8163369310540389,1.0932507240091507
2414,2.4399999999999977,-0.19142045590169232,-0.30000000000001137,0.062257351223568236,0.007800000000000029,0.020103105590061898,-0.006299999999999972,0.003646278016535401,-3.6027700000000067,0.5094320000000003,0.0,0.010479159374195746,0.15360363100504237,-0.008245539273608493,-0.8868782459312712,1.2141532243578599
2425,1.1999999999999886,-0.3123399663400015,2.8799999999999955,-0.20179573405176932,0.048899999999999944,0.032411387163560845,-0.24020000000000002,0.009460621228726103,32.704690000000014,0.6260776999999997,0.0,0.028523592808989306,0.18100601986172293,0.0419862801177624,-1.0170244676487812,1.0929507520936248
2510,2.160000000000025,-0.17673298583074626,2.7199999999999704,-0.12553196954731494,0.016000000000000014,0.01592401656314657,0.13160000000000005,-0.007244886938826196,6.733860000000007,0.28866820000000004,0.0,-0.8456339653970542,0.11023475181666953,0.005880963334691458,-0.6738382494483659,0.9498721750381574
2512,2.6399999999999864,-0.12580357739096826,-0.9399999999999977,0.11648768352996441,0.0025000000000000577,0.012874534161490314,-0.15349999999999997,0.010639460529408604,-9.650425999999996,0.24188999999999972,0.0,-1.0519357718754527,0.11706542706051337,-0.003868573869223013,-0.7208228828786929,0.964827504175588
2515,1.759999999999991,-0.20289889372881476,-0.2400000000000091,0.005944407587464617,0.06569999999999998,0.02349254658385136,-0.16710000000000008,0.014389324425303003,30.423819999999992,0.25245289999999976,0.0,-0.6935213151349444,0.12372212481169242,-0.014180011812735316,-0.7314201035072614,0.9910049172460464
2530,0.160000000000025,-0.33748063274668283,0.2999999999999545,-0.26573639421081907,0.03069999999999995,0.03314741200828131,-0.008900000000000019,0.0019365452070665978,15.832239999999999,0.5133666000000003,0.0,-0.21010000682016106,0.15786656091689366,0.0026290428340809413,-0.927862924478589,1.2444869552545725
2531,0.34000000000003183,-0.13626520785958007,-0.2599999999999909,-0.07486807910848992,0.0038999999999999035,0.019821739130435057,0.008499999999999952,8.139977736520282e-05,15.832239999999999,0.5133666000000003,0.0,-0.21010000682016106,0.15786656091689366,0.0026290428340809413,-0.927862924478589,1.2444869552545725
2623,3.2800000000000296,-0.18356803735897032,3.759999999999991,-0.11197190694529624,0.0030999999999999917,0.02793809523809543,0.05679999999999996,-0.0035548622800815957,6.221379999999996,0.28272530000000007,0.0,-0.7222829648891,0.11128024400909986,0.005650516806852579,-0.9150728494187348,1.1490265040581882
2645,2.859999999999957,0.24361781023892704,-0.13999999999998636,-0.14925877679929656,-0.0009000000000000119,0.019623395445134917,-0.19069999999999998,0.008831625044861305,24.304190000000006,0.5476380000000001,0.0,0.08914953944680803,0.1679860546507257,0.01565695638342479,-1.192059527592761,1.424668772618439
2987,1.2200000000000273,0.5114841802960974,2.099999999999966,0.11585935278096837,0.018900000000000028,0.014222981366460163,-0.1967000000000001,0.0026311537137821,3.323875000000001,0.47795139999999936,0.0,-0.45626124518978983,0.19002148252170414,0.04570046437679931,-1.4551884605371725,1.4619119009546804
3001,0.15999999999997172,0.27827268835618924,-2.9399999999999977,0.20404317019637563,0.02070000000000005,0.0033699792960663055,-0.23199999999999998,0.02092652352644081,-26.960293000000007,-0.28263000000000016,0.0,-2.4580230354714665,0.6300960114131833,0.1479627810977151,-1.3077662714762397,0.5184326940720876
3002,0.15999999999997172,0.27827268835618924,-2.9399999999999977,0.20404317019637563,0.02070000000000005,0.0033699792960663055,-0.23199999999999998,0.02092652352644081,-26.960293000000007,-0.28263000000000016,0.0,-2.4580230354714665,0.6300960114131833,0.1479627810977151,-1.3077662714762397,0.5184326940720876
3082,2.099999999999966,-0.31435168860511453,0.8599999999999568,-0.04855445068972841,-0.000300000000000078,0.02758612836438945,-0.2111,0.011846813383852996,16.041166000000004,0.3755227999999997,0.0,-0.15809219454367174,0.1378002431858807,0.00972927420814429,-1.2570082164533858,1.4088594499667035
3097,3.359999999999957,0.23192181442529147,0.5400000000000205,0.05785807341844684,0.014399999999999968,0.01838509316770176,-0.02860000000000007,0.0019102073455483926,33.58784999999999,0.28962539999999937,0.0,-0.418718901240716,0.17883280731427753,0.028886408588239654,-1.282167049272303,1.4237124398814363
3197,-0.740000000000002,-0.15630943882984027,3.340000000000032,0.15982567119995128,0.0040999999999999925,0.016698550724637662,0.07539999999999991,0.0008662271930356957,16.80923,0.3049103999999998,0.0,-0.5324812746671679,0.14600389878001963,0.009700176207474875,-1.2218181420423235,1.369282683153914
3309,2.660000000000025,0.3608029330724989,2.6399999999999864,0.07945937224849242,0.03210000000000002,0.02191325051759796,-0.03290000000000004,0.006419531893039801,20.903900000000007,0.2821965999999998,0.0,-0.42166704988770043,0.14600389878001963,0.009700176207474875,-1.2218181420423235,1.369282683153914
3414,-0.18000000000000682,-0.04249553375452564,-1.240000000000009,-0.11320574615919732,-0.0019000000000000128,0.015624637681159959,-0.131,0.014065924030565197,9.54471000000001,0.34249879999999955,0.0,-0.33777937686350334,0.1404677560484533,0.029568984245625707,-1.335185107945449,1.4534042584877387
3416,3.5600000000000023,0.14558503816786939,-0.9800000000000177,-0.007624022203094327,-0.011499999999999955,0.02379834368530065,-0.014900000000000024,0.0030450712323323026,24.433533999999995,0.31263549999999984,0.0,-0.5873141511983988,0.14939225480503104,0.02963371619777977,-1.3382368435437684,1.443003935888262
3427,0.4800000000000182,0.22228550321875318,2.4600000000000364,-0.011964225382489424,0.06410000000000005,0.033463146997929294,-0.035499999999999976,0.0049002807371765,21.235445,0.272875,0.0,-0.34328747481660926,0.1877456044202237,0.041142907780852056,-1.2691228508623595,1.3051181530671911
3520,0.7800000000000296,0.06553484336292215,1.5199999999999818,0.07957595448761978,0.007299999999999973,0.011907039337473835,-0.0897,0.0100060995382803,10.197339999999997,0.3726710000000004,0.0,-0.5367930275989448,0.1404677560484533,0.029568984245625707,-1.335185107945449,1.4534042584877387
4000,-1.0599999999999987,-0.04989628922942302,0.2400000000000091,-0.09756759219684685,0.06369999999999998,0.0663238095238099,-0.17290000000000005,0.012490918407760003,46.37796000000001,0.37289640000000013,0.0,0.34139536038746776,0.4923753539775433,0.14769558110140046,-1.1655741310546262,0.7197166473259315
5000,1.9399999999999977,0.4653596554199062,-0.18000000000000682,0.16475309505310776,0.005799999999999916,0.022095859213250968,-0.0529,-0.006833667698590097,-20.289474999999996,0.3628643999999994,0.0,-0.46558335287702235,0.4159132420303795,0.2351236038876685,-1.042460443317097,0.9792505727373326
6001,0.8600000000000136,0.37584544085270366,-3.5600000000000023,0.20424811864998738,0.02290000000000003,-0.002507453416148775,-0.11699999999999999,0.010970541173133598,-20.67783999999999,-0.03464700000000054,0.0,-2.3109446451961517,0.1669653016290642,0.08587034844809516,-1.2817659223294982,1.4356311587454904
6002,2.6000000000000227,0.6508350402030985,1.160000000000025,0.002452785836349669,0.0043999999999999595,0.006757142857143128,-0.01319999999999999,-0.0023498839922381012,4.053020000000004,0.17288100000000028,0.0,-1.4553608359504544,0.1669653016290642,0.08587034844809516,-1.2817659223294982,1.4356311587454904
6003,2.2200000000000273,0.32055647297956824,-3.7800000000000296,0.04770478226687036,0.006699999999999928,0.026685714285714646,-0.05630000000000002,0.008890184250255298,-4.501815000000008,0.14461800000000036,0.0,-1.3764762886004025,0.16118606935686053,0.06903901047541972,-1.3091339412302858,1.3951103474140467
6004,1.8199999999999932,0.4717314073784742,2.240000000000009,-0.0183123563872698,-0.00770000000000004,0.020589440993789232,-0.0504,0.004089630122483798,6.956024999999997,0.16637900000000005,0.0,-1.0457024001899438,0.16118606935686053,0.06903901047541972,-1.3091339412302858,1.3951103474140467
6005,4.699999999999989,0.6568384520134636,4.060000000000002,0.1796847455936872,0.027900000000000036,0.02125362318840618,0.04820000000000002,-0.007100289618083198,10.756889999999999,0.19048649999999956,0.0,-1.1636995362484477,0.14476161646599728,0.04765198902227663,-1.3380025260248232,1.4459094463257198
7001,2.419999999999959,0.23193802321284807,-4.039999999999964,0.3815172073325881,0.023900000000000032,0.02741283643892356,-0.0494,-0.0012263387517974927,-22.623419999999996,-0.06068150000000028,0.0,-2.3221608061903556,0.21784783781360417,0.05875119287209429,-1.3699141987858354,1.3695449300329994
7002,2.419999999999959,0.23193802321284807,-4.039999999999964,0.3815172073325881,0.023900000000000032,0.02741283643892356,-0.0494,-0.0012263387517974927,-22.623419999999996,-0.06068150000000028,0.0,-2.3221608061903556,0.21784783781360417,0.05875119287209429,-1.3699141987858354,1.3695449300329994
8003,0.6999999999999886,0.6187997089625021,-1.759999999999991,0.1708380670833618,0.0019000000000000128,-0.056462732919254854,-0.3046,0.035750879184022796,-52.37410999999999,-0.8675142999999998,0.0,-3.6877441147555174,0.43260367856433746,0.17339016709160848,-0.28699351421454367,0.29808781466480916
8009,-1.3199999999999932,0.7552116551697807,1.5199999999999818,0.07323397803993092,0.027099999999999902,0.0012960662525878242,-0.0923,-0.0052193242949225005,-4.795715999999999,-0.8587023,0.0,-2.517047746955086,0.4129916168776475,0.18127990523590398,-0.7863343413703916,0.36825942208368456
8010,-1.4399999999999977,0.7855491169646456,-2.839999999999975,0.07034332411407185,0.030400000000000094,-0.014347619047619387,-0.17950000000000002,0.014685106532012798,28.62163000000001,-0.9076255,0.0,-2.1668340877909102,0.5029958752243786,0.20250980633195592,-0.9499757445525034,0.44863211734706976
8011,1.0,0.8242404241761534,-4.0600000000000005,0.005219304567521732,0.011800000000000033,0.01328302277432658,-0.242,-0.0035764518605691936,-73.50771,-1.6053005999999996,0.0,-5.280447615180771,0.5511406410099582,0.23214467081098444,-0.9462186884643131,0.44225405406986606
8012,4.439999999999998,1.241856141270599,-1.8999999999999773,0.5090775646057852,0.005900000000000016,-0.036551552795031084,-0.12789999999999996,0.011768758375799701,35.93671999999998,-0.781085,0.0,-2.445111170951831,0.493410017332085,0.20396645932168322,-0.6489090649582465,0.2970132141534716
8013,7.180000000000007,0.887984180533703,-2.339999999999975,0.35204329380443067,-0.02400000000000002,-0.02990828157349923,-0.17160000000000003,0.006187395414848501,-38.033910000000006,0.1056216000000001,0.0,-1.563776285955587,0.4180567694962569,0.1678402111749886,-0.4612797689027275,0.25182197109867754
